vertex,x,y,solution,residual
0,0,0,-4.2459305804525805e-12,-2.1684043449710089e-19
1,1,0,-1.4549833564261415e-12,2.1684043449710089e-19
2,1,1,4.2681961125715056e-12,-2.1684043449710089e-19
3,0,1,1.875599745467989e-12,-2.1684043449710089e-19
4,0.5,0.5,5.9243520777520273e-06,8.1450641559599724e-18
5,0,0.5,1.0646237056280418e-12,-8.0592292109389302e-20
6,0.5,0,6.2886828120528364e-10,1.0896374626358365e-17
7,1,0.5,-1.0304956396618371e-12,-1.0565427260344889e-19
8,0.5,1,-6.2862442426801837e-10,-1.5967910566901501e-17
9,0.75,0.25,0.70717193884524066,-2.2915899533326833e-16
10,0.25,0.75,-0.70726656117557152,-1.3391325178997598e-16
11,0.75,0.75,-0.7070239701136849,9.5147467648219436e-17
12,0.5,0.25,0.99986635901330134,2.7382824240668799e-16
13,0.75,0,4.446503107729217e-10,-6.3274741729526136e-18
14,1,0.25,3.146651826939356e-10,1.5056534192475182e-17
15,0.875,0.375,0.27056829918568481,-1.3310362644412602e-16
16,0.875,0.125,0.27067435244185262,1.1530971898475613e-16
17,0.875,0.25,0.3827326345045769,2.8972434036180367e-16
18,1,0.375,2.2544166599242273e-10,-6.1625617003766432e-19
19,0.9375,0.4375,0.074608592442244784,5.0419719735937819e-17
20,1,0.75,-3.144849433700514e-10,4.3157844713482164e-18
21,0.765625,0.546875,-0.19502643641951781,-1.166971462914381e-16
22,0.83940972222222221,0.47309027777777779,0.081411907959258206,2.5068115202833978e-17
23,1,0.625,-2.2113391474773063e-10,-2.1123260545794236e-18
24,0.69431423611111109,0.40177951388888888,0.47397768616663133,-1.3404099414722176e-16
25,0.88172743055555558,0.58919270833333337,-0.19304067661180746,-8.3029891944956713e-17
26,0.78611893892370455,0.39825290163505112,0.37143296504442319,2.2065021557534259e-16
27,0.90950290979323922,0.51330561452499801,-0.023402711255433632,-8.0367085304164021e-18
28,0.74282842376155944,0.46800747896808659,0.1442988494124928,-5.2913095078356768e-17
29,0.6292610401772426,0.54356243899562506,-0.24828140484859915,1.1316593208238334e-16
30,0.73758652960832194,0.33155059052242536,0.64003326844558051,-3.0446684320915896e-16
31,0.61425288756291063,0.30400306547048717,0.88269214543711016,-2.5535055837425835e-16
32,0.91652132708970435,0.6875,-0.23952351711084327,-1.3156425735613483e-16
33,0.75,1,-4.4206033870765673e-10,-5.4592949614018841e-18
34,0.81434503289610238,0.66835230530610401,-0.47982527827548305,2.2950086089812319e-16
35,0.875,0.82995783517367827,-0.33544152803824429,9.5822058552488676e-17
36,0.8366992460419026,0.75214765628933955,-0.49072264770804902,-1.4285464931874948e-16
37,0.92249482082657541,0.76652096137024162,-0.23984379660996116,4.4404818125587306e-17
38,0.8125,0.1875,0.51313286578434736,-1.3256801388183854e-16
39,0.6875,0.125,0.58793851730976421,7.32396042196161e-17
40,0.78125,0.09375,0.35242549604018897,-9.9691954834315043e-18
41,1,0.125,2.248997860375414e-10,5.2712066203775156e-19
42,0.875,0,2.3493679841154556e-10,-4.1341614740087976e-18
43,0.8125,0,3.4032554148904317e-10,-3.9558094325212998e-18
44,0.9375,0.0625,0.074680119913984475,2.7008028831735975e-17
45,0.9375,0.3125,0.18016426947602773,1.8453966959707635e-17
46,0.59197607918131223,0.44063986253879389,0.34928873877726702,-3.6867069163442179e-16
47,0.48446982449268355,0.375,0.70615408542841462,-2.249351793276889e-16
48,0.62599776350006331,0.37605227779338868,0.64805345002190773,8.624197891809101e-17
49,0.69505289748116805,0.64360983826778217,-0.64179763201508655,-4.7212155885493712e-16
50,0.69682183417801713,0.57079028495553996,-0.35055534950180739,2.6611198125346374e-17
51,0.76243952159946504,0.61866112700870113,-0.4605340091161953,-2.4139165882865649e-16
52,0.5407082044305459,0.7907082044305459,-0.95944605966148289,-6.3285141212269972e-16
53,0.63939904463891561,0.73973755426603183,-0.9035915619844721,1.7453514359996364e-16
54,0.68262490136697695,0.875,-0.59383385507641695,-2.4121911649297465e-16
55,0.52904234833930353,0.64709108996602138,-0.79482105991274377,5.0697943455215983e-16
56,0.68975249236689928,0.7981841615098465,-0.78982314747315019,1.4259541747274764e-16
57,0.61165849855170618,0.62679427972016821,-0.67146963210436716,-2.3303739726673078e-17
58,0.56487078768827992,0.71646314567440283,-0.95741102853311522,-1.3802083720243375e-16
59,0.81918619659115066,0.3125,0.49703365568039698,1.4103597485922511e-16
60,1,0.875,-2.2763568868315823e-10,-8.9912963600867996e-19
61,0.65850434249868661,0.21762282875065669,0.86052055518834181,7.4121228269560275e-17
62,0.55920888428313098,0.13568832642469647,0.73995395034271316,-2.1142821868597912e-16
63,0.625,0,5.8041968683788023e-10,-1.9854029803821959e-18
64,0.9375,0.1875,0.18017169964572929,1.3608617768030694e-17
65,0.53767897714725299,0.31814603442941625,0.90347661461992435,-1.1191751612888949e-16
66,0.25,0.46759560560948066,0.14293147689541649,-5.5693130280451468e-18
67,0.77712666045661105,0.84527890705402786,-0.53227938866468583,7.076755384024343e-18
68,0.875,1,-2.4450064889108605e-10,3.3532205875602829e-18
69,0.7487133873762879,0.92003586955616246,-0.34185294600212646,-2.2964579649310638e-16
70,0.625,1,-5.805506267897127e-10,-1.0511081728169014e-18
71,0.40103697533424509,0.72977118131436058,-0.94432819010937552,-2.0473808246896601e-16
72,0.54951380189645527,0.56663643795291008,-0.40167503236654339,7.0227103631515447e-17
73,0.5757681357186929,0.21675511391056781,0.95067386024125,-1.9615471370633416e-16
74,0.25,0,4.4591575116233128e-10,-2.3248978441250018e-18
75,0.5625,0,6.1571199375765044e-10,1.110343378672613e-17
76,0.6875,0,5.2520722435141775e-10,7.5601668552814763e-18
77,0.61924369132285229,0.08100315433857383,0.45348384877178255,5.2019865886813202e-17
78,0.37918039379754609,0.45154605210723953,0.27840727565179307,-1.5851291173506791e-16
79,0.9375,0.9375,-0.074604064963938788,4.387186891468097e-18
80,0.5719317421064819,0.89975305795513449,-0.57403889578352441,1.0572406068749709e-16
81,0.61350434345646843,0.82885665040120515,-0.82421166866338691,-3.2694588389296799e-16
82,0.39862106130239761,0.125,0.67150842098336172,-4.7193174089142558e-16
83,0.45298361002745369,0.44237663689880041,0.35038753605206818,-5.903639100831188e-17
84,0.3936268894228464,0.59038223645881527,-0.50804360640414681,1.5661263887772305e-16
85,0.48168303603016976,0.088755121906420015,0.52833058979351133,1.0913765209251359e-16
86,0.46853045625265749,0.17191203472541791,0.87770766774092379,2.0785842095724196e-16
87,0.35730069322482594,0.26212287734419693,0.89862806274609397,1.616764580784129e-16
88,0.42299348692172162,0.51715681521609769,-0.10442892166451169,-3.6503444404766961e-17
89,0.44508548891966843,0.65753807171624945,-0.82341621746640292,-3.8885994560051256e-16
90,0.31541272112659424,0.6644316338327525,-0.71858754204674202,-3.3656644665458315e-16
91,0,0.75,-3.1457580064688152e-10,4.2115070031507905e-18
92,0.29311937933909982,0.56255315621036661,-0.30487039536672689,1.2384769789845498e-16
93,0.31881976821681135,0.49361399949128154,0.033776901768797732,1.4436370108774243e-17
94,0.13697538290307607,0.57618791785175805,-0.19202894884661018,-1.9943433698376999e-17
95,0.21264233925625148,0.54182822582325252,-0.16091330363202475,3.8853486732166749e-17
96,0.21391773384181262,0.64513367988603942,-0.49218329632267671,2.8443832710132294e-17
97,0,0.25,3.1522862652976175e-10,-9.8406478051342263e-19
98,0.12611051847179536,0.45176452141439527,0.11513430703049907,1.7414787855872673e-17
99,0,0.625,-2.2149948496096386e-10,-1.0935643914362054e-18
100,0.10363971422050022,0.69079607099476059,-0.29793532903165953,1.8369199096929124e-16
101,0.079368255398513457,0.51853220353392515,-0.028694624827739823,-2.8731002720832613e-18
102,0.20664505068103525,0.31420173774000421,0.55596392828372754,3.8194757526790167e-16
103,0,0.6875,-2.9133116674608582e-10,1.0107124184033168e-19
104,0.07557443901935755,0.62048063285819532,-0.16150825341331429,6.6575882453044697e-17
105,0.17863326387084374,0.71591504363899405,-0.51991559390042053,-1.4693351625796647e-16
106,0.25,1,-4.4496270965161656e-10,-6.1298425265817479e-19
107,0,0.875,-2.2530309046155122e-10,5.3379020927268012e-18
108,0.10455560001215138,0.812569049319259,-0.29792155479566357,-2.4545975035629344e-17
109,0.19566493415104422,0.40012895076323807,0.33857180034202211,1.1841619845585233e-16
110,0,0.8125,-2.8986217121070189e-10,3.7958315476966222e-18
111,0.125,1,-2.3692878343245659e-10,1.982416432647988e-18
112,0.0625,0.9375,-0.074711963551035501,-5.1265816304139407e-17
113,0.43281789329794579,0.30511794614087889,0.91970920167887071,6.1097076375806207e-16
114,0.35232911992478,0.35867234535564529,0.69382000743477634,-7.3601233199813249e-16
115,0.27688852468382241,0.39032759492133423,0.48583531584133088,8.4668413630703911e-17
116,0.28847841428674059,0.30698177964550477,0.73725183876335587,2.1304364044943668e-16
117,0.23408981679098825,0.1578966653233933,0.56146961485892399,5.2763201326574047e-17
118,0,0.375,2.2119205297978924e-10,-1.7716882040034939e-18
119,0.10334180299593014,0.34466639100717583,0.26420967109245286,-1.4297335997360326e-16
120,0,0.3125,2.9511265198532699e-10,-6.0478602424824743e-18
121,0.1226699420537937,0.21982766493504294,0.3690993629416735,1.8610526571447216e-16
122,0.1875,0.89835220750884803,-0.33122099168878261,-6.2044825498370408e-18
123,0.11487159066228464,0.88558580851298563,-0.23263908558909821,1.5978185494315546e-16
124,0.19063368769723776,0.81233085016210493,-0.52098477823308487,-1.9942793426720819e-17
125,0.3393873952357096,0.875,-0.61896378351335868,1.2694988737951039e-16
126,0.25901789249973062,0.85788978832972362,-0.56597606139095735,-6.7056000628015203e-17
127,0.45712232592802376,0.87363455287266156,-0.70655400304287641,-1.8085286703656088e-16
128,0.5051789059151417,0.92778548069837008,-0.43829642903147731,2.4185508649722935e-16
129,0.375,1,-5.7695376742345709e-10,8.6547068434530327e-18
130,0.39755523804630188,0.81399270649413125,-0.87293343610716201,1.405263048426623e-16
131,0.39884999118863645,0.92563208704894806,-0.42782714219730489,-1.5898517483438992e-17
132,0.32349335098074605,0.17714828954721931,0.76260040957196806,-1.2983762328759006e-16
133,0.375,0,5.8170886878122938e-10,-8.1438509422981153e-19
134,0.31075921904433984,0.07861208250440703,0.39269820399095601,-1.617129824271314e-17
135,0,0.4375,1.1861381975350075e-10,-1.7808796368479644e-18
136,0.067161737138882932,0.40832749853579914,0.11410681849221957,-9.5626643492473104e-17
137,0.071392522673009412,0.27580424664910685,0.21947668806279727,1.9781329722433897e-17
138,0,0.125,2.2538049064490846e-10,7.6351888634059904e-19
139,0.20290366411285754,0.23298283224952931,0.5915747196529052,-2.4131707386445241e-16
140,0.27666890795521182,0.23415850746186506,0.75998933649548595,-1.0747048213319993e-16
141,0.3125,1,-5.2336306771595246e-10,-5.600620749221702e-18
142,0.125,0,2.4635201940373749e-10,-3.20297374922918e-18
143,0,0.1875,2.9048844844260892e-10,-4.9689889223261786e-18
144,0.10976469492081653,0.10976469492081653,0.21510959374845132,-6.43507134541528e-17
145,0.070154559282358198,0.17019719074101086,0.19167548835769846,-2.5208740120360236e-17
146,0,0.0625,1.0764708038479973e-10,-3.1581510243527651e-19
147,0.1875,0.06461465554587692,0.21920237872657547,1.4108829015795207e-16
148,0.16201817815875746,0.15942587770106362,0.41053094576192217,-1.7945228566492888e-16
149,0.84037520226889029,0.91497891758683914,-0.24471610115634573,-9.6928384445458565e-17
150,0.24025001921902839,0.20447471621992011,0.6572634790420524,3.961954997375499e-16
151,0.19785244695919524,0.18764921540042925,0.53818359833027374,3.3348223314065567e-16
152,0.27698327787654825,0.1759201557948081,0.68309167790886216,-2.4789007266387565e-16
153,0.16477435719012259,0.2142831022166567,0.48241116907521941,-7.988399465957669e-17
154,0.15180687380799146,0.27844932944333206,0.451596069935574,2.69036392385382e-16
155,0.27495312961695906,0.12069958003875797,0.52297156008286205,1.2533864860675679e-16
156,0.22330662396198028,0.10500666840097456,0.39551187889085992,2.4745672776164088e-16
157,0.32485748358912908,0.12688105986036186,0.60984795170366934,2.2923465656269843e-16
158,0.3608273792363787,0.09018169682015606,0.48624402400814154,-4.5040610538510894e-17
159,0.36243066869652385,0.15305283089854263,0.74478311169611977,2.6017355201673473e-16
160,0.3125,0,5.2178208221544351e-10,5.7286104004704942e-18
161,0.42094102730103966,0.062851881876164542,0.37288384382640666,-1.9774700973534442e-16
162,0.41235181294210188,0.18008443042337222,0.87118380216770286,-1.3237674209022932e-16
163,0.34568333317827638,0.041597208099768468,0.22854479009852741,-2.2462545550806975e-17
164,0.38690110400987854,0.039517028035666035,0.23038003930601059,-7.9624463639946481e-18
165,0.4375,0,6.173065642937803e-10,9.3644584484708699e-18
166,0.19761114527591031,0.13778968812906078,0.44288810825568586,8.9627810469434252e-17
167,0.2406902707404478,0.05352955529536757,0.22650536423086115,-6.2581355511031466e-17
168,0.43592520111185917,0.14495482426748263,0.77381934241218231,-1.502684220025849e-16
169,0.44767179654003908,0.22570321422103162,0.97507024049721636,2.7229736976667416e-16
170,0.46609391132485539,0.041140615617358399,0.25419057872958001,-5.9819665192625673e-17
171,0.28125,0.033009263837783229,0.15918945965687956,-2.9199858700788163e-17
172,0.27050825872972661,0.08064326194813673,0.3644174493003276,-2.5474212303185238e-16
173,0.48679783216051925,0.20993537489663361,0.96779568690500573,8.1002872367765347e-16
174,0.52048205566233796,0.17035289539160936,0.87543622105219843,2.6514062618715854e-16
175,0.53095751513673828,0.21759130985136957,0.97470023240643322,-4.9264658178735435e-16
176,0.49336850942273358,0.13322196474457834,0.74253029942821502,-1.4013520836216361e-16
177,0.56167570731594485,0.17740908263987093,0.88085675714394418,2.4867003458293875e-16
178,0.62521853179391451,0.15271868021283486,0.75638572085466249,-9.1255404045192527e-16
179,0.55428393218492522,0.26653408939637419,0.98013648212314886,1.0529451398829451e-16
180,0.45937818122759211,0.26898932079186882,0.9848732928650723,4.7093934636708622e-16
181,0.4968597264744487,0.29622596141419455,0.9582304943461345,-3.9713699014382909e-16
182,0.40874075287854261,0.25959008565823893,0.95736900485980025,-4.4228408094590937e-16
183,0.50112082791258372,0.33725755126660478,0.853436888068276,-5.5097876617758391e-16
184,0.54669074397884732,0.37990605601189731,0.6775568880187236,6.6389701846982929e-16
185,0.38093480882153941,0.21849233721486877,0.91251170029800743,-5.6956152029089212e-16
186,0.3349535426688186,0.22180128470997823,0.85467183163437221,-4.7416100845637543e-17
187,0.60164911339507121,0.25745082677388825,0.94838391050886917,3.2295782094594148e-17
188,0.61711686405052768,0.21903637412287721,0.9152588527347798,-1.5346590673139069e-16
189,0.574181427965332,0.30141275406580098,0.92259241685101645,6.5163380947667471e-17
190,0.51153985922356404,0.42869560631414894,0.43287109039754723,-4.2988798615824082e-17
191,0.47687914771510759,0.41249808375581903,0.52097324559561231,-2.901472364746661e-16
192,0.41408942415826672,0.38677622659887811,0.62918626983194248,-2.273450305271379e-16
193,0.51430471448133031,0.39363040608667649,0.61918258728728603,-1.4090548520121256e-16
194,0.55364317838107691,0.42197216784556785,0.4641516182429879,1.5187759082399295e-16
195,0.58716282923404284,0.39482465697704722,0.59087244407638417,-3.3136830457860806e-16
196,0.5504462554579781,0.4772277524631765,0.14079786759076149,6.2203989494974516e-17
197,0.58143263231171816,0.3480130187347884,0.7897405982783493,-7.6555062062967752e-16
198,0.48833398233278408,0.46152598017214602,0.2392064968972574,1.1760167867127493e-16
199,0.45244955341103732,0.48556622169968411,0.089539438271641056,3.0667902291436907e-17
200,0.41180379156616642,0.47719501026920313,0.13731180462089163,-1.0071033388957496e-16
201,0.3697464602875456,0.51051898786798788,-0.060630959869628243,-1.6386695984224179e-17
202,0.60289628406877271,0.4948986394703635,0.030382002210370112,-6.7555114741492573e-17
203,0.54021754481250384,0.52183028113037178,-0.13563247359347158,-1.2769651094361833e-17
204,0.39219759863575238,0.54730767251447587,-0.27629197715057158,3.9164445328549873e-17
205,0.34504396917977431,0.57043330914358226,-0.37850605444075774,-1.7533930079353326e-16
206,0.35139296259868502,0.62410422900674101,-0.62782799055760896,8.7873925126080354e-18
207,0.32389653751869463,0.53476671645391172,-0.18433068181468001,-1.3865866590486384e-17
208,0.65632450173487511,0.45591729713748791,0.24107719731301169,4.967386007826044e-17
209,0.58403257015391774,0.53659226205852228,-0.21995192592981277,-9.6603044190753894e-17
210,0.60035164551790188,0.58092573098947986,-0.46282683048261303,-1.1904495801232429e-16
211,0.65001889120968848,0.58948936781530181,-0.47496852770565334,2.7790209265062634e-17
212,0.56472287251987385,0.6140362977325946,-0.64318890289803543,1.9684228585638547e-18
213,0.68411696120014998,0.60691291967560757,-0.52113134284922957,-2.7056791173357936e-17
214,0.39857319495703636,0.6398852597989676,-0.73119886014213487,-1.3402352571953437e-16
215,0.40820945535812436,0.68459785608953483,-0.87883346338394097,2.9619349907182645e-16
216,0.35637617425427204,0.69952400363645839,-0.8550604860561255,-3.5146737655371071e-16
217,0.36526038698810009,0.66106248172806725,-0.7729914043764825,-5.1007087629532771e-16
218,0.29996408447895279,0.61443376355344059,-0.53293922253345061,3.296311567905966e-16
219,0.26508063078007976,0.65259789922397804,-0.6054371856152635,-4.239547553681281e-16
220,0.24465174510824886,0.59533940247107797,-0.39180187456068888,1.0176684895072304e-16
221,0.27939209957369449,0.70468223073769554,-0.73827113299669,-7.7701494178751708e-17
222,0.62063119314630444,0.46310098731521027,0.21354580480907895,-7.8440430765520605e-18
223,0.64869204590242646,0.50156147274816387,-0.0088355843885994552,-3.3623688367683249e-18
224,0.69621027692059601,0.48604707763313082,0.071463566846731094,-5.259164022880051e-17
225,0.67101754030496785,0.53738515773899531,-0.19991226310434621,-5.0402449395595062e-17
226,0.69674039836444657,0.44388003720762809,0.28151489190992662,3.3582000809746639e-16
227,0.73359606987308257,0.51340450544223326,-0.062380055329637689,1.5422058201504765e-17
228,0.34156028053277976,0.76949513152636895,-0.87206969430816172,-3.3260448856588687e-16
229,0.18909426104734803,0.59543018428525185,-0.31583225823675409,-1.9260353537916389e-16
230,0.25230340329333012,0.55443301217976471,-0.23893519795003948,2.391810441675982e-17
231,0.24421038654992974,0.51119843056160175,-0.04888380666190089,1.4449662257883916e-17
232,0.18501444109589707,0.48177161219294873,0.062820797856696142,-4.3425606753830657e-17
233,0.22827952223055609,0.70372216365330009,-0.62960975153415089,2.0705429371366866e-16
234,0.36321210541478594,0.73752560847297854,-0.90620242051876487,2.2635137468150798e-16
235,0.31778616235000401,0.73007699557219186,-0.8345797254502475,3.2337384838886349e-16
236,0.14973992717273413,0.64613551887138376,-0.36005023370229799,-1.8301209702806685e-16
237,0.17377241540980995,0.55672560989930731,-0.18112317744257783,4.0920899373962148e-17
238,0.13244563142530885,0.52310670410426074,-0.058440670928590066,2.4876526532492921e-18
239,0.18158835011471477,0.63022942512705704,-0.39414399037443942,4.9090093625364367e-17
240,0.10862609324716052,0.48926948764034978,0.022448018584340604,-2.3824457569886013e-17
241,0.055488702331091391,0.46539879289212355,0.03733283834831358,1.2134758317803222e-17
242,0.17095182989851368,0.51798249224746296,-0.057662557527706437,3.0328069120823495e-17
243,0.087645966540912487,0.44224664011509346,0.096653096519945039,5.3555006814676917e-17
244,0.040944547915051428,0.50386807376594722,-0.0030541690292446573,-2.4977381308243938e-18
245,0,0.5625,-1.2219810171534756e-10,1.8441670747630879e-18
246,0,0.46875,6.0709991891669349e-11,4.9431964238176358e-19
247,0.037525547296792777,0.43199529738638448,0.048776069085727111,2.2581367159460413e-17
248,0.53125,0.052716918645418699,0.32360790732141376,-1.5129297050178106e-16
249,0.53125,0,6.2360555753773059e-10,2.7794943007082916e-19
250,0.58164141829945193,0.046967603403483278,0.28133710982054766,-1.9821059195088069e-16
251,0.62172439155179426,0.040473332978567131,0.23336648012359129,6.4297791495912111e-17
252,0.67833180644953694,0.064278919612577631,0.33289404401553535,-9.3926066825663626e-17
253,0.57471234726252474,0.092411958215590909,0.53350062374942331,-2.0831592218396087e-16
254,0.6050695313176323,0.11829070117423701,0.63989590357754023,-4.5975467479259345e-16
255,0.52779866896711192,0.10007627206317571,0.58598674422413233,2.902381075568505e-16
256,0.65615768808893982,0.098679646408123781,0.51250900949811506,3.6033623253482569e-16
257,0.65625,0,5.5441735591284586e-10,-8.4548603912020955e-18
258,0.72723270850005106,0.087948125500153268,0.39662304931362746,1.0172455904011575e-16
259,0.7205964244643368,0.039309210692045307,0.18807857890331828,9.8956333204247294e-18
260,0.76981954959274923,0.045476816802416942,0.18648717672777254,-4.5461863544101979e-17
261,0.84375,0.0625,0.18041640303011985,-8.0928856170163997e-17
262,0.80478157655768456,0.062688153115369225,0.22083430485448258,-2.8501793981808988e-17
263,0.14260486861486971,0.94078614573694053,-0.15755795736517983,6.4966899799906728e-17
264,0.14926950653349497,0.90287082983631306,-0.25912648715614051,3.1801127753196544e-17
265,0.15411222958272863,0.85036445149441042,-0.37581376654334769,7.8714976252678718e-17
266,0.1875,1,-3.4593939712434926e-10,4.5784801460692058e-18
267,0.0625,1,-1.1535496973532126e-10,-5.047486762282823e-19
268,0.1030886236402256,0.92607263123434924,-0.14252498162666838,1.4931100083229827e-16
269,0.11665019462616708,0.84809740879199347,-0.29229747473687079,5.1073723862407926e-17
270,0.058923877269927226,0.86414502673402027,-0.13872415598932944,5.104679582399533e-17
271,0.14758106078187574,0.80754143139368129,-0.41834997100958732,6.501358692728436e-18
272,0.11923405376569789,0.75156871543695203,-0.36587998871778205,-1.9706921699053512e-16
273,0.17405745617077623,0.7654392945237477,-0.51758785257717421,1.9130498035194042e-16
274,0.20918073846298196,0.74371100351250563,-0.61031449832564977,4.0394191609585842e-16
275,0.15625,1,-2.9204239489128445e-10,-4.9787157721342252e-18
276,0.19303628195999079,0.94917610375442396,-0.17909286588900739,-1.9507751116084834e-17
277,0.2456680515235013,0.91772940528811398,-0.34461696748063847,-6.2227407061574862e-17
278,0,0.9375,-1.214320050816806e-10,1.1877778472137418e-18
279,0,0.84375,-2.6095541898130383e-10,3.9846325311000807e-18
280,0.22533100929241262,0.88178339836236208,-0.43974036622106999,-1.2791529249982228e-16
281,0.29273574934587365,0.89682097056780397,-0.48043395764668778,-4.6973825743806554e-17
282,0.3392223285278862,0.93542649536037237,-0.34540928235984664,-8.7998479840068438e-17
283,0.23494104694604245,0.9595435809253412,-0.16919634321201352,7.8080076168593267e-18
284,0.28785654218998691,0.9508354767844962,-0.2391404598727794,-5.1242136286469156e-17
285,0.03544573590266116,0.9020542640973388,-0.064159661453490599,-1.2330321781947002e-17
286,0.19532045091688235,0.85338279471856127,-0.45861360091104125,8.8317763814145763e-17
287,0.36488923982756594,0.9052831363774213,-0.51079829430461798,3.2282265955868104e-16
288,0.38623222606268559,0.86143062008704696,-0.71628978467332516,-2.4020157271396008e-16
289,0.42543286409891601,0.84571715858530194,-0.80197254024155407,5.2093484861265792e-16
290,0.46583798765231488,0.78210060291907491,-0.97409434077659129,-3.0585024333013158e-16
291,0.37363971670988821,0.95855541858881421,-0.2374768642118153,-8.5502950230039058e-18
292,0.4375,1,-6.172667465647861e-10,-2.2246960070099912e-17
293,0.67746544355710392,0.3429521500437504,0.70788604017169177,1.7937110319290433e-16
294,0.71272749699426075,0.36467923701167665,0.58976784154014295,1.456005222011856e-16
295,0.75458004640131671,0.37019333280766731,0.50746134979990598,1.1185419133473339e-16
296,0.78148626782111086,0.33530316151133754,0.54488531428520992,5.0446901104104235e-16
297,0.76293323361092635,0.29368874364409214,0.65235956260965811,-2.9881541219828129e-16
298,0.66403088381787001,0.3786264731253266,0.60102885534329309,-3.5892001370274676e-16
299,0.63739640113986262,0.33721228151479876,0.77518474857051145,-1.0636869215789551e-16
300,0.69737206499775628,0.28370915158706583,0.79578104293264951,4.7513980125911105e-16
301,0.65703372377137748,0.29885805578661306,0.83961753895247959,1.7615147902084962e-16
302,0.66484175056237282,0.25836848118821604,0.86759747849443447,2.1948893744561966e-16
303,0.70516527127228179,0.23123105655716603,0.79374572430334134,-2.7276738449845236e-16
304,0.69529056448180482,0.17828881535886787,0.73593212075560988,-3.969804070051278e-16
305,0.70404933802465874,0.31891880036248416,0.72738565388053322,-4.2384947798807403e-16
306,0.65566016177049935,0.1780941384848391,0.79419114011851499,3.4049559885095952e-16
307,0.74829489563403051,0.14621247822227823,0.56495537449043942,-1.3543282529306153e-16
308,0.74535198837437777,0.19816859395260417,0.67952332022537365,-2.8271561620629132e-16
309,0.77590781939257014,0.17383793840294462,0.57452180168462619,-5.1671131422172514e-16
310,0.78338231205598974,0.22088231205598971,0.61883673446805654,-2.6480276473611358e-16
311,0.83018456398072382,0.23231543601927618,0.50531847806726804,7.3824646199472583e-17
312,0.83946101521053895,0.27443439064146835,0.47743039849446545,-5.9862989104394805e-17
313,0.88495641762463007,0.30254358237536993,0.33445545320645215,1.6557610403705707e-16
314,0.90466391596934326,0.34216391596934331,0.24693451048498014,2.2050740602132291e-16
315,0.95149866536850636,0.36100133463149359,0.11632447289121849,-5.5453988933160661e-18
316,1,0.4375,1.1494858738309052e-10,6.0609363042546428e-19
317,0.96561459788640924,0.40311459788640924,0.061615831041692881,-2.6818328662008353e-17
318,0.74815806110998773,0.68356701433467226,-0.64987838312094015,6.6658286664363336e-17
319,0.82294498025468732,0.60741427927614777,-0.3298997807990518,1.2783544121391164e-16
320,0.86670787010370076,0.64466621788249789,-0.32074909736096319,-1.043071866089849e-17
321,0.79673585003313152,0.63479133796950349,-0.44659328483906502,-2.0125442272713641e-16
322,0.78725725307519501,0.58379866251183166,-0.31150497182344478,-9.4030300135744834e-18
323,0.82778879265133576,0.53525407042911344,-0.11321640410183634,2.4585125000011764e-17
324,0.92261368709201075,0.63003278405678353,-0.17546919986302664,-7.048190339407444e-18
325,0.86060256236807464,0.70089152306075786,-0.40382764988616443,-1.7791982726129717e-16
326,0.84437161814250528,0.57260988284216385,-0.20695521711535378,-1.2339713723261125e-17
327,0.8722926099044519,0.53785672767774839,-0.092032403167168222,-4.6102616343942576e-18
328,0.87216569672496247,0.49719037341987177,0.0069089897722946179,2.3829894891534939e-19
329,0.88491807006510692,0.44554739771331642,0.11869303738782401,2.2685248853160152e-17
330,1,0.5625,-1.1707716881981983e-10,-1.2864918746226656e-18
331,1,0.6875,-2.8853205366209077e-10,-3.4391306538766197e-20
332,0.89683100132890492,0.72872472648740383,-0.31565912064613888,-7.9561346715699459e-17
333,0.91596825663492298,0.47262059076574353,0.044649289040899001,-9.7701886124962837e-19
334,0.96126779367488147,0.47623220632511853,0.018125682167170365,-6.9739681826759685e-18
335,0.83728440880199173,0.41821114089439598,0.2404062888338051,-1.4396845506722379e-17
336,0.90586889976700802,0.40663110023299193,0.16131968667565841,-4.4313103042655452e-17
337,0.93994867576886021,0.5717919108141456,-0.081610504812583584,4.901310866699088e-18
338,0.95764341852591661,0.52558158951168521,-0.021144689251052874,-1.2636279396038762e-17
339,0.95826066354485218,0.6628684289006187,-0.11167896037762902,3.3858774803987628e-17
340,1,0.59375,-1.7750139570561137e-10,-5.2148308519411775e-19
341,0.96013519081373322,0.60950054156945965,-0.079246763015050015,-1.241269412331496e-17
342,0.73915948604723714,0.58166434486069341,-0.35861796041209576,9.2338570298504867e-17
343,0.29922674820583717,0.44141356124941528,0.29063114112374588,8.9547874212572735e-17
344,0.32516051601582452,0.39964670141747483,0.50283545029056997,-3.2305917739032459e-16
345,0.37065332205337287,0.40031689087397299,0.53842952426534718,2.1421183184130533e-16
346,0.34028193339223611,0.43797064485397252,0.33307861520835419,1.5598819310825226e-16
347,0.039791105543471469,0.65625,-0.10371625101188552,1.9560869308746575e-17
348,0.079129421283301554,0.65982033938581874,-0.20759176993620679,-2.3420453133952017e-17
349,0.051105339648358256,0.71161490155510199,-0.15530025475875892,-1.8963670999283582e-17
350,0.087702664906833816,0.72727262467885279,-0.26922836304880593,-7.2102982803020871e-17
351,0.11510759703460466,0.15646403667900566,0.29446505797713834,-2.0175281972779498e-16
352,0.052298460545834792,0.78125,-0.16042151671352711,-7.383061218931455e-17
353,0.063341938835968351,0.82207962862301931,-0.17780174833388362,1.3755362205954831e-17
354,0,0.78125,-3.0895370347881627e-10,4.6511848414265689e-18
355,0.037471701701316147,0.74667626959105748,-0.11742042698934234,-1.866649548856507e-17
356,0.090418606721323597,0.77690107944215225,-0.27619880639723221,1.5558811759259804e-16
357,0.12108730154585443,0.39686309828726768,0.22423665018287595,-1.6013680357910966e-16
358,0.16030649442132577,0.35441475756634971,0.38238919138233612,-2.7887571848377043e-16
359,0.15738087716634036,0.42122292186375188,0.22542561039010925,8.3725931990548129e-18
360,0.1371275677185006,0.31854998467740225,0.37953613817669901,2.8667885403768531e-16
361,0.11129608790514767,0.28635698234054136,0.3336369148888903,-1.1274577913635767e-16
362,0.20358031780127492,0.35747526184834139,0.46577595256667303,4.5446640154621118e-17
363,0.25007010659746359,0.3390224903131725,0.59946516541422123,-2.3417277846056468e-16
364,0.23508876889040209,0.38538367368956877,0.44396155573048013,-2.2990812169102547e-16
365,0.25161371808768235,0.42484468463150094,0.32316330599341042,1.9403838131000847e-16
366,0.20993610156927783,0.44350668357205619,0.21298633819934615,-1.5487806650475476e-17
367,0.23917367473551052,0.27200766447977986,0.67599989544574146,-2.0456044899404078e-16
368,0.050817982116023619,0.35692743421547829,0.12446123104757897,-6.056595293186531e-17
369,0.069541867455295434,0.31850554282736498,0.19685071311260663,-1.7697165884988733e-18
370,0,0.28125,3.0897444344979117e-10,-5.3101076609754888e-18
371,0.51897480029805154,0.86714270750901068,-0.73968641307057381,8.3109002192496956e-17
372,0.5337816333170774,0.90240181115784057,-0.57215940529375175,-6.9793073398867519e-17
373,0.5625,1,-6.1584275697803895e-10,-1.729945167684719e-18
374,0.55082337393762359,0.95041156036152807,-0.30257331184889996,-5.1334050365111301e-17
375,0.51526014375339024,0.96480142624983212,-0.2191076896003199,3.2414124806482081e-17
376,0.46554357096330395,0.95846088321050016,-0.25655395990520663,7.1727737899094491e-17
377,0.42327902955459018,0.96016340813765266,-0.24060050391957619,1.609308155825854e-16
378,0.46418713400996836,0.9157643650317614,-0.50172557070090262,3.2387907593248686e-17
379,0.48380883191170976,0.82999366531162622,-0.87529228578490026,2.8725935041893679e-16
380,0.50219563843665171,0.79577629250256665,-0.9588911361105098,-2.5077281707703094e-16
381,0.50487858948438902,0.73347614886933599,-0.99447671412081529,1.6078725439082314e-16
382,0.45355256235092017,0.7149533681773026,-0.96563336084777129,4.6821492632663958e-16
383,0.56665313448553822,0.84902077873349113,-0.79480680750321675,5.0596390855751767e-16
384,0.53196110771192895,0.82952814504036931,-0.8732127602191343,-4.3514352352920332e-16
385,0.57733907331101286,0.80933819188567524,-0.90394505786553159,-8.1678640675069225e-17
386,0.61586385629501417,0.78122066970959392,-0.91649162211961666,1.3781946741303838e-16
387,0.6558427421743489,0.77648461342276043,-0.87032146273810218,-5.584736654926648e-17
388,0.69545700269285393,0.73670522088759061,-0.81452743188341847,4.5945825901576329e-16
389,0.5973827027467522,0.74331767251659187,-0.95265767550316982,-3.4410548868510003e-16
390,0.60833873648043424,0.94465007759709718,-0.32126159973259422,-7.1384853199416185e-17
391,0.54199343457333726,0.75007216534713883,-0.99103259051471593,4.0241621235197275e-16
392,0.52573416079346447,0.6927378097323722,-0.93286669350970697,-3.8342932574207817e-16
393,0.48890688956902395,0.66712556221208341,-0.86699056890955684,5.057161045497092e-16
394,0.48058299304191077,0.60023081430700831,-0.58773608102035713,5.0876532806375485e-16
395,0.44027997194951102,0.56727320886875798,-0.40297158579846459,-2.7589561430428057e-17
396,0.52364679458529362,0.60107629530228879,-0.59159627868764531,-1.4708529639198071e-16
397,0.49801818460392455,0.55161224380306439,-0.31864354804369466,-4.268441163319449e-17
398,0.46429319102684197,0.52613778305042946,-0.16243784326232286,-1.9246744196673599e-16
399,0.43674145896419886,0.6127219414530507,-0.6375815965883761,-9.485144827249982e-17
400,0.4712013941746272,0.74642179732781644,-0.9956850649733916,-2.250899193612499e-17
401,0.71631972977416469,0.76964515789061527,-0.77172134477981669,1.7465893103461505e-16
402,0.75640636295037589,0.79967709887004235,-0.6594566788971945,2.6732342826016397e-16
403,0.79288771186899065,0.76972082897628402,-0.60101784358568289,8.3047721331888253e-17
404,0.72412474062913446,0.84185333517010708,-0.63881503645429916,1.9101302064977475e-17
405,0.79140431745663498,0.71645156369575969,-0.59583309255029737,4.0895784562854483e-16
406,0.83165184414992299,0.80296369604881046,-0.4768369859143356,3.2785546594731969e-16
407,0.82889316199244778,0.85569576721678398,-0.40312282402742095,-9.4729884500771628e-17
408,0.79363828031726458,0.81026815729210877,-0.56088303657834926,2.0763440234428754e-16
409,0.66483525642563956,0.69028957433007387,-0.80838586404900548,-6.9877518431760264e-17
410,0.61200662203175304,0.69250513182361062,-0.87797603981413463,2.5220479630436396e-16
411,0.57524341923150613,0.66117736454163289,-0.82449494960958258,-2.7177848464257741e-16
412,0.72906945350221919,0.71733829810104299,-0.73617476323614317,-1.3873817594712582e-16
413,0.59375,1,-5.9874962005742297e-10,4.941522160111204e-18
414,0.62816908302536345,0.8913599229228556,-0.58022889537012245,-7.31086098350872e-16
415,0.60117523037431253,0.86472133353373071,-0.71353958461377098,2.9868267573935285e-16
416,0.6875,1,-5.2562114300228492e-10,1.8205177257682967e-18
417,0.74845452954379676,0.87715941155356081,-0.49554863644879066,1.8984042409418967e-16
418,0.79348609420688876,0.89832655310792409,-0.36032304895062911,-8.208696317816555e-17
419,0.8125,1,-3.5153640505514836e-10,3.2058099277964982e-19
420,0.79152597700334093,0.95130772820059306,-0.18334708489318532,-1.4428766113177559e-16
421,0.65076309637786989,0.64805970239009825,-0.71353203846099444,-5.1753766204928851e-16
422,0.70550737013175602,0.68349783794281471,-0.72996953031325484,8.3595772998274157e-17
423,0.64664642295428376,0.85405272099282137,-0.71072781369926141,3.5190756610439529e-16
424,0.65625,0.96041059868027212,-0.21712343271966125,-2.5965857339195425e-17
425,0.70761976071580179,0.95199007670144009,-0.23597529358267247,6.5761331719838585e-18
426,0.7468639054668863,0.96005804342149303,-0.17726326791187028,7.199114943812443e-17
427,0.67595467358185191,0.91971782604978247,-0.41129986314030997,-2.0887577410319464e-17
428,0.71241086543206811,0.9022993395612906,-0.45251695923441282,-2.231989833316025e-17
429,0.31079302649762003,0.26599390351263297,0.82434959760053883,5.0189316818195465e-16
430,0.044918498808291837,0.21875,0.13792490005213562,4.5462429633918987e-17
431,0.083947897820809261,0.20820130566767198,0.25174624135301338,-8.2406166299464677e-17
432,0.037956049285468932,0.25664997558404945,0.11883374626408577,4.9885261567790599e-17
433,0.054822399823064513,0.11695044707573851,0.11493475275942124,3.1135268746199626e-18
434,0,0.09375,1.741774842487031e-10,3.9213313968344419e-18
435,0.0625,0,1.2398146623172635e-10,7.6874729301516926e-19
436,0.075258136295527356,0.059564784500691637,0.085563780787462712,2.24679967586775e-17
437,0.038625486294113005,0.078850988855486762,0.057544933084758894,1.0211740358514461e-17
438,0.034588945768129119,0.034588945768129126,0.023392074773011445,6.9778004329214721e-19
439,0.09375,0,1.8315394354750965e-10,5.9111467558963354e-19
440,0.13157136500376959,0.057815599494366723,0.14287826265958153,2.8125009730124194e-17
441,0.10269221506704841,0.035428895241797619,0.070086363153286604,1.0755647867756467e-18
442,0,0.15625,2.610900049203865e-10,-2.9772494869574633e-18
443,0.03755654499107336,0.15075285691172624,0.095570889600032738,1.2597176333705649e-17
444,0.19371503285868535,0.27410173791130993,0.56517809607245206,1.0434078649581763e-17
445,0.15942960895585881,0.10577943568512688,0.29618110302071238,1.1522152919783229e-16
446,0.44024851339543092,0.10174698705210057,0.58611904511249002,-6.7576664719350382e-16
447,0.6005561334329339,0.18335952575197284,0.86853342798181743,1.0453726249965596e-15
448,0.41377586607079297,0.42839961092328316,0.41903758819734122,3.0919311010312698e-16
449,0.39804588118205758,0.34011976824598344,0.80127593796630736,1.1387532607538911e-18
450,0.35945835272217114,0.31063671399193382,0.83933226997405963,5.0391134083449098e-16
451,0.32288977104908156,0.3297562292872161,0.74467942179840074,1.9251267908700237e-16
452,0.39523432199104308,0.29586333902414635,0.90729025333078395,1.3224049997023693e-16
453,0.30676302214137718,0.36526231254752589,0.61499755511941889,-3.3580621489458232e-16
454,0.44423053061848816,0.35071229819941518,0.79401586360223153,-3.3802641535573953e-18
455,0.63089156277569169,0.41988439907178943,0.4421478283805102,-3.6973562168438322e-17
456,0.34523939770532214,0.82234571303370707,-0.7943157825129612,-1.1175725202759584e-17
457,0.30389522600348534,0.84440305739119104,-0.67684006007589104,-2.5369540324618388e-16
458,0.2669586261313085,0.80290429637924188,-0.70312858865168482,-1.8985226498614711e-16
459,0.2968246080214772,0.76959792929790949,-0.79694355059010424,1.1723612734830443e-16
460,0.3100100646099147,0.80608835658507094,-0.77632474088666092,2.5179067501147588e-16
461,0.23103971154257069,0.82578319061320526,-0.58983415195229605,3.1834114981574418e-16
462,0.22390828825111853,0.78373552706292082,-0.63223455086560199,2.457687176031188e-16
463,0.18226444177432488,0.67353985769733704,-0.48052913762465466,5.1077861040030445e-17
464,0.14504269157565114,0.6916934564210615,-0.41097935488985793,-1.2219224977019465e-16
465,0.11876554527290364,0.61564946446299296,-0.2421648117197302,3.0597868167190256e-17
466,0.036053592569138398,0.59375,-0.062784335631131144,-7.8718657929371624e-17
467,0.045654636719778048,0.54919840944744147,-0.043448025420140195,-1.8419840656832624e-17
468,0.090681938010935867,0.56483520300587098,-0.11132266168971588,-1.1187541056195058e-17
469,0.84375,0,2.9193491277242564e-10,-3.0432647898307778e-18
470,0.890625,0.046875,0.097775165861354832,1.3847878005561818e-17
471,0.90234375,0.08984375,0.16164020149450636,3.6693373912958801e-17
472,0.948974609375,0.113525390625,0.10452933717043025,-4.0822417650106461e-17
473,1,0.1875,2.895475233005676e-10,-1.3074963801468812e-18
474,0.96664333343505859,0.15414333343505859,0.086201435789234879,1.4182078093060623e-17
475,0.828125,0.109375,0.32607620872212506,2.3576986764805332e-17
476,0.83984375,0.15234375,0.39418358978871776,-9.0917944969119886e-18
477,0.79360947759338418,0.13479656721984742,0.45249530353195799,-7.8343299436981459e-17
478,0.886474609375,0.176025390625,0.31205252294758751,1.08025147573444e-16
479,0.91561794281005859,0.14266872406005859,0.20472352593937329,-5.3728553011855777e-17
480,0.90414333343505859,0.21664333343505859,0.29014122169857515,-4.9754869162732598e-17
481,0.85197783395666393,0.19781866060094017,0.42456869131027697,-6.6820078018326116e-17
482,0.95094732473080512,0.23655267526919488,0.15291178863807803,-4.3482863937418001e-17
483,1,0.3125,2.908590805218119e-10,-5.5932064437148556e-19
484,0.96585671132134843,0.27835671132134843,0.10534587100094822,-1.1486494810648292e-17
485,0.91834861251989264,0.26994487016445745,0.25167960978328596,1.45067674859795e-16
486,0.03125,0.96875,-0.019229995409518263,2.3970164010054434e-17
487,0.09375,1,-1.914972101602126e-10,-2.0534629428597188e-20
488,0.41806508922493241,0.8885150259430844,-0.62329926310041028,7.8475751650931673e-18
489,0.85630964205781646,0.33551943421352348,0.37466800108368176,-1.2538240228074835e-17
490,0.82581960380009278,0.3720389227873796,0.37466150130649772,2.1598217506635305e-16
491,0.73444402852983304,0.64652532712974364,-0.58964534701347537,5.0178381171064975e-16
492,0.72016884809265458,0.61288560705726214,-0.50173080996729436,-1.2336504208770836e-16
493,0.78856582844990197,0.49751555298361516,0.0096612110678716331,4.7135350913896209e-21
494,0.78821249477410993,0.44786277849976341,0.1986202997605446,2.3069057287196471e-17
495,0.95826066354485218,0.71875,-0.12823019032564714,-2.8778105446743472e-17
496,0.84375,0.96316554061265491,-0.10810857523793606,-6.2555618893096324e-17
497,0.88668665203644959,0.93594693962560549,-0.1365041273682075,-1.7333351808476953e-17
498,0.88287970735864507,0.88272785035631018,-0.24172135849239501,3.9521541577750985e-17
499,0.9375,1,-1.1477298991914875e-10,-9.7487334128949158e-19
500,0.93935858429692409,0.8473210163622571,-0.1549680030909667,-2.6159975826361773e-17
501,0.90338802027972986,0.85269220143771995,-0.23879066735781637,-7.7380753683314728e-17
502,0.90625,1,-1.8672487339699103e-10,1.8008998489170545e-18
503,0.91127643380320988,0.96345071690160489,-0.062643275197864168,1.6331141789818223e-17
504,1,0.9375,-1.178284485228344e-10,9.6377618433695839e-19
505,0.96875,0.90625,-0.05451286701413452,7.1364322726741674e-19
506,0.92579852712577482,0.89454852712577482,-0.14219464757958789,-6.3452746808425698e-18
507,1,0.8125,-2.9073939155800538e-10,2.3175250652466442e-18
508,0.96875,0.96875,-0.019057059042963627,1.1596287638305673e-17
509,0.96614784370783813,0.78125,-0.10412025413233401,-3.164213091203687e-18
510,0.9333450710437825,0.8064162516594594,-0.194942457968142,2.9244834625222217e-17
511,1,0.84375,-2.6313023687646492e-10,1.0897214080561514e-18
512,0.74092728292898791,0.41851701713770517,0.35601983549159988,-2.886248111427101e-16
513,0.87593997834537651,0.78116360568268117,-0.3727200779876107,-1.6470613142886373e-16
514,0.41987345186476732,0.77273261610268906,-0.95848863864135503,3.6351715914202705e-16
515,0.43658925881836858,0.80816334024304093,-0.91543055089097958,-1.604147801931368e-16
516,0.38042958757316697,0.77806300351593394,-0.91588714458852072,2.9902917092740332e-16
517,0.79608012933960026,0.26372370997372585,0.59533209614851468,-2.7812600105901705e-16
518,0.9375,0,1.2630674503752234e-10,1.8789862270024951e-18
519,1,0.0625,1.1675435051827454e-10,-1.2129312676236997e-18
520,0.96875,0.03125,0.01903635368956667,-3.6670016952276534e-18
521,0.1875,0,3.4969488463694868e-10,-1.0804120681156048e-17
522,0.15625,0,2.944383548322234e-10,2.1363614006405284e-19
523,0.20851723100393624,0.03230732777293846,0.1227658301236331,3.4681686910322167e-17
524,0.16249863181595847,0.036842080814270664,0.1119505284247827,4.0192079155160306e-17
525,0.546875,0.02635845932270935,0.16309582864688704,-4.4176065429434877e-17
526,0.51682991190825844,0.02635845932270935,0.16462458564079097,-7.9751448071208857e-17
527,0.546875,0,6.2214641248683383e-10,-1.0853409521400422e-18
528,0.57207070914972591,0.023483801701741643,0.143265616943476,-1.583699668199599e-16
529,0.59375,0,6.0095329727393581e-10,6.3138232782740252e-18
530,0.55644570914972602,0.049842261024451003,0.3032638306523453,-6.2045702406396257e-17
531,0.57135331476307638,0.068649365829130782,0.40764975539019949,-2.5535316380494182e-16
532,0.59715931575000425,0.067612681740719716,0.39312997272371814,5.447654535254468e-17
533,0.54923790618922108,0.08389426497040775,0.49700388416260327,4.465433828611658e-16
534,0.60230937465350864,0.0475870717820766,0.27944561019635927,4.010038528145794e-17
535,0.60419572103083374,0.022684465914195234,0.13452382307318489,-6.596230851023578e-17
536,0.59807856943807713,0.091003271911100247,0.515700069950494,1.3317095355499317e-16
537,0.54544785011639141,0.065303180683168649,0.39481010296470104,-1.2967155609203776e-16
538,0.49739529018374962,0.054114353836886363,0.33338387665591052,-4.696802152452775e-19
539,0.515625,0,6.2695698727746365e-10,4.811926542675798e-15
540,0.55477568336561844,0.10968497360800027,0.62648480510234184,-3.2650548445033171e-16
541,0.51397703896785873,0.045042872258447761,0.27895440104746683,3.0552442311331404e-16
542,0.57926819121951068,0.11781239547637716,0.65367260877988254,5.1180669210838137e-16
543,0.59158976521677209,0.14928984268142748,0.77316554438248075,2.8533069828271643e-16
544,0.59192869545221505,0.13100686107922357,0.70267784611547091,-2.8664293377808027e-17
545,0.859375,0.03125,0.083340261710764876,-6.9561547937752285e-17
546,0.578125,0.97015179820125286,-0.18083179533210833,-5.2467495425832472e-17
547,0.62732892257368389,0.48768118147203054,0.071109476683465012,5.9645500397784802e-17
548,0.64075435705074979,0.47082034273890416,0.16472927673951884,-5.8015207189692865e-17
549,0.62427551545740534,0.51576078493127275,-0.091451228071190938,3.6442981246688318e-17
550,0.6077257222652459,0.53307641351496848,-0.19462338932593781,1.5290764303276723e-16
551,0.60902286059228095,0.55776918564345312,-0.334427456719047,-2.8059661024850611e-17
552,0.59301645293280014,0.51554277092467971,-0.093379858656591541,2.3945053636416294e-17
553,0.63253091390241045,0.56973902132676102,-0.38810526363329845,-1.8361734282087156e-16
554,0.56636995509570442,0.51661199393866564,-0.10190440041272281,-3.595308408519587e-17
555,0.65213986024939774,0.55399702943553009,-0.29540393545185328,5.7770513596475545e-17
556,0.67501825733060916,0.56096376501032008,-0.3186263332755524,1.6529157153303832e-16
557,0.67760494800692539,0.58432698221494794,-0.42874184422692319,3.6822276110099955e-16
558,0.65909009903189242,0.57222190746471979,-0.38470899486770654,-1.8146325336118547e-16
559,0.62342445169607119,0.59541990611867956,-0.52228282117864999,-4.4110732107733757e-17
560,0.55813456091053981,0.54168914189071216,-0.25470015591882561,1.4562344748744095e-16
561,0.54955788561831309,0.50049816325528229,-0.0030746229172402876,-7.3779666998292792e-18
562,0.52475782125744086,0.50235027924289721,-0.014723528838551502,-1.463380264964365e-18
563,0.57540132417700007,0.48983259827874509,0.062047104078024815,6.0278022313476774e-17
564,0.51277539946359574,0.52773434718482304,-0.17321666716625916,9.6568847396662495e-18
565,0.51491384436738685,0.47447216949948284,0.15953146784054884,5.5756399855938074e-17
566,0.64261302587313973,0.61887336335708021,-0.61253217372314084,-7.8571167573080296e-17
567,0.60130576578171091,0.6050184105504306,-0.5823097891295147,1.6332858590879386e-16
568,0.58688360985560961,0.6252239187573696,-0.68189270277865777,1.2664294815437914e-16
569,0.57914502844597515,0.59383078952565571,-0.53902025336480697,-3.4853827755082301e-16
570,0.59783714636807506,0.64863122744279311,-0.76602773631726973,-3.9858172866484813e-18
571,0.5663145515150021,0.63842555716412519,-0.74769743224743768,-8.0796675751955032e-16
572,0.55419733927472514,0.59127362090778313,-0.53468829852587596,-2.59643239801552e-16
573,0.57699943004548171,0.56642824389544244,-0.39358346812776618,-8.9768399496696654e-17
574,0.62431906856715291,0.65010006560681144,-0.74835801422990023,1.2099359202828727e-16
575,0.59671086536828966,0.67322000269637949,-0.8452337757165731,1.7680010275595821e-16
576,0.55111050572825582,0.65752028731888346,-0.82537847497381478,-1.9811394875249843e-16
577,0.54416001538854653,0.62762482745106241,-0.71178380322029799,-2.1126769705411821e-16
578,0.61872715077247342,0.67146644661325883,-0.82019252722734826,2.7011578389677892e-16
579,0.63833391452884858,0.68932230150859974,-0.841872734305535,-8.9625079824525644e-17
580,0.58518039731824201,0.69807363053719629,-0.91353672644341422,4.7168068761823534e-16
581,0.53161009739704601,0.67022042250055869,-0.87253317740998704,-4.0933499082490058e-16
582,0.52040531786727107,0.62478011130264743,-0.70465621917243615,4.1705094416414889e-17
583,0.55924868875335365,0.68527135484751811,-0.9025304599595867,4.6010045898672526e-16
584,0.50968938945285358,0.67652554963236389,-0.89481110564755628,3.6954921933881683e-16
585,0.50266787820129288,0.64447390625743217,-0.78792599006650588,6.3145143805818592e-16
586,0.50192786311495463,0.6101797924540332,-0.63817561660905353,7.0789596382937544e-17
587,0.49792851200405164,0.70421056203184729,-0.95888718833526543,4.7295407863180909e-16
588,0.57384017646131402,0.46191791744682231,0.23055363513572705,-5.1595002451188026e-17
589,0.53128739126047209,0.54705054383183238,-0.28992137921816291,1.4283407290847484e-16
590,0.48845955716590694,0.52920560572755615,-0.18240501364405606,1.1842101383740688e-17
591,0.49562189535668655,0.48032183685945345,0.12329236565237185,1.0037108020146424e-16
592,0.47551498299306172,0.49512144578274231,0.030551316510777918,-5.2612158211310715e-18
593,0.47073114107959552,0.47405267711715521,0.16160046432581399,-1.6367267484933629e-17
594,0.457445832959675,0.50612218550878352,-0.038101687793987954,-5.2159271997755214e-19
595,0.50948488384667578,0.45185969157990502,0.29774027981599588,-5.2089686535741435e-16
596,0.53532944809098648,0.44247926755892392,0.35141690781472168,-1.2325723037686736e-16
597,0.53204010949988589,0.4841017995652388,0.099201490057914066,-3.0445869587861874e-17
598,0.6619931178688242,0.60813259579493995,-0.54868383027094703,1.0584903256572169e-16
599,0.67428433362981088,0.62982106262293025,-0.62176838850928184,-2.1364683868971735e-16
600,0.62483492431845244,0.61384226725546143,-0.60572812744182025,4.1978919658028375e-16
601,0.59080379435885777,0.5539353616537106,-0.3189622800773948,2.784954747226594e-16
602,0.62952711914033277,0.63217911947728656,-0.67785038111037565,-4.2280647784624126e-16
603,0.64034256181285731,0.66742408131246911,-0.78533923451803844,-3.4473080888263852e-16
604,0.65069130260157104,0.71428010319432156,-0.86757244982030257,-8.0799189844633918e-17
605,0.60320002267469219,0.71748124279905234,-0.92818081113797912,-2.4072550277796696e-16
606,0.57784769695938754,0.68026223178339551,-0.87839009051222727,5.6278135546152642e-16
607,0.51457727171094036,0.65865984941793676,-0.83889095551386139,-4.3019833296148178e-16
608,0.47163543010640613,0.64112730754498859,-0.77172815856681587,-2.8366836050924919e-17
609,0.48330881593775787,0.62225423053233075,-0.69385197239618246,1.1333359550044047e-17
610,0.45940531130946616,0.62051607485803917,-0.68125860153276363,2.2125472712433392e-17
611,0.44176173788294881,0.63497207372225417,-0.73740544340423941,3.9390255026282911e-16
612,0.42153827927957765,0.64947856861761244,-0.78257540115289925,3.7445928085540419e-16
613,0.4177050066097584,0.62637059720621335,-0.68955039285848874,-2.0722037109639643e-16
614,0.42709363860928451,0.67167598241143245,-0.85846820000900315,7.7303643423877061e-16
615,0.40265409602841751,0.66240044229571482,-0.81262444797830569,-1.7921045174754949e-16
616,0.39547236141301778,0.61519646552857965,-0.62674872101456747,-2.5352972405789424e-16
617,0.4527012122919799,0.68574694654412049,-0.90959684242716843,3.4200471954218016e-16
618,0.38333834774639164,0.67902848392548787,-0.84236123763736148,-4.0499857392130931e-16
619,0.38422985321936159,0.65411243103859029,-0.76984630625276118,1.0245225094264348e-16
620,0.37537038925528576,0.63083681000932013,-0.67703954653044207,3.6523646033898368e-17
621,0.41534442630300861,0.60124280999632429,-0.57320283341792244,2.0146526226116804e-16
622,0.39059140895745093,0.70495659214304951,-0.90409644389110999,-5.2573052195269409e-16
623,0.36349956067341155,0.68091259057077536,-0.82509792159207629,-2.3234114704462589e-16
624,0.33651505490580164,0.68125338163561078,-0.79103989617528025,6.4807697830280291e-17
625,0.36995850356494603,0.60404779317738622,-0.55819617525241061,2.6138441563024249e-16
626,0.41497592283460932,0.5748354803837139,-0.43701778621293885,-1.3243440354081301e-16
627,0.43528953484367611,0.58974678292139293,-0.52348142375759898,-2.0105295407121316e-16
628,0.46057898287705917,0.58357163710674087,-0.49748959262546216,3.2106810876599791e-16
629,0.4531604403553926,0.60182682250064246,-0.59049624730832884,-2.7106824911675722e-16
630,0.46672115286961574,0.55513182236741299,-0.33760455033946429,-6.6150913947216812e-17
631,0.48513330466520505,0.57442709191239816,-0.45029351422332259,-1.4857990926206293e-16
632,0.51309421818875423,0.57517240921640866,-0.45456685368894084,2.4031159325872619e-16
633,0.51855513308168311,0.71477014732332278,-0.97391069219571702,1.8744820694917861e-16
634,0.54191115117865962,0.71019470598702028,-0.9604321156830945,1.4187562841791899e-16
635,0.52649675833395837,0.73492919373271171,-0.99196173598411652,4.2679671272387064e-16
636,0.54880686388763678,0.73011929190313507,-0.98046739335940059,1.7010318528885238e-16
637,0.57192221900104934,0.74103403401437351,-0.97287898008498608,-2.7924160849010828e-16
638,0.58384032723481549,0.72431647237833985,-0.95270259462487517,-1.3675027750639742e-16
639,0.58176298949010918,0.77439082035823192,-0.95591836253907281,2.8706972177801453e-16
640,0.58343332893941136,0.7557680609514984,-0.96516290017018125,6.9363600801730135e-17
641,0.48172348889561034,0.72351703431530046,-0.98446826451124692,-5.7315222367704501e-16
642,0.56889821997119849,0.43933783960149864,0.36326345846749136,1.7256386848607385e-16
643,0.57713892499619313,0.41671540793659145,0.48511325171513092,1.5609142045345784e-16
644,0.56087729177615853,0.39916897279177893,0.58128202082839353,3.0624646774474729e-16
645,0.6041597933865549,0.41584804528933705,0.47762552932501418,-6.4260354136925445e-17
646,0.53668211332990323,0.40404234189117239,0.56339777078390685,-2.8186662777997916e-17
647,0.51951607016466195,0.41168291928635214,0.5256691406411218,-1.2654196276608527e-16
648,0.59721139864999506,0.46346998215080837,0.21689334598973783,-5.7673073974608394e-17
649,0.55292494656094626,0.45548702241225875,0.27223324387140069,9.2574435706699978e-17
650,0.65621613418519453,0.630805888552188,-0.64631202316109171,3.247818550163767e-15
651,0.67855837931734209,0.71454488242589853,-0.82579840936976789,4.1843149457038379e-16
652,0.62666482859321382,0.7117142916803334,-0.8953259658700331,-4.1042389291214143e-16
653,0.6177781586933957,0.7343367774755355,-0.92765998794110827,2.0632708230262185e-16
654,0.6233409771510412,0.75804493855375321,-0.92461821457882742,3.2623817190002182e-16
655,0.64382025608552473,0.75981180580648888,-0.89780927701401458,1.4235463319383821e-16
656,0.66774164874698283,0.74401929283546542,-0.8634025884908334,2.1262793733349872e-17
657,0.6029672748447813,0.76426585516922596,-0.94421625268073972,-4.3771723979809386e-17
658,0.46683911206630624,0.66304976729274834,-0.85003381859380034,7.6402230099579477e-17
659,0.43004596097279074,0.70102295282515159,-0.93008396961205697,8.7882642923461498e-17
660,0.47336284518168736,0.69976029105893045,-0.94734123444758445,-2.6337992524175975e-16
661,0.48837967591260512,0.6868936562557606,-0.92163620920948297,-2.8153617355378065e-16
662,0.38013881709385489,0.72396235061848968,-0.9174805428002899,-2.5302434202305482e-16
663,0.33102519572898936,0.70715149245696285,-0.83138535077552522,2.6596848879211525e-16
664,0.33984218032719904,0.65543264283403191,-0.72602948562726899,-4.7408740895639072e-16
665,0.31881025716467981,0.63599620257985767,-0.63536507653218177,-2.7060970785737324e-17
666,0.35581171463157185,0.64352701523545619,-0.70514613660249559,-6.8557561180537168e-16
667,0.34316464554955434,0.59786660999457875,-0.50835193183563598,-1.6862635815105924e-18
668,0.37047966505384322,0.57762114104771456,-0.43032029202847477,1.204587204998145e-16
669,0.39424605034765964,0.5688006964162664,-0.39604156354930742,-1.2419543844074247e-16
670,0.420469537486861,0.54710165323350757,-0.28258513003700003,-2.3374488184329927e-16
671,0.49871206747148411,0.58986947978188675,-0.53499438388640841,2.3887895903106418e-17
672,0.51569148891702687,0.55690680604020515,-0.34948034295403591,6.4811455730960976e-17
673,0.53386096669997452,0.58181393746953558,-0.48878784894195548,1.0202375638152845e-16
674,0.61042781891167819,0.39339794250798871,0.58400608873499837,2.7742555180739616e-16
675,0.59730606971064848,0.3698264914535126,0.69593305370727632,2.2512472364941672e-16
676,0.53459921572241886,0.42339611040784136,0.46037522729385938,7.6292655104760944e-15
677,0.59128526496061051,0.48077039040685965,0.11562895554213382,-2.3995535578974013e-17
678,0.68637663027639328,0.69411171154580487,-0.78261307711039163,-3.6802657369322066e-16
679,0.68007162686297173,0.66703227440468693,-0.73217291967825082,2.035100902306408e-16
680,0.70653798179514438,0.70790326554166205,-0.76914176068672846,6.881976469790649e-16
681,0.66451367172862796,0.72611266077828229,-0.85956376678486679,-3.0427084509023046e-16
682,0.68797477751368474,0.76452087934820123,-0.82744467860561821,-3.402730999393959e-16
683,0.42922560587721792,0.72920532502386615,-0.96714411087942387,1.2852735283034465e-16
684,0.41110985716147375,0.71092525971397114,-0.93219857762136915,-1.7047066629385501e-16
685,0.47070470894492134,0.6812094026673422,-0.90453801893931995,-6.5391290493836413e-15
686,0.3488617914438446,0.72049137513365524,-0.87417511277287274,-5.0196430447662569e-16
687,0.30513365310665047,0.70748502284445891,-0.78955035846405031,-7.2930226439501601e-17
688,0.29485496764363156,0.68227720287212501,-0.72800359105600454,7.6964482396231298e-16
689,0.29287904953527133,0.64731856606148508,-0.63547777239089609,6.3922483390252239e-16
690,0.337564923602439,0.63679942565837977,-0.66124533008433217,-1.2613207234842271e-14
691,0.32398322825043041,0.61245762206062204,-0.55252296877571827,-3.4453861359836168e-16
692,0.30977708301955709,0.58674729536276171,-0.42862010018306723,-5.9277347741268309e-17
693,0.3644488283920701,0.55036379120173218,-0.28344897664850688,7.3084797555665743e-17
694,0.40621418175674912,0.53082133075940907,-0.18416705783300263,-1.4613570753953611e-16
695,0.38463602375271233,0.52667729366189775,-0.15599499085626803,8.4593179165691775e-17
696,0.39637327193459126,0.50092227452964966,-0.0054853200439266203,-7.0854014091269979e-18
697,0.44101059100327655,0.53375420277567742,-0.20692142573598518,9.8715876012308452e-17
698,0.57183556166765404,0.37404853387552023,0.69331443939905635,-1.0776239892632701e-16
699,0.60970566544202165,0.34412123042981385,0.78134967943042022,-1.3860644223704806e-16
700,0.66024094129493116,0.67066024587563489,-0.76926910398132942,5.2367281811314941e-16
701,0.67066493959398354,0.64943961257798066,-0.69352971806983288,4.2697971621609894e-16
702,0.70038912565561484,0.66352527181179188,-0.69181870695690439,2.0968531412384707e-16
703,0.7045029152454757,0.75405267394061326,-0.80033267834549549,-2.6045138848028335e-16
704,0.699670748297615,0.78078181060211416,-0.79448192697603182,-4.1353387963053175e-16
705,0.72471495937750285,0.80020899425029834,-0.72329031010845268,-4.6015031632696614e-16
706,0.66908763788923942,0.76292581515459978,-0.85954645902515725,1.1384925487764612e-14
707,0.45037553439678352,0.73741850228525763,-0.98473211223350987,1.2330179754888253e-16
708,0.4322973393529142,0.7526336438082768,-0.97729530900959138,6.2805215539868776e-16
709,0.40878032767419409,0.75198625382443018,-0.95894477284098478,7.1847152654463446e-16
710,0.4436461980889308,0.77353808467746465,-0.97343697030691156,6.029392104883357e-16
711,0.39946354132604051,0.77030689910013417,-0.94286070305054748,6.1629870098911849e-16
712,0.4071716451319029,0.79252819137372321,-0.92380160593375049,-8.1184719817801143e-17
713,0.38157874985416917,0.75364982342893128,-0.93160467023196891,9.2839091251786722e-16
714,0.45433702780767277,0.75684320973315988,-0.98873402106768615,1.9592623657331225e-16
715,0.44901442830808169,0.79266394010451502,-0.95184215623557966,-1.6885599145595766e-17
716,0.47022829813761358,0.80777135118543841,-0.930551150643945,3.8847143694412676e-16
717,0.36292885301658084,0.76500558326750745,-0.9044790223486443,6.6848937047632951e-17
718,0.48270469564561636,0.79242679145281691,-0.96315262854594641,6.2996396169441392e-16
719,0.49755971136491411,0.76436880428814902,-0.99580045319395771,-4.705435908167356e-16
720,0.51979755145514572,0.75728568561378862,-0.99662547197848861,6.3047420496288863e-16
721,0.48971924092864894,0.81112085223518815,-0.92662708095020185,2.8596358388609878e-16
722,0.512376578168946,0.816798691372844,-0.91272923939401207,-8.044801847915117e-17
723,0.53627436551205865,0.77022962761422953,-0.98542356221201255,4.7352955614931118e-16
724,0.55959981175349127,0.76595747872428077,-0.97767784637109512,-3.1754807428675788e-16
725,0.52028960671754154,0.78440978115902193,-0.97483702995081378,3.9302042412654091e-16
726,0.53137438362780931,0.80900050216482067,-0.92749194691697534,7.1942980464162747e-17
727,0.55435650425928673,0.80919986542172728,-0.91798805491818836,2.6485132913155616e-16
728,0.50941089966281505,0.84279177960798579,-0.83440825691909071,1.0457952031097494e-16
729,0.56374650043843266,0.78839935990519006,-0.95158743281855418,-3.2167745272432349e-17
730,0.56573809536085218,0.82749429536325581,-0.86496288823410861,-5.5430461443634065e-16
731,0.58957094542702093,0.82993815545237326,-0.84212093346006867,-7.8455304071049837e-16
732,0.48752911815668126,0.86543950493446919,-0.74750728318262127,-1.0600104075790135e-15
733,0.60224438447596629,0.84503735812080549,-0.78469373280349342,5.7479056311214036e-15
734,0.62463512819002032,0.84861061755359812,-0.75218943876427402,1.7521731540020761e-16
735,0.63112537042766537,0.86959481232540292,-0.66939626205973013,3.5713731436003266e-16
736,0.65616347593451796,0.87907795782511577,-0.60761791615049388,-7.7136768465644336e-18
737,0.31584846756096491,0.68841645644717842,-0.77548313415403525,-2.820735437622038e-16
738,0.26750517934546914,0.67994007625899433,-0.67375287088525726,1.3655771867011143e-16
739,0.27445714956484313,0.6261439282353255,-0.54081668684353934,-3.1462595622725653e-16
740,0.31975678112576561,0.56204475973110379,-0.32076664546762573,-9.3551723598978308e-17
741,0.329520183894707,0.58315087134371513,-0.4289955548057437,-1.647348095483148e-16
742,0.34203923062057723,0.54811221574499747,-0.26176742028507544,-8.5953171935801508e-17
743,0.34681016393194214,0.52262141891406833,-0.12565260514391524,4.6464395111241546e-17
744,0.32727857462375021,0.51345999026802092,-0.072407893853564415,-5.2255437714203425e-18
745,0.28856191380004387,0.51823623761323767,-0.090058822637037114,3.3219481373219643e-17
746,0.34721389388504764,0.4932374481597947,0.037710669024337506,-4.4989087258531864e-18
747,0.3072331109973313,0.51027815458002657,-0.052932876987777086,-5.2500224797682501e-17
748,0.28406839886048812,0.48181142933875337,0.088793458215463666,-3.426715052476262e-17
749,0.38555705623449643,0.47700709302520888,0.13475629745379633,1.1703148400697153e-18
750,0.35993944301545411,0.46989393756247788,0.17015733200254654,5.5033686014876358e-17
751,0.41681963075184386,0.49733804077073851,0.016116155188089329,-3.7425540558600632e-18
752,0.44867277068981126,0.55068868226862344,-0.30909320978204863,1.2034339618971893e-16
753,0.59231890459928882,0.32245477546655721,0.86087950106991351,2.1110371047894259e-16
754,0.61962432085653807,0.32492868097421224,0.82899217761335497,3.5503620466171385e-17
755,0.63660390420646462,0.30941795254766952,0.84655820959562511,2.767536425934136e-16
756,0.62720561342132586,0.35531413775524356,0.72683132984041676,2.1764497474723621e-16
757,0.65178356012643957,0.35723128703161333,0.69433464523996502,2.6293496818863554e-16
758,0.49124160198232469,0.84713169934790244,-0.81920906056831522,-6.0795503286203431e-14
759,0.67236653674131719,0.89632622285449071,-0.51954693216632752,3.8882915493533447e-17
760,0.693291377119446,0.89326115731852518,-0.51038791426317642,9.8640286732454027e-17
761,0.71246952648970086,0.86981329782302408,-0.57307287661258566,1.5504268872659892e-16
762,0.6482275849789978,0.91199999998150083,-0.4693433562004044,1.3627428356098492e-16
763,0.28251906953407252,0.66543928814606024,-0.66854558075558745,1.4724799020032831e-16
764,0.25388259830561272,0.70171130377950242,-0.68311173553880378,-3.3225481646220461e-16
765,0.26388655805922939,0.72681609699637428,-0.72956805815731984,-3.6287048249031055e-16
766,0.29071834629548671,0.73039720585096957,-0.78560219105618234,-8.3920729449082798e-17
767,0.23657576295480248,0.66890413468582355,-0.5907639695163327,1.3756947817959973e-16
768,0.24883511003799261,0.68340547565995546,-0.64350255961862768,5.1462381003975452e-16
769,0.24230459814924049,0.62963629013849332,-0.50178410198444823,-1.0777235128881385e-16
770,0.27566923413304567,0.59514954938046005,-0.42878169846209141,6.4048684928516867e-17
771,0.36509875854043938,0.53047202613818156,-0.17344160146145218,8.5543985580152065e-18
772,0.36832937641744257,0.48936482860917468,0.06115912902948846,3.8855950258923975e-17
773,0.35828649470189478,0.44889784828968005,0.28473550574193063,-1.9619551560288284e-16
774,0.36121358262092201,0.4237784353537743,0.41771596488650231,-1.110083372511989e-17
775,0.34048875287730368,0.41574385190495117,0.44279608645292007,-2.4621246974719933e-16
776,0.3879503912214376,0.42090616628474647,0.44752904304702706,1.532260319660808e-16
777,0.31866104904020492,0.42665510462762146,0.37447016595002902,1.2346164469776563e-16
778,0.29338220985867858,0.41354231614521542,0.41182117806084229,5.231629129757431e-17
779,0.73282913970438046,0.86189103715941617,-0.56770763931765877,1.0237745645493815e-16
780,0.75071317078736988,0.84221274391163881,-0.59046578525297377,-1.3778059812745825e-16
781,0.64604335382877698,0.89405599061762298,-0.55373757537050527,1.3020938776262862e-14
782,0.65663028578070737,0.93547755824337719,-0.34768462165372777,-1.1133570758278655e-16
783,0.68136529799169021,0.94607979467906755,-0.27980153134230867,-2.5270116362205877e-16
784,0.63391603857766909,0.94760053445583137,-0.29506549005108107,-1.0351221854587941e-16
785,0.63334959490364151,0.97446243883499606,-0.14601386158814006,1.1090784057626965e-16
786,0.62381098919319156,0.92286135276134307,-0.43109912627217417,2.0934649546833896e-16
787,0.23831312012423819,0.72724906533423406,-0.67369937123936074,2.5799677925754585e-16
788,0.22971560029647456,0.74604267897851895,-0.6603674905183522,4.8791088098261048e-16
789,0.21649704871735964,0.72265005743896893,-0.61962796496489314,-4.9668293523996195e-17
790,0.19612578370506251,0.72737460434079493,-0.57197707509741391,2.9262654942681368e-16
791,0.18739052497619269,0.74773975915989543,-0.55528210435141323,5.6284104865248447e-16
792,0.20256433092267714,0.7688674572626687,-0.59004831671808566,-3.3906434139802831e-16
793,0.2217313755903878,0.7641063431813373,-0.63895252472081121,4.2784135482639224e-17
794,0.20220474969959215,0.79213792195254495,-0.57264112924765553,1.3768628961182477e-17
795,0.22005635063495738,0.80601741677155048,-0.59831863894004522,1.3272211577899352e-16
796,0.17664173765900809,0.79090138586129477,-0.5094896745591514,-3.2652102994014305e-16
797,0.24311379918720585,0.79852953468597299,-0.65975901533505976,6.4324167388724905e-16
798,0.16896734877651171,0.81119484549982623,-0.46926839666363485,-9.3671281848485465e-17
799,0.17860851404582784,0.83449723234162687,-0.45884133141975864,1.3062623303772408e-16
800,0.1550377331790633,0.82831373610304726,-0.41248013596389438,-1.8753689000824789e-16
801,0.13602693484208542,0.83856060278508238,-0.3518829547208745,1.3439440300474683e-17
802,0.1186020837682679,0.82761013914154946,-0.32156421568620264,1.5915211565015583e-16
803,0.24650946857595335,0.77425803701856855,-0.69109942154352244,-2.1886069283291416e-16
804,0.27106344611442806,0.76541100399357187,-0.74874210430281674,-1.2686530717735523e-16
805,0.28660804247897126,0.75111340940499494,-0.78315859026429535,2.0424127675199727e-16
806,0.28102365766728982,0.78547280940096653,-0.75325290970602621,4.3371510029224878e-16
807,0.25922184620388189,0.63563255036872068,-0.5474967278795162,6.6736848207428294e-16
808,0.26025121893800057,0.61006749300741847,-0.4652398428352279,1.8297777330619371e-16
809,0.26004912842671751,0.57705069988945323,-0.3392788893475695,-3.5125515503698594e-17
810,0.27237277372242302,0.56019514853589536,-0.27882938932598872,4.1632786245760811e-17
811,0.26882413319915172,0.53472335610494826,-0.16185396009923614,-1.2909849382931059e-18
812,0.29035772882648347,0.54044435923134049,-0.19878402776411191,1.0434326985759299e-16
813,0.24684594229353937,0.53307983548526239,-0.14444684132511221,1.3518583110008307e-16
814,0.26678231716073897,0.51222073099283805,-0.057156247167399449,-1.7160265166589347e-17
815,0.25645070382265656,0.49063792148168817,0.0423594179701174,4.8679853206344328e-17
816,0.29055566685490847,0.58214977382560018,-0.39046281034955482,-7.5366993691525319e-17
817,0.39387467501550272,0.39836889048595209,0.56322107416456457,2.8112871884268019e-16
818,0.37991876144307402,0.37138623388803771,0.67189001724226793,1.6198030359509337e-17
819,0.41258717860584415,0.40757778306663695,0.52801939442783385,-5.7648643352005274e-16
820,0.44553944543530632,0.39950250511500279,0.58175617421031456,-5.4902824682464512e-16
821,0.39643614609107791,0.4399100810099868,0.34919003779623325,1.948641580792305e-16
822,0.41761059915962828,0.45299214286342149,0.28142937151942987,7.7894835166027511e-17
823,0.39828444556270259,0.46059582421758932,0.23258194081530428,3.6335799367898323e-17
824,0.43241723712193669,0.4380880895530378,0.37073436352067124,2.792943541119322e-16
825,0.44662805506537712,0.42139681651040251,0.46737340787165221,2.5098599935096458e-16
826,0.43450290427177463,0.46984300856057964,0.18435455913710375,-9.2775859237279524e-18
827,0.27589764699252189,0.43175720616291879,0.31683573969204154,-2.2429226748536814e-16
828,0.27914484429224162,0.45692114036453518,0.20543419032646104,-1.3144797655119022e-17
829,0.2585714781379575,0.44651323602916604,0.23936320834473718,4.5010343024505823e-17
830,0.26872063414934999,0.41085889746333337,0.39704839941458508,2.5294086026897718e-16
831,0.24812065096228325,0.40311691111506043,0.40189565841609426,1.680296911148223e-16
832,0.22362155298386532,0.41820017878003796,0.31769336696371114,-4.141601552171086e-17
833,0.23401860647942757,0.44881439432473841,0.21199131091167875,3.0708737947323851e-18
834,0.21831140075458458,0.47837012667193901,0.085765337182793958,-5.9421202848791021e-17
835,0.23503105865182539,0.49180991082432796,0.034526971138703989,-2.6943498415532811e-17
836,0.21532242519066838,0.51300799059857527,-0.051121193622348265,1.116477753244407e-17
837,0.30199582950293818,0.38995586893257361,0.51824249751135509,-1.1206707925589941e-16
838,0.76197654245138546,0.8604870309508702,-0.52248793470405586,3.987933750072801e-17
839,0.78777850097237989,0.8710403486007442,-0.44806990808248298,2.4636438730721445e-16
840,0.73770030397879371,0.82121938651297444,-0.66163901827135285,-6.5576643845193014e-16
841,0.76636771867148124,0.82265920433530892,-0.6011297080848631,2.6939784710578963e-16
842,0.68921102937426992,0.9724962432579235,-0.14244032416072672,4.5692976030327041e-17
843,0.65625,1,-5.5329497131799068e-10,3.0744525395281785e-18
844,0.59464914925206858,0.91854123807543198,-0.46832350590790012,1.7490365645156619e-16
845,0.26846364347440332,0.74530844873282498,-0.74656479110557061,2.518301739448207e-16
846,0.30570907942414444,0.52922885138157783,-0.14965155567064531,2.0414999793768643e-17
847,0.35894088618156528,0.38061680230308065,0.61565897877818609,3.2092468564923612e-16
848,0.34526926423690296,0.39584509030505377,0.53818083200710676,1.3521497953031219e-16
849,0.3743167914945556,0.34725047896904959,0.75593734474650831,-1.8077869674622527e-17
850,0.35363932934112624,0.33431994070845383,0.77325422650445852,5.1473235343386671e-16
851,0.3801358148756005,0.32356725225252958,0.83217740694119335,-1.6578440354914743e-16
852,0.20110318717542391,0.42237623478879732,0.27662111850212345,9.5564768224244271e-17
853,0.17865187150914824,0.44417268006401744,0.18293870643691101,6.2438608808821896e-17
854,0.17939781826506554,0.41589369818128075,0.2694330368842231,-2.8734393530443103e-17
855,0.16097137967854835,0.38791201422460236,0.31375540387324868,-1.5422058334545979e-16
856,0.22749870222415269,0.52867503407694283,-0.11747283262206738,-5.2522996814274132e-17
857,0.19426829755620725,0.52558483236792675,-0.091800185008500915,-2.6750964532504661e-17
858,0.19214378008144264,0.54650180352164468,-0.16347987224950766,1.0250949581150817e-17
859,0.20876136452901825,0.5720967368869635,-0.26695683798915837,1.9061306143887538e-16
860,0.18842991982789756,0.5039340943601448,-0.013667930015202201,-1.6437625234547971e-17
861,0.77042123646349814,0.88891110060735956,-0.42438359036552231,-5.7219540482905202e-17
862,0.77354347722763817,0.91422110723495631,-0.33516860195339565,5.9576175057008805e-17
863,0.75112055366812258,0.89858232638088231,-0.41908377475015418,9.0334790450712529e-17
864,0.73242884629565119,0.90734686623823713,-0.40965422445243566,7.6712860147552595e-17
865,0.72567486703513162,0.93280859765522883,-0.31105824109059382,9.5844723256793643e-17
866,0.79846992803385131,0.92503778370585621,-0.26834086967875515,8.7822029500707741e-17
867,0.76659952619712779,0.94049105172969316,-0.24460220257422496,1.0102075866726116e-16
868,0.8031915951374422,0.84958446041344848,-0.46971086041009685,-4.243671243989946e-17
869,0.81443299018019322,0.87970493975467734,-0.37760508708267471,-8.5704989317594499e-18
870,0.71875,1,-4.8758528773508351e-10,-7.9332103069419433e-18
871,0.66768818690118303,0.980205299340136,-0.10725346533594388,4.4952449642848783e-17
872,0.58066780306422339,0.94251537938166008,-0.34212991398478793,-2.4429634730510502e-16
873,0.59778909062555896,0.89161635907270753,-0.60019129934902704,-1.4704730574922369e-16
874,0.18713271388735611,0.57382170501525631,-0.24824901924565254,-5.2505385959445747e-17
875,0.1626171204990681,0.58694042155498438,-0.25396818993412013,-4.4967024160270348e-17
876,0.22892347441802116,0.55929882543101439,-0.23985674245754263,-4.3365297583560596e-17
877,0.24009393488024142,0.57587621872842143,-0.31423612097296072,-1.1735302625081087e-16
878,0.21687873682965203,0.59889378722361386,-0.36666386273929236,-1.9380944994606236e-16
879,0.20648967657545003,0.49479789925835893,0.019740091891576477,7.6203107586853354e-18
880,0.74466782008536025,0.93990273863922624,-0.26500904067103209,1.9154280452864526e-17
881,0.72787095241665767,0.95296390243749562,-0.21977455357047376,2.0866063296713301e-16
882,0.7294623999513169,0.97767489465237634,-0.10503215248825641,4.3489138606943403e-18
883,0.7085290775337092,0.98136297573510312,-0.092605357510726252,6.829256024646732e-18
884,0.70055454713737642,0.92725156813881482,-0.35658326151128428,-6.2848363704119541e-17
885,0.816504641437929,0.90785226943779795,-0.29830997469754261,7.3346752921074493e-17
886,0.82043961088597006,0.94489776558822458,-0.18136934947298641,6.7545835268887572e-17
887,0.82415391086471357,0.92577149882547805,-0.23585075929926597,-7.6387687034960227e-17
888,0.8445867087917851,0.9388954507272409,-0.17576959990381716,-9.3280528197839127e-17
889,0.86462927232948317,0.92303704611766968,-0.19177959426058669,6.0119086680355901e-17
890,0.86664408849875152,0.95180534423517671,-0.12131791612357679,7.1247267649076886e-17
891,0.85993808210735589,0.896626916540748,-0.25772950916815729,7.3519293699391209e-18
892,0.88757089758077234,0.90913797993323175,-0.18689922983996493,-3.2673410640842766e-17
893,0.8886096368205999,0.95897184210915976,-0.087761830907322272,-2.2436123542987068e-18
894,0.86484961130957116,0.97693816288518864,-0.059542424784009659,1.9117018009924371e-17
895,0.8962301092076389,0.98000174499434622,-0.040111460142598428,-4.1152482291595032e-17
896,0.84375,1,-2.9712524650123707e-10,-2.499675172122603e-18
897,0.79282645515595118,0.83128423238915261,-0.52834915775145563,-4.3180854133287539e-16
898,0.8201111151064745,0.82791585449986327,-0.47271919480605201,3.5270690425217562e-16
899,0.56808156143152544,0.95529252011078603,-0.27093155426202842,5.2912644146716752e-15
900,0.5599288958675408,0.92447868108688891,-0.4487932642346385,-3.896854189158378e-16
901,0.61288089854996719,0.87985577533879844,-0.6425353597093183,6.4486025717791277e-16
902,0.61309589821126309,0.9053267866603395,-0.52532258896992912,2.4598477956797188e-16
903,0.15579637718360287,0.56725553541572016,-0.19274611430839686,-1.8354982791553803e-17
904,0.13586276754965562,0.54954898140309327,-0.12675609597424481,3.0099887398218233e-17
905,0.16997802184574301,0.60951607036711919,-0.32322802765557268,-1.0751632191196588e-16
906,0.16073291181258026,0.62830878457693051,-0.34898543572887991,-6.6889854918580485e-17
907,0.13830135509125022,0.62677902177312639,-0.30109489308838766,2.2504943899068001e-16
908,0.11460212122529334,0.65384191687143045,-0.28991542462426589,7.8541659642512828e-17
909,0.13980645122043336,0.60142664526213785,-0.25298718086900041,1.4460726469170438e-16
910,0.22342697985226817,0.58228220718613422,-0.31906634922513777,7.9581674640052521e-15
911,0.23263750363647037,0.6117459527207838,-0.43098466951946263,1.5060093028651764e-16
912,0.200622473153618,0.61612582726216059,-0.39286070500747028,-8.2496638565577384e-17
913,0.81754074875089711,0.97260319365349079,-0.092938338509615567,1.7915580744931557e-17
914,0.83617090354865342,0.8908943889000811,-0.31166673161909336,1.0213052447934872e-16
915,0.8572998133868539,0.86638910979129113,-0.32247020503121604,-1.1358532429333381e-16
916,0.90320985393223241,0.89273834725275802,-0.18689003538466567,1.2011044601554039e-16
917,0.90044575813075811,0.87270258047754146,-0.22069580216316628,-3.8881698689081731e-17
918,0.91250117683719778,0.92337932304080528,-0.12560187487468258,2.0982256890119288e-17
919,0.81321486829634315,0.80958128693688991,-0.51530230756891793,6.6132572491564702e-16
920,0.81439168044471688,0.78386793601994365,-0.53813814597936149,2.6591662581246831e-16
921,0.79497642681116376,0.78996277595112474,-0.58159534333566831,5.4603547344625583e-16
922,0.77247658195556179,0.78205573954926955,-0.64219775439251492,2.0249488387951027e-16
923,0.81452089825510909,0.7602546739015158,-0.5491280264435231,6.4505529233293448e-16
924,0.839935630585949,0.77812780785304703,-0.47457447355351451,4.2793030239545126e-16
925,0.77602895461304144,0.80143389999483783,-0.61341410908061123,2.3901044816399076e-16
926,0.74765158786760821,0.77555448342497058,-0.70314789136251443,-1.025121377459602e-16
927,0.77211460757720907,0.75840170282734143,-0.65534166728061449,2.3652515676112325e-16
928,0.79409694586960433,0.74303186856491776,-0.60205014092641085,1.8116991729740882e-16
929,0.85938233745899739,0.76251364753312456,-0.42620629794708859,-1.8240409153235493e-16
930,0.85643814944569863,0.79743150934367923,-0.41661829128099487,-9.8586054587069389e-17
931,0.73409358488924492,0.76142337758297729,-0.73951000117190624,-4.099694391402622e-16
932,0.76956109773191583,0.73181752390989574,-0.65807951765269435,-1.8533634465848593e-16
933,0.85975476396631301,0.73169787870307057,-0.42365283649737534,1.1739690738960246e-17
934,0.8865960246893394,0.75502804065489626,-0.3485524155301854,2.4962956019868227e-16
935,0.87982534804824308,0.80564462262464986,-0.34634735733047339,-1.9972229657192741e-16
936,0.84916587979056146,0.82314111057253103,-0.40889812301025413,-2.9723489327543243e-16
937,0.90406319605149665,0.78924901514778567,-0.28784905375192121,1.5952236852181389e-16
938,0.53317038016064844,0.92964826235643072,-0.42538780155737382,4.4886800051508954e-17
939,0.55319381118085742,0.90593303869795327,-0.54938294448378022,-1.3454088890002256e-18
940,0.5487227792071302,0.87538880456302759,-0.69704830023029574,4.4359413167733929e-17
941,0.11548862783598168,0.56374264132668428,-0.13835810386387482,5.1423294957701498e-17
942,0.11471562875480842,0.58984829006973316,-0.18868032804252424,-4.9728987975113057e-17
943,0.10190799570082019,0.53755853291381483,-0.07351607088794454,7.9549895302515825e-18
944,0.095824035986778425,0.60603207221768562,-0.18330800124094312,7.3150346492208859e-17
945,0.068224853175386249,0.5887660763994802,-0.11260703783761192,-5.2771488296134495e-17
946,0.094430044491975118,0.58528672001661608,-0.14922701547429659,6.6468643131421916e-17
947,0.15346695872702784,0.53383205441773152,-0.097823476600666925,-5.2332275184419534e-17
948,0.8355780134323193,0.98158277030632746,-0.056936833859087294,-5.5647779875409148e-18
949,0.78125,1,-3.9627494457270861e-10,7.576228012401123e-18
950,0.83898650005286501,0.87196053873509416,-0.34921577386395453,5.5206676309023635e-17
951,0.88013378249487295,0.85883358255726161,-0.28508984943313176,-1.2933045730033217e-16
952,0.91757327183201465,0.94358876014072512,-0.088961486425570557,-2.3519460733120915e-17
953,0.93341488242377535,0.91554324766693895,-0.10518720637307254,-1.1608629442163632e-17
954,0.94780715718083408,0.89844322212929117,-0.097236185087930124,-8.8367457948098206e-18
955,0.95427125846247107,0.92302125846247107,-0.066562929501501444,9.3091112578786176e-18
956,0.94090321667266708,0.87332496501782919,-0.13194560826268134,8.1179083985257439e-17
957,0.92079049982099537,0.86547250631244965,-0.18425335184382705,-3.4537783659843054e-17
958,0.97766671339166189,0.92858328660833811,-0.030451865169028418,8.0895772442853556e-18
959,0.95983328660833811,0.94641671339166189,-0.041749620828467719,1.11399475081084e-17
960,0.97044405618431284,0.85852239177621703,-0.071986694242177365,1.2054238158496902e-17
961,1,0.96875,-5.9930821587629426e-11,-1.2051635897572352e-18
962,0.93990061014458226,0.96732163910023794,-0.038218589293477961,-6.4726001933467731e-18
963,0.96576977944668196,0.88225035052568501,-0.072338190399257415,-1.8609155792782099e-17
964,0.98183075111331064,0.95058075111331064,-0.017357001001957209,5.674522153455123e-19
965,1,0.90625,-1.7270279154608608e-10,3.166119819710574e-18
966,0.81980351129835682,0.72700121511964477,-0.5307915785012659,1.0617949893115404e-16
967,0.72364553875075865,0.74028525740774442,-0.76166687200075256,-4.4470642056333527e-17
968,0.74800545633849758,0.7282408648769827,-0.70465774980119134,-1.571643286493009e-16
969,0.74825915980428492,0.70590454560354099,-0.68382860774493748,3.3429559096842925e-17
970,0.77387952494046008,0.69461959452746402,-0.61295953910845125,-1.8515590877876158e-16
971,0.87721450269925527,0.7167635313302686,-0.36807919379731779,-7.4093831142728512e-17
972,0.88742492465543288,0.68944792532960308,-0.32157660126010396,-9.0092842723042021e-17
973,0.8698145551967108,0.74722959204753236,-0.39759093890245401,7.4803975428646335e-17
974,0.90850396249339682,0.74840977541466691,-0.28347127917977699,1.0179344137712274e-17
975,0.92755729218384375,0.72380793845055524,-0.22258715819030409,-7.4458319986382572e-17
976,0.85748761851459809,0.8439648874447272,-0.35955798231539549,-1.9533373447240902e-16
977,0.83668075202412473,0.83795579319878299,-0.41768787933287749,-1.2709367692898095e-16
978,0.89348837253464819,0.7730783379819266,-0.32474418262717319,-9.7938941833954249e-17
979,0.92488222060009639,0.78729477120090374,-0.22739645003599165,2.2339650570109971e-17
980,0.94409274957761702,0.7745629400651759,-0.17263286770622166,-3.9845643856260333e-17
981,0.9419942465321921,0.74717556900533599,-0.18121664457522527,7.0420927899639966e-17
982,0.90640084054687842,0.81881815937320857,-0.26327222444623183,1.2931749085600387e-17
983,0.53004233249149624,0.9501936869128812,-0.30646396721904939,1.6424937628283823e-16
984,0.53059576128053243,0.88300112875156167,-0.66746968478332358,-2.5304911903884877e-16
985,0.50375231561773592,0.89737113421294989,-0.60090717669009741,4.4008799086178896e-16
986,0.53891786223366644,0.85297896408246443,-0.79201979459098037,-3.1609710160368596e-16
987,0.54936806746478495,0.83712159955129162,-0.8433522087088362,-3.9629728032198773e-16
988,0.077592733886868867,0.54349972804022717,-0.06517967787124046,6.2885962356321864e-18
989,0.10322823307050834,0.51313036553302871,-0.026444030232067282,-7.4090662039928925e-18
990,0.1208289720315025,0.53804986221479867,-0.08770358846886861,3.3168453228502427e-17
991,0.796875,0.98296302253962753,-0.063582966868006852,-1.9832235856876746e-17
992,0.77051393241164501,0.97447019754106323,-0.10543275257705784,-8.7412483580244685e-17
993,0.96875,1,-6.4056464080745453e-11,5.308788460302342e-19
994,0.92327048088157038,0.98252731739574273,-0.026171856675462669,-4.6775214450071545e-18
995,0.81444696672130423,0.69792128461573555,-0.52131948345339252,-5.0843583687912307e-18
996,0.84137469948571109,0.71577721122682336,-0.46694701283875706,-1.5874946189392585e-16
997,0.71111330177692111,0.72619609960738696,-0.7788926139854927,-4.983520539263768e-16
998,0.76650982105349696,0.71261365665070908,-0.65112298647459443,4.0170405881199816e-16
999,0.77344559505839017,0.66017376406591566,-0.55176965464700389,-2.1307996663458627e-17
1000,0.90317593937854634,0.70644053730266798,-0.28831084149376801,-2.4484163552729746e-17
1001,0.86449995689824244,0.67287059788305092,-0.3654729340961278,8.5164724149557087e-17
1002,0.89984430128739867,0.65667544559602964,-0.25772986066996006,-1.816083192554936e-16
1003,0.93946256429352415,0.7003580907363337,-0.17992741396618675,1.5805398579102191e-17
1004,0.9250179513669442,0.74152031415671371,-0.23300985366906157,1.4455525061947829e-16
1005,0.91554674648484935,0.80321813695930644,-0.24769140939697859,1.2689636744295876e-14
1006,0.92706127641858849,0.82823446152477764,-0.20028510031149671,-3.4868609212072383e-17
1007,0.51673719613216562,0.91200270657517013,-0.52443655962837366,-2.5749947865291636e-16
1008,0.48714169492793735,0.91339088878993679,-0.51727794624540202,5.608793069885362e-17
1009,0.48182384145487595,0.93855255197568366,-0.3759769689129534,6.251694511981504e-17
1010,0.47338824605364033,0.89256415754126195,-0.62277906662209048,1.4051998499482837e-16
1011,0.50074193573446357,0.94887466080042659,-0.31575579484244715,7.757463151902452e-17
1012,0.75103461120293136,0.97982467060486911,-0.089090571978513014,2.4214711200090674e-17
1013,0.77432553262350456,0.95681605703005812,-0.17444514942685127,-6.9187380294209742e-17
1014,0.95351633661210089,0.984375,-0.014177152430866482,9.2619351167879911e-18
1015,0.7941617803935952,0.69628844521120614,-0.56853505412871586,2.4052179227244857e-16
1016,0.76600340315304838,0.67749316519883152,-0.6020302501868704,6.8025219837940336e-16
1017,0.83854567227501309,0.68354215412710118,-0.44401228359645006,-1.6473847110682753e-16
1018,0.90113151335386721,0.67590269200790887,-0.27304291105238265,4.6129475257066947e-17
1019,0.87993479943282604,0.65989026740580725,-0.31077618977027638,1.8885204420309198e-17
1020,0.93795877947866901,0.67614635097219722,-0.17313259276681014,2.8264710807277663e-17
1021,0.9361055627331446,0.65115308430622409,-0.16222441034639776,8.1678208912483313e-17
1022,0.94670684974268826,0.62951133982145957,-0.12123203322005729,-4.1978281591496759e-17
1023,0.91965382275874197,0.66493829854369757,-0.21484979523174566,7.5893864609142181e-17
1024,0.97385835715481306,0.63322051253346379,-0.060951987608444363,3.3241289555013523e-17
1025,0.96720140587340109,0.69080921445030929,-0.095832125558682299,7.9567679758938125e-17
1026,0.49028671968503351,0.88412547372116346,-0.66514666490046093,2.2133250058901885e-17
1027,0.83222831078360449,0.70033825088829749,-0.47877778148131805,-6.5125043815256546e-15
1028,0.8397387890278124,0.65476797604287484,-0.39859368398324602,8.6663909731653418e-17
1029,1,0.65625,-2.6143392915963736e-10,8.8029044216028612e-19
1030,0.95854426686366412,0.64409072017855917,-0.10223126626668662,-5.5251900125297998e-15
1031,1,0.71875,-3.0719555222054982e-10,5.787821173799169e-18
1032,0.81815733654786449,0.64495183329075967,-0.42710726036964297,3.3083237303660122e-17
1033,0.81431641654806375,0.62538786002251523,-0.39038229340114328,-1.4984520757483737e-16
1034,0.79418586588292017,0.60888804712533739,-0.38088413733505044,-2.3882496640581255e-16
1035,0.78122689448232174,0.62324091918986102,-0.4435595785399602,-1.4546416868073348e-15
1036,0.77433924414611721,0.60086744823835303,-0.38557272059176434,-7.2266549105190361e-17
1037,0.75246504105996548,0.59911470516470144,-0.40915947756083881,2.6272238266612313e-17
1038,0.76346585262158784,0.5769290120820707,-0.31439214694812534,1.3595641664200606e-16
1039,0.84449887195471296,0.62642505206120691,-0.33493965410386539,5.7599732693315974e-17
1040,0.98094606779671523,0.67101021256021576,-0.052645743149710225,-1.1822559227630781e-17
1041,0.98102650729265573,0.65143560184683713,-0.048568114836888478,1.3960753880536212e-17
1042,0.97913033177242603,0.71002720089611759,-0.063414205090040532,-1.5166731156992222e-17
1043,0.97779473187573185,0.73615890571064269,-0.06943948395098265,3.555174204154869e-17
1044,1,0.78125,-3.0842819933640809e-10,-4.0952904078779737e-18
1045,0.95873094146097027,0.73788609484639511,-0.12888670791258322,-1.3614605402650184e-16
1046,0.97018544054225386,0.75824317411440734,-0.093404005368954907,-8.5773964596434427e-19
1047,0.84908054739689764,0.59950648295714126,-0.26726650554618825,-5.6983886719901916e-18
1048,1,0.765625,-3.131916069766053e-10,4.7073087412688936e-15
1049,0.86194293481445317,0.58339408857371611,-0.21017214803397907,-1.2308508650697239e-16
1050,0.86422541745227566,0.55996803727803135,-0.15215183437637114,-6.9336741078469373e-17
1051,0.84414939468425787,0.55034993814782407,-0.14625535348682778,-4.0373329432813171e-17
1052,0.70172165566689793,0.34306332522169142,0.67192481718710162,-4.0067966482684611e-16
1053,0.71809742993250525,0.33245758774877626,0.67239328336271853,-1.7437327856443917e-16
1054,0.52022137133077373,0.36251859968307348,0.75871233328453513,1.7105690864072751e-16
1055,0.70479511786306637,0.5938901731877535,-0.44506727334252882,-7.4756412336665251e-17
1056,0.71793930645736836,0.57642725800182071,-0.35786458564265161,1.4754593937733332e-17
1057,0.7157068595117585,0.54241646670767263,-0.20516014886213771,-3.7147288958742769e-17
1058,0.69382954522829987,0.54832702960643931,-0.24535368835277091,-1.9601738955361625e-17
1059,0.69474091870621058,0.51717638877577143,-0.08822243252291094,-6.4994933751753338e-17
1060,0.67055039253072612,0.51280776575582943,-0.069156213670827749,2.8783629733282167e-17
1061,0.67014294203965452,0.4867345505549624,0.07165903029313947,4.574020368782201e-18
1062,0.6826069109746018,0.46478920441160898,0.18429916117313408,1.1942651836509589e-16
1063,0.71292056142838245,0.50243516615707473,-0.012019311051826867,-6.296645768333973e-18
1064,0.72006485038302726,0.47843696603976177,0.10404753719042205,-2.9914369528633907e-17
1065,0.70408262258771814,0.46407431844490737,0.17940035128452358,-6.6589155772443038e-17
1066,0.73958500905587443,0.49098516967063294,0.041369652795808849,-3.9512652806189569e-18
1067,0.76558374132016005,0.4829372619706731,0.071829213923701479,9.3548207848972073e-18
1068,0.76559786528700713,0.4581095170439643,0.17476152069764861,-3.4627482109683936e-17
1069,0.74554638004287987,0.44312132421338712,0.25083457811972415,-8.6632857839585162e-17
1070,0.72118881774266463,0.44642297736156183,0.2537563344527427,-5.5258351353160695e-17
1071,0.7690485305477841,0.42597340345785928,0.29756779086844531,2.0955809225139558e-16
1072,0.71138137563838832,0.42191614039549508,0.37096478038056113,-1.0131885272276305e-16
1073,0.78819837080726296,0.47269052342647222,0.1053326909106209,-5.4984812384807188e-17
1074,0.81390239497417627,0.4602912694088534,0.13626695379122666,-8.631760545204379e-17
1075,0.76306265171975818,0.51231596962074255,-0.052294653818725986,-6.4868256561741221e-18
1076,0.7604689593614038,0.40157379771191332,0.39630919704126777,2.8666720252655995e-16
1077,0.77114654839829,0.38332722835935484,0.44073271724040408,-1.8929641908657428e-16
1078,0.7766387171313327,0.35938458899273973,0.49896931123271748,-1.4003900545518693e-16
1079,0.75653738447122509,0.34627467241093196,0.5696713507013792,-6.2580115128817463e-17
1080,0.80463094684707726,0.35249076194377327,0.46054427249251861,-1.6232712685020632e-16
1081,0.73508689536091565,0.35655873015970724,0.57984134846772095,-2.4743137815322821e-16
1082,0.79483140566681687,0.42273434505620444,0.28048226858275771,-2.4658685599295934e-16
1083,0.81409891273230917,0.40208639631391357,0.31814885263180664,3.3304627777244755e-16
1084,0.81561610325847567,0.48869245884401491,0.03882672164748633,-1.8838175517375146e-17
1085,0.83719102936368317,0.44569547933940779,0.16393432816665562,1.5089739139580449e-18
1086,0.78907272923183691,0.52776198247156048,-0.10677682237597931,4.2638742486056951e-17
1087,0.74898963859316925,0.53073390724021408,-0.1361127270958877,1.3804873945505732e-17
1088,0.74100443849362096,0.55560655730452824,-0.24883416314351225,5.5865044950831126e-17
1089,0.8010245864638178,0.37765726353263124,0.40682491026978501,-1.9219505915793378e-16
1090,0.80373484575909571,0.32952042833520134,0.50753728319255154,-3.9644801785290267e-16
1091,0.78631900893464324,0.30820559544126408,0.58083574865519572,4.2712141408460055e-16
1092,0.82947003253444007,0.33735946653930327,0.43539736552295999,4.6112876082791769e-16
1093,0.83709787808347147,0.39374796266037504,0.3031030891221152,5.565106356044573e-17
1094,0.85043910488894137,0.37303276938932339,0.32413555306161679,-3.1961397778551647e-16
1095,0.8666249378273686,0.40575512031705674,0.22702335798781217,-3.2661423507334959e-17
1096,0.83880197955300617,0.35587361972424514,0.38149453630389268,1.9244135260281185e-16
1097,0.86416541197319974,0.35596481309054462,0.32552677604013791,6.1240575346347179e-17
1098,0.8806144370747111,0.33791266165113809,0.31181451788383346,-2.6130165750865092e-16
1099,0.88942601692572343,0.35821523333352562,0.26469592749124726,3.3474340247174164e-16
1100,0.87023724406878955,0.31868768135553716,0.36012964767319028,2.0881222054884687e-17
1101,0.84513575771008653,0.31209534888726181,0.43242435052498246,4.9493286968902523e-16
1102,0.89585737121416908,0.32183286059202076,0.28921235730649458,-2.0318952874639682e-16
1103,0.91991078406170201,0.37189664158240326,0.17938799502184707,-6.3591681946817139e-17
1104,0.83188864363103687,0.29483340685938841,0.48406952462174552,-4.8951151987143753e-17
1105,0.81575572497479576,0.2772396764612447,0.53901435806737175,7.6360058074097381e-17
1106,0.91273499565841776,0.29956993724229952,0.25767874641138094,8.1301497189058209e-17
1107,0.91825584924122505,0.32420363385256828,0.22682837541148937,-1.889646003455567e-16
1108,0.81783804595484377,0.25312922067306542,0.54129548104878655,-3.4278265563891357e-16
1109,0.79474726443378607,0.28674316019625939,0.58506834112486694,-3.0271060148028273e-17
1110,0.93987856562124816,0.33808433312829173,0.15971008252967006,-9.320377689390896e-17
1111,0.79792555255000075,0.23987428240940062,0.59176644196882811,-2.7823175333238568e-16
1112,0.96875,0.32249743323659841,0.088027380748150683,-4.2779732256535967e-17
1113,0.93222766455501049,0.35636822910414778,0.16578402071898349,1.9419563297262226e-17
1114,0.77505371570342219,0.25010061474994671,0.64911297107465116,1.1464392826635481e-16
1115,0.96062040813568983,0.34197164618034237,0.10334115361189232,-6.6749514610564406e-17
1116,1,0.34375,2.6518033523293422e-10,-5.2133314962834843e-18
1117,0.97754342990071175,0.36178463834682417,0.053778028991880042,-1.3923411736153451e-17
1118,0.7748115057096292,0.2735124898939667,0.64296274958465383,-3.051461105590425e-16
1119,1,0.40625,1.7410632953693894e-10,1.0168790299468914e-18
1120,0.96395395247145865,0.38024883984786778,0.077300678889125521,1.048620058313748e-17
1121,0.98382258985569027,0.39029904483013295,0.032434910072354307,-1.7167289741432662e-17
1122,0.93861187413914515,0.39358251208430256,0.11880958936097011,3.222826859447263e-18
1123,0.84231053207324647,0.50345801553046021,-0.010290579216187045,4.7216274921426303e-18
1124,0.81497532606644163,0.43612596639143203,0.21446578594905616,8.7071493731659889e-17
1125,0.86109155098500045,0.45754703115255807,0.11142426656091427,-7.800357307364912e-17
1126,0.7706711791614792,0.52912634888054588,-0.11994826173096353,-2.2911138186603197e-16
1127,0.80835590149302705,0.51231135290651963,-0.043862116920330582,-4.2921112191784494e-18
1128,0.79251252484919543,0.55592117387259565,-0.20887290808905051,4.0224593912760668e-17
1129,0.81917930693282914,0.56099844215523509,-0.20118505493011499,2.0640016060075079e-17
1130,0.72314404993599801,0.5590069580603424,-0.27680382356242439,-4.6821470038128861e-17
1131,0.89671908292717151,0.28119070984185529,0.31268476081542429,-7.3824666795830999e-17
1132,0.86792124494380918,0.27924312179046945,0.39625789736347955,-2.2475276523579077e-16
1133,0.85240056806951681,0.2928062035492176,0.43116141548136561,1.0012776640856042e-16
1134,0.89796586257752087,0.2571653386260217,0.31478743033852463,6.8205361667329624e-18
1135,0.89211190916130645,0.23554104713435708,0.33103572066122261,1.3743810996132862e-16
1136,0.92222370946597154,0.24111974525874205,0.24155443847627101,-1.4151149732761661e-17
1137,0.86649738072145144,0.22258200998583091,0.40128913018133994,2.0490503097097706e-16
1138,0.934364525251139,0.28832409756490168,0.19881232545860406,-2.8498254292043179e-17
1139,0.93855832291525954,0.37472219432775083,0.13590375018391634,-4.6203037717190996e-18
1140,0.94597337415029636,0.41574170451851367,0.085237710130219066,-3.4453970635291459e-17
1141,0.97062190354359801,0.43249269434281123,0.037768709752883038,7.404696223081725e-18
1142,0.92398529466581381,0.41970789394866648,0.11440204762571801,3.4470265197005825e-17
1143,0.91147197502778876,0.44324175640756863,0.095845945885751613,-7.4559701496779002e-17
1144,0.91888519084981901,0.39168757345924649,0.15858037155260263,-8.8806870613969534e-17
1145,0.89626514484175246,0.38512535480515991,0.21153116640268421,-9.4366428816410152e-17
1146,0.88633026541453186,0.40245917594693248,0.20108045186691073,-9.8643187068054064e-17
1147,0.89190091858164866,0.42420900426252139,0.152540406330782,1.1540367571308482e-16
1148,0.85443614092519815,0.48697732847082087,0.036026645397293167,1.4679232276763292e-17
1149,0.86085631131569496,0.51755904336748704,-0.046573525431909936,2.0468767706696493e-17
1150,0.86293493512263453,0.43155243045683611,0.17401594014301369,-2.6054947704616053e-17
1151,0.88361888753026763,0.47262256723958351,0.06118692029323556,9.5049128009235835e-18
1152,0.82741510797329676,0.51586922646142452,-0.051321001922075934,8.3034837400013563e-18
1153,0.775275416940441,0.56267287254215759,-0.24886579933051003,-8.4354696341552544e-17
1154,0.80680970057827583,0.53988500709823428,-0.14143243413230305,-1.6972194312380228e-17
1155,0.82385916927540515,0.58397944064609342,-0.26476154379408356,1.8060657350059861e-18
1156,0.80551687901133173,0.59225752162718304,-0.3142263737384518,7.6059785478858389e-17
1157,0.85637249357527057,0.26096924328424986,0.43503208376818953,-1.3208893911943447e-16
1158,0.83829614921183648,0.25119594762732239,0.48621386137040157,-1.8185843272101614e-16
1159,0.93965420089745733,0.25813604429664672,0.18817733899269504,-1.2529466180852719e-16
1160,0.93206159131228039,0.21493657861093585,0.20667245246283511,3.4084517906514141e-17
1161,0.84582552731270944,0.21806426840392246,0.45608872971733355,4.908051632156108e-17
1162,0.82335658845719661,0.20911285501702542,0.50956845327375033,-1.6750623174930172e-16
1163,0.81150379712233911,0.22520680062340456,0.55129465453439075,1.5936170363059252e-16
1164,0.87725744506123138,0.19963472591501036,0.35743346814152349,-1.506604915426333e-16
1165,0.98182384947418655,0.41546761585805969,0.028898190433841234,3.2989243097070091e-18
1166,1,0.46875,5.6445150632428461e-11,-1.6278385825806724e-18
1167,0.89979280476192891,0.46006267791507327,0.076815726256684466,-5.9966241749996512e-17
1168,0.89597542439044842,0.49333659073380232,0.013489029752634605,-9.415419691773974e-18
1169,0.94749202084853368,0.27506688561519022,0.16213333262177346,-2.694565002919607e-15
1170,0.80005832499280827,0.20603785451726619,0.56511925087627446,-6.3789215398135575e-17
1171,0.77766823314963751,0.19767420785887885,0.60852667789205483,-2.0208916458607793e-16
1172,0.79274457854972979,0.18457761128315542,0.55557327469368822,-3.0077806970036182e-16
1173,0.79673840091925996,0.15974896477115019,0.50274083919593548,-2.3350616267434425e-16
1174,0.81632812360163487,0.14462012226850474,0.43020911735199924,1.8859066694129841e-16
1175,0.81195197639949079,0.12355856004069654,0.39014264630380135,-1.0057472751215028e-16
1176,0.79268055279990068,0.11269221794681746,0.39418148375083606,8.0336869018288129e-17
1177,0.83386314817815455,0.13089243686050331,0.3652943471802082,5.9015646852820205e-17
1178,0.82208746001477806,0.16674510778927187,0.45945687675209096,-2.9258023338547292e-16
1179,0.76700660682967658,0.12484284679677071,0.47209201584982485,-2.5751189173240833e-16
1180,0.85249135122197983,0.1144009463340605,0.29430149729461585,-8.4257075869689316e-17
1181,0.84398383326282644,0.17559537626916433,0.42023405854684648,6.6828226421688555e-17
1182,0.85579638536153535,0.13658195975054538,0.3311806699854199,-2.4990115840005792e-16
1183,0.84503534713583461,0.088970115711944867,0.24814046823609401,-1.1957429484675034e-16
1184,0.87465950047166996,0.096523361477965489,0.21869663188342445,-1.1759499386431306e-17
1185,0.86518156222720788,0.18051969551510472,0.37243786885809727,-7.0949120394338757e-17
1186,0.87118329012583229,0.15626650304300022,0.32739453046871186,-1.016217264647269e-16
1187,0.83192098084538468,0.1912776087851509,0.46984827805533885,5.6337759197789057e-17
1188,0.89473703544392236,0.15383474682473819,0.2671479974743306,-4.6959290154674621e-17
1189,0.91674122605354036,0.16987638413409265,0.22647513842635039,-1.0910487341976525e-16
1190,0.89627736760351562,0.13160815365901779,0.23546964234694368,-6.9314364887411025e-17
1191,0.91938500467913586,0.11364181448814906,0.16404665776036348,7.7955370895167773e-18
1192,0.98222104068785432,0.453125,0.01626397807585089,3.3931719882028675e-18
1193,0.77311701581991377,0.14903884695030226,0.52664405662766278,-3.3800297282107149e-16
1194,0.73692805279633256,0.11738241982381793,0.49461772505830076,2.6124646328877075e-17
1195,0.81911669606890536,0.084699872662653108,0.27298689399427467,-1.9866246006879529e-18
1196,0.80957286586354216,0.10216602153715136,0.33712435386511208,-3.1729021662614035e-16
1197,0.79855607158867792,0.08241623847599816,0.29276113190483238,2.0252869970737535e-16
1198,0.77750212522300877,0.069147565877559616,0.27076120518078511,5.8511415970134416e-17
1199,0.82428060683348703,0.065663149908210483,0.21027203465308841,-2.3854679801994634e-17
1200,0.81933928146715695,0.032661319075105263,0.10955260346528889,6.2818072371141721e-17
1201,0.75484971110835708,0.08518506747521204,0.35515925866661058,-1.3118931290453506e-16
1202,0.88337474236808311,0.071934729354159149,0.15652863874858128,-4.8196870963239837e-17
1203,0.86763074627927694,0.053801007441446107,0.13388575054121088,-1.486863183241276e-17
1204,0.93957885700430821,0.15530650223084233,0.15625251256588921,4.2403450291510276e-17
1205,0.91394795521030392,0.19420420353521894,0.25080518868674484,-1.691683459250517e-16
1206,0.89501730991775985,0.19296436349674881,0.30317341757984606,1.5082800157603862e-16
1207,0.89249537984585847,0.10973603031681345,0.21072516026772969,-1.3223865973393112e-17
1208,0.92945585355992433,0.088429847434188483,0.11600744278403578,-5.7080951533528476e-17
1209,0.93424569107419042,0.130328304693999,0.14985840867803624,3.9393652763650725e-17
1210,0.95606153939182104,0.13459449146837801,0.10294430381483705,3.6435644163045156e-17
1211,0.97511800497909173,0.11645809188818805,0.052328204896879831,-1.7533706205953366e-17
1212,0.71549620194586672,0.14248820219901637,0.60807946620036246,-2.2740401787517867e-17
1213,0.71045661278092587,0.10978791240155827,0.50227347515108034,1.7709435302321292e-16
1214,0.76323568173604139,0.10430659746701369,0.41254818659854531,9.0724126395724224e-18
1215,0.74231459887249263,0.099294229748682239,0.422862614477718,5.4201115651801963e-17
1216,0.73854655256058122,0.061632282773649447,0.27643944392949643,4.1616734137273859e-17
1217,0.75864232229747774,0.062186598897754061,0.26189586780841312,1.9959746258804357e-16
1218,0.86173479879914239,0.074892951563812121,0.19085343976409389,-4.3830414267993867e-17
1219,0.95387043866630317,0.1723932329462676,0.1276055473542598,-3.6099047780590265e-17
1220,1,0.15625,2.5948197715938521e-10,4.7407664407310332e-18
1221,0.96875,0.20494075161239836,0.094083119738593457,-4.3838902946357506e-18
1222,0.97826875225171706,0.17587458118334154,0.060948732666818953,1.6061881392162537e-17
1223,0.98171980749123688,0.13773822222791809,0.043682029120320466,-6.4664474242477169e-18
1224,0.9656378371808676,0.082975254991024983,0.053668053017672246,4.2072493844184112e-17
1225,1,0.09375,1.7451254932999897e-10,-1.6286948954178168e-18
1226,0.73288549915976409,0.13563211450899121,0.56026369551564092,-2.8473419532204022e-16
1227,0.7055327161623739,0.12728523812823075,0.57270081557119645,1.7407632554104462e-16
1228,0.68494679310064766,0.096218952096957092,0.47501402429125655,-4.165872507688076e-17
1229,0.74583440463002637,0.037393629637957206,0.16684025476460659,4.9566521520391413e-17
1230,0.71875,0,4.856848391400811e-10,-3.8715434554507006e-18
1231,0.78125,0,4.0172025832545361e-10,8.2049387074695235e-18
1232,0.73175324504146111,0.019087184435849478,0.089307799538402177,-5.3382902157646421e-17
1233,0.79138406619884472,0.026722076390837245,0.10180903904919554,5.1123637598123164e-17
1234,0.76485415355459796,0.020583566288364389,0.086863726542169131,-7.7709040471702371e-18
1235,0.95217270993992298,0.21642389873656642,0.14633308620392643,-1.8281196111977306e-15
1236,0.96354273120554312,0.10165195589913643,0.068214740919468747,-1.8912574207833582e-15
1237,0.94661801548822555,0.079541337898594175,0.079960652312761185,-4.1013735804148912e-17
1238,0.67178654833745344,0.11189018898798572,0.55449474584122604,-1.1650779276403689e-16
1239,0.65854690766625745,0.14373125117375901,0.68963404380065396,1.3725600105665519e-16
1240,0.66930049399300984,0.082804382082915073,0.42840360282257084,2.6366237883027369e-16
1241,0.64449719106663972,0.075648197996765046,0.41139504433449081,1.0213955807401723e-16
1242,0.62824174530644261,0.06121306780332178,0.34507571922973701,-8.3370120486004966e-17
1243,0.65458466217662747,0.041541053580290366,0.22816536006990468,-1.6574095493462115e-17
1244,0.796875,0,3.6745023459561975e-10,-1.2991050155110772e-16
1245,0.80784089243404322,0.018022349741361673,0.06401625082611076,4.5753230781005079e-15
1246,0.80252342058907522,0.043050973424818978,0.15540083560262238,8.5629645936662785e-17
1247,0.021458586529413619,0.453125,0.01972658953027176,8.0465311976353654e-18
1248,0.041267937824656195,0.45151448465321309,0.038590200062231829,6.8262618430652461e-18
1249,0.062545752010889744,0.43731655900774086,0.074874519336934633,-8.8412216000149471e-18
1250,0.025194522325111202,0.48080331564547046,0.0094073365757042244,-1.8373611160973509e-19
1251,0.020572872139201445,0.50086917945805831,-0.00037486851051636078,-3.2547617595267766e-19
1252,0,0.53125,-5.7471339622689287e-11,7.7796421030313898e-19
1253,0.045727215458000486,0.48369225746738287,0.014673448021013112,7.9129634413182053e-18
1254,0.076018699302601078,0.48810482707734004,0.017739128883519736,3.139668695993164e-18
1255,0.062527190689781437,0.50498807521690003,-0.0061385621956187783,8.8476006318173688e-19
1256,0.05755355862812922,0.52841473569712727,-0.031885485307814439,-6.346908873991841e-18
1257,0.079274137152041013,0.46452710730213997,0.054407857458478807,4.5722087206443725e-17
1258,0.10344141248973551,0.46089481960842837,0.077641795624607809,4.549443002288476e-17
1259,0.020269191396902156,0.765625,-0.063330185293667837,-2.9850334098179688e-17
1260,0.039853018461357456,0.7661211078780028,-0.12421087088178634,-8.9681214858082592e-17
1261,0.068670932008987315,0.75272368181384031,-0.21404616511578881,5.16189947153065e-17
1262,0.026149230272917396,0.79421213637384347,-0.078892012716589702,-3.2219630943130773e-18
1263,0.04751275525091516,0.80445274167550174,-0.14008564503500601,-1.5501439706826123e-17
1264,0.032111933967512732,0.83420374236166472,-0.086884255641341043,5.6875907906541609e-17
1265,0,0.796875,-3.0097732634862587e-10,-9.5397666857337414e-15
1266,0.140625,0.97242148959845265,-0.073644422911034457,-1.7668759811694672e-17
1267,0.016823037956650147,0.265625,0.052568245668634668,3.0969987712092357e-17
1268,0.04024692995172352,0.29141208966408483,0.12185304451793896,-1.8655188499711677e-17
1269,0.49205742841128364,0.39605327257929218,0.60728940775532625,-1.5150507167044629e-16
1270,0.49660275362416983,0.41547558325648998,0.50646352827558461,-9.6815026729466364e-17
1271,0.48328911250187273,0.43685256217127566,0.38589504344002912,-2.0809925974877537e-16
1272,0.63530799510573377,0.44375922612903634,0.3153490372445274,-6.2163589074481518e-18
1273,0.61361755881678626,0.44253957933318411,0.33106777130235721,-1.1479663477892908e-16
1274,0.17258029358595259,0.65203053748109996,-0.42118421510340909,-3.3494446619275592e-17
1275,0.19311049535202673,0.64775187630184594,-0.45639543696969848,4.2095917133389052e-18
1276,0.15820196340264905,0.67143880641517872,-0.41987969026970812,-9.1933300910325141e-18
1277,0.13351232511446173,0.66980021870341577,-0.35669440624462323,-7.7488514735378642e-17
1278,0.12439889818465205,0.68858285660132146,-0.35291764223946931,3.7657959433946401e-17
1279,0.13010736291256711,0.72075563927379371,-0.39088047395987491,-5.8355448030246595e-17
1280,0.078125,0.96875,-0.047559962499786404,-1.251865774832133e-18
1281,0.73054139187498923,0.29941907694067382,0.71295567160925066,4.9390876309259271e-17
1282,0.68228223245458053,0.30480881115884056,0.79101286033663942,3.2878690600436827e-16
1283,0.68495993118432386,0.32452275885668269,0.74586912850275466,4.3527186152724243e-16
1284,0.98312950476122563,0.609375,-0.03357606596420086,6.884866648504112e-18
1285,0.97167315642820351,0.578125,-0.041825670139619318,-4.0036886395918276e-17
1286,0.74014500128830341,0.62425735983646513,-0.51283003238767566,1.7011874511736211e-16
1287,0.025707943330231384,0.10937500000000001,0.051170164775084209,-2.8354581523877526e-17
1288,0.036208522145395647,0.12875350546691569,0.082051292118238861,-4.8884761377520202e-17
1289,0.016944764313646072,0.14097487940685527,0.041142924113306154,-3.9830219925378546e-18
1290,0,0.109375,2.0027825501412647e-10,-1.1731723121355976e-16
1291,0.020406551326869759,0.089136177443748396,0.033946733676549101,6.0339509587292392e-18
1292,0.043926878297474631,0.099089811411738379,0.080347639800075837,6.4184242621297819e-17
1293,0.064186787257629038,0.082969156849855785,0.099780042824984969,7.8783385358480449e-17
1294,0.094767082478549453,0.083114232937925261,0.14640409328332557,-1.2838522169650479e-17
1295,0.081601771117045238,0.10806824646848003,0.15925025775719232,-5.9244626995074498e-18
1296,0.099437867712625888,0.059389267544864351,0.11214663871436632,1.4885970180902549e-17
1297,0.12300229415756432,0.084770001212264315,0.1914448474020983,9.1559467634607157e-17
1298,0.094099252528631716,0.1352123017253615,0.21879897801422502,-5.0085643186822006e-17
1299,0.06450686555706403,0.10133830209937941,0.11969229422677578,-6.7996077878321814e-18
1300,0.11594959059308908,0.067688579970252502,0.14699767267116179,3.7230241800148554e-15
1301,0.1507461427483287,0.078750747988025227,0.21649998836363082,-8.9116637280203805e-18
1302,0.13452520865645928,0.10687549705017385,0.25521617472938229,-2.7421582872268427e-16
1303,0.14816047963807549,0.13320887147887606,0.33332537592167566,-1.2548502158878524e-16
1304,0.1181340977430807,0.13246245942638882,0.26812254019186355,3.7213517886331637e-17
1305,0.091303676169963252,0.15898559934310819,0.23792185943035987,-1.7779575051969119e-16
1306,0.10624063283276849,0.18637562694134072,0.30172118867358588,-6.7710935230732249e-18
1307,0.073441101395253575,0.12827455689904588,0.16492234983274937,-1.5845046566334245e-17
1308,0.054955143396554482,0.13864577168269474,0.13137803542435036,-1.3026184142519029e-16
1309,0.072737429042732463,0.14951617939276354,0.18281186854771464,1.6450741758840802e-18
1310,0.15354920316813353,0.05693459833448631,0.16231067157232312,-2.4106949161402437e-17
1311,0.17462524178218594,0.085988351406581093,0.26825991424140716,1.7921555526257932e-16
1312,0.16889626534881816,0.06797292132461652,0.20959527331265052,3.3095530331310686e-17
1313,0.20194235970308827,0.087878719443345854,0.31081747744221727,9.848957857056231e-17
1314,0.1736141595873375,0.1276366532983878,0.37293877342239279,-1.263167651188658e-16
1315,0.19422712778871926,0.11235261396331693,0.37184877643955838,1.586913291967468e-16
1316,0.17926811188403013,0.147708672183021,0.42727872616267204,1.2527234721321024e-16
1317,0.19923460780243374,0.16271217871164831,0.49994742783503354,4.0292018718554997e-17
1318,0.17947363127893443,0.17412372849936567,0.47471727050330775,-6.8176902245732932e-17
1319,0.2151229511808582,0.14916308285898794,0.50412247253093367,-3.8524740872200645e-16
1320,0.21724941368475195,0.12672062556623703,0.45075268549026865,-2.6630183367294019e-16
1321,0.2188731580708986,0.1763074876947186,0.56788359018700008,-3.0088185166546724e-16
1322,0.17743272857310852,0.19614653682342079,0.49883760250841863,1.0497317940925761e-16
1323,0.24603217354551718,0.12304788933413896,0.48761199587974979,4.4556803438391006e-17
1324,0.24264527266610858,0.18046154511874779,0.62565379818371247,-3.4698965016170505e-16
1325,0.2177418414470422,0.19936142342256022,0.60015814084328811,1.5966068351437601e-16
1326,0.19553169975616647,0.21085602034741568,0.55898677498672245,1.9816081526266376e-16
1327,0.14604632966106312,0.18772619894104464,0.40940321801051482,-4.8547739832190336e-20
1328,0.25765524918286847,0.16186618771883465,0.61569111382659492,-2.7129641366815656e-17
1329,0.2619733013597883,0.19451551319472127,0.68894389789539312,-1.6521175081420775e-16
1330,0.22435127542493477,0.22236335283242087,0.63810010243158499,3.7066577201084223e-16
1331,0.24864635135150479,0.14341440035876041,0.55180936612282516,1.3003384282315407e-16
1332,0.28245950664661529,0.14807121942201112,0.6216193437162818,3.3688799706454977e-17
1333,0.29415033271794616,0.20513284766627193,0.76635988066484328,-1.8724959766543622e-16
1334,0.25957276609319474,0.21795070679972139,0.71346239445688064,-1.6236256225320255e-16
1335,0.2243801246720275,0.24938967146891441,0.6479775743954368,-1.331795777851766e-16
1336,0.25115762595315938,0.24394756305684107,0.70929169639310907,4.1397922841310996e-17
1337,0.13875179286515135,0.15495301540269402,0.34916239301666135,1.9345774414670415e-17
1338,0.084520425907633756,0.186488353135707,0.24178400888571228,-7.7420621916593451e-17
1339,0.059900009575086961,0.19670318540444481,0.17667703343310268,-2.178630345522831e-17
1340,0.10522429069824014,0.20763526807419164,0.31318204787003473,1.1940353317198513e-16
1341,0.095445060648023744,0.24020537621042834,0.29481660607147187,1.8780230029910814e-16
1342,0.21504495193669215,0.063629664593069804,0.24348037960508104,-9.1094331586097962e-17
1343,0.24871746101830355,0.096331695141352799,0.40082749922481414,-1.1833378436212448e-16
1344,0.12651450863639302,0.17611554349494285,0.34598562527700177,-1.6226978846393543e-16
1345,0.12493997548038857,0.19800218951959958,0.36215675669911462,2.1944592695573226e-16
1346,0.14291186220958396,0.21090220625183631,0.4209745464788322,3.7095266060670509e-16
1347,0.14891330499467695,0.24447113607557677,0.45055933571763745,6.2478558677135526e-17
1348,0.26666220368548832,0.13768836827955969,0.56567963990102299,1.6321108664605151e-18
1349,0.29929221432395176,0.12873993961935096,0.58448976157192922,6.621909273757864e-16
1350,0.29484385530606982,0.10134685798803002,0.47530787333275537,-2.1743581281866867e-16
1351,0.31381431741230587,0.1517334991887877,0.67980105443617944,2.6766861008069043e-16
1352,0.2163402674043686,0.27079516913707435,0.62310973878018883,7.8697225593664814e-17
1353,0.22645916645658223,0.29584134686778746,0.62602570906832689,-3.5259101982049701e-17
1354,0.20239813787229319,0.25445598590353374,0.59358913020888293,-1.6107706453416712e-16
1355,0.17480818999526765,0.25400344672771252,0.52191249222252256,-2.0888769665187895e-16
1356,0.2428047097917628,0.22688332593895821,0.68370459661473881,-1.0191205422410876e-15
1357,0.27560021533376933,0.26951042034234396,0.75587071376034387,-2.7655746760969502e-16
1358,0.029899473463026342,0.19243048174328817,0.087688850874827529,-6.6435255740585827e-17
1359,0.20077683901313098,0.050261833666940439,0.18296716502217633,-3.8881752218447593e-16
1360,0.22278534392749741,0.045675158699067825,0.18252316920282688,-6.701991411878906e-16
1361,0.21875,0,4.0668254157686136e-10,-4.04929860008352e-18
1362,0.24201043592466867,0.026184814880782475,0.11280153578983708,-4.7750656377562979e-17
1363,0.22971180797837204,0.08221445830355624,0.3263286733502222,2.9393629011676007e-16
1364,0.26870628392744317,0.10111799184151707,0.44352936731467274,1.8785693898059422e-16
1365,0.29072966610947432,0.08152861841568261,0.38788440557489601,-1.3756366237941629e-16
1366,0.2816244019012033,0.058121854981820514,0.27624683752831225,2.0057573942418099e-16
1367,0.26049847538861026,0.061698557882842633,0.27595001886611165,-1.4146058764952881e-16
1368,0.31242701016559299,0.045103534466956606,0.23231206724068074,-1.1605633595544962e-16
1369,0.2484021828481083,0.076904129581479325,0.3269078957151671,-1.7121918193680968e-15
1370,0.32008796720302285,0.10208074750875668,0.50516330388208253,-1.0608387215498518e-17
1371,0.33633970136466818,0.082032303138533241,0.42920180981545614,9.911448423181322e-17
1372,0.34457564507473337,0.11023014119037951,0.56393432885546368,-1.1996089932207317e-16
1373,0.32592286704320383,0.062571030492780955,0.32718578089541089,-4.7236254318749146e-17
1374,0.3555498728592435,0.065174239296813,0.35777791502187828,-5.5916824956505226e-17
1375,0.37206614531507781,0.11590333993403297,0.61256968805687939,9.5303514416482336e-17
1376,0.34778145918587861,0.13402716168235324,0.66234533127630058,6.1076063060176975e-17
1377,0.36660204203985208,0.046696121131235703,0.26409961225523393,-8.084232461125658e-17
1378,0.34375,0,5.5609004995594106e-10,3.3626966356646569e-18
1379,0.36969319072047946,0.02314882533887206,0.13291884830404394,-4.6022725971575225e-17
1380,0.38671143264534591,0.071268322168764289,0.40595769214719407,-8.1688702283371968e-17
1381,0.33800542620346719,0.15670698779750863,0.72742883017920557,-7.1477457069492911e-17
1382,0.30037381609516595,0.17140270307621733,0.71289419923003794,-6.2105711062479944e-16
1383,0.30796548429603132,0.19024264071310149,0.76606280318674291,4.6760476014792076e-16
1384,0.32906919964290193,0.19951437466948491,0.8162660638591982,2.7781864497154346e-16
1385,0.35434329304706336,0.18245401928301727,0.81750891358142086,-4.285496750308658e-16
1386,0.31372748679840429,0.21548526638732599,0.8139291639253915,2.3622589132673023e-16
1387,0.31767198778592542,0.24105399672361982,0.83921376097720346,-5.0560960407387672e-16
1388,0.34113259045385036,0.24473016260695157,0.87751443652792793,2.8938066375651669e-16
1389,0.29536856996363176,0.24832087158654897,0.80006642684681428,8.6001424566258929e-16
1390,0.35849168878526289,0.22775507396913167,0.89392263519235404,-1.8426411149863526e-16
1391,0.33431492573322208,0.26727901402882548,0.86244345536173705,-4.1707458140927107e-16
1392,0.29649850252114285,0.22740244915903507,0.79430797392971675,1.1064841885911921e-16
1393,0.35158701888562133,0.20554689194725601,0.85864005923892128,-1.2215547027670391e-15
1394,0.35074692754819053,0.2867192563899289,0.86844489294246452,-1.6493502850834534e-16
1395,0.37529330922155552,0.28008837713111406,0.90772237858590765,5.8818483019767074e-16
1396,0.33395126446060514,0.30638192386125113,0.81319285960678545,-3.9249073134437603e-17
1397,0.3827157267676915,0.25466212010555639,0.93241097551726793,-5.330849550740533e-16
1398,0.39533214250183835,0.27524856044276241,0.9341600171043426,9.5327058507746091e-17
1399,0.41997426071991267,0.28277976838349317,0.94806450213341953,1.3563170711194318e-16
1400,0.37591765913919939,0.29979026540994758,0.88010068054683166,5.2322574327408574e-17
1401,0.31125791380865947,0.30994716548358719,0.77109609396058587,5.9252692482912676e-16
1402,0.32145712438546609,0.28671258105228725,0.82422424637674507,-1.2685581299061717e-16
1403,0.37539643717012855,0.23689376967641174,0.92102542673693522,-3.1714599774707742e-16
1404,0.43459970319971658,0.26137923564140575,0.97645977342209356,2.5532564011562713e-16
1405,0.44271462789825344,0.28456628926112704,0.96070151599060705,-1.818718721111952e-16
1406,0.29808031677275421,0.28564104901810827,0.78531873185928991,2.9951283736717766e-17
1407,0.42329481948744907,0.237004108460487,0.96784119226648291,1.1514391601132606e-16
1408,0.39934454192421909,0.23742055040500562,0.9475115939492621,1.8663168980829507e-16
1409,0.45237164127421831,0.24765818123272451,0.98853291241191332,-5.8234301236513019e-17
1410,0.46866182904815229,0.29562200862797949,0.95480815309505362,-4.5092143905458233e-16
1411,0.41084453612242527,0.20988596424525105,0.93049746116982979,-5.1699832594887752e-18
1412,0.47286528080199819,0.23179063371428718,0.98989861995906925,-6.4364333446237678e-17
1413,0.49387005802696909,0.22981243590058284,0.99170690667535155,8.7214229302950986e-16
1414,0.50896770399557822,0.21324404439105998,0.97312350746405896,-6.2651529988623505e-16
1415,0.51619426562723014,0.23447912443528429,0.99400702274042141,1.0751467247752436e-16
1416,0.50137144785454091,0.18821367173837394,0.92535484899249831,1.1455210337648553e-16
1417,0.54216068351855462,0.24228195746573178,0.98999421794538922,-6.4028570759937535e-16
1418,0.52483773298569059,0.19416770411280176,0.93613522822593043,2.0330698668764141e-16
1419,0.48015347435320377,0.18972776754348869,0.92723655188318144,5.746379766055739e-16
1420,0.46273416791272215,0.20665147066056586,0.956377888390468,-3.2047067222553896e-16
1421,0.49421420899304214,0.16140125850293999,0.84873075167688683,5.0702262464397231e-17
1422,0.54019285611917622,0.1790535587283133,0.8951491808410138,4.4064985625572649e-17
1423,0.5398876898074142,0.15306777838638125,0.81373043585483562,-3.3062821970262413e-16
1424,0.55278798007670127,0.20244737727074258,0.94261465315642201,8.4777698201904954e-16
1425,0.43635339209668472,0.20127479423804517,0.93442083630705541,1.8110888242598035e-16
1426,0.51566304484048997,0.14540698880341482,0.79089468308672339,1.229677912088935e-16
1427,0.560493109742495,0.15654570005642454,0.81736843812576065,2.5925975823135654e-16
1428,0.51461482838843664,0.12083657678431715,0.68769638023383561,-2.5867829395930117e-16
1429,0.4936956650588713,0.10936715291224493,0.63425577319144322,2.3375468545969626e-16
1430,0.5364093824699433,0.12977118614430763,0.72336074087063207,2.5842234553437165e-17
1431,0.46478454564681548,0.12090030209213218,0.68459148093980071,2.2188882117345195e-17
1432,0.50625695588083042,0.088239993447662798,0.52637181416375078,-8.5528932992125306e-17
1433,0.52456043293001753,0.074564067527560229,0.45019158885696792,-2.9658474236383976e-18
1434,0.49365141779749477,0.073299961838750052,0.44430033244129014,6.2483386262236651e-17
1435,0.4689787745103885,0.066555318225236013,0.4041427309563867,-1.5274743548203398e-16
1436,0.45847341129007935,0.087302242857931103,0.51699376572580069,-1.4432107584942819e-16
1437,0.44560488401041543,0.056337441592026624,0.34158137215166012,-1.022898697465738e-16
1438,0.43710867793241337,0.079065938127439797,0.46729603805646602,8.2635009002300184e-17
1439,0.42557940329743049,0.030466653083352606,0.18504634435317552,9.9324857194076209e-17
1440,0.4089146661250771,0.094526811776231762,0.53695807827399977,3.6695292287113455e-16
1441,0.44594634516266846,0.035387298867915612,0.21736812134157144,-1.6514213055687466e-17
1442,0.20503053593419854,0.29258772345508294,0.57901864877028197,1.2843644078854302e-16
1443,0.17301883117983577,0.30584622792852034,0.48563580468251194,-1.9021184788330678e-16
1444,0.2581795188659336,0.29745490847440226,0.69286911517136607,-1.1455341021103132e-16
1445,0.23148633163264765,0.32113821579217766,0.599524130977234,-4.9764831826403074e-17
1446,0.25248248901453801,0.31791829874713923,0.64860830042386752,-2.5329760502863322e-16
1447,0.22579394293251515,0.34565070320918195,0.53715212123202949,-2.5630154368294324e-16
1448,0.24343141582964864,0.36247839359808931,0.52648574665051295,-9.0628581789456455e-18
1449,0.20636398762435573,0.33592712004639558,0.51771908115331922,2.546641239502359e-16
1450,0.18279974355493006,0.34383687592451895,0.45142195078433489,6.3049559271139253e-17
1451,0.22251947052387114,0.36783370163283874,0.47507284072585815,2.0588356327422867e-16
1452,0.21345022011613218,0.38760515787923383,0.4032689865748707,-1.6169466920137881e-16
1453,0.27488472749281623,0.35871315820370842,0.58948721208653265,-2.6561248798023903e-16
1454,0.25687669106159872,0.38034741723096044,0.49330301238361079,2.3484471391346951e-16
1455,0.16205278096292339,0.3289239013440256,0.4287514568523938,-2.3247536683524312e-16
1456,0.17262824640373128,0.27499631895069782,0.50972467408090971,1.005125677898101e-16
1457,0.15758787300722327,0.26084471771411261,0.474031005705357,1.6646354090478411e-14
1458,0.167173679200525,0.23480451003814024,0.4991233957366607,-3.5176686257376482e-17
1459,0.18467519547187014,0.22676452971122477,0.54223794697251271,4.5995644659070827e-16
1460,0.25685289522318067,0.26296902026345259,0.71997373226130379,1.7145343291582253e-15
1461,0,0.21875,3.0878962055529704e-10,1.4120156720832758e-18
1462,0.017932852887709815,0.171875,0.049645552116972691,1.9862284995005659e-17
1463,0.047451403397855876,0.17665049057151516,0.1330377645123009,1.5831972584777511e-16
1464,0.234375,0,4.1585373203693059e-10,1.4699939942641229e-15
1465,0.28125,0,4.8476902761831374e-10,2.510060363683517e-18
1466,0.37945422354212005,0.13764391237091336,0.70714266687287941,-8.4814335326513917e-17
1467,0.40338216609487365,0.15306674133708048,0.78270522689170507,-7.9398797597948952e-17
1468,0.34865424702198672,0.020615595255767585,0.1148421952724691,-2.1086789607117705e-17
1469,0.38435816596294858,0.095216343537073714,0.52642233724483201,-2.8517731181347775e-16
1470,0.48227772175927336,0.31847734334182753,0.90751726110438236,3.8084449727207089e-16
1471,0.39005023783051113,0.19389536398222537,0.88305862204562535,3.8735746781749256e-16
1472,0.37117170397375315,0.20088667678812472,0.87566599792332001,2.4272462504460849e-16
1473,0.5697105474885964,0.24366639983832367,0.97540578709468473,-2.7464379902729158e-16
1474,0.52474237688291347,0.26614526132083377,0.99166856329111019,-8.5002167663085016e-17
1475,0.55506975759211996,0.22439101839310921,0.97221529942939156,2.8024056376326814e-16
1476,0.45296670259682231,0.18716849084504025,0.91265054929175715,3.5780593004614406e-17
1477,0.44665996146839482,0.16516787004182448,0.84915416388365061,6.8907977403505056e-17
1478,0.46036220816428408,0.14493383461310075,0.78376767351412835,1.8691950861189383e-16
1479,0.42551267715145324,0.16344175114071652,0.83220172882246579,5.6461121057450373e-17
1480,0.44276259887886116,0.12381875345097676,0.69050168058879535,-2.2372060282741441e-16
1481,0.42079828338979369,0.12838738818218665,0.69974843863525404,-3.0412638380453744e-16
1482,0,0.203125,3.0088497573505434e-10,-3.584632228046816e-14
1483,0.022459249404145919,0.21412119013468328,0.068758600189287811,3.8397008997807996e-17
1484,0.029748862209319459,0.2355527574530365,0.092917114234405268,9.6717227800224514e-18
1485,0.26356864116775003,0.018451394919230216,0.085256290262397033,-7.5705616305560067e-18
1486,0.26067795404354749,0.039978740499164014,0.18160562100465197,-5.8232849094236704e-18
1487,0.47324334897753867,0.34638518531330642,0.81920208778037396,2.0896213373693009e-16
1488,0.45563926301735092,0.31886355368303509,0.89890199649126912,4.5845497476883375e-16
1489,0.3770916154560181,0.17289850304784624,0.8197747684900224,-7.7010474869668574e-17
1490,0.59253834615996714,0.23466740815785053,0.95355478119699233,-4.8956001287502754e-16
1491,0.57882131472370046,0.26644981845436139,0.96431700815471255,-3.8291574190576123e-16
1492,0.59863182701718265,0.28325006339929804,0.93187112088431867,-4.5007244416485947e-16
1493,0.56660800779015319,0.28261835055405898,0.95756928921097495,8.9680798359975892e-17
1494,0.55131201370612815,0.29970514653833857,0.93931745086703933,-1.0002361524298413e-16
1495,0.63235883779262869,0.27411846516594751,0.90406270078161732,-7.0286382805065395e-17
1496,0.52433775629150348,0.29402331483438243,0.95915987541626857,8.9672514006400331e-17
1497,0.61732343071328988,0.28543623581814931,0.90968473794143001,-4.104471651124333e-17
1498,0.50238165897021392,0.27338143849875896,0.98893069656541177,8.0318275571808447e-16
1499,0.48164631686215226,0.26368154474154881,0.9950062359875661,-1.7414170484278421e-16
1500,0.47993455104727256,0.14772747359701402,0.7989061467285099,-1.4220616192302427e-16
1501,0.49170981310093342,0.35564987500614825,0.78730300363151839,2.8105727122360844e-16
1502,0.46156021506143946,0.36747849342943079,0.73430435118389448,6.8127512165927927e-16
1503,0.46681416842078327,0.39012629831544071,0.63332038096268506,-4.10659883832899e-16
1504,0.43720466734921154,0.37531344475824213,0.69203286050650925,3.651004393365399e-16
1505,0.41533973251788858,0.3602596497259406,0.74259842017832589,-7.9332437763824427e-17
1506,0.45706554755739986,0.33734223969367599,0.84529789122954391,2.0185238456172782e-16
1507,0.43394705150972296,0.32906082267466408,0.86017745930206102,6.8532519505283476e-16
1508,0.41093165924260772,0.31814817615346264,0.87446209033352407,-2.1686334724814267e-16
1509,0.38474722491014113,0.15570508727009474,0.77595399329332415,-2.7097931450816582e-15
1510,0.5940517501584176,0.30262318231635899,0.90501686350747279,-3.0851037214281595e-16
1511,0.51323715247200363,0.31591315575381551,0.91467020865839099,2.8993408992377174e-17
1512,0.53932942168882736,0.28029893999385042,0.97399412489009052,-3.7240135932765424e-16
1513,0.48304063332642783,0.28285783365999506,0.97766946214672845,-1.4619316555636481e-14
1514,0.39982590696037179,0.37281590824442973,0.6813642643898441,-5.4089375137474589e-18
1515,0.4178504058047206,0.34060882551451482,0.81426709303910194,5.6957629363178501e-17
1516,0.13111287551158843,0.028586458839792467,0.071586663783133581,3.1422193176110021e-17
1517,0.11964159585087326,0.043384564070035769,0.098947172432807873,1.1039081895409876e-15
1518,0.11339262434184762,0.017428912171893473,0.038235031795675438,4.036858514560739e-17
1519,0.140625,0,2.6797306027928336e-10,-2.3354609095006697e-15
1520,0.078125,0.022786683555687366,0.034724607336062675,-5.8139531217356897e-18
1521,0.08390896969335615,0.041738332585483262,0.067552418585737364,-4.2461648510909315e-17
1522,0.058894134977285253,0.04061138289760393,0.046402759509856423,-1.1281952570212458e-17
1523,0.053188368812161824,0.062078513669372899,0.063156985960325582,5.8828500174926958e-18
1524,0.03125,0,5.960406157129488e-11,1.5272514675459751e-18
1525,0.05123500538204389,0.019465559536058066,0.019504157781545461,6.9651749894491583e-18
1526,0.70011789366256638,0.62212248254404823,-0.56129750578836612,-1.2071977446969026e-16
1527,0.7176516024353945,0.63380254411798853,-0.57747940365562622,-1.1751055355231115e-16
1528,0.171875,0.016300851465244993,0.052563374006926657,9.4617906222898577e-19
1529,0.19206840988152826,0.02001800929482702,0.071185957215057993,1.9297847592934514e-18
1530,0.48906781426053991,0.02553240578569551,0.15965304432803146,2.5765816420423406e-16
1531,0.46875,0,6.2435877541381533e-10,1.7104616350088616e-18
1532,0.4611876432316086,0.020167812940862364,0.12538428092967036,5.9197553695755732e-17
1533,0.60713900189956449,0.16341235004914076,0.80755251467873113,-7.8207735748399595e-17
1534,0.62817380539969825,0.18141396280357827,0.8358199194426631,3.8193537977603962e-16
1535,0.64421546985797951,0.1987842783743875,0.8532404701538715,4.9219506721756291e-17
1536,0.61547312977879842,0.19811731182526282,0.88547995251555744,1.0330332776729738e-16
1537,0.59687243580421145,0.21010298830925772,0.92411927243718006,1.8744935741128794e-16
1538,0.58273025503991238,0.16983617887037028,0.84634383418942782,2.6709967390967132e-16
1539,0.859375,0,2.7481127148134268e-10,-1.5433169233028673e-15
1540,0.8828125,0.0234375,0.05278772141620567,8.4013884536888305e-18
1541,0.90625,0,1.713074744614844e-10,-4.0299672928589466e-18
1542,0.578125,1,-6.1117769103747102e-10,6.944736479904876e-15
1543,0.54259834065654233,0.60763225641497243,-0.62019955369385615,3.7804730025764749e-16
1544,0.59559101176577223,0.79389497438175738,-0.91893934430781776,-7.6967976585914738e-16
1545,0.61671923618665325,0.80513946474513343,-0.87791798490259609,9.8740906939891242e-17
1546,0.5989867516035855,0.81298648098187398,-0.87826192750045573,1.7959012612208295e-16
1547,0.63746089881715673,0.79242301243066926,-0.87607004684754475,-3.8907041411175234e-16
1548,0.66275581925840532,0.80302664339310015,-0.82413260792400755,-2.1904521463423732e-16
1549,0.68265031265304166,0.83626376102330346,-0.71935855729915665,-8.0040573579699929e-17
1550,0.64054310831709693,0.82054269632295518,-0.81674990648633572,1.8945607414368502e-17
1551,0.67899395843976518,0.81587970965368484,-0.77433400674632646,5.8282888675250997e-17
1552,0.70574015867365725,0.82160210772640674,-0.71876193546806366,-2.7743480899513978e-17
1553,0.66114972167231878,0.82960044079795126,-0.76764407127518008,3.1887247640507136e-16
1554,0.70204008607400181,0.84905650595251814,-0.65425491954082038,2.5970796899146737e-16
1555,0.4774317064725262,0.76560089638245099,-0.99252248974197244,-1.784176087794086e-16
1556,0.4905145723937272,0.74638642065002381,-0.99916503957269354,4.9177491169788747e-17
1557,0.30819917395176055,0.46782309385376303,0.16551299293960292,2.7887359302029851e-19
1558,0.32069363055883487,0.44908495157806705,0.26589964242323832,1.4513972459503872e-17
1559,0.33371691692450123,0.47130346135224377,0.15541402332599391,-4.0579450160903082e-18
1560,0.2102573060392261,0.6810305282274971,-0.55677514592225186,-2.6676734839310727e-16
1561,0.20135531498196707,0.7036426517086507,-0.56630747267690373,-8.2034328533634863e-17
1562,0.18193360767977834,0.69485468100143066,-0.50862251102089306,-5.503387483665895e-17
1563,0.22817759349793468,0.68530047178874853,-0.60352116322126292,8.3305230627096991e-15
1564,0.19939571724725774,0.66557018777449373,-0.50545102411637799,-5.5826673898273107e-17
1565,0.21830901972633907,0.66363195947830744,-0.54253238579531948,1.9138278300183257e-14
1566,0.2341808388047652,0.64850292043449609,-0.53915657605979528,3.775326642343504e-17
1567,0.60554166019972344,0.97481347172942256,-0.14897797149162742,-3.0303999647595978e-17
1568,0.59420220858434736,0.95855057042432745,-0.24620744568442815,1.1988134366334789e-16
1569,0.61927189499247826,0.96087530300944102,-0.22647900508501576,2.1122776626337132e-15
1570,0.45368044815032127,0.46279604634828336,0.22917678332243768,3.9567433040182139e-17
1571,0.47064544663502539,0.45229021990473611,0.29402935571310368,-2.458257887460172e-16
1572,0.2000537182923996,0.46431847101198492,0.13072030592145678,-3.4586387621057807e-17
1573,0.15228188758999808,0.44728131751677025,0.14965702421292773,-9.6403603772819617e-17
1574,0.1677801720004809,0.4653502213944673,0.10873347773459809,-6.1223265607326234e-18
1575,0.1585232617725415,0.49231974795894118,0.023114500069263969,-6.7874056803887117e-18
1576,0.1505637284444537,0.51201555568614332,-0.034323075054669291,-1.0934051948979721e-17
1577,0.13032443131307014,0.49929748202107888,0.0017012321177283136,2.8799376479224274e-18
1578,0.12813858291112937,0.47553799568421518,0.05998020559507293,4.7952058065245882e-18
1579,0.14716463551011555,0.46735169279208605,0.09087527356689426,-7.4116193543338785e-17
1580,0.14338074969084649,0.40286492221049874,0.24955210969630476,-1.2241732973724605e-17
1581,0.13174585078071988,0.42625526627391774,0.17970829547573433,-9.9038992675603703e-17
1582,0.10989705691577706,0.43480566568180756,0.13474447062688347,-1.7207802092422294e-17
1583,0.091497885425561032,0.41677549138666747,0.14155441480824546,4.3373374775131056e-17
1584,0.11158361396809599,0.41468164498106458,0.17533644729790313,-4.5835409583807688e-17
1585,0.13637414420369132,0.37164501647190279,0.29988695299901741,2.2112124877244053e-16
1586,0.15428686095933691,0.37128946791432565,0.33685264464920844,6.0226761140200261e-17
1587,0.10853922518267335,0.37201425855170062,0.2408553880350284,-2.0836015932345028e-17
1588,0.087311972323648165,0.38955726921063671,0.17313597262936101,-8.6698173745215193e-17
1589,0.13541613947782494,0.34507856082172061,0.34127484523540291,1.0889061202409759e-16
1590,0.061342452122927091,0.38187940903518436,0.12949539308984767,-4.1907372543642286e-17
1591,0.11923837943396785,0.35581308494012842,0.28785452917834708,-2.6069485482446032e-16
1592,0.11956062897130187,0.3307361876835897,0.32059532629340581,-6.6340225397643353e-17
1593,0.095806706569000324,0.31948651029502245,0.26864573998300806,-5.6964802449418945e-18
1594,0.11697777786385755,0.30825804355728159,0.33540974754328717,3.7178433517232815e-17
1595,0.13348120786414738,0.29228911809476799,0.39292168273080835,-1.5950621210091472e-16
1596,0.037102666168125797,0.40107705207664784,0.067670780316629028,-1.126726989379938e-17
1597,0.0791517015495877,0.35967212189238623,0.18990184956411718,2.0472660469807211e-17
1598,0.083468987199116801,0.29771838663678996,0.24765682948544304,1.048597641013566e-16
1599,0.061361782971399999,0.29796592328381133,0.18292532858936086,3.0175491829308532e-17
1600,0.15186025619387877,0.30312074476799161,0.43393844277173699,-2.8134218696800582e-17
1601,0.049317386712971513,0.41637200110086492,0.077451679913175156,-3.7796624284945066e-17
1602,0,0.40625,1.7279932323506787e-10,-1.6110172392923847e-19
1603,0.037834558065737302,0.37709924100855702,0.082771665628820434,-7.5609224946371635e-17
1604,0.01822642824817048,0.38850080358515299,0.036874139363464994,4.4494761175702072e-18
1605,0.066672261430842261,0.34088035585164789,0.17484128381607925,-8.0264191569831877e-17
1606,0.035369897293205575,0.32580951426507221,0.098528292767607453,-1.065566360417518e-17
1607,0.020378365848378845,0.41676781159020992,0.031935369119936045,-4.076164197457277e-18
1608,0.085682242244678741,0.33623364485042728,0.22774426492645977,2.4727296658094429e-16
1609,0.18089553563366462,0.37076131375275689,0.39057182813490127,1.0035389822914284e-16
1610,0.19899669006156415,0.37565829045041499,0.41218805689934096,-2.3931134788151358e-15
1611,0.17984381700165433,0.38968792570584726,0.34207460842937953,-1.425145780765507e-14
1612,0.72798129237554843,0.88563826015824487,-0.49669280258904153,4.172726192221683e-16
1613,0.093803921538146068,0.63866378114250688,-0.22220195972523643,-4.0410550538107723e-17
1614,0.11290162216806972,0.63433338541905715,-0.25954100756732373,-5.6773203514537936e-17
1615,0.098968449761983338,0.66930727607536245,-0.26740428224234247,-3.3761884740931138e-16
1616,0.21822680370726605,0.62560793457021902,-0.44932196308747807,-1.0513971739665769e-16
1617,0.73016024023968329,0.78227837967690339,-0.73437246721557736,-4.3175407913360774e-16
1618,0.57476533582306866,0.87381747263759102,-0.69270062570996926,-4.2502249440154847e-16
1619,0.054822833733227674,0.60858076448809428,-0.10801517916547601,4.7994026781742214e-18
1620,0.053773472316102328,0.63445449005742993,-0.12576208932714539,-3.0235336299337112e-17
1621,0.073052421223644623,0.64053901667626667,-0.17573673769403617,6.2689110873715124e-17
1622,0.026434620278214617,0.632298704790202,-0.06117691827070109,1.6082181448408593e-17
1623,0.035273270021228896,0.61402974059715298,-0.072475445960714396,-4.3590393605976432e-17
1624,0,0.65625,-2.5945602271366883e-10,5.2961210101847355e-21
1625,0.019895552771735735,0.671875,-0.055092036113492691,-6.9061274199829343e-18
1626,0.019790728461241268,0.65152931776350353,-0.050611973104245721,-1.3041125736459401e-17
1627,0.045448222595914856,0.68393245077755105,-0.13021164039331123,6.4146374260214875e-17
1628,0.058663632494269813,0.666812519753466,-0.15875032696306488,-1.249718116235465e-16
1629,0.076907326730380046,0.68676367048291487,-0.22063669423528057,1.0112418556175583e-16
1630,0,0.71875,-3.0878827406325362e-10,1.3660754570786663e-17
1631,0.087740915791910054,0.70556951491245934,-0.26159733032466675,-1.0692333567575527e-17
1632,0.10911500509096678,0.71263009737449856,-0.32688776955859544,5.5529669305574864e-17
1633,0.10784153848726782,0.7337451721462166,-0.33060647998498544,-9.9046429431175701e-17
1634,0.095815288308019747,0.75398487886041465,-0.29640363396883668,1.4882631597024351e-17
1635,0.060280271173231099,0.69532067268037978,-0.17728348710910011,-6.412004107142936e-16
1636,0.024059072271042984,0.70272274714322613,-0.072188167857235266,2.3937885465381458e-17
1637,0.031935987107576558,0.72434229409249595,-0.09887095234096839,-1.4534823648644999e-17
1638,0.017965921116970911,0.73965795506913556,-0.056273051090347005,1.6484359013847771e-17
1639,0.049358256425696828,0.57330688094677607,-0.068637271840942399,2.3394982339963843e-17
1640,0.023933089847557175,0.57131082074516182,-0.032553192341183868,2.0874572613038495e-17
1641,0.068883270287354789,0.56352575632685975,-0.083404708159695459,-4.5894805670459455e-17
1642,0,0.59375,-1.7722015977447256e-10,-2.0910240796667317e-18
1643,0.018026796284569203,0.58899412897250736,-0.030080989826436016,-4.0964174467238051e-16
1644,0.020480344717741582,0.54619410580809846,-0.018425099995273791,3.4702856576533597e-18
1645,0.027641185256923377,0.52354616650551955,-0.012721944510288821,4.2271973662834626e-18
1646,0,0.609375,-1.997926806582942e-10,1.2519449650699833e-15
1647,0.018214553446915083,0.60732294836766443,-0.035744384817808693,2.0183549325301246e-19
1648,0.96569408226772979,0.82297019470700961,-0.0964344438162235,2.833952049179057e-17
1649,0.94684010575621702,0.82899593076819122,-0.14611109032290667,-6.7020359229828824e-18
1650,1,0.859375,-2.4019324636977688e-10,-1.3927077185594101e-14
1651,0.984375,0.984375,-0.0047987686537351391,6.5052130349130266e-19
1652,1,0.890625,-2.0396831349878194e-10,-8.0443853228236809e-15
1653,0.8944019438820886,0.83482195914967716,-0.28049988972584944,2.3966539194539336e-16
1654,0.79536558017746428,0.65691049353047704,-0.49978179040564602,-2.4880510809080785e-16
1655,0.89191111638573073,0.6268446451551013,-0.23830353313605918,-8.323608692545945e-17
1656,0.90616315436605444,0.63902474025550826,-0.2228942569060669,-2.1856794771681999e-14
1657,0.86826253623727978,0.62013283847473,-0.27558960802351862,-5.6846135557672726e-17
1658,0.88428274107394111,0.60870473040324558,-0.22438311349515208,-1.4111098470469629e-16
1659,0.91509804587593246,0.59474579882439937,-0.14768658437670809,-7.0948574412837969e-18
1660,0.93579648605057275,0.60767891341515734,-0.12540235605366745,-3.6636816539600621e-17
1661,0.94927821868922191,0.59105506459287871,-0.085975253579036445,-6.4520356074382549e-17
1662,0.90870445297027302,0.61455140252212948,-0.18644610536237205,1.1712101392984849e-17
1663,0.48875339507265175,0.97426873509035372,-0.16087014152786769,7.9852166957270536e-17
1664,0.46875,1,-6.2496486956548591e-10,-1.3958717986041824e-17
1665,0.46845465919106261,0.9791294860587122,-0.1301115672391889,3.5087131807745484e-17
1666,0.44491857852456257,0.97190513795331779,-0.17302754979855867,1.196252053633086e-17
1667,0.484375,1,-6.2774730938935422e-10,6.1873560395665678e-16
1668,0.98307392185391906,0.796875,-0.050878093426946595,-9.1869140377376151e-18
1669,0.5276507047295631,0.38004996614407877,0.68178438437276745,1.9078679553757206e-15
1670,0.50476810333633082,0.37569829017547696,0.70378304249681467,8.2432662533228748e-17
1671,0.52523959316415247,0.33887245415707046,0.84566470518170644,2.3205157106906667e-16
1672,0.55360340882936521,0.34179949224563927,0.82631080119736844,-2.116240573780022e-16
1673,0.56127476464675929,0.32027236530850056,0.88721143996447793,-3.797524466129008e-17
1674,0.55574341327844357,0.36186796934395959,0.75128826819616734,-2.5053749481545544e-16
1675,0.53783049185740317,0.35390007447838345,0.7889746408112599,2.7623716068617753e-15
1676,0.57614312222242514,0.33066243622078167,0.8492635511335983,2.6642977438693545e-17
1677,0.95839982011308855,0.30101067167386464,0.12372623458385247,6.1922790382916763e-17
1678,1,0.28125,3.0894627179138885e-10,3.7114612545639639e-19
1679,1,0.328125,2.7593781934002385e-10,8.9446878436500115e-15
1680,0.95668944682922386,0.45238309479921629,0.039910968878161382,-4.024802810590344e-18
1681,0.93912083588133644,0.46811977682677375,0.037811513710515443,2.1264506341197727e-17
1682,0.94018851302460926,0.499491861522249,0.00059338877607728233,1.944977307677775e-18
1683,0.92735791588994165,0.45338965123839564,0.065369666611662297,-2.9664963308557731e-17
1684,0.98292960308607991,0.484375,0.005173022789282603,-3.219759540202373e-19
1685,0.97635081037787741,0.50869961700113964,-0.0041202453308981871,6.6885371253672002e-19
1686,1,0.53125,-6.0140548326133681e-11,1.5174153735113156e-18
1687,0.97860867124600182,0.53000769818995319,-0.012490404058865898,-1.3148902613870596e-17
1688,0.96295060595110904,0.55230926676083836,-0.037437106047194059,1.60293236627026e-17
1689,0.98348942466141409,0.55008209963818888,-0.015955068310570454,1.334221918055765e-18
1690,0.83900283403551223,0.021904832982243889,0.066477229737610999,-3.3115833272718772e-17
1691,0.83757547552052924,0.042646895512497875,0.12927093930900507,1.5043703584993178e-17
1692,0.72884990805612049,0.17117247608056974,0.66205015985629789,-1.4330570711558748e-16
1693,0.69020800996962994,0.15181798108549516,0.67434354686926101,-6.6711457007888833e-17
1694,0.67552365437219397,0.16836082015987278,0.74187863704104828,2.46669134381146e-17
1695,0.67644966028375608,0.13966154900380795,0.65384466371651828,1.0491332743462957e-16
1696,1,0.21875,3.0774077603829267e-10,1.0080616626140073e-17
1697,0.9631173519707068,0.056867351970706824,0.040402552737999635,3.8289775029817308e-17
1698,1,0.03125,6.3968743881169416e-11,6.0225847353242096e-20
1699,0.98022890992990908,0.068391000343131475,0.02588161282599483,5.4438821274692537e-20
1700,0.70291321051849454,0.075842971782772439,0.36859524573689129,-1.5673702605119603e-16
1701,0.69932596720646367,0.051560230506731634,0.25783379199608197,-2.7621858054201739e-16
1702,0.71774218749065377,0.061245976177223022,0.29079097583426861,7.1244394969385538e-17
1703,0.69803081317663163,0.024720959765437311,0.12574984260717947,-3.3518553721141486e-17
1704,0.67862188959918812,0.039108440269318909,0.20593373787139332,5.3542363447253436e-17
1705,0.6646618572541102,0.021141130271669837,0.11508468934112419,5.6164053244196964e-17
1706,0.6391502582243902,0.021227797541240694,0.12047243452733583,4.1622865652899589e-17
1707,0.64503063397696614,0.15989847863874254,0.75791907933031188,1.8522962525274726e-16
1708,0.63527539197737837,0.12372279695332039,0.63923578695482186,5.8604249333726728e-16
1709,0.64010716759110065,0.14164062785744236,0.70300282646988754,4.9766832584085183e-16
1710,0.61785001453388111,0.13392101213216648,0.69504296801411591,3.996490682367288e-16
1711,0.62325502192213234,0.10386577992085945,0.56223321556321915,-4.3733435084065244e-16
1712,0.6384318045695363,0.093186514186876415,0.50102343623539081,-1.1040862328589509e-16
1713,0.65546593340528192,0.12377709099103949,0.61959726706090379,-2.0065532812969362e-16
1714,0.65848292823373755,0.061239296999524559,0.32982506263782962,-1.9003479558694942e-17
1715,0.056160598146185625,0.73376205135837402,-0.17462984929522588,3.0342237548850743e-17
1716,0.070644653319968193,0.77281807386381918,-0.21775126323752952,4.8927056961925878e-17
1717,0.075603740279867299,0.79872529523497104,-0.22437937521414111,-1.9050830564755203e-16
1718,0.094785431704288672,0.79580587144647508,-0.28124240278865759,-8.2464250459606165e-17
1719,0.11892576806937516,0.78027294284041726,-0.35840920269073706,4.3388604134701123e-17
1720,0.084126918681419749,0.81809634064392012,-0.23764952995280403,1.3540028825165947e-16
1721,0.078496364395126972,0.84493598376080825,-0.2019806174073904,1.1644356874108131e-16
1722,0.14469964724056278,0.76619598715429438,-0.43681620946648886,-3.0998239412450686e-17
1723,0.098007319294300649,0.83501866480801956,-0.26083987106582934,4.5175058392605363e-17
1724,0.087391951020881334,0.87357580447323457,-0.19347924796301572,9.5173240685015623e-17
1725,0.097470262864154028,0.85561066116656392,-0.23755268445654074,7.569249791808612e-17
1726,0.14158814512651516,0.74213199741448688,-0.42973512718425405,-1.1525455617435023e-16
1727,0.15466954187959522,0.72133504088653144,-0.45951042949389187,2.1396870514045438e-16
1728,0.16455389362854586,0.74440858475915905,-0.49389862554306896,-1.0404612211424277e-16
1729,0.13951165246346903,0.78733067142610358,-0.41268426452972257,-1.6487153589315929e-16
1730,0.12543856525805011,0.80466582221020189,-0.36153389116056356,2.4854195599709507e-16
1731,0.15886890264801787,0.78087825558075941,-0.46962873837261143,-1.8860981151984955e-16
1732,0.09184002368397351,0.90084090454845056,-0.16603633295465914,1.0751986804092081e-17
1733,0.16271134919874131,0.70233918848567289,-0.46730353238436151,-6.3989755922099697e-17
1734,0.079845237732481505,0.92131156323237295,-0.11776768843245305,5.7221933158625226e-17
1735,0.087036210665148439,0.94532273457340543,-0.090952710428249595,-1.3836597545939472e-17
1736,0.056689295492169466,0.91388750207593805,-0.091258440225669216,-4.1525028598052461e-17
1737,0.1156194182600476,0.95283990107758243,-0.10378948085054641,2.3387311863738129e-17
1738,0.05665457867785087,0.8889645127500061,-0.1137931687480784,-3.4428233868599305e-17
1739,0.072052677736976892,0.90140458260271705,-0.13025696258813452,1.2610875210109088e-16
1740,0.12297733444350302,0.9330786660336291,-0.15376008258596741,4.4889649740943295e-17
1741,0.12024324881387509,0.90910715619603044,-0.19939681900342274,-8.0785347190240455e-17
1742,0.13325166346492018,0.95608041012924105,-0.110781336374487,4.7008325222724231e-17
1743,0,0.828125,-2.7815671042923568e-10,-1.986284131791374e-14
1744,0.021463517004613526,0.81535109019559093,-0.061746471429968329,1.8842180098835619e-17
1745,0.053216036140209248,0.84228083126836717,-0.13921250933061732,-1.808206898210263e-17
1746,0.022119936635809332,0.859375,-0.0535920542073893,-2.1976454825408561e-17
1747,0.038829092869351406,0.87482120411254805,-0.0861649790261204,-3.5585309688284358e-17
1748,0,0.90625,-1.6969843548327559e-10,2.7959481878138959e-18
1749,0.019466725738848164,0.8862423786225273,-0.04006694210001209,8.1129233911880977e-19
1750,0.16563687107606448,0.95810720827046025,-0.12934725250786705,1.3670453834235973e-17
1751,0.18601317693248362,0.97412455571818424,-0.089337846446285715,2.3112801689532203e-17
1752,0.2107095234411161,0.96761394757633112,-0.12421079615285611,4.2398993373524886e-18
1753,0.171875,1,-3.251374138349696e-10,2.2859982730226353e-15
1754,0.21875,1,-4.0161975389859552e-10,5.3452187963716479e-19
1755,0.22842954683953523,0.98040573180689894,-0.080746337948440522,2.2037849943929679e-17
1756,0.16103415244198055,0.97907393097062656,-0.063566173438161622,-1.1479364523733127e-17
1757,0.140625,1,-2.747587044520703e-10,2.4540140497258648e-15
1758,0.050639344417035395,0.27327066895841262,0.1567302392103366,1.6045906834006192e-16
1759,0.01746118445013219,0.296875,0.052429487399365787,7.9191021994886328e-18
1760,0.078125,1,-1.5776390361415575e-10,-2.0730095291145746e-18
1761,0.0546875,0.9765625,-0.02483938807925487,2.0621646626036476e-18
1762,0.048828125,0.955078125,-0.042631810260735335,2.2210214715171779e-17
1763,0.0255126953125,0.9432373046875,-0.028029012322970611,2.0357388619595353e-18
1764,0.037015097586552949,0.92422219011815754,-0.05329077249598483,3.2146758134081552e-17
1765,0.74948804320909368,0.31210295801888172,0.65491781873201504,6.7302573097502931e-17
1766,0.76884688629338926,0.31906924609556603,0.60255807215962198,5.2428203263543831e-17
1767,0.71019038910858723,0.29951621699395731,0.75188855266856269,3.2465304416591286e-16
1768,0.72482077810887335,0.26862618128922927,0.75536687530381619,-3.3034899515369832e-16
1769,1,0.578125,-1.4963138961501995e-10,-7.8486000337313633e-20
1770,0.069311854994337591,0.23152632642449542,0.21459049530652011,-1.1756902949678916e-16
1771,0.063524871532991078,0.25398610960996054,0.19816741923444836,1.950796718738855e-16
1772,0.050007475478458838,0.23859336166038364,0.15605541069148843,2.7704991125534194e-15
1773,0.084514210207875987,0.25874493593046721,0.26202591786123502,-6.2278882236867263e-17
1774,0.092114759877247779,0.27816725763491851,0.28086035155943667,-1.4941477784734643e-18
1775,0.12783783770799401,0.26337821834509517,0.38957616758695401,2.5538117571322488e-16
1776,0.10613084667404238,0.26148400850364212,0.3264520198076154,-1.6201659935060437e-16
1777,0.11873435438054644,0.24237657771450463,0.36390227285897658,4.2525303297750017e-18
1778,0.22343822849996611,0.019259099922821189,0.077928576934082283,-5.770150165649022e-18
1779,0.3032468127286374,0.022536852108607036,0.11507279411103649,-1.860369885940661e-17
1780,0.32582627350135412,0.018639519447308343,0.099691766930965847,-7.9558991815524635e-17
1781,0.32833657246478459,0.036534700165786048,0.19530283622478148,9.2862101165088009e-17
1782,0.30113569225108061,0.061337320515462632,0.30493245975865874,-1.2131364922995146e-17
1783,0.40097823600944715,0.055477333586907408,0.3253795364243357,-6.6526051585383069e-16
1784,0.40625,0,5.9977395377601808e-10,-4.4870062871357385e-18
1785,0.39161642337275671,0.017330354085888473,0.10238637399632444,8.0966021095664739e-17
1786,0.4055116194861878,0.031877899916286499,0.19022733521997867,6.2661381581357857e-17
1787,0.40583695656610425,0.075237710826901491,0.43536954885747958,9.3377192716093692e-17
1788,0.27719921625911564,0.2899095505132735,0.74091225244230019,6.1591894321671854e-17
1789,0.18671325955877294,0.32257491829168872,0.496889836110946,7.9960571909565732e-17
1790,0.27630982676205013,0.3314359115827259,0.66548378898511329,3.6268523592113351e-17
1791,0.29958272049200574,0.33012246208994839,0.70791035706260019,-3.1157494230347197e-17
1792,0.31148850645097437,0.34599321194113142,0.68317194840353024,4.7441175468121345e-16
1793,0.33295952285226948,0.34894834961260607,0.70351552224987279,2.7998295945112106e-16
1794,0.33083349133795087,0.37457034147473917,0.61116867859221913,5.3210433595875883e-17
1795,0.28841223986701542,0.37372647376648049,0.56094707798194199,-9.2948979781549856e-17
1796,0.42209786360023732,0.10891568153313357,0.61327005291784265,1.4426570973517048e-16
1797,0,0.234375,3.1209729352441131e-10,-1.1607477039035755e-14
1798,0.62790419772935324,0.24570124784358593,0.91973488631589873,4.5787258962188784e-16
1799,0.61123669872144282,0.23692966473841781,0.93607843929923418,4.8109274591435279e-16
1800,0.6380750419209581,0.22607215359801575,0.89722269261543353,4.8452513755620416e-16
1801,0.65537361655753357,0.23897544191403544,0.88087030468158878,8.4572579530146695e-17
1802,0.6797309240662055,0.23164089643056687,0.83932992185438937,8.1865031432600981e-17
1803,0.68297863879702614,0.20364310929869248,0.80364207542127253,-2.2619178698659207e-16
1804,0.69284745072268272,0.25621951972183471,0.82134082057959568,-3.6743703026771563e-16
1805,0.66420881145840216,0.19633316899750972,0.8207980357255964,3.522538896616083e-17
1806,0.64444163867410242,0.25766662356585052,0.89764600982035447,-2.0313773279065659e-16
1807,0.65397927391139676,0.27727139547289581,0.87221178487475359,-1.4130777156336171e-16
1808,0.67613002785555054,0.27742773453003294,0.83812364992194988,4.9925219784215025e-16
1809,0.71273638269020068,0.20242687601130471,0.74977422702503105,1.8703131458407889e-16
1810,0.71334644053808027,0.25079409126212754,0.78356537826425932,3.891679124331436e-16
1811,0.70664447293636634,0.2680657967162679,0.79135164106977163,3.0261605324693722e-15
1812,0.69830694027348816,0.21403124558338787,0.7914129530607581,1.0556976858405206e-16
1813,0.71387294699574555,0.18323189703438056,0.71484933325162958,-1.4291089593688461e-16
1814,0.73199325104313007,0.22288561350020908,0.73530938955743463,3.9836907540055662e-16
1815,0.75764478216079545,0.22078093446495706,0.67826123124241211,1.7030066252260255e-16
1816,0.15015406515922031,0.019984848718350302,0.056964835325531142,-5.4843069929931547e-18
1817,0,0.03125,6.4076095829135875e-11,-6.4083417339578356e-20
1818,0.18325792087412041,0.038930575952861091,0.13200164763098976,-9.5278475728964295e-17
1819,0.921875,0.03125,0.047404684484095183,-3.4639999600025125e-17
1820,0.9017857142857143,0.030133928571428572,0.057075510209864018,1.77015572504985e-17
1821,1,0.828125,-2.7692622763993584e-10,-9.3283825389641048e-15
1822,0.97928037439151083,0.83924839967955689,-0.055091572559020592,-3.5373116928339325e-17
1823,0.95601387336329635,0.80200234485410105,-0.13039361330523166,-6.4188722859848415e-17
1824,0.78710811271516978,0.67636543559830531,-0.55469506097697674,4.2001258560368056e-16
1825,0.90397063734754579,0.55856974132254633,-0.10689995514158884,1.4115642501257978e-17
1826,0.88393488202896076,0.55463163878270982,-0.12013808407027823,4.3688941903233499e-17
1827,0.89623367872700554,0.53366842728414765,-0.067226882704520291,-1.5388594663279255e-17
1828,0.8827456691812271,0.51638875230362569,-0.036880072413254895,-4.0654595709829409e-18
1829,0.98192870648751152,0.296875,0.054325486421816928,4.9809217840039974e-17
1830,0.98412982387016668,0.265625,0.049611341795436005,3.988037516394153e-17
1831,0.96357884885506628,0.25560837941191944,0.11410535282125665,4.6544817046129558e-17
1832,0.97733365514725001,0.23277627647392371,0.070730600722671691,-2.0141309146148374e-17
1833,0.93254073200485466,0.52349230765795474,-0.030940917496716059,-1.0026585787984867e-17
1834,0.91776480934221727,0.5406312131787695,-0.064469285813705493,3.9680332565624156e-17
1835,0.94063244221790598,0.54540721175449658,-0.052191212835561093,1.5424523199936096e-17
1836,0.92397999465811242,0.55968340737100064,-0.086650824177985059,-1.2368895360838435e-17
1837,0.91926444378289407,0.49400061827540076,0.0094141120250292379,5.212239971833221e-18
1838,0.9602141912883787,0.49645884476515534,0.00267754090363385,-2.2363547124776624e-18
1839,0.75254469340534769,0.16957753561044048,0.61370956422854073,-8.9296408350312083e-17
1840,0.76134289621157647,0.18699118581615551,0.62845289295428886,-1.9134231289964842e-16
1841,1,0.203125,3.0210433061818855e-10,2.1810472210497837e-15
1842,0.96875,0,6.0858297661995788e-11,1.378761641293953e-19
1843,0.953125,0.015625,0.014450282524200787,3.8660340659018957e-18
1844,0.984375,0.046765243715977789,0.014057237898554915,2.4319669436920632e-18
1845,0.11677312861673378,0.97712340925374042,-0.051339031939881749,5.0925093009542372e-17
1846,0.098995531653330124,0.96579886303349305,-0.065355876431575061,2.1616627474757013e-18
1847,0.203125,1,-3.67738547288089e-10,6.8009752963978445e-15
1848,0,0.921875,-1.5358006509987509e-10,-2.7995232741173411e-15
1849,0.019058895927062162,0.91435387203546481,-0.030649314397042885,7.4431851056683961e-18
1850,0.74843840718427013,0.27422097279171981,0.70240285255060964,-9.3249635385906567e-17
1851,0.421875,0,6.0844428485077329e-10,-1.1937389118987687e-19
1852,0.73150743194106249,0.24274460991310692,0.74609390730486858,7.144192634351248e-16
1853,0.015625,0.015625,0.0048032210499453446,-1.6916239110065738e-18
1854,0.015947315658801597,0.046874999999999993,0.014775264948496555,1.4332244326434101e-18
1855,0.032716380958700761,0.059011916885148091,0.037208882969549648,-1.7933785934853087e-18
1856,0.921875,0,1.4373936093947685e-10,4.6892909975122072e-15
1857,0.9453125,0.0390625,0.041522045831197264,-3.0808019143430135e-18
1858,0.9140625,0.0546875,0.089908087698828881,-5.8948421605276884e-17
1859,0.90272498202681883,0.070439577342272935,0.12896258308094782,-4.53541496452921e-17
1860,0.90049815203030492,0.57943721537392934,-0.14726446663746959,-2.1294111486938042e-17
1861,0.984375,0.015625,0.004836900053575093,-1.7347234759768071e-18
1862,0.017378014108109151,0.070321366504982885,0.0232254409689279,-1.1911798889443336e-17
1863,0.73074047763022354,0.38954848397387948,0.47873219119002081,2.2134896818526466e-16
1864,0.74886175440214997,0.38750923179930336,0.46067200131066499,-1.9535777992223497e-16
1865,0.72474121581873252,0.4079334939061165,0.41585961292758089,-5.824177167508147e-17
1866,0.70931824432948565,0.38610667552531147,0.51926181765196178,2.9717087213684265e-17
1867,0.68709087185922346,0.37984612370651816,0.57036893957643986,-1.0086684898229103e-16
1868,0.67642350422733855,0.36292658273468148,0.6449826855644919,-8.1059055184188621e-17
1869,0.72685402371317798,0.6703949259616282,-0.6638326106488377,1.0923376848685879e-16
1870,0.72703887841957116,0.69391016518609883,-0.70982988000045377,6.2762957718075636e-17
1871,0.66281980968644039,0.41159180816392588,0.45969803036383966,1.4197422768887395e-16
1872,0.65546855926305037,0.43315322544026014,0.36008125739308289,-1.2793803189377856e-16
1873,0.67857830714647216,0.42899847745615233,0.36526026540340767,-1.7078545686646207e-16
1874,0.67374904676918901,0.44766415222929751,0.27595352330526146,-1.2633272243704328e-17
1875,0.64185164265770844,0.39647146662376687,0.54654635578288369,6.9449864869221948e-17
1876,0.53125,1,-6.253504479022816e-10,-3.6017808380743342e-18
1877,0.54017532708531735,0.97486578724657569,-0.15601977888638871,5.6783411689096371e-17
1878,0.515625,1,-6.2775053643303823e-10,1.3676284598325351e-14
1879,0.52267158600192831,0.98232577966371559,-0.11049696027371335,-7.1143407112649979e-18
1880,0.5600434627200741,0.97970024167976377,-0.1249164652330019,5.8267314675931464e-18
1881,0.16570154924349206,0.87790986174124874,-0.34513057119968354,-6.8307666404038942e-17
1882,0.1679943437269418,0.89730839920847261,-0.30276304687918804,-1.5112996320144014e-16
1883,0.17627781814768534,0.92528813111625274,-0.23780013891974136,-5.1014449920171149e-17
1884,0.13983722799601636,0.87877230211004376,-0.29354104810443221,9.6855100318690036e-17
1885,0.13406754838503251,0.85903263950281938,-0.31646963909739495,1.4852901506745525e-16
1886,0.17426041962492106,0.85809812331266422,-0.40498579550874536,-3.6980059428218141e-17
1887,0.18921124545612611,0.87548508528685121,-0.39476610611176982,-4.2289163281472892e-17
1888,0.20894345406673209,0.86904373013287517,-0.44721196048849532,5.7102274806346126e-17
1889,0.2187343548065841,0.846771303944582,-0.52060826443902475,1.316301913538877e-16
1890,0.20187790587172955,0.83184064369688793,-0.51585569516208152,-1.195253083764695e-16
1891,0.24074134179100679,0.84557264797772302,-0.56615613770346074,-1.7164664592836164e-17
1892,0.25623524198507147,0.82570407807829327,-0.6408345688670043,-1.1768106813558272e-16
1893,0.23986867916706023,0.86658575503270974,-0.50873537961669635,-1.0655803032860295e-17
1894,0.26183223798219651,0.8895192339692648,-0.46868024281124393,-2.6283728613811491e-16
1895,0.2840608274834524,0.82486959359093637,-0.69401713865846815,3.3927431830091421e-16
1896,0.1759734506645699,0.94332404446195728,-0.18312938748034718,-7.464954321879704e-15
1897,0.30373231801309619,0.82473175852328684,-0.7275063957870691,3.110498570419225e-16
1898,0.32510970576553327,0.83439104554237509,-0.73547961511702509,-2.0869838127489503e-16
1899,0.34768147596253757,0.84926946538299386,-0.72056652584288849,5.3495690586133403e-16
1900,0.32322048946985427,0.85786969589720585,-0.66203543516173691,1.5438529953331712e-16
1901,0.31440972119315908,0.88237894793866622,-0.56225928751797505,1.0610451434815592e-16
1902,0.33463596767388731,0.90488053711523964,-0.48839637326796997,1.6716049645249497e-16
1903,0.28969804006632782,0.86877740821963867,-0.57977134980001765,1.5162524214077565e-16
1904,0.27060950748675233,0.84067447901329728,-0.63258961823831628,1.4933593178223806e-16
1905,0.3738173614189757,0.83332622071830076,-0.79852063044209354,9.3790583480896851e-17
1906,0.36285221520982941,0.86836170099740884,-0.66868619172926413,-8.3942809835551459e-16
1907,0.38076599479454976,0.88589027520464081,-0.61148310911679826,2.7225922527741615e-16
1908,0.35553354998776915,0.88728239635887185,-0.58450895792262469,-7.934076952243535e-17
1909,0.40010732540816424,0.87737204307074501,-0.66237014861838794,5.1212883518296545e-16
1910,0.40726074106038546,0.85713683398934848,-0.74890240216664483,-1.3554142915613579e-16
1911,0.4058869063115727,0.83478216924728288,-0.82399864407790246,-1.5408320715666737e-17
1912,0.38688177876731955,0.90709271698347349,-0.51663290333015099,-1.3525726699125229e-16
1913,0.40779005423418857,0.90672800628220218,-0.52993122284170646,1.2903603138458238e-16
1914,0.4360789008168765,0.91068256993388297,-0.5214332115298369,8.6030468781259801e-17
1915,0.41808075239202447,0.81783106697840524,-0.88022418900756749,-1.1649300038499952e-16
1916,0.45148432643972097,0.89493253038589338,-0.60612305175297077,-4.7012578116231178e-16
1917,0.34958732764580841,0.91825293814227449,-0.43751319489956536,4.4926481775733123e-17
1918,0.36259512323881171,0.93781836204946623,-0.34589997110428994,1.410083584875249e-16
1919,0.37864456234588184,0.92554307048401241,-0.41853068846404451,9.3968963010646135e-17
1920,0.3091712739179735,0.92432125674609489,-0.37793668716032408,1.4008679376246606e-16
1921,0.31282059865792594,0.90347875835742253,-0.47413681258199697,-2.1726487871480848e-16
1922,0.2794327865362502,0.88407565685153944,-0.51204711556993954,-6.5479184584854306e-16
1923,0.28635935070859564,0.85051088985559964,-0.6319300098539592,-5.0869274472830939e-16
1924,0.36843517669262532,0.80465506008088727,-0.86210614548155806,-8.9944450498696147e-17
1925,0.35621437077170798,0.78614514136312741,-0.87638248634532556,-2.6548344519202659e-16
1926,0.33173196803615396,0.7929189959080174,-0.83240315038713764,-3.3759938337455937e-16
1927,0.3119354984877985,0.78476518891673575,-0.81060295927890946,2.2667180787080255e-16
1928,0.34779845653987962,0.80335761207185385,-0.83829944860491556,2.3336548794415438e-16
1929,0.32856110883793471,0.8121879250148667,-0.79375678319033627,6.1753193150935187e-16
1930,0.38943595782179163,0.8432211236509487,-0.78375550189713994,1.1765080603674274e-15
1931,0.44570394821374781,0.93772136783003801,-0.37584840272418812,-9.6358456822610104e-17
1932,0.3272519717375974,0.92160650790674159,-0.40493047566196588,-2.3033558663316031e-16
1933,0.38694592962896085,0.79700329740360587,-0.8968179702108432,1.8391296432409197e-16
1934,0.4638535357888065,0.93424152743661326,-0.39881981572633912,-8.8251201146019588e-17
1935,0.42251805319789115,0.93074236947409039,-0.4092162873727872,3.8380804740040476e-16
1936,0.15501713007295145,0.92342453222510212,-0.2166536651084181,-1.1353569199255433e-16
1937,0.27230226508747551,0.91425452562437881,-0.3871733273932968,9.9061265739519007e-17
1938,0.29158861616261667,0.91616803612543063,-0.39883999418693666,-1.753796772769147e-14
1939,0.26213996382796428,0.94017287880278477,-0.26916430765813182,-9.1744831368461115e-18
1940,0.28039120111903904,0.9324972002340769,-0.31751442301838378,-1.1340039514470726e-15
1941,0.26412801426242005,0.97172155436726437,-0.1304174340833511,-6.6816326262331895e-19
1942,0.24060307818237733,0.9387130776940994,-0.25754752785070101,1.1575449130451999e-16
1943,0.21670003161711721,0.94340064735643403,-0.21920435234188235,-2.4124208824237123e-16
1944,0.24749966648116858,0.98108239781761764,-0.083193375481206214,-3.5373293175850545e-16
1945,0.20269711727835571,0.92048939112559702,-0.28483709440400407,-7.0467978962286619e-17
1946,0.21031613222883838,0.89897397579450911,-0.3640034045404299,-1.3300608423121573e-16
1947,0.23128809288333188,0.90213909159016248,-0.38312945683950111,1.4284691693773787e-16
1948,0.22442876286608401,0.92294221448261393,-0.30174436926904591,-1.6981365140572721e-16
1949,0.28920333890787581,0.80465768545296479,-0.74248498922803796,7.6052292806774699e-16
1950,0.31611943929871639,0.95173142029154456,-0.2501090181370817,2.7487182765569519e-16
1951,0.34357763348498543,0.96611766161650348,-0.18632183014514672,3.0103886165502367e-19
1952,0.30123979268408757,0.97488565629759227,-0.1274753159979517,-5.7482333297874773e-17
1953,0.34375,1,-5.5376174901556563e-10,9.5597347573098205e-18
1954,0.32279801405780983,0.97238146879151666,-0.14655455128418449,6.7926298686205437e-17
1955,0.28125,1,-4.8461917769461713e-10,-2.2670619807410196e-19
1956,0.28302768472430884,0.96927139211818569,-0.14899790018238532,7.7056515273655478e-17
1957,0.36296405578396496,0.97965042649789036,-0.11586862234363232,3.0343832239757386e-17
1958,0.328125,1,-5.3932008806914067e-10,4.0873637749345375e-14
1959,0.25331754852217636,0.95656580289641202,-0.19258493518542233,6.6076724691118953e-17
1960,0.265625,1,-4.6204067165864279e-10,1.0179848089054059e-14
1961,0.45347866296475547,0.83361486845069932,-0.85579773471690812,-6.3628842948143905e-16
1962,0.43459021509923174,0.82839061099541078,-0.86242037660952819,1.4549937321215327e-16
1963,0.45349393478097966,0.81527514211558605,-0.90694879237656167,-6.5229765193266405e-19
1964,0.44585047999990379,0.85448510394409505,-0.78030063406288386,1.0255792601602101e-16
1965,0.46875565037174094,0.85210227917445869,-0.79721106355937366,4.4418599713587429e-18
1966,0.43484350739781313,0.87385625416032731,-0.69725240461294991,2.5954256834535878e-16
1967,0.40625,1,-6.0273638380813764e-10,-1.312934270478341e-17
1968,0.390625,0.97874254616891609,-0.12537157273748037,-2.3237595079078669e-17
1969,0.39860749138081725,0.95478694080923832,-0.26612502544332095,8.4999755526048932e-17
1970,0.38409872708214771,0.94325550506571387,-0.32609394073338593,-3.549634722592125e-17
1971,0.4124321621717334,0.97908468852118413,-0.12609908064197684,4.6728298402976052e-17
1972,0.43035299376096942,0.98308591383777566,-0.10351504262182609,-3.8022588939201203e-17
1973,0.57913098953151843,0.19335391932064488,0.90839940629714155,-3.6704563615335164e-16
1974,0.64811491675318078,0.52678966317978604,-0.14973704902836021,3.866078123229863e-19
1975,0.3387785530219562,0.74429439775003159,-0.87380630020893235,-2.3500705186575582e-16
1976,0.31916869866427888,0.75921288266764764,-0.84183485751327891,7.9887070411376395e-16
1977,0.30534982569943053,0.74526786130199196,-0.81839047551408683,-5.4572294809529227e-16
1978,0.75788737581195698,0.64208333441524579,-0.53691461327478218,3.5025701518425448e-16
1979,0.74951930202400985,0.66200350568227162,-0.60266042781388351,-6.007788454585865e-17
1980,0.65942204356126177,0.32428512994642128,0.78344392634282822,4.1985037656477349e-16
1981,0.66981907482938807,0.85562347145086581,-0.67824751875559752,5.5275548914108663e-16
1982,0,0.34375,2.5546734086561213e-10,3.5880763622684883e-18
1983,0.024409306294624237,0.35419394124293674,0.060742997857681343,-6.7249890966739884e-17
1984,0.018006116164250706,0.33541294300503482,0.048484113160554655,-1.5450099094359051e-17
1985,0,0.96875,-6.7723335838161299e-11,1.0674218422975213e-18
1986,0.03125,1,-6.0085927297832264e-11,-4.7089108087022698e-19
1987,0.046875,1,-9.650722481963061e-11,-4.2344418542346486e-15
1988,0.015625,0.984375,-0.0050582601984529556,4.3368086899420177e-19
1989,0.57565506778650843,0.1339506094754635,0.72489826387587952,6.5945600680112526e-14
1990,0.1301441864648383,0.94367292520859569,-0.13779808047439487,-2.2096145264097328e-13
1991,0.12496814477599802,0.95156215326783755,-0.1146059390928955,-2.806530541290696e-13
1992,0.122998781586225,0.96502507096405199,-0.08212899656123103,-9.0826479914288173e-14
1993,0.13292957248432113,0.96605976127562243,-0.085732908329996999,-2.7673733448701317e-13
1994,0.11103282894131943,0.96651853255232567,-0.071284459694738067,-1.1347080820488872e-13
1995,0.56539202499830232,0.96793422414414287,-0.19590582257297778,-2.1210106054693221e-14
1996,0.55212444728734311,0.96900176274333227,-0.19094542420713778,-5.7058090802391273e-14
1997,0.54052547381944205,0.96047291030217252,-0.24383687542121488,-5.4445400574890683e-14
1998,0.54994541103328387,0.9598136367228296,-0.24671088054721088,-1.1528668681076053e-13
1999,0.559649799712302,0.96010560646731324,-0.24369452141540829,-3.9248505919082051e-14
2000,0.52870640288966875,0.9673860761712324,-0.20263188957423403,-4.8047096819528346e-14
2001,0.54043518911978872,0.95007982208118902,-0.30606546542720536,-1.4427573208525431e-13
2002,0.53513271823897191,0.94045786439967027,-0.36328250808625606,-2.5558923064853088e-13
2003,0.51852613191314723,0.93797376027996593,-0.37931116835834761,-4.796347494307404e-14
2004,0.54762078833775896,0.93260790390402781,-0.40632477808375789,-5.2755887714234912e-14
2005,0.53069062791853594,0.97687631220172366,-0.14408169629363035,-1.3740265210842281e-13
2006,0.546875,1,-6.2202553580517713e-10,1.7623801802606083e-14
2007,0.53806054048673491,0.98826664043236989,-0.073116189559736353,-2.5476940382921147e-14
2008,0.52068736097306123,0.97283554363322433,-0.16944285297142006,-1.4945125861302507e-13
2009,0.50505715316896649,0.98105606772982556,-0.11867575012682229,-5.3166651305729697e-17
2010,0.52347533916098976,0.95833149924764249,-0.25810835603716076,-1.7516449053940657e-13
2011,0.51244995102519064,0.95278259236372931,-0.29214747552536763,-6.7288125263468094e-14
2012,0.5431353558659705,0.91775118679408807,-0.48931280914836278,3.6304551078225673e-16
2013,0.56094597432853877,0.93940079616240646,-0.36476135183404812,-4.519387334513772e-14
2014,0.52836421142215506,0.990481722346083,-0.05953071593988455,-7.7530612826146715e-14
2015,0.54869925954540333,0.98307824139709599,-0.10489548835442467,-8.8860058566819206e-14
2016,0.55704315862962905,0.99036183365878627,-0.059536498718933399,-2.8988622611206154e-14
2017,0.57066487776083907,0.98844219684533896,-0.070747759405535168,-9.9164908710531334e-15
2018,0.55344608273585294,0.91633720989591194,-0.49479126388658495,-3.6605914013421766e-13
2019,0.56665769263058074,0.91246896695178215,-0.51131301723407352,-3.8874708597887999e-14
2020,0.54136582551985191,0.92639089378967288,-0.44238530571400342,-6.202644618196832e-13
2021,0.52957888313614965,0.91651816549790643,-0.49869345242659469,-2.7799040884512548e-13
2022,0.54290581112979719,0.90736635844830171,-0.54468067478131033,-5.7071072804416078e-13
2023,0.54570368063501773,0.89135745985370052,-0.62436114445885205,-1.9557332186802825e-14
2024,0.55170449567306368,0.94106318649970211,-0.35710643956500032,-2.2543484908672362e-13
2025,0.57235944708513897,0.93112714459608847,-0.40847905215950586,-4.8970723644238279e-14
2026,0.56049976187619976,0.94914899811967768,-0.30846482996805369,-9.5042788837155836e-14
2027,0.5705682168055396,0.97773618876185697,-0.13598361189834748,-4.0084384095313056e-14
2028,0.56274457813300482,0.90339427718810561,-0.55928128754983042,-8.3723663386368773e-14
2029,0.56155884787298993,0.88699187892674236,-0.63970870855264628,4.0991455353248194e-15
2030,0.58158544914588761,0.91120871545730153,-0.51211875280619501,1.2679451619513324e-14
2031,0.52131385009750753,0.92583515607911859,-0.44828553762278911,-3.2591775009454048e-13
2032,0.52549365174938556,0.90761809906488566,-0.54646392390801979,-6.3481064091622207e-13
2033,0.58625847316984503,0.92971184876889912,-0.41187101421927785,2.6983224375291052e-14
2034,0.58559880844545176,0.89803122048609407,-0.57617184397487542,4.8519038816989635e-14
2035,0.57482519793219555,0.92017334684555163,-0.46755127684558445,8.7939248818487995e-15
2036,0.51255142150948851,0.92106097585625579,-0.47543640321481717,-4.5027108018368465e-13
2037,0.50045673529501755,0.91520451685008108,-0.50785296515535483,-1.320090699816269e-13
2038,0.58515746305058614,0.92014825225690799,-0.46370445052303949,1.0112258566002803e-13
2039,0.6008482543875665,0.93193421017766498,-0.39415947797719392,4.984475987334327e-14
2040,0.57729430904279899,0.88721636061051479,-0.63171981758434004,6.0702979440409844e-14
2041,0.59714738244706034,0.90518705123714793,-0.53521444797718809,7.7185047603502447e-14
2042,0.49506736606581359,0.90498736983630235,-0.5620255833746064,-3.2465695904250744e-13
2043,0.48276672032627299,0.90132543057133774,-0.58022414320920812,-2.1254998031433239e-13
2044,0.49344720329425124,0.89437993424382389,-0.61583824426728351,-5.4198321375586365e-13
2045,0.47528061923023618,0.91086583446401326,-0.52956706178537571,-2.2761536650929267e-13
2046,0.48332631391722991,0.89132620144217267,-0.63009039592570371,-6.1201313673665096e-13
2047,0.4766030983880401,0.87786295495015498,-0.69252647595423744,-5.6782436160645991e-14
2048,0.4785318516794379,0.92471400932422654,-0.4545957307246265,-1.0271842754547893e-13
2049,0.46503617610670683,0.90267642545692472,-0.5706811441628391,-1.7827684655977274e-13
2050,0.46223153629899627,0.89185471205287603,-0.62383411243220499,-1.753517143430972e-13
2051,0.45424449961595642,0.88426796906330951,-0.65774972938925913,-1.8957549084806688e-13
2052,0.44059306651904218,0.8864242127132953,-0.64325472524988014,-6.2839455447867692e-14
2053,0.44600866528055727,0.87633288862232861,-0.6910109273544609,-1.7157906634042783e-13
2054,0.4425691255099754,0.86543332704627318,-0.73597809492561306,-1.2322794209425818e-13
2055,0.4285408623364006,0.86032090409864026,-0.74971040439039172,-2.9875108412955966e-14
2056,0.60935378779828697,0.91986616451021574,-0.45430400445749985,3.2727681544367589e-14
2057,0.61436080483536226,0.93253855636140581,-0.38504315658246008,7.7631016731842569e-14
2058,0.59445047730554634,0.94426704855984667,-0.32818572633894766,5.7206702248064144e-14
2059,0.56950297693901386,0.88174882613003558,-0.66017359185502134,1.434828153182622e-13
2060,0.59001917856250463,0.87787649548728042,-0.6666212613907363,4.3017956648394488e-14
2061,0.60517850894390379,0.89876629561224941,-0.56186772026944098,8.8233894580421563e-14
2062,0.61618389815294328,0.89354238746969428,-0.57938091352644949,1.0952334466421267e-13
2063,0.48609801814760473,0.87519716339450737,-0.70557399247137043,-1.1019670245154815e-12
2064,0.5029059957624421,0.87267851856666634,-0.7172605619707797,-6.0787624024816767e-14
2065,0.49189138473429789,0.92593736959268347,-0.44859693907191667,-2.3498207379157057e-13
2066,0.47360648584567827,0.93319651262102865,-0.406061163818763,-1.1308271925123509e-13
2067,0.47094260223872436,0.94626514779215198,-0.32986876079119881,-3.5313882189983282e-14
2068,0.43968986663651294,0.89880533138720586,-0.5831725370882993,-1.1645450881160097e-13
2069,0.42540814768269747,0.90095087521328954,-0.5669632758575176,-3.5364171446897579e-14
2070,0.42901823011173806,0.88412031428982163,-0.64887668111322572,-9.3666241454800622e-14
2071,0.41797249118351881,0.87243737674356159,-0.69487961983401492,-1.8657133825495781e-14
2072,0.4351331438108284,0.85128532366386189,-0.78744738848033402,-2.1858970560041178e-13
2073,0.43526134620563606,0.83982848957129463,-0.82737031109612325,-2.2247513650292232e-13
2074,0.44331122942918477,0.83361752411976819,-0.85122866271458086,-2.7881465955126279e-13
2075,0.44425956614678458,0.82214635317169682,-0.88544215723137754,-4.3910124211915155e-13
2076,0.44839755047707819,0.84358688322707243,-0.82104785540168179,-2.059102424777796e-13
2077,0.46042180618399564,0.84343317350910196,-0.82607245536111484,-2.0165302586902415e-13
2078,0.46847315539302942,0.83037543636453381,-0.87072711350975474,-1.2551487216903532e-13
2079,0.45744283698241317,0.85463726363175385,-0.78432822317024653,-2.0149885703085809e-13
2080,0.46554295724965727,0.86427527243843205,-0.74843654406959059,-1.3407148323196713e-13
2081,0.47675491888101929,0.86072388716324966,-0.76547352991323625,-5.5683478591093606e-13
2082,0.46719291746089281,0.87422745715385464,-0.70649148280364793,-4.4280252231209304e-13
2083,0.48001249424035825,0.84967972572488293,-0.80851119231875546,-3.2659269654211238e-13
2084,0.46832818081395727,0.88405883386910566,-0.66230202889252976,-4.1618126162552118e-13
2085,0.47229655839885526,0.84119098194817521,-0.83701697336504799,-3.0226935561609164e-13
2086,0.48376371721040029,0.84019404579909651,-0.84240954888663744,-3.4734498735507039e-13
2087,0.41848439371329843,0.8548285438543386,-0.7650304540994014,-1.8598546265253481e-13
2088,0.41075828002625064,0.84570234045792769,-0.79208499820008227,-1.1137192414314352e-13
2089,0.39962160583875211,0.8485480509879646,-0.77401828830569253,-1.4083124444714337e-13
2090,0.39666235926214655,0.85887173420690133,-0.73456295684318729,-2.1418554416486571e-14
2091,0.40346295937264098,0.86717628597843499,-0.70690283130115017,-3.6430247771212265e-14
2092,0.6050712104281315,0.91101266830133099,-0.5018163855453085,9.3162021019289883e-14
2093,0.61803559456854329,0.91434941058773289,-0.47771420539119747,1.0323422011167212e-13
2094,0.62599356850732013,0.90412908588646868,-0.5228276637923972,7.2774918497081552e-14
2095,0.63611439688492943,0.89928349152676279,-0.53807374649190021,1.2945745486923417e-13
2096,0.62740701794920806,0.93582586883875751,-0.36138623153255384,6.3564228026166622e-14
2097,0.58811400501094913,0.88802075365263411,-0.62202839031584067,2.3650698736655331e-13
2098,0.60742253455736239,0.88841490976735826,-0.60856296669413135,1.2297170106016494e-13
2099,0.60147301645106555,0.87860072868084194,-0.65618076416186177,1.4563908354965664e-13
2100,0.49711117801769378,0.93709944367954101,-0.38496614653446537,-1.1224836466768404e-13
2101,0.50779158333815566,0.93819967717410369,-0.37849915485933477,-3.028091406469574e-13
2102,0.48520439435977325,0.95485411352338523,-0.27947234806393267,-7.3669110891263762e-15
2103,0.49055070557488417,0.94556965317499242,-0.33514397733422041,-1.3884569956554196e-13
2104,0.45656327006290903,0.94719238063452416,-0.32271635892397271,-2.4814585273457839e-14
2105,0.42178866569734735,0.91563567885078734,-0.49058554876224797,-5.9185784125463064e-14
2106,0.41493076453659139,0.89875163736694685,-0.57307276825634446,-6.8671056706675229e-14
2107,0.40044412529048823,0.89296720183562983,-0.59280034505269619,-1.3632918033706731e-15
2108,0.431586877943195,0.89347373211054004,-0.60603428819041494,-9.865441921063348e-14
2109,0.4267229024136367,0.86940249220682486,-0.71212244413129377,-2.3218716031041906e-13
2110,0.45934581848249439,0.82444988460931179,-0.88502228819823769,-4.9367066698953695e-13
2111,0.469324726848944,0.81907137495563431,-0.90320335992691236,-3.8353613002379586e-13
2112,0.47916165956273971,0.81417181719385179,-0.91790522291982568,-2.690180058167158e-13
2113,0.48026940768872151,0.80319115265733043,-0.94282096573799445,-4.7433953897288698e-13
2114,0.63959313090559267,0.92546476767763874,-0.40876921688741191,4.0418169110842778e-14
2115,0.62102162815914952,0.9470421265336314,-0.30333479925439477,1.0126341998857879e-13
2116,0.4799508910457651,0.94744226054380776,-0.3235370335559003,-8.4530853324493666e-14
2117,0.45192083787090681,0.96010473649512196,-0.2452373242794873,-3.8353576307774633e-14
2118,0.45513961770304684,0.93786364463447425,-0.37677559903789903,-1.4246704854136161e-13
2119,0.45064300835405163,0.92312103730023598,-0.45898224695953366,-1.3258454217379771e-14
2120,0.43224140204645251,0.92270194910675518,-0.45624582903302591,-7.643983138360829e-14
2121,0.44153025470579987,0.9190453562856018,-0.47869505739784235,-1.0646146395457568e-13
2122,0.45147339546193838,0.90903901264370257,-0.5347262096528016,-1.4836158771333994e-13
2123,0.43397187017020522,0.93469409343386312,-0.39024943291860975,-8.6107306214901138e-14
2124,0.44174914600099952,0.92880081058813768,-0.4252027344373423,-1.5682663188458314e-13
2125,0.4361295757560904,0.95057922511433601,-0.2994367562091913,-3.5482156687336817e-14
2126,0.41165375072280819,0.92369597062446973,-0.44350302262682073,-6.388114298685796e-14
2127,0.40839895907167545,0.94061290167595468,-0.34947594180408525,5.4036052741876406e-18
2128,0.40401894998411009,0.91651058132416396,-0.47817912197784312,-7.2976079859023798e-14
2129,0.39298690016812182,0.91628427986336891,-0.47389859425039288,-4.981680166062907e-14
2130,0.41345688981119033,0.93281446581888305,-0.39468401305344614,-2.1337419203213931e-13
2131,0.40780580537928424,0.88500699954525708,-0.63362586021604084,-1.4006123700980277e-14
2132,0.39727641714526396,0.90349935967881823,-0.54035150558483491,-1.7435115517372694e-14
2133,0.39207307491781429,0.88534677048622312,-0.62193717240219537,3.2230829114153911e-14
2134,0.38889327593903339,0.89608029244275555,-0.57081232492915579,1.0827181623243022e-14
2135,0.38587020899320246,0.87419033954543335,-0.66566655040323708,3.111359496921735e-14
2136,0.37643622666431809,0.8994948437112239,-0.54647906682063385,-2.0969360294396235e-14
2137,0.37325372449602351,0.87564962186094275,-0.64906458006439816,5.6591731609244932e-15
2138,0.36607429933757629,0.89323558523281144,-0.56731539783211882,-4.2982839190734819e-14
2139,0.36295739928046533,0.8792781916364002,-0.62506931450708536,-3.5074363014356561e-14
2140,0.35138158869214758,0.87598658948702635,-0.62760523998624962,-5.4704934477157057e-14
2141,0.37409390206977039,0.86338388661474641,-0.69831701400968416,6.0777873059989111e-15
2142,0.37116692991189837,0.88505616602491299,-0.60750089383663564,4.378642143929123e-15
2143,0.34640713982898391,0.86306073135967132,-0.67159726589141167,-2.0929861690717352e-14
2144,0.36272424497596156,0.85288991456290775,-0.72508314167963894,-2.2370334334742599e-15
2145,0.37827002325402087,0.85064319433256841,-0.74811656750514854,-2.6642523207622218e-14
2146,0.63899404264197912,0.93710699797742347,-0.3486856847521661,1.0237561592433045e-13
2147,0.64738809938631825,0.93170241191010128,-0.37221803511789331,1.4530677745988802e-13
2148,0.64843967498869781,0.94815333838282845,-0.28595274647084401,8.8413324694397317e-14
2149,0.45999903372073769,0.96978111748066043,-0.18724316131791172,-4.2350743051474792e-14
2150,0.46039968606818971,0.92493757678063848,-0.45077205172917201,-1.7037129670058354e-13
2151,0.4462154990348714,0.94809590583381731,-0.3158038310042019,-1.6846948156670273e-13
2152,0.44044694846966242,0.9612739684076228,-0.23674453131068604,-1.1387558184440355e-13
2153,0.43253923628477386,0.97085607352429815,-0.1780473560852246,-6.3959288807573924e-14
2154,0.42266179581212848,0.97540068272775038,-0.1493721077700477,-6.1993709188617997e-14
2155,0.33405956476014242,0.86383420014230916,-0.65445492075699019,-4.2500715212349762e-14
2156,0.32571156269114887,0.8746715045356106,-0.60512800969176528,-5.5847277414091461e-14
2157,0.33435799844422137,0.85046088797548991,-0.70053355828834818,-5.5971718696800521e-15
2158,0.3562514998272035,0.86067987438095928,-0.69080504016812627,-2.0215884267025283e-14
2159,0.35846028849857248,0.83754525405411184,-0.76943794361894857,-1.2496228244562749e-14
2160,0.3799045175574452,0.84099198503846806,-0.78174463681819539,-1.312510741245533e-13
2161,0.36891161600011368,0.84347142494390182,-0.76270327374842806,-5.9478199419686931e-14
2162,0.38787222529978654,0.82841536732626997,-0.82722442440780719,-3.8887137772716681e-14
2163,0.64111775585370534,0.96143586380781676,-0.21684466640186753,4.8689882935776424e-14
2164,0.33220502553528736,0.88917594235665232,-0.55449469187301936,-1.5062369524472854e-14
2165,0.3128753597447243,0.86798905798172399,-0.61369357745030484,-5.9997231007171815e-14
2166,0.32340355273257343,0.84606909279345666,-0.69983876415267576,1.3792415823210133e-14
2167,0.31308790077074761,0.8518107871275753,-0.66793139927389733,2.9400680349123745e-15
2168,0.31420235618983289,0.83876114819976288,-0.70831528714474534,1.9606493775756422e-14
2169,0.30010338193040587,0.85851629554437003,-0.6282187675148061,1.2382422777495303e-15
2170,0.3052027960773559,0.83455590474531516,-0.70571295857348548,3.4536606696866511e-14
2171,0.33983467968103959,0.83661287866487544,-0.7495772880788345,1.4375536970452798e-14
2172,0.35632858362170527,0.84640237163096066,-0.73979847389703035,3.4285992957582138e-17
2173,0.37635109559845764,0.81800982968281322,-0.84206130178632554,3.7266455598904259e-16
2174,0.39564942252664875,0.8350794229459696,-0.81454924592701028,-2.5323729541990084e-13
2175,0.40047651174614901,0.8248862128888591,-0.84793851631308192,-2.3746377058246656e-13
2176,0.40758821190815475,0.81714064590723057,-0.87399330110907525,-2.7722827877391e-13
2177,0.40593137882961505,0.80485893540185693,-0.90024679884053016,-2.5846037923232807e-13
2178,0.39534980258264385,0.8035626452014123,-0.89327251203663938,-2.8709686636688899e-13
2179,0.38600324701613486,0.81098717368818207,-0.86881956906260571,-2.3588106996075135e-13
2180,0.42193613456910528,0.80024099871904075,-0.92230637682847516,-8.9348369155307845e-14
2181,0.63012921450291615,0.96371253537046264,-0.20736357871802694,8.5468875455492409e-14
2182,0.62715738725554671,0.95451305153386179,-0.25962526743800429,1.3795435795660517e-13
2183,0.32391733308382797,0.8841805012369679,-0.56580838855860149,-1.9145110880748033e-13
2184,0.32236548179237956,0.89612767544623972,-0.51512814863337109,-1.5527285385352245e-13
2185,0.30156183494205457,0.87647214129105189,-0.56873558154532999,-4.5796153636353654e-14
2186,0.29050682454257365,0.85919120539108684,-0.61202417268167986,-1.1763144984502663e-13
2187,0.27459145528161877,0.86267565126658075,-0.57707263126817543,-1.9522427687575759e-14
2188,0.29595590809642786,0.84983598000888294,-0.64875792497820839,-2.8118472646635063e-14
2189,0.29024794694269546,0.83723864079225341,-0.67491993109093651,3.098899909263476e-15
2190,0.30901470557827421,0.85984780732866961,-0.6363452684999974,-4.2577668796239623e-14
2191,0.33387600982695631,0.82619830647605141,-0.76938301278408727,2.3968215225654028e-14
2192,0.34939781588574276,0.83207831005518362,-0.7743613521648478,1.5042466062643024e-14
2193,0.36096309771991553,0.82138216993101643,-0.81648509539433145,1.3834363491042541e-15
2194,0.37926878624223659,0.82636026118035599,-0.82412271492395284,-2.6016573201667072e-13
2195,0.37878502364460209,0.80347686576239585,-0.87660450172212456,-1.5953124190866154e-13
2196,0.37204078271643432,0.79028029514663489,-0.89119118115724161,-1.4341129150468579e-14
2197,0.29885328949699586,0.8676549874345908,-0.5962104909853041,-1.7129274377100833e-13
2198,0.30341614265263539,0.88936495172991747,-0.52214999993715805,-1.3189720375787589e-13
2199,0.31303125693110651,0.89235278362511383,-0.52098797144063402,-1.9879682247123117e-13
2200,0.30285036336480187,0.89993208754907428,-0.47880328594285582,-2.6385463138339775e-13
2201,0.30393719965505656,0.91266408939325105,-0.42573632873858624,-1.6936495603417847e-13
2202,0.2905566966421978,0.88044673405961915,-0.5401748928441038,-2.6945861327639201e-13
2203,0.2809102067242063,0.84170858301560247,-0.64741424280029258,-4.4686102369446082e-15
2204,0.27474638845290217,0.85128668174736821,-0.61087881900075536,-8.1678023708380503e-14
2205,0.29391668849599706,0.82767154736419679,-0.70439875979662758,3.1487155007526151e-14
2206,0.2918804699436397,0.81609898542927495,-0.72614020401978996,1.777793150251974e-14
2207,0.2994051371479472,0.80830444213818209,-0.75436018694209239,1.6266818306341825e-14
2208,0.29910829036454628,0.79304173210893769,-0.77818342616657687,-7.6492461772208709e-16
2209,0.36746443627133185,0.81425388715890779,-0.84091672839479603,-1.2018336274687928e-13
2210,0.35652397001196295,0.8108045618825489,-0.8353883412822698,-3.2680003158500261e-14
2211,0.36977334982573523,0.82478946609280279,-0.81789950845049131,-1.2641878241833272e-13
2212,0.3819843327791938,0.78811920817290826,-0.90550193871166085,-1.4729262056534622e-13
2213,0.39284266586410393,0.78129216098857113,-0.9256917447107379,-2.15868005862483e-14
2214,0.4046865492444785,0.78094268288674362,-0.9374235608340038,-1.6910362586896932e-13
2215,0.40962103280585405,0.77191911651159018,-0.9509970998539341,-1.5299980562510821e-13
2216,0.40597463542990703,0.76208874953916428,-0.95381371023562944,2.2767553574816763e-14
2217,0.39343903773193145,0.7588454048246337,-0.94300692490107352,3.2679545965561557e-15
2218,0.38786926119029336,0.76908712228862808,-0.93197419273404958,-2.8661883106452162e-14
2219,0.39320122440647015,0.74325336485442917,-0.9435997628817554,4.983506512447046e-15
2220,0.37550339562689816,0.7664087880384205,-0.91950900507153954,-3.1195931167908497e-14
2221,0.36223398225543008,0.79546004398990544,-0.87094698602394016,-6.478743977673761e-14
2222,0.36698783763798565,0.77782210836738308,-0.90011022277252128,-6.5757272690067715e-14
2223,0.30965412431930339,0.79530770098152137,-0.79329530023297912,-2.1220167863066859e-14
2224,0.32047867589767859,0.79213200985551402,-0.81568658768829483,-1.867619497769976e-14
2225,0.32645575189736847,0.77656339659462736,-0.84322369610723436,-3.3636772052917917e-15
2226,0.32545798501694245,0.80178192081561983,-0.80871202633274608,2.1307771172333773e-15
2227,0.33659682559721565,0.80301489371640422,-0.82326952543424881,7.5078459935276304e-15
2228,0.34192088356012618,0.81223197635962874,-0.81280388233381828,1.941745480191232e-14
2229,0.28818288785259422,0.79375657969427216,-0.75688592477804895,-3.4614225864868392e-15
2230,0.27836530189716907,0.80017391762826673,-0.72940103715778337,1.7184027404133877e-14
2231,0.27943364083015843,0.81293214138481418,-0.71009661656827205,2.3128118501968482e-14
2232,0.27009200839659575,0.82341865772883738,-0.67184806419507992,1.4543337069586666e-14
2233,0.3004712494747756,0.78107583580965623,-0.79424803586524118,-3.9757826368786629e-14
2234,0.28960259524474191,0.7782106721319253,-0.77722981332631824,-3.3012535367198836e-14
2235,0.27875575621437321,0.77409536144432645,-0.75895468684510159,-2.4015935477407558e-15
2236,0.26267820820137938,0.7832149060378526,-0.71851359385659952,3.3375686320997767e-16
2237,0.28289727351484401,0.76267797271696691,-0.77393289545932942,-2.7498518496624377e-14
2238,0.26875821517325754,0.77520187237234661,-0.73808191874008855,1.1110051168986746e-14
2239,0.25794105173267262,0.76748818921488837,-0.72022988808846755,9.4408313101938931e-15
2240,0.27034467870349738,0.79185820753617009,-0.72488977933718879,3.2564093768387501e-14
2241,0.27482347668461193,0.75470534068357464,-0.75977271358937148,-3.8529363408314956e-14
2242,0.262613065389247,0.75611874959987502,-0.73404839501507457,1.9490287409042113e-14
2243,0.37884914377758522,0.73890356066364571,-0.92635158345017499,5.3188776464731407e-15
2244,0.3891880798818268,0.73190281964915294,-0.93378173837948919,1.5483750686459213e-14
2245,0.39286594728927343,0.71858470317803869,-0.92568984022049261,-2.7933656957844376e-15
2246,0.40473571524215485,0.74093899675187003,-0.95386475626124323,4.0853849757674115e-14
2247,0.41516741144246072,0.73128764453149175,-0.95809706657587101,-5.3663663358477055e-15
2248,0.39911789137751791,0.75096095608602753,-0.94989065758551927,8.4589391803395622e-14
2249,0.27627404548599493,0.8318689300040264,-0.66418031589107407,3.2384082550186438e-14
2250,0.26442747039735309,0.83222420673810826,-0.64204197623386328,4.167819603320671e-14
2251,0.25708792135821246,0.84408012133666588,-0.60011099943191781,-5.3210438633143702e-15
2252,0.26146137513003287,0.81424043001914737,-0.67319710673860722,4.9887316996823048e-14
2253,0.24576160315869608,0.81400618945126946,-0.64210692393375712,1.8913208582322007e-14
2254,0.25446224228084369,0.80384536578976518,-0.67610202627800953,4.3280159155055138e-14
2255,0.25334887455481142,0.79145076202618481,-0.69039501051198227,2.3721996836424812e-14
2256,0.24201536197686879,0.78600257740524559,-0.6714744902297678,2.3523255980915613e-14
2257,0.25298638166390836,0.78163821645557252,-0.69941512518422655,4.9303382656165595e-14
2258,0.23191882770029285,0.79319953820215439,-0.64146943454587035,4.0196304478567824e-14
2259,0.23404465395013049,0.77622043018884368,-0.66176014869927979,4.093785895351759e-14
2260,0.23275288293333501,0.80586950903754939,-0.62711552635957457,4.1247796062330197e-14
2261,0.22061999109408972,0.79464096209820789,-0.61395404248541241,4.7849246218833482e-14
2262,0.22435921018374672,0.77375021523634169,-0.64070307612497956,9.0955568645977156e-14
2263,0.21191987367134871,0.77819131057127655,-0.60789219909602799,2.145373640128281e-14
2264,0.23798030757772079,0.7606506132587374,-0.67860281477808349,1.559308985539958e-14
2265,0.22651435327942412,0.81536334189882098,-0.59867609811106315,3.4309455902384134e-14
2266,0.21053512029680585,0.79984350245404556,-0.58424065673022507,3.5964944640199827e-14
2267,0.23632212970446526,0.81729641749177873,-0.61644306741792787,4.9989049032623309e-14
2268,0.24364374825963273,0.82774096212468884,-0.61177076671382624,3.1359248180225316e-14
2269,0.21590839948747872,0.82616213572351826,-0.55696325970454719,1.4346667713720298e-14
2270,0.19914810564048613,0.80379810775615079,-0.55246058522247532,5.3169237184042525e-14
2271,0.25130129645457827,0.8351408259743085,-0.6107912294306207,4.1088098439246329e-14
2272,0.23596230761152442,0.83564272923583383,-0.57976384473474152,3.4823813998336846e-14
2273,0.22966255583414935,0.84478962745140185,-0.54676167246188412,1.2338590342047503e-14
2274,0.18653370600307198,0.79972523575048526,-0.52633510667022709,3.5626369904014812e-14
2275,0.20426915108117771,0.81742259313222776,-0.54574132953381194,2.5789907487264681e-14
2276,0.23444889013101239,0.85583600009118088,-0.52856501885519536,-1.0996941609312937e-14
2277,0.22238366381577948,0.83577257265717553,-0.55196772757059775,3.2743516323948633e-14
2278,0.2108102463572587,0.80984784990786263,-0.57175892124518413,5.0768068084900317e-14
2279,0.24677759517119141,0.85633409352011614,-0.54939760661558823,-3.5025680923467383e-14
2280,0.22529183919884854,0.86719392937960449,-0.48166614948507708,-8.4942543885594985e-15
2281,0.21128908439345342,0.83819623623735395,-0.52387027649732321,2.9102427872329989e-14
2282,0.20687752081343125,0.84954625771532288,-0.4905450009869794,-8.8889698301812114e-16
2283,0.21523070834100425,0.85851935042237471,-0.48596498087975232,-3.8041450756512098e-14
2284,0.20384154672438656,0.85972613493305861,-0.46088261484743026,-4.3692795650973676e-14
2285,0.19800448751719049,0.8689778412797089,-0.42740664634576381,-9.7972135568285411e-14
2286,0.20338190674614029,0.88429539712773997,-0.39650438907724178,-4.3761244831781292e-14
2287,0.19811081928887295,0.84246306214778455,-0.48726702985259152,7.2542411555934647e-16
2288,0.22452087029211057,0.85489350298502109,-0.51243876112054254,-1.3971526803822308e-14
2289,0.18565695284023015,0.84509705362153453,-0.45521859093911182,7.0748091938138723e-15
2290,0.19030565397863719,0.83371589299030635,-0.4867152959630584,2.5652336692432942e-14
2291,0.18481622140460585,0.85585562740141452,-0.43150524799672441,-1.1472248993153085e-14
2292,0.18850532083194815,0.8653363908040167,-0.41785254912582037,-8.0029326566143821e-14
2293,0.1768938224019643,0.87124296404919488,-0.38173029447257351,-8.8897437618290137e-14
2294,0.1732415217360519,0.84570942771448399,-0.42693296617057952,8.327092133249792e-15
2295,0.18370982853213272,0.82291967965346591,-0.48929874238850546,1.8625304531341515e-14
2296,0.17863485420640363,0.88619119933209067,-0.34906531001988178,-3.4816855330098904e-14
2297,0.16479705339577083,0.85264018293808508,-0.39562494470108639,2.2518232364865241e-14
2298,0.16378536390652781,0.86532742210785507,-0.36849472639511033,-5.0134106959146455e-14
2299,0.16581136742043029,0.83526218317911727,-0.428020431638097,2.7266867865262901e-14
2300,0.179747670675033,0.81277077783690421,-0.49397436853036764,6.1572010336971882e-14
2301,0.15260686102802695,0.87346692946698312,-0.32929004259232503,-6.0691330585624113e-14
2302,0.16605758962895834,0.82305387780441308,-0.4466169642611949,4.5118083234285459e-14
2303,0.15552863713453008,0.83937912024748518,-0.39732468527249182,4.9610140161048228e-14
2304,0.15603574690710112,0.81623095722904149,-0.43056227377929346,4.6490788106814306e-14
2305,0.17490626149235955,0.82595329174252408,-0.46391029038331455,5.8098926512249231e-14
2306,0.14558007849503948,0.84368036905192589,-0.36715076436897987,5.4372025908616883e-14
2307,0.14399840435892197,0.85448699261812744,-0.3462647070209745,3.7982779518018966e-14
2308,0.14336215031703392,0.86621774449724998,-0.32431413472404852,-1.4420583419913919e-14
2309,0.37015612364383055,0.74813844479575498,-0.91777580688839988,-3.8554711913556345e-14
2310,0.37006700279306926,0.75808220616620281,-0.91638470540006611,-4.5961510378327694e-14
2311,0.37168760647828014,0.73075913657559,-0.91293283538353709,-5.6991800255942547e-14
2312,0.36041001037080572,0.72532445092958453,-0.894394970648417,-5.230160083464904e-14
2313,0.35906759083799594,0.71231877110694719,-0.87828230708998933,-6.6150458178152883e-14
2314,0.37342374915177756,0.70261845402216572,-0.88148805699129429,-1.7312353522785874e-15
2315,0.36980076595359895,0.717783035641398,-0.89885641730784815,-4.9095911880467843e-14
2316,0.36426957847967195,0.70454406047136231,-0.87344345051371619,-1.0898565904869983e-13
2317,0.36654547954957162,0.6926416213055161,-0.85474833455278554,-9.3420051825025954e-14
2318,0.37384772355525492,0.68448528367565542,-0.84536326384638749,-6.5096167974041444e-14
2319,0.37246925199580949,0.6717051047014494,-0.81167364889649751,-5.7834707435601731e-14
2320,0.38482274404067901,0.69259177308649,-0.87524037274285815,-4.7938999810325967e-14
2321,0.37615797923604816,0.6614437136679846,-0.78559699706876895,-7.0622949282637338e-14
2322,0.40014521905050005,0.71036592290368106,-0.92182231372551005,-1.2188295358099867e-14
2323,0.40159024906355928,0.69667224823534613,-0.89971418725805297,-1.5804909450032533e-14
2324,0.4051575515186015,0.7198587036105536,-0.93877653094786595,1.4469518825762908e-14
2325,0.4206218030014619,0.71961530246299921,-0.95137063540585443,-2.8915757357327268e-14
2326,0.42195423236668733,0.708606038522412,-0.9373810943132358,-6.3305167045298794e-14
2327,0.41717875727693182,0.695401456291316,-0.91008111788157731,-2.8079335685293571e-14
2328,0.43582103607523565,0.71529418421995972,-0.95671245171296326,-4.543130630983241e-14
2329,0.42391045842516889,0.74181773451345279,-0.97024684281745888,-5.2364138951611345e-14
2330,0.41421520611032359,0.74373240713951927,-0.96292518849448872,3.6743700980842443e-14
2331,0.26496393648891625,0.85001910333108555,-0.59824236463601432,-3.9278814872976257e-14
2332,0.21256940774604563,0.76818397229218394,-0.61505747743221306,9.4373022095402747e-14
2333,0.20674665390922936,0.75651913278289107,-0.60429592202239113,3.6304911334430468e-14
2334,0.19392550339092873,0.7590590951102083,-0.57131041600806998,4.6909063874442983e-14
2335,0.19877435139194768,0.74836870521284848,-0.58448934541711928,8.4492507702710578e-14
2336,0.21839833563587521,0.75209808956889745,-0.63343397700073245,7.6397777846088811e-14
2337,0.18756313243775105,0.77337138066757327,-0.54982259839313796,3.3559086002075611e-14
2338,0.18263669313199726,0.75803036663183265,-0.54217247329918716,7.7284291787176962e-14
2339,0.19361830858410775,0.73835506071255985,-0.5697743397511591,9.130223893429659e-14
2340,0.17157836124690951,0.75389693593678919,-0.51308729699543099,5.0004894680408059e-14
2341,0.1776573295203234,0.73452194906018642,-0.52702755137706891,1.0110657710439522e-14
2342,0.15929491173981883,0.76257261632411344,-0.47827659695287983,2.1272878846739147e-14
2343,0.20032414673612253,0.78047085187460008,-0.57780481870426881,7.0585545128477326e-14
2344,0.24804693855189608,0.76381758805343536,-0.70001804814747104,8.3432692372128861e-14
2345,0.17554701604994769,0.8020852381519763,-0.49610133090700048,6.77623843488656e-14
2346,0.16022487013501874,0.79794936962701746,-0.4607026368133656,2.5053862355147534e-14
2347,0.2171859418998299,0.81680918873707231,-0.57562957144359295,5.8901351579086063e-14
2348,0.23289644727968137,0.8744682994518066,-0.47388602678064334,-1.0217255555025914e-13
2349,0.2479889103512426,0.88079301995203441,-0.47839076506444622,-1.0482099942313843e-14
2350,0.21784065545206691,0.87450872153812564,-0.44832265116171582,-1.3582902903157946e-13
2351,0.19481593936516456,0.82326209066076006,-0.51457213184061745,6.0580253767079942e-14
2352,0.19021931174331516,0.88705811429101178,-0.3664368408846565,-2.1591939917098863e-13
2353,0.17784073637040401,0.89608186247067456,-0.3220275453026305,-2.9921589032144947e-13
2354,0.17947443659818968,0.91081423947720819,-0.28407594184866919,-1.2329508004042509e-13
2355,0.16875315731617771,0.88738394561799117,-0.3286212293278134,-2.7109730443305925e-13
2356,0.15124247602408225,0.88820341694340676,-0.29553597447778951,-6.7290159874556607e-14
2357,0.39515015148979066,0.68459864644354429,-0.8675099474797886,-2.887563874128983e-14
2358,0.39395377274954846,0.67182678961496201,-0.83317779727426333,-2.2567128295618857e-14
2359,0.38630068861944306,0.66450173854960226,-0.80515484388775305,-5.4249148143048128e-14
2360,0.40526700549458911,0.67354038632362612,-0.8477779878714955,-2.3403120442326095e-14
2361,0.41555193332493784,0.66525161849255243,-0.8312742425287365,-1.5101630083914789e-14
2362,0.42103211536537133,0.68307732297232615,-0.88485815483829089,-3.0792925833511055e-14
2363,0.43688508731456077,0.68419358141370434,-0.89776370896416391,-3.2285243318645102e-14
2364,0.44446324279741445,0.70349287869882393,-0.94308139781958356,-4.1713602956025739e-14
2365,0.44229691361687573,0.72688352614028895,-0.97338019085311478,-1.2957767570327885e-13
2366,0.43720554706382192,0.73999441310119585,-0.97870558036364375,-1.6491922831707509e-13
2367,0.16514974839977697,0.77186664683751172,-0.49101337450130528,7.3143453871806014e-14
2368,0.16998698909283555,0.78193266534664707,-0.49878802480285495,7.2684921194457952e-14
2369,0.18046136950944802,0.78111398056629444,-0.52677165371840451,5.8663244794330068e-14
2370,0.19062674687495518,0.78801906699488822,-0.54771435607482322,5.9140970838028475e-14
2371,0.15378918622387952,0.77160226367628748,-0.46022128188593725,8.9517727547557447e-14
2372,0.14807548118195488,0.78076007392447655,-0.44011976017568755,5.3227300381370814e-14
2373,0.15007636178286282,0.79223409217892349,-0.43822584831470923,7.324250716846855e-14
2374,0.1492635791214029,0.75337271009867035,-0.45178193374040199,4.0843908852158255e-14
2375,0.16009796477459828,0.80754104081875144,-0.45079980389385943,9.2550213070864158e-14
2376,0.19311423386494128,0.9107830329615062,-0.3030867723851649,-1.5170076432504317e-13
2377,0.16642189110407207,0.91552147014433016,-0.25274140405775558,-2.5338035113492565e-13
2378,0.15757188988447082,0.89652121273476559,-0.28747512307746759,-2.708405018412355e-13
2379,0.1592402588667105,0.90730533421606807,-0.26374571533244545,-2.7032769603511239e-13
2380,0.41115156522050478,0.65455902275101208,-0.79355264183057217,-9.7745792364412888e-15
2381,0.40020135411356655,0.65121757930376012,-0.77404388824107173,-1.4476375457456597e-14
2382,0.41129968286333973,0.64170407627276749,-0.74740623425657593,-3.9214248499144343e-15
2383,0.40638668070127343,0.63064714359822904,-0.70005420840317079,5.6019600390527043e-15
2384,0.42261800877182465,0.6374275298807518,-0.73746560645112447,7.2792331468914297e-15
2385,0.39382143012428816,0.62794294173430665,-0.68021273055160025,-1.6870242839408126e-15
2386,0.40803761199000305,0.61790066739250205,-0.64688824447423265,4.3202186558516338e-15
2387,0.43101942231578411,0.62707449242612734,-0.69958897203499582,-3.937445075041922e-16
2388,0.43324857646982834,0.64445387960202016,-0.77075413068531184,-5.5078267168650518e-15
2389,0.38594527624915959,0.63799331430376238,-0.71396447397519203,-2.7467361505505278e-14
2390,0.38313554869442218,0.62007874701303789,-0.63931003626974414,-2.4593237352365919e-14
2391,0.40398403622393203,0.60619114227138982,-0.59080927948437911,1.0133905599107152e-14
2392,0.42049537571059553,0.61343368786526253,-0.63363515193953557,1.3048407570619789e-14
2393,0.4445988322397017,0.64608197446614013,-0.78216062281208332,-4.8840869813148239e-14
2394,0.43193129278803005,0.65754195259358339,-0.81699088146596788,-3.0145845820145545e-14
2395,0.3910976342472155,0.6466924741966702,-0.75032937496887542,-3.5185389661002964e-14
2396,0.39159759432429242,0.60300889803995505,-0.56834543404346627,9.9922053013741065e-15
2397,0.40541326898366614,0.59395760933600461,-0.53229331656590873,1.5411790603062361e-14
2398,0.45691058521957345,0.63702076800843266,-0.75148959213073441,-1.4157406379422388e-14
2399,0.38035543358839324,0.59472571315793032,-0.5214951021932841,-4.8946392854529303e-15
2400,0.40297354404328012,0.58078541873445821,-0.4637248080986085,1.2245583824775933e-14
2401,0.41741564777499535,0.5880076709852603,-0.50762598669971648,1.5574470983383112e-14
2402,0.41505456796162499,0.67515976661821131,-0.85971375033915354,-4.6837246876718411e-14
2403,0.44463996857932259,0.71268733392770411,-0.95771059206245113,-3.4702268187041636e-13
2404,0.4385535250077911,0.69467593084173729,-0.92276014878888923,-1.5315112796822113e-13
2405,0.45888267314754655,0.70139143828817963,-0.94571355113552658,-8.6980609505012529e-14
2406,0.45378010523464302,0.72644276269490926,-0.97843664724686086,-2.6218002416879432e-13
2407,0.46727526132343811,0.72042854604498785,-0.97774107197324345,-7.4087409246268272e-14
2408,0.46356644603777741,0.73549429592075588,-0.98926030117407904,-2.5051394652753711e-13
2409,0.4457036299422148,0.74848760404806702,-0.98547970364340987,-3.7260043766272173e-13
2410,0.15314951382064998,0.74247845516464428,-0.46221562727278148,7.2660040410774914e-14
2411,0.14769382989337665,0.73145989326618588,-0.44445822787537353,5.6396813413728386e-14
2412,0.16072135893813719,0.73239645958543254,-0.48079054066668403,8.497253248855663e-14
2413,0.13555801702782219,0.7315994298509908,-0.41036086390196025,5.7427464192283473e-14
2414,0.14240484328221897,0.72035049237885418,-0.4250060756379046,6.794536279735751e-14
2415,0.1673238065918515,0.72159797656426505,-0.49371624244333701,4.5747565981473214e-14
2416,0.12860522711095448,0.74257253069543283,-0.39275554138024793,5.359062046458806e-14
2417,0.13575319718320902,0.70528829227207357,-0.39751963921605377,1.7283873599248108e-14
2418,0.16117490345604427,0.71288889859336924,-0.47182588105534656,1.3774394650789247e-13
2419,0.14944894958461138,0.70579440826338713,-0.43513138212800279,5.907003343744726e-14
2420,0.17617368003554759,0.72511508482676945,-0.51917477362583653,1.1013607949615388e-13
2421,0.13319915998496987,0.75673694148125981,-0.4059515686550601,3.2735351018393357e-14
2422,0.11734589856171723,0.74022286744281562,-0.35967744058292123,6.1397771569632395e-14
2423,0.10700844383855561,0.74777324334824891,-0.32986236932119745,6.1882310732438719e-14
2424,0.11909123102156433,0.72745058304999555,-0.36180643502959814,2.5712184363658131e-14
2425,0.10934949996812199,0.72324017921033745,-0.33202912406380819,5.1924802785076924e-14
2426,0.098868851022170842,0.72709644047083744,-0.30242910032095521,3.2634906801446565e-14
2427,0.11979974186066916,0.71620572862402432,-0.35927641856930237,5.3761326596318857e-14
2428,0.1263367444235676,0.73344590369542906,-0.38444225986333785,6.3840755447357547e-14
2429,0.095562418021149495,0.74033855503517498,-0.29521807022425178,4.0419684315333206e-14
2430,0.093116078082461542,0.7164305770175412,-0.28196331592752,2.214571287725899e-14
2431,0.11867202344009256,0.70182365416715109,-0.34772772290538911,1.8795914972599967e-14
2432,0.15913143838301791,0.75268196130187492,-0.47915663222125499,1.1221464754530392e-13
2433,0.19885233227607588,0.90070827577346035,-0.34152273053410837,-1.5566507753996212e-13
2434,0.20605640484915783,0.90957225208816728,-0.32443928093410063,-1.7505723728175559e-13
2435,0.21955177795543102,0.90884121259282991,-0.34498030041671213,-1.0489244983399264e-13
2436,0.18965050671126066,0.92378636675758341,-0.25861025563994516,-1.9194671146975336e-13
2437,0.17061901318673015,0.90670941944619576,-0.28242116597448258,-2.889226231258752e-13
2438,0.36913573379430181,0.61815516796805647,-0.61975840212059186,-2.51686573554265e-14
2439,0.42817709453051256,0.60300432930068371,-0.58776292592020185,4.7900303140258485e-15
2440,0.42882899191542934,0.61788431886782791,-0.65809531631177876,7.5555753721103572e-15
2441,0.4225614007789717,0.6588893978832846,-0.8156582415967234,-3.2271420610071659e-14
2442,0.46113766380494153,0.65031646015342637,-0.80407225028838025,-6.4175716123048075e-14
2443,0.45047079610066509,0.62760648895225024,-0.7099005515158836,-3.6121695388846257e-14
2444,0.44836316782787411,0.61577637539822294,-0.65634414654428752,-2.6090135188278224e-14
2445,0.44085790615329457,0.62321629920933463,-0.68711391989172543,-2.6514380204175369e-15
2446,0.46678348771276801,0.630072193524293,-0.72531977541176029,-5.2654052477580751e-14
2447,0.47154739544827573,0.61876766697796648,-0.67635275658562011,-2.6394406971397753e-14
2448,0.47773938826237422,0.63185607808006017,-0.73533899048711537,-7.4168743405226809e-14
2449,0.46389060275765143,0.60862938482395923,-0.62666635092109191,-3.613445321593504e-14
2450,0.48010821920503183,0.61146997144816839,-0.64316050866265118,-5.1571671223051358e-14
2451,0.49235387205238512,0.63391685960180266,-0.74519999001303483,-4.2464681434485022e-14
2452,0.46450207182456921,0.5958008684627647,-0.56270016108246512,-5.4645749869603679e-14
2453,0.49074989107848183,0.60628989934822763,-0.61888738241825536,-3.2095686349020802e-14
2454,0.47531051939480784,0.58558968995188876,-0.51082819750164765,-5.339982956357456e-14
2455,0.47129254256328545,0.60255336606982901,-0.59839145262947757,-9.8591080681502295e-14
2456,0.49009393181009753,0.59583120926837685,-0.56598802977380946,-5.9758333170634192e-14
2457,0.48886165367673123,0.58483990537770614,-0.50769077245954386,-6.7777445058609628e-14
2458,0.4932318774306505,0.61716310033897137,-0.6711531345499574,-4.5446864732926162e-14
2459,0.49910042719479825,0.57529999027562462,-0.45571911511425178,-2.3420392232800273e-14
2460,0.5059449973418797,0.62408814668218993,-0.70278438044832403,-9.1976225515130195e-15
2461,0.36743968442069547,0.59077965441145119,-0.49386120619394375,-2.2708587533980616e-14
2462,0.383395414221541,0.58156719979419369,-0.45788146988865785,-6.1286291501450042e-15
2463,0.42727773248958906,0.57936900115435608,-0.46587914333117958,2.8661102748400536e-15
2464,0.42571478289211678,0.56465272199529604,-0.38446887499752763,-1.5793317676737437e-15
2465,0.43881982304739409,0.57873984140075163,-0.46603687744835237,-1.7194281426304118e-14
2466,0.45118013720533129,0.57448750760209855,-0.44583954969684259,-3.631982145770138e-14
2467,0.44821866871912197,0.58782397090539396,-0.51743028845735461,-6.069336613009642e-14
2468,0.45131514158144642,0.5624417873413976,-0.37784703085272914,-3.6017905426566361e-14
2469,0.46495992579990147,0.56963462082215588,-0.42120895841261408,-3.7315922682924706e-14
2470,0.45719577850509818,0.55494609793199001,-0.33540460402135702,-5.2625491031569251e-14
2471,0.45925002700323747,0.54017375570560033,-0.24773697329495609,-2.5233194736239558e-15
2472,0.45067452052096135,0.69559119131012592,-0.93069452013797849,-2.8954929751657995e-13
2473,0.46509798774504585,0.69147866842727213,-0.92759748815583976,-3.3985094538598948e-13
2474,0.46312806432259845,0.7108883475114196,-0.96333569444123246,-3.3590796276743613e-13
2475,0.47664051813636821,0.71195632937186648,-0.96892700227148065,-2.3257481751595355e-13
2476,0.48545290303263194,0.70304955504747557,-0.95581974598109987,-9.3306294251019964e-14
2477,0.48142861373926593,0.69397746841929653,-0.93726233070831222,-2.3210222628820492e-13
2478,0.49240396520597113,0.69596574288393964,-0.94263195084339313,-2.1037575463425563e-13
2479,0.50139007468238095,0.68655098113083046,-0.92149474642895213,-9.2234416573220048e-14
2480,0.49067223252140668,0.71457408900628805,-0.97483520066178497,-1.8868877012815363e-13
2481,0.49463326419629933,0.67716936161156904,-0.89690538174601697,-2.5715095265275042e-13
2482,0.5138697172461919,0.68843404528303453,-0.92513758700650672,-1.2375489656579778e-13
2483,0.50460009926006855,0.71660393387131704,-0.97812970502851582,-9.2956599243454961e-14
2484,0.49400563403971326,0.72685839729995094,-0.98906478210178139,-2.3980878509967683e-13
2485,0.52221545268222869,0.67881640610175287,-0.89938775590659847,-1.1061481732316792e-13
2486,0.51577783536071997,0.70167941351370677,-0.9530410208739809,-8.0891640436363299e-14
2487,0.49519400373015171,0.73714690791540582,-0.99632707680961075,-4.1741731917907098e-13
2488,0.51752579102970675,0.66906802438977553,-0.872140912620609,-1.3354899247143704e-13
2489,0.45955366675362236,0.74642897506605366,-0.99169475865402634,-5.4419460398665548e-13
2490,0.47282937214769988,0.7297852151359292,-0.98834107376170022,-3.5873632640097718e-13
2491,0.48339647864739294,0.73533505138484656,-0.99411103411870916,-2.1233564685612933e-13
2492,0.14238608839486602,0.71135895182646691,-0.4197802867155066,1.5819837718571735e-13
2493,0.15413273611003731,0.69659191260270603,-0.43946048959616058,1.3653713928782009e-13
2494,0.15513512947989747,0.68384836864548459,-0.42838439700951192,9.1165292387101348e-14
2495,0.1430744936800839,0.67874710445171105,-0.39164853816641093,9.009753476567654e-14
2496,0.16950612963554898,0.68081620030229562,-0.4604134184901606,5.940132597200077e-14
2497,0.13526027204890184,0.68655786465231383,-0.37993706699756713,1.107990757533437e-13
2498,0.13140697928474798,0.69603097095073352,-0.37830789242089358,1.2982200814607817e-13
2499,0.14617358058043423,0.66585156619161245,-0.38260904865659157,9.2618974589964783e-14
2500,0.14041816679181576,0.75117173080750665,-0.42689897530789161,1.6496915291631887e-13
2501,0.13079815959664015,0.77137690149770599,-0.39583001152594882,4.3999740776230136e-14
2502,0.082519494322882581,0.74740574893698442,-0.25627922700415356,2.1208908425655596e-14
2503,0.10737577944014608,0.70146271173222841,-0.31563423994604528,4.6485950193350278e-14
2504,0.09830804145487114,0.70710044294750474,-0.29288323324903592,3.5629975893992348e-14
2505,0.11427222783641038,0.69206178106691618,-0.32823215043233506,8.841287043927876e-14
2506,0.11054958553039672,0.67804187297409291,-0.30614049446570157,1.2765145816676698e-14
2507,0.12621641994144853,0.70846733777756377,-0.3730481960400257,1.1550152424777206e-13
2508,0.19805580882461377,0.89165698558502116,-0.36670476315499467,-2.2373944009616312e-13
2509,0.21390466068575559,0.91868820962576458,-0.30437835249073014,-1.5851983101374734e-13
2510,0.21501894634608776,0.93107648553000655,-0.26236901107725197,-6.9082392071561617e-14
2511,0.20308472200194277,0.93898111680184082,-0.22270973612963801,-3.2604195100492735e-14
2512,0.18407627903423643,0.93444025996260238,-0.21894238839736133,-1.7377545932433435e-13
2513,0.19444748981332363,0.93308139171960491,-0.23407079728370009,-1.5750333817226948e-13
2514,0.36292988537929821,0.62907952721505489,-0.65869088452989966,-2.3198668672462189e-14
2515,0.3540944674190396,0.63370366109104259,-0.66774562451279051,-1.1574594925571364e-13
2516,0.35664972847269721,0.61034927947649187,-0.57535010524568841,-1.9249409073186494e-14
2517,0.42592614105821403,0.59326010965949083,-0.53801928116966169,-8.234171958422865e-15
2518,0.4559671748978511,0.66027468114762689,-0.83717338996923252,-1.3572453313456489e-13
2519,0.45837417223242799,0.67352880543214422,-0.87896045147145951,-2.1127165234594557e-13
2520,0.45358552920694284,0.64539769817063863,-0.78332135460018448,-9.6838342334411545e-14
2521,0.48637072458237135,0.65007906896070333,-0.80853767780338937,-2.9749059749978693e-15
2522,0.49281338516538881,0.56371863589690208,-0.38963512414744683,-4.08319557372313e-14
2523,0.50600260058172408,0.56484655869175693,-0.39624353765297815,-5.1118772517393314e-14
2524,0.50616608339281854,0.58277825093212554,-0.49678055092132911,-5.2976723015903949e-14
2525,0.51927127931649475,0.58775740055477965,-0.52284105149934001,-4.9030271051313351e-15
2526,0.51263985214022789,0.63562066709654952,-0.7520929899598241,-7.2477371030438454e-14
2527,0.4967971962315007,0.62574983232348302,-0.7102128078069827,-1.3648871186454101e-13
2528,0.35574943686965582,0.58114846730501879,-0.43876364631972459,-5.4080548932705651e-15
2529,0.38045684239744465,0.56807522592203941,-0.3859346805341855,2.3687739124503551e-15
2530,0.39309009331190392,0.57881260676194557,-0.4485884705995431,3.0262942614974097e-14
2531,0.43201472016609815,0.57142477057919283,-0.42384625313897861,-3.0485852889630654e-14
2532,0.41070640266622432,0.55957874782257322,-0.35128791625520589,1.4691132999291986e-16
2533,0.43510663710778436,0.55423927911137083,-0.32736480453288846,-2.0629914839318297e-14
2534,0.47701613233799856,0.56374039117683694,-0.38887074291652096,-3.7857600850835066e-14
2535,0.47437395481183109,0.57486234627288169,-0.45173591092823423,-7.9239603718491509e-14
2536,0.44893112802031299,0.54037113002349568,-0.24769204999799099,-2.9417447169143354e-14
2537,0.43896081218286759,0.54425676126568989,-0.26949682129119712,-2.9287751333292125e-14
2538,0.45216349095806929,0.52845300492281855,-0.17581326361744237,-1.4287089999935845e-14
2539,0.43985198551918825,0.51693408936651464,-0.10432000446284936,-4.4815083818924868e-15
2540,0.45638969637329146,0.51766253416031716,-0.10969875139277424,-3.4875152596950668e-14
2541,0.47507346799908479,0.53793516431725219,-0.23540114569059784,5.0302651332105249e-16
2542,0.51278920422044727,0.72490717160336693,-0.98669888989150578,-3.1417810123535688e-13
2543,0.50743994010779359,0.70708278671538283,-0.96341064473886606,-2.6631314007284891e-13
2544,0.50630705637112572,0.69625937612691291,-0.94319970660602714,-1.8032406886703981e-13
2545,0.48085502668886232,0.74479001586877958,-0.9976133713964761,-5.5624728301639202e-13
2546,0.48396593379211583,0.755988752296753,-0.99807378562783866,-3.2769061326509061e-13
2547,0.17062860241827532,0.66796098001971305,-0.4442224908678849,1.3418422021417489e-13
2548,0.17986876843062627,0.68416265283805233,-0.49036947293131344,2.1347727580440869e-13
2549,0.19500090238049089,0.68199374499002452,-0.52330353656639172,2.1393870756677887e-14
2550,0.16414021523549305,0.69095623377313964,-0.45947557929197808,1.1462109099742236e-13
2551,0.1719816940838878,0.69772170748523898,-0.48681398166187512,1.2987481967938067e-13
2552,0.17954495189961839,0.70526913541042058,-0.51366027452627327,1.112700442363509e-13
2553,0.19028574185370728,0.70225148155213846,-0.53757325581107707,8.8309014796728832e-14
2554,0.19194795310643872,0.69196076021802388,-0.52977662180357055,1.6898993392389327e-13
2555,0.19436308010106162,0.714544016613604,-0.55927292048836452,7.5097931438450447e-14
2556,0.20680839564999673,0.71483343145314915,-0.59018910925886148,6.8348888335975549e-14
2557,0.18709516840156559,0.72207888009080323,-0.54587641328460967,8.8821762911483216e-14
2558,0.21481645929604581,0.7040072477685726,-0.59894998725298165,5.4686616932675091e-14
2559,0.20637445113291497,0.72528412438071654,-0.59642815674087046,1.0646221792347804e-13
2560,0.13544710910461186,0.65373072948997979,-0.33952587108786536,1.9454680623151248e-14
2561,0.15728107068882974,0.65768017601075324,-0.39664399244480303,5.1609484703491753e-14
2562,0.14004528389884099,0.77494811826148813,-0.42063731669336069,1.1249438027322314e-13
2563,0.12972737172650459,0.78231815047434239,-0.38815520822565613,1.1620590962143583e-13
2564,0.12994668784673555,0.79394561457597956,-0.38188182508909108,5.2613262817089979e-14
2565,0.14032105068577647,0.7987237966801517,-0.40668631431217839,6.4821135075998203e-14
2566,0.11742748013811137,0.76590308190005318,-0.35876946921378644,5.9885389087839335e-14
2567,0.10653219353012804,0.76010571670565252,-0.32784206938795468,8.006519464537988e-14
2568,0.095990945513277859,0.76611979518908857,-0.29544773028473148,6.0035710847066336e-14
2569,0.10480033061321592,0.77750363410137868,-0.31857100394652582,7.5144836523244695e-14
2570,0.082378567217245457,0.76591487908642009,-0.2546308539911678,5.4980708727515801e-14
2571,0.07084099731455476,0.73768414269874616,-0.2200382042512441,1.7380995493869921e-14
2572,0.08556435565541147,0.73745588042236632,-0.26468742410682439,4.1144444180818371e-14
2573,0.099683686684887252,0.68040391734546191,-0.27898476659375054,4.1215448842312472e-14
2574,0.090088632670952892,0.69000556556186721,-0.25964060173205955,4.3976496426214645e-15
2575,0.086096467545415792,0.6757083140912733,-0.23862993919646483,5.3084682196822732e-15
2576,0.11081364188120414,0.66564679418118189,-0.2943011932864118,3.8476207453171331e-14
2577,0.12301759675588839,0.66305300008598989,-0.32207079771846753,6.8348071785760146e-14
2578,0.12253814951242856,0.67533418059556438,-0.33491521134433927,9.8133142892833716e-14
2579,0.20550930185487695,0.9296803701020202,-0.25725165319731824,-1.7756720977576287e-13
2580,0.35968093358313974,0.6193896941523277,-0.61628282524743028,-9.0106653057438474e-14
2581,0.34201202706677869,0.6126371208621052,-0.57171302626706333,-2.4121396348359401e-14
2582,0.44576262179834708,0.67509924915052266,-0.87852332165371239,-1.0241489696915093e-13
2583,0.4361979827860229,0.67464273803736463,-0.87176151139268931,-1.0687775747983707e-13
2584,0.49319135784352403,0.64341545784959209,-0.7837340112843203,-3.0471262861215902e-13
2585,0.50995555450175223,0.59819596504408867,-0.5783718966728647,-1.301385797699378e-14
2586,0.52370854269024247,0.57777103748930059,-0.46807922421536541,-2.0329888036174471e-14
2587,0.52073462697596951,0.56694137376864218,-0.40739350911712219,-3.1903064290148903e-14
2588,0.52698773314657499,0.55751414423920465,-0.35225083103797478,-2.8081503583494401e-14
2589,0.5403506442570819,0.55688997595535061,-0.34706806042213806,-2.3694730463258079e-14
2590,0.53368271324041705,0.56874240782365793,-0.41628453410097166,-1.8199200843538385e-14
2591,0.54259176991557923,0.57515789727956546,-0.45072404896208113,-2.0225221194456083e-14
2592,0.555191768091021,0.57832081707958405,-0.46546634937413117,-1.0551790801911913e-14
2593,0.54415808056026482,0.58626661144038605,-0.51093340906899087,-9.4029424171453601e-15
2594,0.56326150350608095,0.56717758975740573,-0.40159566654008544,-2.6034363437156438e-14
2595,0.56736636051786449,0.58577007475822596,-0.50176065852195495,-5.6714591450253463e-15
2596,0.54503790450614442,0.59707059529694051,-0.56690192758352809,7.0291850887190092e-15
2597,0.5559992267428232,0.60425528070937518,-0.59978712728062966,7.7788636941851505e-15
2598,0.53455554174975251,0.6002119274287453,-0.58544196660255843,1.1263452779321552e-14
2599,0.56875174215213076,0.60166216771192427,-0.58210763745298078,-1.6379960084058179e-15
2600,0.58285492350275481,0.60956664605757416,-0.61365169030715838,-7.4053037977150521e-16
2601,0.57334497576124732,0.61000061101018943,-0.62048910506420107,1.4276301673646944e-14
2602,0.52459729712175296,0.63598458526852775,-0.75196101378693625,-1.6068480965267161e-14
2603,0.5322174316187126,0.62674721192071681,-0.71116968408606307,7.0386033927397658e-15
2604,0.52830588385314403,0.61378696440006353,-0.65305697469362645,6.0836100866041899e-15
2605,0.53886515512128297,0.61798114468190168,-0.67007424392665793,2.7880176768263479e-14
2606,0.55192131348112561,0.61684314613923286,-0.66109070346240639,1.5750462681653782e-14
2607,0.53739587293702995,0.63797512263720946,-0.75707283438737627,7.2661011054896926e-15
2608,0.56075630058107606,0.626541729433582,-0.70079375723517601,7.2727206164513813e-15
2609,0.55182685877854998,0.64002068044930005,-0.76056835579118998,3.0673637640735668e-15
2610,0.54122695000015597,0.64987118471635419,-0.80173671576688055,-1.0106736179479156e-14
2611,0.57371337674382639,0.62376976732945955,-0.68299875586273762,9.8934825612817652e-15
2612,0.53995925441508774,0.66171911863719857,-0.84334028294760788,-3.3812971483870484e-14
2613,0.55048714200383775,0.67277191443586593,-0.87352993688123703,-7.6390408555494915e-15
2614,0.52853936470797258,0.65885412786162512,-0.83699701468518617,-9.8594236960995448e-14
2615,0.51392729513418056,0.6471134552245853,-0.79741555083697535,-1.4543641177923946e-13
2616,0.35514665680363211,0.59379046805601443,-0.49918515257213875,-2.5955813424760258e-14
2617,0.35141725042673139,0.60247661656425344,-0.53601980532226889,-6.8373860605700759e-14
2618,0.34273383820127395,0.58344682297984318,-0.44083455967002799,-1.0663394769399846e-14
2619,0.36707724802745878,0.56407809168751855,-0.35808002359147317,-1.0600461626615604e-14
2620,0.38787092119332339,0.55856416701002876,-0.33763745133995587,-8.390542393503351e-16
2621,0.39940129708832123,0.55653634336288693,-0.33063961155706406,-7.3926471125482669e-16
2622,0.37827707328345295,0.54841679045399028,-0.27789827281211427,-7.7919845526863507e-15
2623,0.40545968500071738,0.54438143828673169,-0.26318187937921694,-3.2169523095524109e-15
2624,0.41687053364375648,0.56607951484648267,-0.38960390654536842,1.3134322502730463e-14
2625,0.42561704692838215,0.55512260960290172,-0.33024067956618347,-1.2972742057612854e-14
2626,0.46657121335945501,0.53488028057164239,-0.2162186274686301,-3.0153227155902594e-15
2627,0.47926094380189377,0.55059566061397947,-0.31189195582700008,-1.7037249576507658e-14
2628,0.19217062134028953,0.67243659645056808,-0.50152217709815294,2.8500297889811029e-13
2629,0.1857523053564625,0.65983196522497334,-0.4649458460518357,5.055530331182484e-14
2630,0.20222599828745913,0.67512733631395017,-0.52887690364146978,3.7683799834487641e-13
2631,0.20421570923553453,0.69171039852090321,-0.5587947684804746,1.4490807133486091e-13
2632,0.1867885148270384,0.73164703705648093,-0.55002440313778533,1.0441107936922738e-13
2633,0.22135073599896948,0.69454937327374322,-0.60211503961812463,8.9590720922317386e-14
2634,0.2133318460369153,0.68981859298442449,-0.57737624479327221,1.8581612893008124e-13
2635,0.22173678640723976,0.71278055720858935,-0.62412058185316066,7.9983436444450321e-14
2636,0.23438257363113854,0.71502235670998926,-0.65534391799444869,3.4941460877064468e-14
2637,0.22761742362630749,0.72394229908669883,-0.64689862797230746,6.1115592173418455e-14
2638,0.24118576579308187,0.7040498865416781,-0.65877063325064567,2.5341978242197681e-14
2639,0.23010222150151233,0.73485618493842753,-0.6582881664693383,5.7156992564551278e-14
2640,0.2349716394649056,0.69447400769724521,-0.6323630282427587,7.1097651665673202e-14
2641,0.25012261531655938,0.71693393729378863,-0.69217052365135845,1.7107563645370179e-14
2642,0.24216879359005955,0.73964562425395997,-0.68804787287055391,4.640753591495272e-14
2643,0.21998981520506627,0.74010661384974974,-0.63635050819172834,7.2654878809972278e-14
2644,0.23854075638275435,0.68472802140296962,-0.62466295847951736,1.3797843108948598e-13
2645,0.25115099325426565,0.73005402104031147,-0.70398169129056032,2.2590378395367244e-14
2646,0.21190435490528192,0.73386908668138295,-0.61427672216292062,9.5995894323467418e-14
2647,0.16183437811263815,0.64647056448296703,-0.38737079545947206,9.0798517939297687e-14
2648,0.15602523996762838,0.63770858357542737,-0.35830533337867004,1.156646808274934e-13
2649,0.14487715253686437,0.63595112153957445,-0.33142189688772794,7.1165761992375584e-14
2650,0.17240856339422234,0.63919799288974977,-0.39556168386116725,9.3349647586363083e-14
2651,0.13017856734755642,0.63954578979393539,-0.30569184655534382,2.3437457426948946e-14
2652,0.18359132324184993,0.64146184425499175,-0.42323113063877899,1.3842980976009878e-13
2653,0.17120529535893855,0.62878411272776058,-0.37069474719356266,1.3804680760727283e-13
2654,0.16638342616402949,0.61941813394179646,-0.34034407945263428,1.1615889714452224e-13
2655,0.15034100029008976,0.61546319650247883,-0.30184696904527153,1.2226665335319547e-14
2656,0.1242446636163866,0.75948123260271083,-0.37964994395622248,1.8165754987957242e-13
2657,0.10931852951804434,0.79186714312607465,-0.32517647485100803,4.4121794609104103e-14
2658,0.11934166271665751,0.79579392366021706,-0.35115537613320019,1.2096474922131693e-13
2659,0.11400386700465165,0.80599302839212916,-0.32915027161285754,7.6282402820834991e-14
2660,0.12093832752622236,0.81581558919238439,-0.33958914054088796,7.0475008590284341e-14
2661,0.10398457078254802,0.80167307778668395,-0.30405748280041961,1.6659397740050131e-13
2662,0.13533580801430287,0.81514358978860979,-0.37839370099839609,2.4133050010851464e-14
2663,0.11157818905616282,0.82009020389519194,-0.31060914369775294,1.1594932926323462e-13
2664,0.10800141310383826,0.83047129850020251,-0.29118072415683455,7.3552418155799858e-14
2665,0.11562907006634562,0.83766350666326628,-0.30267562290148625,9.2495100914866423e-14
2666,0.1259538530931914,0.83525050594100336,-0.33135580103532275,8.2032721365981264e-14
2667,0.12937277758860169,0.82460350365913082,-0.35277023591135293,9.353693295111005e-14
2668,0.14538391549632604,0.8214337433628075,-0.39728384961090102,6.393764804595136e-14
2669,0.14491894454802867,0.83229916074966781,-0.38224479167232489,7.571513214365408e-14
2670,0.097271250142956941,0.78527492804361476,-0.29338774694105135,1.4183062263205112e-13
2671,0.072468903512447308,0.76249476351925405,-0.22493000101441812,7.4384462325670887e-14
2672,0.056232167748038485,0.76494837998806076,-0.17500650788545671,3.6305917013136618e-14
2673,0.086201604658370679,0.75668888582315419,-0.26726148790980603,6.5326904753268448e-14
2674,0.061294055989697366,0.74398293771128754,-0.19118128248985072,3.6235678063551677e-14
2675,0.049194175734252756,0.74366053627578599,-0.15379981449015911,2.1205247392336209e-14
2676,0.040479727017039391,0.73407766758786486,-0.1261944428045616,1.4489080069453367e-14
2677,0.054984814846131325,0.75355342828375504,-0.17178910796299249,3.6626537844524214e-14
2678,0.029533847017984817,0.73812264100749525,-0.092391707455481059,1.2073540381212848e-14
2679,0.044276357592303084,0.72212908455813907,-0.13653015026640153,-2.3877680588149736e-15
2680,0.035852654177147766,0.7106705667218679,-0.10896448361126684,-1.0866809928107297e-14
2681,0.055862582469581409,0.72217954988792854,-0.17190661124723611,1.1369264804822354e-14
2682,0.096451820030431484,0.69746950436873756,-0.28223682228425429,3.2963453105739057e-14
2683,0.081461862842643923,0.69666331877695908,-0.23911054866371381,1.6449518667671329e-14
2684,0.070378822535922911,0.711143621336493,-0.21283268878955397,-2.8679132021763936e-16
2685,0.070900689244665249,0.69552467517092875,-0.2080609826205666,-5.6918709996202003e-15
2686,0.081350886562273877,0.71549257427424495,-0.24681716294341327,2.8993902148306938e-14
2687,0.060796490910951684,0.71360440621182764,-0.18490506370993934,3.5527694397789987e-15
2688,0.0714728191877953,0.72439885537620741,-0.21985012881320229,2.3717722597703965e-14
2689,0.071768668159276156,0.67314579523680607,-0.19793562443821738,-5.5648147381846241e-15
2690,0.088820054276643981,0.6650424429008458,-0.23709752836482212,8.8747137740730651e-15
2691,0.08982642806273243,0.65157243693881417,-0.22689592472771034,1.0500494808336337e-14
2692,0.1018877419253711,0.65627190304715044,-0.26160568191033939,3.2637053014242935e-14
2693,0.1062730674562079,0.64473955565128693,-0.25869055709019739,4.4452785473938998e-14
2694,0.33909851798696594,0.62459128571758793,-0.61711252713728215,-5.0754155633639302e-14
2695,0.32848479189017465,0.62945837815118799,-0.62365413594123453,-2.677229478498182e-14
2696,0.33295566584598019,0.61676200170692885,-0.57952380480995025,-1.0326874929674175e-14
2697,0.3330776525532832,0.60450969814800681,-0.52838603678662488,-9.7341235124865218e-15
2698,0.31950253939731721,0.59815347033373589,-0.48792633224641552,1.0028119177923739e-14
2699,0.3330800334144054,0.59353362699750911,-0.47995768311309639,4.3629166194801405e-14
2700,0.4385105867761715,0.66498306959559939,-0.84419532744352754,-8.3136015736511494e-14
2701,0.49984017712857881,0.6001006024861073,-0.58809198750843783,-4.6031326315029812e-14
2702,0.54461144118561888,0.54387142278892597,-0.26949207088735111,-2.8562858054241669e-14
2703,0.55323355327861568,0.55395869314439472,-0.32783049390301455,-3.8614360399052922e-14
2704,0.56936071516495801,0.55269088709509173,-0.31745457216326528,-1.6040481888309579e-14
2705,0.57059438377971949,0.57530801179523305,-0.44451212327540424,-5.0328711063808861e-14
2706,0.58527805660332965,0.57914957120997734,-0.46014586238477045,-1.6646534832606735e-14
2707,0.56313211623589865,0.59414562321567643,-0.5465497584495207,-9.1097920063501848e-15
2708,0.51503463796773563,0.61258473876894359,-0.64912516464338155,-1.9796257451728632e-14
2709,0.55270769839178291,0.63090698017044,-0.72276134865278807,2.5957086230882117e-14
2710,0.560161065841706,0.64912630990602549,-0.79121104604352199,-9.3152354283395514e-16
2711,0.57252468487893382,0.64911636715019627,-0.78487331192314269,4.3698253194953447e-15
2712,0.56290270491538441,0.66115864116752876,-0.83161037804691584,-3.3614059043866231e-15
2713,0.58023440025405237,0.63748881525118695,-0.73636990724944329,1.1290975356566929e-14
2714,0.58525203219984723,0.65258434824181477,-0.78950105030742546,1.5377794942132953e-14
2715,0.5690570196737067,0.67174166714274197,-0.86072859423259773,-4.1690937502531599e-16
2716,0.56818880236267399,0.68143236677894203,-0.88780550198556574,-3.5544887894172937e-14
2717,0.56958173145147251,0.69700539633901371,-0.92270155198385961,-6.2599437430252427e-15
2718,0.55965402107132267,0.67012880127270513,-0.86140446431548023,-6.2198642033731296e-14
2719,0.58097186748067542,0.61839810066731205,-0.65521861678014082,1.7247915679406318e-14
2720,0.54223946425541547,0.68787361210994535,-0.91666286693047705,-1.3710001097740405e-14
2721,0.53314100227068806,0.68132531212152192,-0.9031950118173957,-1.4256326071746437e-13
2722,0.54062426747406966,0.6746357103947892,-0.88268999242637136,-9.1650996007694401e-14
2723,0.36150808489507841,0.57267615008370432,-0.39971876814180818,-3.4451135425345828e-14
2724,0.3538260916600745,0.55950872161469734,-0.32738395246780289,-1.1660651397879159e-14
2725,0.37599473272236666,0.55861992767767965,-0.3330019348045839,-2.9308969840104476e-14
2726,0.37012426402241844,0.54059272634507538,-0.23158180263920547,-1.8792732527065958e-14
2727,0.37546167112397349,0.53163432368433139,-0.18249940878643064,-9.6860698692068083e-15
2728,0.37136145176190072,0.52141298955456639,-0.12328944481000728,-8.0742203476351524e-15
2729,0.38496642341437798,0.5382571406962382,-0.22267595319638503,-1.4422611862355324e-14
2730,0.3589637040733844,0.51953645940164728,-0.11060308040903993,9.8398938339171558e-15
2731,0.39476568832775932,0.53218290808842073,-0.18999050050068181,-3.9699556416596217e-15
2732,0.34955804590650369,0.50796441530749636,-0.04455768126894348,6.4447497831605157e-15
2733,0.39666922447826541,0.51660914585649065,-0.098733953688603424,-2.798068100958951e-16
2734,0.41435395813737408,0.53807527955218337,-0.22840501183998105,-4.4852095549781307e-15
2735,0.41699183441791121,0.52692141127132275,-0.16262071418160576,-1.923121490224766e-14
2736,0.42764067713671206,0.53565812746013752,-0.21643143249841085,-1.2163362884114221e-14
2737,0.40985373320447827,0.51580738393671677,-0.095257804848598429,-3.6741927476859548e-15
2738,0.41208435962650675,0.55059867917957928,-0.30070839736248972,-3.8267109343364497e-15
2739,0.48668762434663176,0.54111652154211043,-0.25525712023612224,-9.8251938023463846e-15
2740,0.48844634303274281,0.55466912626980336,-0.33652192426466504,-6.562793365760126e-14
2741,0.19491599734804144,0.65713268315235152,-0.47952070330045393,3.1679854053085069e-13
2742,0.20742611274664946,0.65589865412992476,-0.50345825031422431,2.2485646788289941e-13
2743,0.20348102738568405,0.64617982857228529,-0.47407947450769256,1.8637426981670489e-13
2744,0.17641028341817652,0.66058453753116575,-0.44531839065370282,1.8683581099175139e-13
2745,0.25985561290056824,0.73762642415028812,-0.72648937224630927,3.9723967144452803e-15
2746,0.13912828529248708,0.64429258900134878,-0.33328622304024336,1.1689094641018749e-13
2747,0.12500196181739545,0.64953935963957343,-0.30896042030797677,8.113934806694088e-14
2748,0.11655547700441175,0.64384326944002623,-0.28136716365599052,8.4466478407266502e-14
2749,0.12505561628865233,0.62731891553480368,-0.27461544786578745,8.8812713928002438e-14
2750,0.18211815596564965,0.65094730613606244,-0.43976993354062249,2.4065335594755023e-13
2751,0.13457740852059408,0.80594664500193658,-0.3851012996337469,1.178178116891875e-13
2752,0.037137056660249336,0.69604065346708621,-0.10980086172656704,-1.0420253184949711e-14
2753,0.06474975009857592,0.68357282514791851,-0.18467775360705743,-9.7236233676196006e-15
2754,0.055152892133400376,0.68664582445527211,-0.15890727793736312,-2.3405076241693894e-14
2755,0.04872781235866467,0.69629617463630433,-0.14378026264449767,-2.9265059422564524e-14
2756,0.052892618987905919,0.67601835354381357,-0.1478110404422083,-3.0408578183413016e-14
2757,0.039368850112743277,0.67075555367451734,-0.10838550807325463,-9.1161725498780369e-15
2758,0.068705814264643048,0.66275822253265504,-0.18272021245700171,-1.8975931764071969e-14
2759,0.057870448142350428,0.65038385945953392,-0.14656403721944844,-6.4859322180187305e-15
2760,0.071219155530417466,0.65171513911094969,-0.18089991396389393,-1.0435180690168415e-14
2761,0.080490994142187827,0.64749761693151109,-0.20009645385697158,1.6921767668201782e-15
2762,0.079912396045677125,0.66894854598401232,-0.21685491603575305,-1.0701635433373605e-14
2763,0.31156620750201186,0.60849332838991121,-0.52286527225967672,1.0021316740821275e-13
2764,0.31390970751692304,0.62258151928018435,-0.58063973559165571,2.4531205164838792e-14
2765,0.29916207551899626,0.59856724564498498,-0.46873730108964246,2.8965358118243905e-14
2766,0.30933649548111908,0.59856623380522289,-0.47938164018098278,3.0888176573078491e-13
2767,0.32015799716180365,0.58774531064740998,-0.44239000153400981,1.9384493287564788e-13
2768,0.31614926865679155,0.5749544844598784,-0.38016025117446051,9.8668947345009558e-14
2769,0.5352799882626047,0.53427311379032505,-0.21236064527919341,-3.1223821020750152e-14
2770,0.54954137739563835,0.53143010924192413,-0.19382595054917293,-3.7243135647103451e-14
2771,0.59005803821450153,0.56698452018583045,-0.39231683823805225,-4.3089983596581253e-14
2772,0.59884258112955002,0.5609406654603909,-0.35572332578439098,-4.4196312159308123e-14
2773,0.60735717502137543,0.57034723903744655,-0.40375897231371122,-2.1139680843188471e-14
2774,0.59809414055557031,0.5718217882104738,-0.41550191564682615,-5.6956787914203906e-14
2775,0.61983670839214045,0.5656005594627812,-0.37250749743238337,-1.3309287789441249e-14
2776,0.61508936270966652,0.5830767507097101,-0.46651370927059627,-1.214592927808543e-14
2777,0.59159275091909136,0.59040914771752628,-0.51602126757152744,-2.4929424251162041e-14
2778,0.60375555999668706,0.59285616124505114,-0.52168711045962901,-9.7667184051536107e-15
2779,0.58757575479907187,0.6001484081972962,-0.56620551780108908,3.404376041911144e-15
2780,0.61269751665605199,0.60098515540914188,-0.5560522761324832,6.8833457188116443e-15
2781,0.62150061934268985,0.60483237626912822,-0.5678785239864641,2.646922695767181e-14
2782,0.63777440269868657,0.60325576232410449,-0.5484927607753175,1.9964905296335569e-15
2783,0.61083741205427566,0.61383574816104969,-0.61646293049445711,2.5259299380152188e-14
2784,0.59958513404424596,0.6210540008399974,-0.65591237780570821,1.4740551207173817e-14
2785,0.57700852219956578,0.58431663662840039,-0.49062597319513301,-3.6013895376465498e-14
2786,0.59315208027570188,0.63655709314976427,-0.72438069462395416,2.1724993511070781e-14
2787,0.60601225110357415,0.63851305377990608,-0.72244064503861871,1.912754504043736e-14
2788,0.60064028399124858,0.63057809186453384,-0.69507470979992214,4.7324914106610871e-14
2789,0.618268720756463,0.63719876721075497,-0.70744685280462216,4.5118340485862445e-14
2790,0.61099305707178431,0.65089903394659943,-0.76348564034522082,3.5662020245127229e-14
2791,0.59474920447132573,0.66080996734772202,-0.80972945776946137,2.5858725670589175e-14
2792,0.60715083557295901,0.66520969298025734,-0.81298193557370968,2.5744340668887462e-14
2793,0.58514125120244342,0.66868875970368447,-0.84149943043952935,1.8493509570403966e-14
2794,0.55010015827422665,0.6823636183933266,-0.89961671720385916,-1.2428761603996962e-13
2795,0.34251804460747021,0.55941054763252163,-0.32095890761838713,2.4891341718331158e-14
2796,0.3319369382178346,0.56763605987626475,-0.35613552724300052,5.6465624382098213e-14
2797,0.33038950246937476,0.55426523343041401,-0.28800530146852993,1.0022948176497983e-13
2798,0.35334727767318153,0.54821038972717318,-0.26720906563595564,1.880697442488887e-14
2799,0.34779885037271191,0.53599833385340934,-0.19908636638898161,2.1530323664754685e-14
2800,0.35953062789703083,0.53954499621034013,-0.22235358031977565,-3.0745756335828524e-15
2801,0.35506749145246547,0.52891102916066435,-0.16223473286907655,2.9681590945793717e-14
2802,0.3391294867498757,0.51359536536542216,-0.074641213263140438,6.0518146356684301e-14
2803,0.33385403858401697,0.52586542736703401,-0.14027320368025759,5.881353125012407e-14
2804,0.33336402407529153,0.49952164846554314,0.0025570691308099847,1.1392317323208092e-14
2805,0.35916263352522815,0.49888556579453736,0.0063457053921790853,-1.7596199318113447e-14
2806,0.35963438726184066,0.50938289267760806,-0.053294810746011764,-6.9046746829006102e-15
2807,0.4330647075839989,0.52585157194653465,-0.15811881327823279,-6.819457883479165e-14
2808,0.40280168496460528,0.50864722186004052,-0.051849437701084751,1.506052500243666e-14
2809,0.4172882298334511,0.50806307815970642,-0.04894839719528498,-2.4568775496108334e-14
2810,0.43269083730345831,0.5020173506335236,-0.012403781701731431,-4.1120347392258496e-15
2811,0.024266567539683575,0.68698989289100454,-0.070254515144758264,-3.3123644447074348e-15
2812,0.043865833408657288,0.70489463739020941,-0.13182140905851281,-3.2529713942611331e-14
2813,0.047986987995129377,0.66374750418644279,-0.12867995251417558,-3.8657692655858491e-14
2814,0.029165662806902051,0.66319961701491126,-0.07826727981339128,-2.1763211451641056e-14
2815,0.3232074825015071,0.62175938249065277,-0.58837402322188881,1.2978054313776994e-14
2816,0.30263362086348761,0.63430327046917656,-0.60800396738224816,1.1100137013953066e-16
2817,0.30239301357121945,0.57513935627142598,-0.36995195672925718,1.2204267063379053e-13
2818,0.52222548020794701,0.53720644113380722,-0.23106139225230349,-1.3177840973881635e-14
2819,0.52621519911396375,0.52347495493456198,-0.14646401877273435,-1.9309513022554727e-14
2820,0.55316616708359789,0.51858173240942507,-0.11486138979809622,-2.0677688187313251e-14
2821,0.56256191786736665,0.52925226094015798,-0.1792436732318759,-3.2300248395669713e-14
2822,0.6207504037874968,0.55295712993260926,-0.30339993578759983,-9.184761347849504e-16
2823,0.61075654719538308,0.54529765707825528,-0.26387037576553762,-4.2644744821744647e-15
2824,0.60106526079807598,0.55027505593638193,-0.29512227292793874,-4.0241889857376474e-14
2825,0.59275142865130592,0.54318156543401797,-0.25660643870836025,-4.6511764126225753e-14
2826,0.63385962621061864,0.55628052298778896,-0.31604606746089331,8.1489393809615334e-15
2827,0.6192836009429199,0.53669653939907014,-0.21265217342438808,8.4678078449450766e-15
2828,0.61660303770604807,0.52499437429516183,-0.14602304607076463,4.8582643755295464e-14
2829,0.6321383882375925,0.52869861824420705,-0.1641343255213378,4.5731134983513226e-14
2830,0.60461817486622815,0.52074663887627182,-0.12301664110301969,2.4989029092561109e-14
2831,0.59511692908529723,0.52969778937067546,-0.17728260115176839,8.353232968303511e-15
2832,0.60343765236599034,0.50784392812731083,-0.046636792237227741,7.1714920198381291e-14
2833,0.61790855211454743,0.50075479494453756,-0.0044600278971978734,4.5757696099305342e-14
2834,0.61322930488753136,0.51345341006598788,-0.079116516127673842,1.3852924554603747e-13
2835,0.62347707848924527,0.57597234862817037,-0.42531784237172626,3.5670965270277912e-15
2836,0.63592090402114754,0.58435490152196468,-0.46008063605458283,1.4361143189277235e-15
2837,0.59084401322694913,0.61585795337576454,-0.63840364335477573,2.6443012863969008e-14
2838,0.6182208106856395,0.65991899255284314,-0.78631236140314853,5.6535845020150683e-14
2839,0.63031461195833172,0.66062691931371875,-0.77651144851212406,3.4181011790862738e-14
2840,0.6375751117956906,0.64952091937939016,-0.73293789149354438,1.8909096979724729e-14
2841,0.33628468656580901,0.57625894762845897,-0.40131514889546543,4.2623244655194529e-14
2842,0.31745453905472287,0.54774221862213568,-0.24832868629432198,1.1066261079392754e-13
2843,0.33186035200678188,0.54294511335015561,-0.23019382163890656,1.8922965081854842e-13
2844,0.34262074076759735,0.50151860700102635,-0.0084116859761347099,-1.6124917718155779e-14
2845,0.32330550594194934,0.503427739357032,-0.018266168216459426,4.0103650665528763e-14
2846,0.33532294117560607,0.48543484624720157,0.079479042469845287,-2.1933327491125225e-14
2847,0.36973859173722701,0.49989497123013921,0.0005844862203496766,-2.4354067413420132e-14
2848,0.38335272729868813,0.49271366829451085,0.042696962238500225,-2.2851875928430586e-15
2849,0.028313829024364738,0.69491106626585497,-0.083553278770717526,-7.9488788227483757e-14
2850,0.034230359950616025,0.68111713486890879,-0.097419113820068043,-4.3130312773994817e-14
2851,0.029449906406236709,0.67279384179861423,-0.081776790781218453,-3.4918491205487586e-14
2852,0.31113556188402941,0.63119740630952992,-0.6085002149453459,1.5419372019397463e-14
2853,0.29282379980644563,0.5724804939127911,-0.34987406229333901,4.6316809958011491e-13
2854,0.27794130535824896,0.57409015095451243,-0.34409083700180593,4.4136535804270092e-14
2855,0.52075547559508528,0.54765262898145683,-0.29429559648275805,-4.1540733601633674e-14
2856,0.51568714863384468,0.51358866877076204,-0.085188270313251713,-5.3957101617744466e-15
2857,0.53201940258698832,0.51246191702290855,-0.077817453285772359,-1.7938173189147197e-14
2858,0.53713547827863672,0.50112461507272044,-0.0070025408097953053,-1.5532238803009342e-14
2859,0.5438457598417431,0.51070799846710668,-0.066577685272785458,-4.5123208644026091e-14
2860,0.53017397188324589,0.49393437835760889,0.037937848381682827,-2.2151944926434198e-14
2861,0.51499903477162823,0.49011913529390244,0.061980912506655175,1.4150066031957526e-15
2862,0.54280915490950865,0.49015234141562797,0.061295478258656548,-1.8701431352612106e-14
2863,0.55835789038930306,0.50814403719502033,-0.050262651514322007,-3.3384202784503729e-14
2864,0.56229708352782881,0.49472311823172666,0.032530926879840091,1.6638569444820105e-14
2865,0.57556898653482724,0.52627705899394628,-0.15972139575954664,-2.0299398902939665e-14
2866,0.57111565468797953,0.53930375177755696,-0.23835853781384655,-4.4764377970375374e-14
2867,0.64188182923803716,0.54618944969035543,-0.25820380810596588,1.7076123754498798e-14
2868,0.65493492857986102,0.53968213901952278,-0.21807247075487804,1.5134699179590168e-14
2869,0.64411765722197933,0.56408810273296361,-0.35244067340754703,1.2296883621445071e-14
2870,0.65401298148473008,0.56372040640509469,-0.34497757247243771,1.1495647290079133e-14
2871,0.6637876819300097,0.55679528968781733,-0.30400774329611158,9.5216380443710501e-15
2872,0.67300436627812721,0.549176757517988,-0.26021759773378939,1.9338264911087531e-14
2873,0.66294112914543712,0.54638684624627964,-0.25040936337955938,4.3744760053455499e-14
2874,0.68311736806901779,0.54140958192357069,-0.21580935723549102,3.3706778444539297e-14
2875,0.68360786161006015,0.55343062492719974,-0.27616031185779549,3.6476757138694132e-14
2876,0.68159778923590064,0.52577647121544624,-0.13574181299543212,6.8602576365020168e-15
2877,0.69626049753932784,0.53280949948389589,-0.16700704844171949,1.2750517618990754e-14
2878,0.69319422778462858,0.55984258540478293,-0.30153429787068609,2.0465642690778158e-14
2879,0.7073281325153018,0.55484705487336139,-0.2686552698561937,8.8611863855694327e-15
2880,0.68462161109074104,0.56875805714145167,-0.35026830073596432,8.8591004357957728e-15
2881,0.68900207284856407,0.58009787140998403,-0.39968766039413473,-1.5876649187943329e-14
2882,0.67322448624910236,0.57298716794641558,-0.37864866711675776,-1.1508860909510739e-14
2883,0.70102942478238628,0.58226396518931378,-0.39878160743228075,-2.2976978436588917e-14
2884,0.68756172171076069,0.59368797518013783,-0.46161440602260628,-2.4392399469814245e-14
2885,0.70743448755757743,0.57340678438218429,-0.35383587374316017,-2.4109181501546342e-15
2886,0.7115342436821771,0.5852844388089502,-0.40190776508660536,-1.8220341532553676e-14
2887,0.72607850663992224,0.58905761195386153,-0.40255873475372672,-6.3186758271880252e-15
2888,0.63870540318656144,0.51584934521187686,-0.090157806595979759,5.8083471148156399e-14
2889,0.64059695294434471,0.59343765968343754,-0.50073057476093685,1.2942834395925188e-14
2890,0.62596753558206131,0.58570293797470885,-0.47311288317746397,8.0762771410386301e-15
2891,0.6306151418808208,0.6422125477702304,-0.71435482228237546,6.1717086160120193e-14
2892,0.64309242724622817,0.63578380709151183,-0.67839030710035175,1.5772831940227082e-14
2893,0.64513608316366156,0.65751762876474018,-0.75041074813732889,3.6319492086806936e-14
2894,0.65755066601661505,0.6585008461089642,-0.73865404897358478,7.4467263211742132e-15
2895,0.65072329334387602,0.66638871932945265,-0.76983026498421403,3.3369550773056872e-14
2896,0.64997406649379186,0.6807973054652614,-0.80821869856595319,1.2492130497587639e-14
2897,0.66896818108297651,0.66235202579342023,-0.73490413732778836,-1.95034989470654e-15
2898,0.30633444038877511,0.55686875483357468,-0.28702591289897988,1.2963860703842479e-13
2899,0.3131255874130362,0.53750611380953617,-0.19443660072018737,2.9211868625575307e-13
2900,0.30188853549828742,0.54011335907448488,-0.20256715705736641,2.1496758376952279e-13
2901,0.34716859075487216,0.47693164023732526,0.12807200102588354,-2.306374509221133e-14
2902,0.3281053726466292,0.49161077295574213,0.045207612016340437,8.2808798553100213e-15
2903,0.32043124121724886,0.4785611925702925,0.11353650241121992,-5.6238713354090387e-15
2904,0.38349293398429868,0.50692221097768131,-0.040597560984170743,-5.2102952983806156e-15
2905,0.37743789668024474,0.48387558511748013,0.093688087143057097,-3.4406324988798864e-14
2906,0.36773549423731478,0.47807768936864908,0.12561886689761262,-3.3840486206907498e-14
2907,0.35707350474287919,0.48429787219875198,0.08875309411472003,-5.1870217781011925e-14
2908,0.37346461448411139,0.46481474816388041,0.2021562139477372,-9.3536999156160244e-15
2909,0.39634910654950067,0.48652966638033945,0.080072406327550874,-1.031511389938227e-14
2910,0.28242132545548243,0.56423142996189679,-0.3044792976488731,3.6588127627422002e-13
2911,0.28195771672774855,0.55085924951662357,-0.24328960787941165,1.408687971655796e-13
2912,0.27988336777926565,0.58495194217833502,-0.39183335204016712,3.3794600564514251e-13
2913,0.28780321686734034,0.59419434171044461,-0.43845899312128567,2.6451655892141442e-13
2914,0.26797483025010438,0.58600031447074674,-0.38384552803424576,2.5179208712133649e-13
2915,0.28300961030754174,0.61084772569411128,-0.49823635474730343,4.8137244780486832e-14
2916,0.26327321348320476,0.59776439252130975,-0.42414612813509345,1.639192538088518e-13
2917,0.2905489291438072,0.6040012851832407,-0.48089740182044599,4.1541273101472442e-13
2918,0.2532749752086092,0.60183123281333861,-0.42657406011170312,3.0806440594412742e-13
2919,0.24666303346004079,0.61450427785820083,-0.46117109385387328,9.022470206320657e-14
2920,0.26807061924470127,0.56998258848088412,-0.31759933110297084,3.4676931218110108e-13
2921,0.25696971286221582,0.56547012965542398,-0.28879084584409193,1.2978605426649447e-13
2922,0.25024847357034113,0.57345710185118326,-0.31513578806403486,2.697576467614618e-13
2923,0.2514232440184293,0.58541444128715969,-0.36316827899158893,3.0086245327310183e-13
2924,0.49996736648196788,0.51772542249597397,-0.11113866264634509,2.2800276845015668e-16
2925,0.5127399701010863,0.50193022413140154,-0.012124585192001588,1.8822372749357021e-14
2926,0.50517197800650226,0.50887226319580803,-0.055706060261515297,3.063741578587922e-14
2927,0.57322856928184551,0.50401245069728062,-0.024519214328969408,1.6072321790285531e-14
2928,0.55363384540676241,0.48782995402168694,0.075299227780263614,-8.1105507607128367e-15
2929,0.56546886773444749,0.47849143112590892,0.13191287792719184,2.0963179302397306e-14
2930,0.58607463283946049,0.52380622897979223,-0.1435556901278798,8.0480987516947156e-15
2931,0.57839534714509522,0.51472464237519344,-0.089543686871030287,7.6436579120144056e-15
2932,0.64523221699092548,0.53656468974063076,-0.20442596494389492,5.6175538841474875e-14
2933,0.66146833817591066,0.5279759175080917,-0.15282750608591286,3.9339100629682833e-14
2934,0.64662277260082834,0.57689223442126292,-0.41618429347070857,4.1829312453620849e-15
2935,0.70434232237083849,0.54379539904295093,-0.2176350941668897,6.0247133772580331e-14
2936,0.71652937035225928,0.55200996995206486,-0.24955341386303653,7.1906568639786836e-14
2937,0.72985743604585873,0.54603526067775987,-0.2141456527622779,4.5805338610661538e-15
2938,0.66651198198509232,0.56605341340444948,-0.34918688648168061,1.0736023505287739e-14
2939,0.69607075390483952,0.60296546924217842,-0.49190619822521553,-3.6798946285415977e-14
2940,0.70874155869536837,0.60641515837330262,-0.49120838960847191,-2.5493181979584455e-14
2941,0.6929631253032511,0.61362800068590284,-0.53812767754751756,-4.3023547419468703e-14
2942,0.71669706856076332,0.59702426714248302,-0.44493269492190396,-4.0865386946583045e-14
2943,0.71008275146691469,0.61737245516916361,-0.53120503281832487,-3.6704303054204115e-14
2944,0.68714629950820127,0.6257878368044455,-0.5912849549827508,-1.4649375618788664e-14
2945,0.72870146176982109,0.57842964636678684,-0.35601081962675707,-2.7218611485403855e-14
2946,0.73751628581754092,0.5684537951750176,-0.30621887900426942,-7.2243640292638742e-15
2947,0.738578476542187,0.5959051447107403,-0.41490420082166418,-2.3987819297659754e-14
2948,0.63156404837137436,0.50381456872757246,-0.021867859110481336,6.1121526194399838e-14
2949,0.65163048881249208,0.51424939014671511,-0.079472796081005936,8.1965773352249417e-14
2950,0.66047989016744502,0.50551570245684041,-0.030349883390367181,9.0079599158952629e-14
2951,0.65828543673498807,0.49251020429845699,0.041277282201235582,1.0915107649837125e-13
2952,0.67233739547211147,0.49974004871334582,0.001367797400398158,1.2235839106214973e-13
2953,0.6380413868199496,0.62746498394415495,-0.65136212693734297,5.2721800939894623e-14
2954,0.63925099960132303,0.67836518932113277,-0.81533588638637966,5.6344359416541246e-14
2955,0.62633847893778827,0.68280137610824077,-0.84137688116670606,2.613344469591464e-14
2956,0.6299970938692151,0.67191694934307467,-0.80933097264230947,7.904680997542723e-14
2957,0.66030880477596343,0.68099668442468975,-0.79468133857172663,5.7017656579539705e-14
2958,0.67142027290202377,0.67575529046539518,-0.76687047713460776,1.0812186627736808e-14
2959,0.68466250917164051,0.68023708961082652,-0.75726433857530195,1.4954652464763969e-14
2960,0.6513968571948533,0.69494931762037471,-0.83639396659211951,3.5117091927279949e-14
2961,0.30916352842571421,0.56703949306677381,-0.3375213403177944,4.1319474616312873e-13
2962,0.29596725895378023,0.55097054241426102,-0.25229672008839765,3.5567886457270071e-13
2963,0.30793191141496185,0.54747733936480769,-0.24194896079268782,3.3579316071268381e-13
2964,0.34621127107190325,0.46033046017861134,0.2184553796309866,-1.1435440272431213e-14
2965,0.30442342943071909,0.48446014315750596,0.079518489897021205,-9.0517869149975766e-18
2966,0.32159397539007417,0.46490069611715773,0.18527575268177593,-5.6400728897506306e-16
2967,0.39222703239366402,0.50884672597157654,-0.052407185693195288,2.3949275264313576e-14
2968,0.38079706909514377,0.51698881468621172,-0.099114779884153584,3.1181259642292722e-15
2969,0.36358124110882978,0.45904412155644647,0.2314097609342719,-4.8802861097529607e-14
2970,0.3857993048193929,0.46226273807177115,0.21997911845161841,-1.823533161916704e-14
2971,0.37643137894510847,0.47396514418607211,0.15067507102433678,-4.4469602088328182e-14
2972,0.39813931836425215,0.47362412834467671,0.15662635171749015,-1.5727046508900091e-14
2973,0.40564636784169461,0.49371038051367416,0.037801473521493767,-4.3137916693435816e-16
2974,0.41387907152664283,0.48737425761227515,0.076386908474057658,-1.3632928971223249e-14
2975,0.42517783697911787,0.47976956636098861,0.12326621498678197,-1.814595568255399e-14
2976,0.26946124237166558,0.5476176845691656,-0.22072499165576387,1.0870353250630611e-13
2977,0.26277534929799051,0.55579111244653123,-0.25236400952603405,2.5257036005469837e-13
2978,0.2572475193609578,0.54175826098077062,-0.18757993330752715,1.1815024234434326e-13
2979,0.27898452490839459,0.53986634267122902,-0.19050382466128932,2.0536573422121181e-13
2980,0.27911997039735365,0.52699092220827837,-0.12970053833577652,5.2325775292081423e-14
2981,0.2683859483518452,0.52341916911702524,-0.10941209054324572,8.7413380236023839e-14
2982,0.27751633920624741,0.51579248408409117,-0.075774754791775395,9.1806158188360748e-14
2983,0.29003491808560755,0.52929379438006563,-0.14461538630982154,1.9334344096938823e-13
2984,0.25816598865578189,0.52947591218587342,-0.13355087891269773,9.4055714814534321e-14
2985,0.27742475024566415,0.49815262903883722,0.0088176377778316512,6.8824230132862547e-15
2986,0.24944625226875136,0.52166720999265781,-0.095765209421399752,5.7339051073301308e-14
2987,0.2384718968356721,0.52516930426733277,-0.10722862086351413,7.1640731150523621e-14
2988,0.25547837169595716,0.5121065745546195,-0.054634078634977892,6.4284231784998384e-14
2989,0.22912673545645412,0.51484457711612464,-0.061383962927183469,4.5127859443528044e-14
2990,0.25069216220105506,0.50113345799616704,-0.0050397240991843263,2.4364101684635182e-14
2991,0.23996172673656285,0.50134272521809209,-0.0057782372247986435,3.1008689099820264e-14
2992,0.24576149411631759,0.49160064360240296,0.036823637771921082,2.5914844510738418e-14
2993,0.24013348278701058,0.47823021070364408,0.093454072318202047,-3.7480550111871268e-17
2994,0.26271600383135796,0.50090300272746713,-0.0041082260808740475,4.4863718214120443e-14
2995,0.24117096577940744,0.60539267502028093,-0.42238328999543029,3.426243154319619e-13
2996,0.22984302276094323,0.59908498347078087,-0.38536680497995768,9.7013750927882344e-14
2997,0.22346552430158592,0.59189384178521998,-0.35231139975638426,3.5294262416152018e-13
2998,0.25686880247684929,0.62273455301823832,-0.50325643590718339,1.6864109228320839e-13
2999,0.26679488334373525,0.6185999364731537,-0.50411352069567228,3.2401269068102436e-13
3000,0.25156749203963213,0.63036533381405346,-0.51906739422940862,4.4090723170839958e-13
3001,0.24775005557279783,0.64410814539549399,-0.55245450702248045,9.6639780994268036e-14
3002,0.23824449565518382,0.62027318836089529,-0.46654972624331931,3.6131915454852551e-13
3003,0.22996394982240687,0.62942570217557947,-0.48039444731751263,1.0759783527676194e-13
3004,0.22658194344143603,0.61987224714040434,-0.44666475149319895,2.5741624957374428e-13
3005,0.21528231572511736,0.61236543406772725,-0.40609979839304633,5.8039066686714919e-14
3006,0.23598806839507513,0.63809877825568873,-0.51501853481568294,2.9059368917631068e-13
3007,0.22492750608617601,0.64153655818311139,-0.50422010462833944,1.3326095327948199e-13
3008,0.22378165271320455,0.60706170417361949,-0.40274817254453804,3.5627313892456965e-13
3009,0.22344686462716604,0.65313200066104393,-0.52979257635740984,2.146163228490451e-13
3010,0.23236719655340893,0.65905700487678809,-0.56089828486458637,1.5700610714838585e-13
3011,0.24693170283305196,0.65865519302474018,-0.58816396738733023,1.0296197870036075e-13
3012,0.50885287391866096,0.5195544170587455,-0.12247516530191913,2.361339752317549e-14
3013,0.58792492999111601,0.49900795929240904,0.0060576518701439082,2.3980545229671582e-14
3014,0.59413060712787802,0.50614837648647315,-0.036884846390724695,1.6049633354309546e-13
3015,0.55885633837135118,0.46717493325421083,0.20127414138248029,1.859028930624559e-14
3016,0.56381009282796768,0.45731200783473025,0.2596566000932633,5.4386663920753201e-14
3017,0.56002182897988462,0.44653236861314871,0.32376571972429574,4.6988531171475474e-14
3018,0.57312895164065647,0.45024273260410252,0.29941913505455059,6.1696098989815459e-14
3019,0.56804889179823759,0.46939366780941766,0.18671302159532566,8.3004011466097194e-14
3020,0.58061453035462129,0.4731469069795512,0.16263948609472934,4.7207042459079249e-14
3021,0.54774370958903518,0.44409111429244652,0.34022745297284218,2.6269500683290578e-14
3022,0.55731979846260493,0.43412571050358045,0.39562865529959301,4.8985869352727927e-14
3023,0.58037108092010636,0.44115989276314088,0.34985450299772536,7.0171869131017544e-14
3024,0.58601568782072344,0.4553169584170676,0.26711305547554764,9.4570785334748239e-14
3025,0.59035855314470354,0.47078776983965759,0.17507619129889812,2.8035870450019705e-13
3026,0.58185420517443842,0.48269146728361229,0.10497545340653884,1.9445337994824542e-13
3027,0.54291960572897202,0.43263327402731178,0.40709827465002912,5.6599503889787594e-14
3028,0.5665870282547677,0.42468935490232668,0.44574845328249424,2.9287305889825294e-14
3029,0.58559700261660874,0.4280329714464482,0.42117981678954547,2.4949414124795692e-14
3030,0.63597042034470963,0.53715083533206243,-0.21039411826534898,4.8272216588465355e-14
3031,0.67157590147041502,0.52726824789228477,-0.14627355109593049,9.7070158209939673e-14
3032,0.73167272899125824,0.55519782452443478,-0.25376838535728508,4.2190330837731556e-14
3033,0.72664085057611649,0.52913717124241455,-0.13783749185876043,-8.4640993950762755e-15
3034,0.7426477475164005,0.54241600789764155,-0.19057549477661695,5.8914742593473607e-15
3035,0.69604763255475721,0.63250367914439098,-0.60377175538609462,-3.786374737325421e-14
3036,0.70699074615699753,0.63080572416334024,-0.58282042671340561,-2.4933361640923947e-14
3037,0.68388141123208634,0.63790113245772306,-0.63839554978608926,-2.6605874166806306e-14
3038,0.68402540794049171,0.65140455316928192,-0.68202016952150113,-2.3710092738922069e-14
3039,0.67399017219686241,0.63990993626956583,-0.65794223079245306,-3.1923299858214322e-14
3040,0.67753124937394926,0.61765045252621864,-0.57159140354204629,-2.9185125541355632e-14
3041,0.66491584481909516,0.6208032895668526,-0.5979759833391366,-1.0870627655299187e-14
3042,0.67305469052139133,0.60751642694718277,-0.5351711579697741,-2.2177478417628832e-14
3043,0.65404125839098182,0.61663927448867495,-0.59214191018951634,1.5547103319612996e-14
3044,0.66676728533147889,0.59424155507458953,-0.48335308110508357,-4.7834657426481749e-15
3045,0.6500381780742952,0.60492732890795353,-0.54582034154140868,1.0862659301156636e-14
3046,0.72731310189607956,0.56832048264134516,-0.31443705397552019,1.6535431741711538e-14
3047,0.75277466697872175,0.56569944421857188,-0.28121102244321977,5.0530138605333579e-16
3048,0.74265828306336923,0.60989911066802438,-0.46077740808325118,-2.0300579856950231e-14
3049,0.62599816723656021,0.49665308249912071,0.019411092983259756,3.4730603573514382e-13
3050,0.64063820469587007,0.50656622987335875,-0.037311067810504681,2.8292789791962893e-13
3051,0.64354394658550507,0.48649540398031565,0.076333314711061098,1.3941812556231705e-13
3052,0.65728234171986977,0.47539118834607513,0.13552232251449017,-3.6030100239298389e-17
3053,0.68330349003312707,0.49120182229516307,0.046377947071858758,7.4710158952054796e-14
3054,0.68391217471693744,0.50797893759606649,-0.041982540406766508,3.9591773330642511e-14
3055,0.62624830642523144,0.69726069350963771,-0.87210269468399915,2.7446092006642889e-14
3056,0.6153265146528798,0.68197289299900254,-0.85080577408067648,5.5505484318803677e-14
3057,0.60305725648437269,0.68389482541185054,-0.8673411735393538,3.5876462455606806e-14
3058,0.60797755410153531,0.67518179353845409,-0.8404990552380881,6.3239350539466677e-14
3059,0.59896930855289321,0.69709979107076059,-0.89987515492337533,3.0343752968916766e-14
3060,0.59012370651946622,0.684360135855553,-0.8798746989539874,2.7888440650846527e-14
3061,0.67629556541843527,0.68831396751748164,-0.78725326762819114,7.2701214366997282e-14
3062,0.67535775600257064,0.70160792623890222,-0.81310289118483037,1.117914801978351e-13
3063,0.69114586631163644,0.67058258100129398,-0.72441974905306439,1.0673456060846515e-14
3064,0.6903552397618884,0.65996526321349558,-0.69754461116669519,-4.8344733811683803e-15
3065,0.70106619366707035,0.673993857130603,-0.71646323273829837,1.8003221815259021e-14
3066,0.71336666498573198,0.66794212200488989,-0.68185558995161333,3.3084187731919021e-15
3067,0.69442692104844705,0.68607395409665972,-0.75405988711371763,5.4206575559788132e-14
3068,0.70253891913514444,0.69584766657581865,-0.75797931022481058,5.2419432320024499e-14
3069,0.71457781326522707,0.69220971188442215,-0.73024600779232862,3.9590469035334477e-14
3070,0.71769124962963848,0.6798903083532839,-0.7010765338591759,2.6851718726997064e-14
3071,0.71924619434344661,0.70450751641946918,-0.74050668826095467,4.2640641728754204e-14
3072,0.63966879910556829,0.70419952388621976,-0.86820967433511653,4.5148474617004325e-14
3073,0.34264060561398196,0.46886455763323293,0.17107414053279341,-7.2767534131831813e-14
3074,0.31388759260059634,0.48547332584828551,0.075992571762921859,5.3458749794958539e-14
3075,0.31295420172241051,0.45745903428360951,0.21976111820022035,2.8658411188510878e-15
3076,0.29760975984204363,0.45669184095788845,0.21627590524889392,7.5515696714994524e-15
3077,0.30950909745810667,0.44651154875619326,0.27241071302526099,8.1995509900813674e-15
3078,0.30915349349674398,0.43431033265404811,0.33119030264652238,5.0982048718527619e-15
3079,0.29670029752790528,0.42739493643574872,0.35367749832672246,2.9640982681625443e-15
3080,0.31984323008935889,0.43785499520770271,0.32124338140642267,-2.5264703491015262e-15
3081,0.33010107507166925,0.43110991319797437,0.36109536060987751,-4.3399767186098557e-15
3082,0.33003532231205757,0.44273036504019336,0.30310745371291975,-1.361035547568682e-14
3083,0.32833711048722242,0.41872330760910365,0.41940334483124736,-1.6473914804949572e-15
3084,0.34036908824347656,0.42685709712830044,0.38893779761129521,-8.2762593636615628e-15
3085,0.33968510014012704,0.45009498556474825,0.27004420998192602,-2.0661293285372409e-14
3086,0.31414909179290712,0.4112830823959347,0.44141764398513972,2.7730093057669103e-15
3087,0.33221627722074121,0.408274574448176,0.47090225193182533,7.6568742222897178e-15
3088,0.35021355604012799,0.42140583301437179,0.4224512932137785,1.8836924058877829e-15
3089,0.3486616671503544,0.44446000616676018,0.3039628517094517,-2.648982846785723e-14
3090,0.35081403752557028,0.43302557353632903,0.36445326526749933,-4.3414592891357393e-15
3091,0.33535856385245638,0.39850586280647388,0.51746306942337339,2.7588967515752457e-15
3092,0.32894471083663424,0.38732291936279512,0.5584863799589016,1.772622096639438e-15
3093,0.35157571094347018,0.40788378125329305,0.48858996923236836,-1.3305952207255842e-15
3094,0.31560009164124425,0.38996814858682971,0.5334240325415246,4.5745269593913042e-15
3095,0.34174359743616833,0.38270239633160713,0.5907114033293317,-2.1529836884797122e-15
3096,0.42078737464250848,0.46655234715818117,0.20219186257332109,-2.5815223930069398e-14
3097,0.43871306199595272,0.48314134637652817,0.10377157074388137,-2.921239284420569e-14
3098,0.22391319353247588,0.50123418335893999,-0.0050685877603274488,8.2753618266914331e-15
3099,0.25209471639020292,0.47943328532744889,0.091773272631660255,-2.9362044400276411e-15
3100,0.26762088973043158,0.47058170451096915,0.13688484000588702,3.0108667984485332e-15
3101,0.25827723801176627,0.47223509443752099,0.12592946188605075,9.7009390834948309e-15
3102,0.26003673815252354,0.45939260973723539,0.1839842473538599,-6.1621051234232496e-15
3103,0.26877829296150207,0.45187506424686197,0.22262882420950306,-1.1785429250947391e-15
3104,0.26830114280748513,0.44038757349310259,0.27319366590357114,-2.1464507521644785e-14
3105,0.25796319676015939,0.43475721266837464,0.28860740214293396,-4.7484575888963883e-14
3106,0.28098366091431576,0.4438923772487855,0.26665991590097937,-9.7604956532787508e-16
3107,0.24569726205677758,0.44128562649105801,0.25151963396274296,-2.8356885258668145e-14
3108,0.2647300054740932,0.42343288118206679,0.34207151965444565,-3.955290586544953e-14
3109,0.24764605422442404,0.45447374549126635,0.19803190091006825,-4.3631561733272284e-14
3110,0.22924544312114498,0.48188758876753046,0.074858643791419766,-2.9719885816134724e-14
3111,0.22062839973884896,0.48992071197249626,0.040394007157012989,-8.5697503227323294e-15
3112,0.2286699578369058,0.46492350246524622,0.14396067394557269,-1.6299972499040778e-15
3113,0.25774609500604168,0.64563648951843378,-0.57410176332706164,2.7296026606883605e-13
3114,0.20957784710011679,0.62058243612169284,-0.42034598210308266,2.5806825677688334e-13
3115,0.20749188181869876,0.63361036862857911,-0.45160042588225202,6.5804794563274709e-14
3116,0.1947052909864436,0.6349903030803663,-0.43068537530252043,1.290963655246036e-13
3117,0.20024240272463467,0.62636686455599844,-0.419492984663702,1.3842577679749602e-13
3118,0.2488555028573399,0.6709555757886595,-0.61945611104251197,9.3337432918662607e-14
3119,0.25851520355469398,0.66314414864720395,-0.62030956672359128,6.3480273612012243e-14
3120,0.25733890893933142,0.67719443816561309,-0.64889886625166193,3.2105178551059403e-14
3121,0.27060671793171276,0.66335482562093118,-0.64295449253325299,4.1342551185403245e-14
3122,0.27509653055999184,0.67277707498493156,-0.67254691709429448,7.8871997077145746e-15
3123,0.28568086581979885,0.67606063190100163,-0.69901065439751953,-3.1064852457611993e-15
3124,0.29897290446369867,0.66632253564341404,-0.69828036375610181,-4.3482299261345264e-15
3125,0.28265865903211407,0.69039827602562498,-0.72209821384973094,-5.8390844210312023e-15
3126,0.59367761660657214,0.49063955054579966,0.056333668982131484,2.8397418007869094e-13
3127,0.59743157862620289,0.45140415932918287,0.28654113886944838,1.0194109635994452e-13
3128,0.60276644299308835,0.44193576289147946,0.33836717264464855,1.0427103481902533e-13
3129,0.60891842023402831,0.42918327290103775,0.40539130577572235,4.8633216154009887e-14
3130,0.60883245970520461,0.45764712565072591,0.24780159429383902,8.6001223190920356e-14
3131,0.61842923385475634,0.45237518754171502,0.27454559169651022,1.1925204196632656e-13
3132,0.62445240668585866,0.44333382972969521,0.32222936206489372,9.365009855481089e-14
3133,0.63064088049039169,0.45545711659828936,0.25324906057368535,6.5789894841769664e-14
3134,0.63031950171103401,0.4323361160638135,0.37817236827984735,9.0651975357957931e-14
3135,0.64351625305470339,0.45381404593445163,0.2576360567954919,9.0325250757832647e-14
3136,0.63096338132289187,0.46625523651553386,0.19296249015145611,1.7324800072256077e-13
3137,0.63172422961452668,0.47740552538515835,0.12943160426238198,1.8282182836541047e-13
3138,0.64309094997902572,0.42668386692361432,0.40049224259047472,9.7301865115351001e-14
3139,0.620373179469485,0.42564015929737603,0.41861982869278952,8.9861233071483086e-14
3140,0.64739466063245632,0.4422700877120459,0.317400434579797,1.6400309291973513e-13
3141,0.64852631888285039,0.46335512256770878,0.20370371098780121,1.9947830025255295e-13
3142,0.56244823821924328,0.41221641875898174,0.51389737066174956,2.693620535493234e-14
3143,0.57530776299236719,0.43081999349898187,0.40925221006953189,6.3068829258301187e-14
3144,0.59062290476075752,0.41545759418082212,0.48614572769540032,3.6590325387462113e-14
3145,0.72428727403996707,0.53834036578151778,-0.1818216169099699,6.1973541790611634e-14
3146,0.73765742765350795,0.53214443109588361,-0.14730947075283554,-7.4710271292853573e-16
3147,0.74207119310472269,0.5213778141600558,-0.096938228097822626,-3.524807676447062e-14
3148,0.74809385774193682,0.50648518776915719,-0.028919627481256475,-1.5499386821602543e-14
3149,0.75387774047994605,0.51988335793224194,-0.087023561341301833,-4.6774395506367186e-14
3150,0.7635242871704041,0.52223406259020266,-0.09412197043598107,-4.7918828735069889e-14
3151,0.75476052696468365,0.54142923321215985,-0.17914015710597617,-1.7863402553816576e-14
3152,0.75947236789627826,0.53198229504244721,-0.13695847944208381,-4.1124092241303616e-14
3153,0.75540766598895459,0.55369853398193014,-0.23009973229857392,-2.0930917862216501e-14
3154,0.76552310739509366,0.55778374531693498,-0.23849358572903176,-2.6934632340445054e-14
3155,0.67718538068384093,0.59474898586286506,-0.47605131300288728,-4.7564417142681172e-14
3156,0.66563296527655547,0.58228888201420292,-0.42874368530142831,-2.089444547067297e-14
3157,0.6558085174887005,0.58151441995553654,-0.4326091119016573,-4.2330636585935741e-15
3158,0.65687952674470385,0.59719978931964579,-0.50510144966321424,-2.0456132093280285e-14
3159,0.75106595954816124,0.57803032217026351,-0.33189640935663617,-3.3726248591573816e-14
3160,0.75821313025159864,0.58814467284060457,-0.36212673458360423,-2.5187902882802753e-14
3161,0.77170469283135301,0.58762543132376976,-0.34389105474527837,-2.2966540953625348e-14
3162,0.7635664385520835,0.59794066611391461,-0.39036036827301035,-4.9331794307411706e-14
3163,0.76648428684826053,0.60849023325797214,-0.42185007449526257,-5.3055893663941554e-14
3164,0.77761832859765112,0.61210489897658538,-0.41651113647518123,-7.2852770964067815e-14
3165,0.75420288123029744,0.6105460752278149,-0.44652172072758617,-5.9124985636111682e-14
3166,0.75134799710275257,0.62168128561005809,-0.48741560455210081,-4.7355211698630462e-14
3167,0.75964394742490682,0.63027126475577766,-0.5003798270192561,-5.2951759057758953e-14
3168,0.77042551868303089,0.62672569230330888,-0.4719824667705031,-8.9636714350054372e-14
3169,0.74765510288461479,0.63452504958712208,-0.53286445779512781,-4.9664561048421651e-14
3170,0.78071026454273973,0.64012189403762199,-0.49030423040887278,-2.6558565538440118e-14
3171,0.74660939435535445,0.64664598926569683,-0.56917631722071449,-4.1919117242601967e-14
3172,0.7361110113944197,0.6350883467520736,-0.55337593234290539,-3.5925660986556147e-14
3173,0.72652703980183431,0.63953142157754994,-0.58202109654747336,-2.6383043049371631e-14
3174,0.72071241082906712,0.65409139296565144,-0.63350754078842231,-6.6792320940181883e-15
3175,0.72748973567805486,0.6257106403695788,-0.53657042195198523,-1.8354185566938567e-14
3176,0.71769224429550504,0.62382540542948128,-0.54386407033686801,-3.0657445155676094e-14
3177,0.73067120820355913,0.6058021301391302,-0.46191439558335989,-3.2987559358810578e-14
3178,0.73282644945440401,0.61635500988285319,-0.49682233698201256,-4.2675897687198048e-14
3179,0.66134980387651221,0.48374175024623095,0.089213415957820064,3.3390310902250216e-13
3180,0.6804251771658254,0.47806223757143318,0.11587961095520068,1.3241411523742442e-13
3181,0.68538391817164956,0.51721957041320066,-0.090195416158647262,9.6908914124979518e-14
3182,0.69398610420258544,0.49921384947583181,0.0040332603930760763,4.1670202994347952e-14
3183,0.61581794382514532,0.70479407525688798,-0.89695238563859314,5.0666998132816362e-14
3184,0.61556142536343195,0.7171570669929227,-0.91499849702524194,2.5655687013047934e-14
3185,0.62606362158140283,0.72453481711248191,-0.91089903346663736,1.7273225378211894e-14
3186,0.60962557739813139,0.72665585171649072,-0.93113749604367435,2.1345413995523496e-14
3187,0.63807187955564326,0.71867357432507395,-0.88983521287354328,3.6025598171408534e-14
3188,0.62899392529566334,0.73541453707041715,-0.91514942428638835,2.983018927416765e-14
3189,0.60703020089667103,0.73757766266709313,-0.94120064933284842,2.2682265709163399e-14
3190,0.59640725734714106,0.72907605707820822,-0.94647728329438408,2.1842706413192869e-14
3191,0.63764564216850417,0.7292742299019852,-0.90017106566306837,4.2590184805916283e-14
3192,0.65162295232655887,0.73231054390880068,-0.88319314675396632,3.8627470461655169e-14
3193,0.62999605752972376,0.74768610232607879,-0.91745904291843883,2.1551269527092019e-14
3194,0.61582495948585769,0.74730177366569883,-0.93436300020910723,1.5232180872729603e-14
3195,0.64010309513698915,0.75010648813347969,-0.90443231620756015,7.4488069991582236e-14
3196,0.6545957379693752,0.75012026948021748,-0.88437280835378151,6.3307119582509564e-14
3197,0.61215168008129517,0.75787235419339383,-0.9372051461543015,1.370942775057855e-14
3198,0.61757634790129678,0.76897913925521966,-0.92590344539921743,8.6105782935459399e-15
3199,0.60213060904832794,0.75327041540529538,-0.94859700214368847,2.4732284532669685e-14
3200,0.59344211849169304,0.75946109235515502,-0.95554377605881224,2.4289206291434451e-14
3201,0.63263146983687446,0.76992967499793985,-0.90726635622089669,5.3812122589215255e-15
3202,0.6207591205749099,0.68999652147700441,-0.86349094287411954,1.116741465427098e-13
3203,0.592880456814187,0.70899351937503674,-0.92602995381457387,1.3068755547835126e-14
3204,0.66465612532378826,0.71111992422139025,-0.84346149829578543,3.8618547911100986e-14
3205,0.7295160918271435,0.68213234547367174,-0.68355959544217704,1.6069628566013157e-14
3206,0.73954216455723831,0.67368782322208753,-0.64772175119751463,7.9030539835601176e-16
3207,0.73827721412072045,0.69012448524418091,-0.681419690657594,1.2871698870136601e-14
3208,0.74845315897513254,0.69473467315315796,-0.66808304969826915,1.8773236971140069e-14
3209,0.73618708566988111,0.70249378653392613,-0.70447576967910008,1.7066591552695061e-14
3210,0.75991052383760949,0.68884419171041633,-0.63485458483647472,1.2520374691692421e-15
3211,0.73965589393343989,0.7132856408988234,-0.71029439719382703,2.8773686110143245e-14
3212,0.71535350345462201,0.71541696367360075,-0.76145163407220462,8.1708995730173943e-14
3213,0.64946270375283033,0.70455699173891573,-0.85549767844031099,7.9404679000510631e-14
3214,0.29384761022941713,0.47087346119210416,0.14503847508061973,1.1211622404753857e-14
3215,0.2848986104592961,0.42289807131548474,0.36328860195655105,-2.9482474529993464e-15
3216,0.28734358344265754,0.43421617834907728,0.31526438710560512,-2.2027589371760264e-15
3217,0.28118169014932171,0.41100339604111458,0.40996122982901478,-1.1296514678025536e-14
3218,0.27506063296468347,0.40149076345326118,0.4412123789159193,-4.923242525235054e-14
3219,0.29005230240853785,0.39896021224161815,0.46872860533780852,-1.2336800055918687e-14
3220,0.26139557248821249,0.399072170027572,0.43361852583940508,-3.4831539926678864e-14
3221,0.33222981627302695,0.45944100505265245,0.21791937393905228,-3.0432929014580503e-14
3222,0.30439823019186529,0.41822737029053397,0.4016160902345603,8.8136104927537738e-15
3223,0.36345433650464609,0.43676979225452534,0.35184968030395153,-2.5343726139988749e-15
3224,0.34187443409198803,0.40594906903382333,0.48965226887976421,-2.5650765598140104e-15
3225,0.35819679270878219,0.39674418353670132,0.54519758934030771,4.6342922684968561e-16
3226,0.35228275381050389,0.38839046224334428,0.57695761517868149,-1.8666920419108912e-14
3227,0.36713680683865385,0.38907580623952753,0.58666514188093943,-6.0914244054260021e-15
3228,0.37024812776605281,0.37786123869948623,0.63743718550882167,-1.4261284374711811e-14
3229,0.3815423120507388,0.39073994754451558,0.59059364706358597,-2.675159286319343e-15
3230,0.36180343044413316,0.36778605437824713,0.66990409235611226,-1.4611224250621271e-14
3231,0.3145150049531456,0.40060113686317722,0.48817475044319714,1.9898642221514307e-14
3232,0.30301955633035915,0.40555459691468476,0.45551934893714263,6.0528176390844923e-15
3233,0.30880833895293719,0.37846411063852509,0.57055041887206637,9.4292620445880412e-15
3234,0.34340561394329228,0.36908798472062992,0.64588138568141862,-1.3249160384814529e-14
3235,0.40897474670633482,0.46569408425658171,0.20514982179134664,-1.1326718828296896e-14
3236,0.44666027624758131,0.47330969405715606,0.16455718047423171,-4.6587764683719655e-14
3237,0.45869376619943819,0.47374411675546685,0.16284228628853961,-3.0952707734963816e-14
3238,0.44367994672163485,0.49512465895892743,0.03016131070703227,-4.8508880935043937e-14
3239,0.4542444369279432,0.49601513525642948,0.024765313112641418,-5.4677434614844149e-14
3240,0.46459777694620219,0.48885805240610608,0.069542748788828102,-1.4448527297584512e-14
3241,0.44299927555314189,0.5062458429365897,-0.038600928368968106,-9.5402902787795436e-14
3242,0.46577178498284472,0.49945787435581707,0.0033981927950783104,-7.1791999593571647e-15
3243,0.47786209444591921,0.51350884232610094,-0.084553566444832029,1.9786879842292476e-15
3244,0.47448022658102956,0.48427890577481358,0.098275459249743735,7.0605164869376692e-15
3245,0.4837028856496135,0.47509739440148141,0.15564554228304153,1.1751730628021936e-14
3246,0.48623534261701384,0.48862770371339542,0.07132969302825759,1.9541362102090465e-14
3247,0.467123881144136,0.51557527555211213,-0.097183573133819132,8.3629147898326423e-15
3248,0.49626455293362459,0.49050496873380711,0.059616247838352891,5.1508607436722445e-14
3249,0.48690653145676777,0.50183161342941585,-0.011499374043131474,2.7837000121262968e-14
3250,0.42965495617641275,0.49065010792452957,0.057272161558468718,-9.2085508787126361e-14
3251,0.23190575444424594,0.50597632150478244,-0.024978801915458475,5.1578713656203478e-14
3252,0.21348973874269339,0.50264973510442079,-0.010373222003086676,1.5216445804923009e-14
3253,0.20131110067402772,0.51014575827516029,-0.03769330230276724,5.3307540924304979e-15
3254,0.29086617719223734,0.44825342130302315,0.25288479678254633,2.487206923454158e-14
3255,0.23177078017764591,0.43250518377625657,0.27375659788510709,2.4042477193832625e-16
3256,0.23777567859439447,0.45900434158486414,0.1730346955609586,-5.9372414531584319e-14
3257,0.21718957475444065,0.63541797199687766,-0.4740133961967406,2.6352218605911249e-13
3258,0.29563038480407139,0.69666053759150093,-0.75637196848129906,-1.3681167953688898e-14
3259,0.26851802222652943,0.6946799792922207,-0.70237646548861077,-8.5784807543158237e-15
3260,0.25902645100761551,0.68843190206839644,-0.67322057340142583,1.9417990662742771e-14
3261,0.59718477150448868,0.43008691918635961,0.40560776551066985,7.7424031524935284e-14
3262,0.6435404326101597,0.41153381099193359,0.47490011411444133,1.1524347082043702e-13
3263,0.65411925349842559,0.42065929333937929,0.42318599917770083,2.1473931109329421e-13
3264,0.66664239968201089,0.42396769183649313,0.39814219600993628,1.6480722393665533e-13
3265,0.6684569271574764,0.43633739274235533,0.33608661778539972,2.0308700708652712e-13
3266,0.66233918927823399,0.44609541805995195,0.28991461651727884,2.2707736352252738e-13
3267,0.54924189848402982,0.40914840708207173,0.53378799526531828,2.5684767495211258e-14
3268,0.58295282803757076,0.40613725052370875,0.53734890271258773,-2.570481967692168e-15
3269,0.5739102435105472,0.39633236072248057,0.58995143257881266,-1.6429261794539268e-15
3270,0.59773732328104268,0.403657939427012,0.54248530971507736,1.2524915589658515e-14
3271,0.76250227009051885,0.56714230576891678,-0.27797062750485874,-4.9453952695926447e-14
3272,0.74725030237268597,0.58912669378173221,-0.37870883884713075,-5.0509086056132216e-14
3273,0.77631479069489273,0.57555337309293619,-0.29547465167466902,-2.9825868820825552e-14
3274,0.78737294890778531,0.56817886500106396,-0.2573192666845735,-4.9554498120115114e-15
3275,0.78118145918182347,0.59262307703564698,-0.34880540464567034,-2.9713879016476082e-14
3276,0.79338038581691783,0.59451843024561102,-0.3383527031830223,-3.6513565894445363e-15
3277,0.78509058875796123,0.60282881433871538,-0.37629813231343356,-3.8077053831012805e-14
3278,0.72119229015962316,0.66321917314936696,-0.6565933682324,1.7248230554285273e-14
3279,0.70979156403308952,0.65717278841988913,-0.65994904870476834,4.0318122285380545e-15
3280,0.70008134972146618,0.65293511573457053,-0.66298025994134135,-2.7210816158494661e-14
3281,0.70970139155534051,0.64413556825179386,-0.62230142082572792,-1.8626137196176561e-14
3282,0.66968993433360646,0.46948182292933938,0.16416580183906274,1.3320809766236271e-13
3283,0.69275947338775945,0.47327384188245109,0.13747661653920035,1.662986630388442e-13
3284,0.70457503074858352,0.49423132135384695,0.028988173549930212,1.7605998728948028e-14
3285,0.70813310033985555,0.48222803118708008,0.088337438092725873,3.8883333325920325e-14
3286,0.71739446989187816,0.49070452216823268,0.045222081667192125,1.6406290713179955e-14
3287,0.71143930217324336,0.47196161749032745,0.1380470066496394,1.1074196085784512e-13
3288,0.71695916977513374,0.45943857162750229,0.1958029669345264,8.362333410026992e-14
3289,0.72854207538426485,0.48670669375621267,0.062848082955352366,-9.3454390141864296e-16
3290,0.72690333395400486,0.50104953990021361,-0.0049639640050802439,-9.4835326338382714e-15
3291,0.73207861557951681,0.47460158939166947,0.11848080732191883,1.6281593752941776e-14
3292,0.723396440035601,0.46813930770752804,0.1518432905166231,6.0595920313308204e-14
3293,0.74259905781245439,0.47969286019594876,0.092081118039866905,1.4651026390190462e-14
3294,0.75511075809300365,0.4740935038460023,0.11276935724724947,3.2644176352223345e-15
3295,0.75307204103961078,0.48853661832061956,0.050395423092107497,-7.2348012801262001e-15
3296,0.64683324058102576,0.72351874282839701,-0.88286780158288891,1.2988598982420394e-13
3297,0.66130141118047914,0.73593599083252403,-0.87079661608365733,3.7198214873053815e-13
3298,0.64907438074317492,0.74188891983786109,-0.89089209038349859,2.0537189910630927e-13
3299,0.66427691071160377,0.75376712658050926,-0.86927053948074839,3.1956583624333604e-13
3300,0.63351717825299558,0.75966366905987093,-0.91128838430083092,7.850448220384294e-14
3301,0.64460055545183625,0.77192015667050096,-0.88997801531665011,1.049423339188161e-13
3302,0.64624836954559106,0.7839885107238711,-0.87584902038961943,8.5607634655152097e-14
3303,0.65862741855472329,0.78993062010670256,-0.85104830427365585,6.1084486337670008e-14
3304,0.63509708039386059,0.78116541608113588,-0.8937956060951735,5.2761310006820881e-14
3305,0.62550305979012399,0.78905689455060046,-0.89550674519907159,1.682704986815267e-14
3306,0.62546954206141425,0.77738971529831447,-0.90950339320566798,1.3719401926709638e-14
3307,0.62854865634073731,0.80116032647055446,-0.87248114247574204,3.2608145439669214e-14
3308,0.61408203004077322,0.79325908357099528,-0.9019426007557978,1.1448289177367036e-14
3309,0.64216576999787611,0.80613607270651322,-0.84646839025974219,2.023198564272291e-14
3310,0.62683060688513437,0.81562597919917257,-0.84424526091432828,5.9567367424250598e-15
3311,0.60510843289053939,0.80148393601237145,-0.8969828754401451,2.435986812512448e-14
3312,0.6045656181936917,0.78569947064587131,-0.92278413322119313,2.1383334008107469e-14
3313,0.59246341330926811,0.78145841288330042,-0.93935665044019745,3.2547467932120594e-14
3314,0.59384838593001543,0.77049960056176547,-0.94885302409281214,1.9339405007412401e-14
3315,0.60361112473955103,0.77499424553269047,-0.93577200652222992,1.6018302434258197e-14
3316,0.57964341785277318,0.79129399042797099,-0.93662931508751923,2.4778974517910754e-14
3317,0.5855184138781927,0.76534136835633004,-0.95948122922674695,3.6773276784964463e-14
3318,0.572549940195345,0.76526354868172786,-0.96980765982351824,8.3060499467009105e-15
3319,0.56965093254361898,0.77740325341613592,-0.96177742639637542,5.1212361710426707e-14
3320,0.56541658415191176,0.7533254660311719,-0.97890945739825563,-2.1291753827454455e-15
3321,0.592910180227326,0.71933924837706242,-0.93980652639101592,3.8144863674044407e-14
3322,0.57859372063942516,0.710892922804925,-0.94064264811071796,9.4121777652487115e-15
3323,0.67016926201087335,0.71866935236999763,-0.84390416994853568,3.1863628194239098e-13
3324,0.68103621171048834,0.73017867252172897,-0.8358803944880846,3.2295500902953506e-14
3325,0.65900053504154288,0.71856323262967492,-0.86080573364463764,2.4280838888823775e-13
3326,0.6609081797440175,0.70067174850518354,-0.83304863082107639,1.1158183336461278e-13
3327,0.76317072588787771,0.70073987602819154,-0.64501961289896126,1.783842869549364e-14
3328,0.30227246878302971,0.47522501358692781,0.12608192722782804,6.3590209927503932e-14
3329,0.28123700367796645,0.46943939906474363,0.14761122485235642,3.6853491525138644e-14
3330,0.2884393334434675,0.46180172436908512,0.18708615557662556,5.0804907231006022e-14
3331,0.27472198468889181,0.41968380577615549,0.36727521111644407,-4.0644991947957062e-14
3332,0.2898748295957172,0.38630158002633419,0.51745162475337603,-1.1126121987459745e-14
3333,0.2979376233031687,0.37899120105679796,0.55473773185720154,-1.1995278504848445e-15
3334,0.25182675812481659,0.39147377915080245,0.44821936581923272,-5.3643012908418549e-14
3335,0.24124282836875363,0.39451623356519044,0.42293685197039532,-8.7003585240721574e-14
3336,0.23389240309679274,0.40744463011711984,0.3682239466288067,-1.7065048798209537e-14
3337,0.24578817303516989,0.38202385053874494,0.47111361194287343,-7.6302834339083525e-14
3338,0.23712550177082051,0.37315356506128161,0.48490651029841214,-5.347432945613966e-14
3339,0.24988548054385384,0.37161498901228207,0.51030320973220167,-6.8173523901156093e-14
3340,0.25889551310345288,0.35840246385459318,0.56458199238996853,-1.0654199747543954e-14
3341,0.37519576379186204,0.42805570521156167,0.40363016271261543,5.0000247325191329e-15
3342,0.36921897460502962,0.44639119435389851,0.30292415621906199,-6.594424969601224e-15
3343,0.37911277900133983,0.43947439483907363,0.34469753391235469,5.0523793720791332e-15
3344,0.38762933399662391,0.445462710589274,0.31522288502995482,1.1004214452339469e-15
3345,0.39109536600046346,0.45433995230525975,0.26649107643521774,-3.4136081113172701e-15
3346,0.38256041879922209,0.40287640106117822,0.53445717107153001,-5.2893881700866833e-16
3347,0.39191386876962214,0.40990074549390759,0.50573095177556782,6.3316271844717705e-15
3348,0.37393625341188796,0.41402062275838786,0.47457003076008342,1.0553997109746599e-14
3349,0.40190530777291694,0.40566699953607865,0.53226158652747135,-4.5763343110069847e-14
3350,0.4049460921932091,0.39425361128746306,0.58923111997028654,-2.4586845042939166e-14
3351,0.40513081302111603,0.41844830012467521,0.46865458756560047,-5.1700335573180357e-14
3352,0.39529118412204128,0.3852292868917393,0.62478250243302724,-1.5595610307253692e-14
3353,0.36459244474178415,0.35540524287747155,0.71845974056071416,-3.5036457317046879e-14
3354,0.35569088478453303,0.34664176691062853,0.73822904003520828,-4.4907889698795283e-14
3355,0.37631218693123986,0.35950533580397581,0.71481792358835439,-2.8462531477337517e-14
3356,0.34455033174468958,0.35001369294102058,0.71416778205815268,-3.5417929959454767e-14
3357,0.36527284908927626,0.33871468940018029,0.7738181430156259,-5.0396494295257067e-14
3358,0.38845128712113652,0.35123891001168939,0.75550384771313972,-2.8468522704472635e-14
3359,0.37127102034284276,0.36752349249131039,0.6797369526464061,-3.5837590190698466e-14
3360,0.33786311218987536,0.35918386374599864,0.67524893036555567,-4.1040530398380431e-14
3361,0.36406216994872642,0.32432436957920563,0.8128588038108685,-4.366258970638228e-14
3362,0.37699632490715651,0.33535235941793096,0.79623000280348655,-6.1461798682247795e-14
3363,0.32197674073840371,0.36050229020737945,0.65118083231894908,-3.2496492841212563e-15
3364,0.38877933982943119,0.33218056671296431,0.81699574555593824,-7.1915147943461797e-14
3365,0.39492072649307935,0.31737406170550136,0.86236833045125927,-2.2223453011636959e-14
3366,0.38500932241181302,0.34164766816472802,0.78443617728106696,-7.5815942333380896e-14
3367,0.32033351519072351,0.37941675441461736,0.58042179334512067,4.1704421241174867e-15
3368,0.35289438575574461,0.37253313471853622,0.64265118898341422,-4.0773149032764196e-14
3369,0.49456354294285926,0.50885273245926166,-0.055566061296113585,3.5019600870197136e-14
3370,0.19802874966395204,0.50049065810374427,-0.0017773739824902194,-1.7216144323737047e-14
3371,0.18970674474917074,0.4923928995687189,0.026746850302997179,-1.9801345097246963e-14
3372,0.17410526383022176,0.49650810347601387,0.011378995530533436,-4.7681754836617008e-15
3373,0.20624431425821116,0.5217220155841692,-0.082057451192526054,1.7862492107474197e-14
3374,0.21723529019977844,0.52408649515724848,-0.095244954112546687,5.1966511118245373e-14
3375,0.2034872461806605,0.53367041335041598,-0.12534472175339575,3.9057853848489981e-14
3376,0.21896120333959451,0.53399867003984181,-0.13452161267346457,1.0342081968333813e-13
3377,0.2310360692931468,0.54385549748647577,-0.18053944783463435,3.2926305108841961e-14
3378,0.20238387335350283,0.54412472300708337,-0.16244178682742275,8.7634080806496249e-14
3379,0.21064235655403654,0.55695485296846547,-0.21533162796545982,5.1258447263682838e-14
3380,0.19324715290860028,0.5360474938649773,-0.12816910044881352,7.8323550744707848e-14
3381,0.17623768151989172,0.53953765473262605,-0.12920004429301429,3.4443028633808344e-15
3382,0.23680014734141563,0.53532663438659034,-0.14903151635126272,1.2321134028569525e-13
3383,0.24426327986565902,0.54511391364176354,-0.19419919735933408,1.1712337682049055e-13
3384,0.24052959723529696,0.5564630650541198,-0.23812005268229977,1.6296524569807678e-13
3385,0.23673211100149688,0.56608930868120766,-0.27310289422789835,2.3196927282256276e-13
3386,0.22585385863168483,0.57071366076783225,-0.27997610331454487,2.2163945090126956e-13
3387,0.21918375388448016,0.56279982236506865,-0.24429769112457622,2.1022436536899465e-13
3388,0.19111786392690822,0.5148218212516108,-0.052496151023480299,6.8365961670645427e-15
3389,0.18211586474271726,0.52329937647718872,-0.078944755866969141,7.1554402922668187e-15
3390,0.18030048961758696,0.51171673576712384,-0.03938929398889638,-3.3204623589383205e-15
3391,0.17254443256887064,0.52901763834385229,-0.093529386595262318,2.5517043678526052e-14
3392,0.16459364511827765,0.53771721164741682,-0.11605191478737829,3.4173502044821703e-14
3393,0.16138328584430486,0.52499592953712659,-0.075905830394745799,2.3038312795413496e-14
3394,0.16906300934957727,0.54727936644061337,-0.14821412604293682,9.3011890193701463e-14
3395,0.16175538079134555,0.55681962454137834,-0.17003555543730772,6.0034111968969597e-14
3396,0.16094402265825097,0.51436265871231324,-0.043672180079193434,-4.7958336494502316e-15
3397,0.15793595963073137,0.50353862552431039,-0.010622390550221074,-1.8685199685348083e-14
3398,0.16934597188857428,0.50677794859160619,-0.021536062583229602,-1.4533884119270414e-14
3399,0.14804384301551743,0.55590948614511582,-0.15422896802119787,3.9811521303750677e-14
3400,0.14446106409555784,0.49926396764838116,0.0020581449052675441,-7.3910559450327746e-15
3401,0.15545137983127649,0.54602429382498563,-0.13377156119438949,6.0571504694997257e-14
3402,0.14453373783941115,0.54154364728915716,-0.11318013920603943,4.4646839066641845e-14
3403,0.13298541762337737,0.53773373866636398,-0.095383629088384297,3.2478388726733594e-14
3404,0.14224536436620239,0.52986277963545925,-0.080607701754883646,1.3698943680063644e-14
3405,0.14244197712114465,0.519092264518624,-0.051791759583606795,-3.6608575859295051e-15
3406,0.13339711488159048,0.51102283345656307,-0.028327212373111539,-4.6682117544632029e-15
3407,0.15132027082218241,0.52394462595551994,-0.068631177596403456,9.1051953357141761e-15
3408,0.11858226284234115,0.51593570784980547,-0.036202025892720896,-3.9370191099273352e-15
3409,0.23669047421748471,0.44013663337152614,0.24854007624184873,-1.3430054127329092e-13
3410,0.24026366341534625,0.46845673407889532,0.13470496129772344,-6.6754136484259842e-14
3411,0.30428890274195491,0.68898118087352289,-0.75757219431961142,-2.2890487263931968e-14
3412,0.30947448417511986,0.67653588682829935,-0.73970772899677772,-2.5451583615735636e-14
3413,0.31052150911036425,0.69796784911196141,-0.78427104010458859,-4.0623460809219389e-14
3414,0.32261375863646313,0.69845072285362864,-0.80464130704268988,-4.9689702088036704e-14
3415,0.32728094671125546,0.68800624047586256,-0.79211468951418451,-5.8184266886573672e-14
3416,0.31812945609647736,0.71120215365836403,-0.81662408302228007,-4.6063322531991515e-14
3417,0.32456308222159852,0.67459977289972295,-0.7582939523388097,-4.2368450401959299e-14
3418,0.33983924724646575,0.69548896427398055,-0.82529035577183307,-4.6173343183317515e-14
3419,0.29188758483126304,0.70953039918769734,-0.76798099540550602,-2.9829070480792882e-14
3420,0.2865935056559597,0.69881361332789971,-0.74305209813833073,-4.6650727911157321e-14
3421,0.27388284051403428,0.68690658934401583,-0.69934009038596234,-1.1450517139725446e-14
3422,0.2660453025327485,0.70828030138119313,-0.71658155933335432,-5.5548816422919113e-15
3423,0.63039787822571325,0.40538150836059667,0.51369503842572883,1.1679833899122438e-13
3424,0.65320640901592986,0.4028242160369595,0.50827919465027893,2.273517294309878e-13
3425,0.65374157566059599,0.38854366467398477,0.57087930676019316,1.0596642401658341e-13
3426,0.54378504739278277,0.41818843703684505,0.48691667636578345,7.1215861185140283e-14
3427,0.57205762869299659,0.40707305124809107,0.53708450124968832,1.4706674117683681e-14
3428,0.56482316295852564,0.38593989885264363,0.64327275279312512,9.8874780145824345e-16
3429,0.57928678455733029,0.38459329831945871,0.64271566394767199,-9.9653062948303027e-15
3430,0.58472171105541226,0.37284782602848648,0.69140838995857878,1.5481313727144815e-14
3431,0.57713894532764076,0.36121687076642001,0.74321484823813866,9.8638067916572321e-15
3432,0.59380506583745529,0.3829628665587041,0.64182911851261537,1.1943695847641334e-14
3433,0.60951070294168841,0.40524194722006812,0.52781969392698946,5.9109689542094043e-14
3434,0.61998914158332541,0.40009581356646368,0.54614757981120532,9.5870888866624558e-14
3435,0.6157192821504216,0.4150271028725136,0.4756730304392629,6.9096027370666408e-14
3436,0.62153863402369203,0.38771047792039831,0.60172228505462122,1.9294432000351109e-13
3437,0.6097340747167741,0.37834610436281152,0.65140864753617633,9.816509713962475e-14
3438,0.63435247297949027,0.38592974283910103,0.59917162786663691,1.4018153682810563e-13
3439,0.62912583097925256,0.39499502534808711,0.56304978749445733,3.6720295711004083e-13
3440,0.64203942407637271,0.37095576058556051,0.65379607477934576,-3.7986311834345918e-17
3441,0.63507935265747939,0.37684283529468932,0.63672119318676335,5.0237724271622421e-13
3442,0.80403716231968947,0.56795972699483366,-0.23916641012802597,2.6920998514251618e-15
3443,0.71896802944732008,0.64495371917274646,-0.61034772996659592,-9.0686342556779818e-15
3444,0.66017692219050705,0.46548831423790021,0.18841664006975312,2.1898978465175036e-13
3445,0.66889524706552606,0.45804754551851251,0.224657724479399,1.695542316195889e-13
3446,0.70687430472313229,0.45162743910998632,0.23833276833180153,2.1864248089900951e-13
3447,0.73763774816595129,0.50322488746840743,-0.01492932939288444,-6.1744879367668425e-14
3448,0.75361337397388395,0.46167877553581449,0.16664278948785874,4.0882575801389773e-14
3449,0.74267941643521418,0.45539970605570596,0.20001814122981401,6.4330583057416898e-14
3450,0.72971188117842678,0.45673511972755781,0.20153980907275088,7.7854765839069148e-14
3451,0.75648033758154964,0.44940039369349571,0.21654357820286607,7.5483935240190452e-14
3452,0.73376315341354159,0.46528844909244627,0.1605547209702862,6.9242147003094646e-14
3453,0.75754514540689877,0.43488683649610554,0.27462380292482436,4.6288303308379404e-14
3454,0.76709524940612683,0.4705242453541521,0.12302679633997567,2.6527923841618951e-14
3455,0.77854624200080491,0.46284543425289076,0.14830734926572919,1.915355180356875e-14
3456,0.77698778514292333,0.47802737450818134,0.088762118588780872,2.4860409091969285e-15
3457,0.78723984556862503,0.48511994573714556,0.057967170802229497,-1.3975767258321655e-14
3458,0.802293775559769,0.48002919562935092,0.072773755894927156,-6.694412004905176e-15
3459,0.77554388375637207,0.49263981129070683,0.03006424871624545,-1.9588675997974546e-14
3460,0.74758454655603257,0.49667927136781209,0.014848284870100346,-5.2112678505636278e-14
3461,0.76044642450703337,0.49942675268597519,0.0024699061756626437,-4.6209446072867818e-14
3462,0.67295486410177485,0.77995203973679805,-0.84056750410983316,7.3004552388556902e-17
3463,0.64864160663810544,0.79625061374032591,-0.85520724204198273,9.9781547509199148e-14
3464,0.65399846512248805,0.81476351948004067,-0.81306140876210475,2.7129034563925587e-14
3465,0.63337658577228939,0.8090685781807373,-0.85104079441323222,7.7967127578691183e-14
3466,0.62900477225878282,0.8311424617785621,-0.80203349635733734,5.2930128264227034e-15
3467,0.61493850905821346,0.81697456915955879,-0.85368414315651908,2.8553314991892383e-14
3468,0.60809446213966911,0.81045336677117086,-0.87547304432181894,8.1251921329093088e-14
3469,0.57497151065993812,0.75051534350125226,-0.97225542178317437,6.5108804876152771e-15
3470,0.58465292315791473,0.74217069922091239,-0.96357173214966774,2.5163037016411673e-14
3471,0.57901261859350839,0.73348180011517483,-0.9638816874700713,1.4232181719412066e-14
3472,0.56687034496707001,0.72918657160650902,-0.96946908202210857,-5.1424797643755211e-15
3473,0.57386776800211237,0.72156805383777123,-0.95737069941748709,-1.7820339089563732e-14
3474,0.55836332283822943,0.73981486467423541,-0.98115178093208399,-4.1368683334018742e-14
3475,0.55755352360556343,0.72413192824590245,-0.97087181002229184,-7.3251275588625182e-14
3476,0.54782560001882608,0.71930333437091953,-0.97004980537715146,-1.1605521135599942e-13
3477,0.53620430048165879,0.72581015257858073,-0.98216344179220438,-8.9437910018440797e-14
3478,0.55319732931911314,0.75535401597715435,-0.98543260161176871,-4.0352852367218914e-14
3479,0.54755305326306303,0.76599676380123982,-0.98386550629847869,-4.7479313097047335e-14
3480,0.55079458141100568,0.74592692865475241,-0.98695600008274675,-1.1220112589718005e-13
3481,0.55361781431549772,0.7786668415350082,-0.96985078335142205,1.036148954245523e-16
3482,0.53890064075596888,0.76008471622682527,-0.99056195035242134,-1.4991959519499459e-13
3483,0.52873653476104365,0.76286586761683239,-0.99264029022875766,-2.254521719584911e-13
3484,0.5252838689540017,0.7739400386092643,-0.98547947771539757,-1.5597141083554032e-13
3485,0.53394211761351562,0.7814538611901396,-0.9748276746279253,-1.1170066875748165e-13
3486,0.51005851231027122,0.7731033091951055,-0.98903355726875275,-5.9946059808173541e-14
3487,0.5434272593901408,0.77757032673384852,-0.97588498640873678,-8.9625707896731956e-14
3488,0.56909764775075877,0.70718735549902445,-0.94119247677147055,-2.5969346633950418e-14
3489,0.55526011852351087,0.70648272712260052,-0.9486648172105181,-4.7913129924782005e-14
3490,0.57707486506646577,0.70201072477392279,-0.92682008530067961,-4.2397906763427802e-15
3491,0.24394247306935316,0.41493328455110234,0.35329820504833648,-7.2637224108914896e-14
3492,0.25629157420791321,0.41265295847528566,0.37608224854838362,-8.9809110118867158e-14
3493,0.24048081008866259,0.425536952033569,0.30922144704694793,-8.673599495530275e-14
3494,0.21841218012012525,0.40294379460571206,0.36288048635054587,-1.2637323276894726e-14
3495,0.36319612408919977,0.40934847606693214,0.49023545194927554,3.2504258853433527e-15
3496,0.40217812179291268,0.42974419259584273,0.40726114656575935,-3.7065612243337609e-14
3497,0.40503981216342072,0.38175557394585313,0.6463538119804435,-5.6573197789855751e-14
3498,0.41184080906913917,0.37179871747209642,0.69381765579760657,-4.6886130151140826e-14
3499,0.42508285678940588,0.36951401266081096,0.71093374585575397,-8.499655684449773e-14
3500,0.38548275893915457,0.38066443475985767,0.63787956597912199,-2.3328337538027289e-14
3501,0.40257419102894093,0.35372631022113887,0.75803040598254812,-3.9809184141805439e-14
3502,0.40511607626815366,0.36383489037446703,0.72153009054478801,-7.7215486528867891e-14
3503,0.39289340674664014,0.36268382880563826,0.71720050316851924,-4.9544861903044721e-14
3504,0.3716379660485255,0.31415819437355735,0.84597241202720841,-8.2748294905342761e-14
3505,0.22101165313668444,0.55035035324013404,-0.19906933918001204,1.8184822895276446e-13
3506,0.19715008586176466,0.56296655776808879,-0.22367702953233398,6.3217815753092365e-14
3507,0.14410737581231753,0.56692079973575893,-0.17848001179125411,7.6263577488894654e-14
3508,0.13000727114453892,0.56344728773444841,-0.15423062466456033,3.5055595978940792e-14
3509,0.13736285007509649,0.48666966363042635,0.034969674846448251,-5.6452370681552085e-15
3510,0.1421726399841948,0.5081952661440936,-0.022246263226733207,-2.7683770038728815e-14
3511,0.12175698482720922,0.52678437435152103,-0.062436036298897074,2.8704314875221375e-15
3512,0.11152925818933448,0.53161281602600008,-0.067689303536469667,2.1246117697964973e-15
3513,0.10095384943705137,0.52525720514667562,-0.049309820697842614,-5.8702327989607351e-15
3514,0.11032236773436919,0.5216447466639762,-0.046041207909952392,-1.879692868271613e-14
3515,0.087780380972375061,0.53246666638198903,-0.05515397648205389,-4.3507279623785884e-15
3516,0.091614671357040031,0.51722894660277741,-0.030645891176691746,-1.0691211669956942e-14
3517,0.083869425411368451,0.50263864451543661,-0.0043911734200853397,-9.740198116655055e-16
3518,0.094334974903390822,0.50643394770899663,-0.01190983828808583,-1.0034521320113491e-14
3519,0.093834874217201783,0.49148594622535569,0.015582038758804866,-1.8953657001168341e-15
3520,0.10534328301007699,0.50106783993769455,-0.002004522751585189,-1.3800390080691991e-14
3521,0.11768961107934048,0.49814723484404383,0.0040601084201486327,-6.2965176477314968e-15
3522,0.12082745862558458,0.48587826500919717,0.032821958492482768,-8.0849244238768431e-15
3523,0.12327313569337613,0.50678367915172062,-0.016085158555132928,-2.1172271355326152e-14
3524,0.1110025114607316,0.47417425129993823,0.055258335131038644,-4.5142980520578758e-15
3525,0.30052530492649571,0.67523197198602403,-0.72213962974147172,-1.6465762012384312e-14
3526,0.32823659584388853,0.72082652416348147,-0.84352548636896951,-6.4257943479612695e-14
3527,0.30845007581666473,0.72046664890620371,-0.80985700399647209,-6.5931389333312967e-14
3528,0.32837682819256125,0.66196646487354649,-0.73020089521046039,-2.6427805469391425e-14
3529,0.35006429532788891,0.68559537129792869,-0.81921795375578177,-5.6877930587099783e-14
3530,0.34428770904921646,0.70801283586486685,-0.85218350667728238,-8.8848111734580864e-14
3531,0.28087786715994956,0.71937964860497339,-0.75809748804531796,-1.3663636370135872e-14
3532,0.25696505896211969,0.71054834377660703,-0.70006995475473621,-7.6470303647013087e-15
3533,0.67023464065002214,0.39535929917276957,0.5256067077495632,1.7770840775006158e-16
3534,0.66291996220062732,0.401827795754858,0.50424772656673633,3.1577085289588886e-13
3535,0.55348179865821345,0.38976008959378378,0.62960361177878454,3.1453266707405103e-14
3536,0.5404613840894319,0.39146620784468678,0.62512312173059881,2.4202631739794104e-14
3537,0.5480347386634683,0.39872666514843702,0.58733677221099168,5.5656044382028441e-14
3538,0.52753948104259274,0.3944389534463103,0.61331309718720894,6.9995530363649632e-14
3539,0.53718784944572751,0.38224374740794703,0.66953618297053519,9.9083995929106313e-14
3540,0.53543764473742084,0.36802494277455061,0.73300609154663521,1.3626344529748479e-14
3541,0.55889175372832767,0.37442881034178233,0.69766160577675973,2.1419804536231781e-14
3542,0.56652638820300727,0.36434244114718606,0.73644362944107178,2.8338679442303843e-14
3543,0.56394843842827869,0.35084468714443967,0.78974742596266301,4.1972888854845605e-14
3544,0.59034362996366196,0.3582107824257138,0.74665443671811171,4.6354572907799947e-14
3545,0.62478555421586224,0.41283240222119683,0.48108183857101833,2.3108117639212844e-13
3546,0.60337141758702695,0.38618126785505263,0.62141710501306069,9.5523714834363784e-14
3547,0.61190706964672348,0.36185174603432407,0.71653960445274856,2.3002855159647903e-14
3548,0.65233766197978094,0.37679078330628041,0.62047625966440911,2.5021782891682528e-13
3549,0.64452595079217723,0.38368420481759902,0.59988176285355577,4.5204353961878793e-13
3550,0.65989851900760288,0.36678899472051629,0.65086632962754309,1.4008975869169812e-13
3551,0.65043819349348331,0.36659742008098545,0.66180053632410019,4.109783843245325e-13
3552,0.66938993912620193,0.37011564547420889,0.62764712775906706,1.751648447492365e-13
3553,0.67552465485903368,0.37992116790827851,0.58336367305736547,1.2421413270253551e-13
3554,0.79565741042936844,0.56444614758097045,-0.23581250312456423,2.3726439467482533e-14
3555,0.79581002576217952,0.57605168566010623,-0.27512503930610821,7.2721202821651994e-15
3556,0.80771725897853619,0.57992956609708313,-0.27341291742917556,9.1385547308437397e-15
3557,0.79802315767932663,0.58573606808099876,-0.30407146412510222,1.0831633984350343e-14
3558,0.81471120921483531,0.57122865610295714,-0.23807146222775002,3.6108342688798404e-14
3559,0.81440118242917214,0.58748290702306638,-0.28767646821834958,2.9345078182971123e-14
3560,0.82281319689248567,0.59567388793668563,-0.29884267810687598,6.7835043400386959e-15
3561,0.8369025814021418,0.59104006733848646,-0.26536824760417094,-1.5751105614750133e-14
3562,0.81264546847536312,0.60165895378621259,-0.33093671211811898,2.2563198150893077e-15
3563,0.81274446219986618,0.61357526855973932,-0.36330030265031898,-1.2275434224003905e-14
3564,0.80220198635465967,0.60217434754087862,-0.34861147056034747,-1.8284633492223423e-14
3565,0.8009590178024657,0.62115449955386082,-0.40367937553062372,-2.134007484500217e-14
3566,0.73339968505565989,0.44500886272432399,0.25154076749149124,1.2359589640810093e-13
3567,0.72552869364811789,0.43047034456856392,0.32133347699005577,8.9224854826533034e-14
3568,0.74562141372315693,0.43037150039993488,0.30366281090697722,9.3795844750472705e-14
3569,0.73556067816230475,0.42749871300784809,0.32483716887275788,1.3780521779973572e-13
3570,0.72762118983417312,0.4191150457406923,0.36743476079455117,1.5882883246913571e-13
3571,0.7557105593340564,0.41951977578934169,0.33641340648077583,8.7159316860854549e-14
3572,0.73833308348189963,0.43672928890535578,0.2835116659895402,1.6593138977847665e-13
3573,0.77248978952874148,0.4422942425685244,0.23240064924605533,2.1819610661607511e-15
3574,0.76578819948328425,0.44878315381129602,0.21220177875375701,1.1824808234171034e-13
3575,0.79101176865364886,0.46027824742686463,0.15081612984449896,2.9538321317405095e-14
3576,0.80246226516143226,0.45117323674124521,0.17553386110860042,1.2636828346392807e-14
3577,0.77736846715536168,0.50759391075096583,-0.030751276692849251,-2.6489748113084155e-14
3578,0.77412537366984646,0.51839295945486441,-0.075221531094187097,-5.4564111258637945e-14
3579,0.76627019860725665,0.49219614177737619,0.032767085588897765,-5.4669177397717862e-14
3580,0.66365733241915847,0.78187756435395328,-0.85347280239649004,3.4534138222347249e-13
3581,0.67146183207046184,0.79308342126254494,-0.82721428333570979,1.0875983061343945e-13
3582,0.65313324556168062,0.80498239977493602,-0.83402733228276282,1.4373431225366345e-13
3583,0.66651213978613066,0.81496492952157396,-0.79504567838119578,8.9192537833318304e-14
3584,0.65064949244549197,0.8255195726793394,-0.79168092223172215,7.898604456621248e-14
3585,0.6510187057409218,0.8401187518837302,-0.75090705794210622,2.856836306750762e-14
3586,0.63199120329613101,0.8228134408393647,-0.82114516927594905,3.9348562963829892e-14
3587,0.53909398446657564,0.73794232410504013,-0.98949088017839604,-2.0598137403227139e-13
3588,0.52518218294101393,0.72380324996531964,-0.98307011735442473,-2.4594103225794447e-13
3589,0.53034751601505747,0.71306626509366866,-0.96856678072333358,-1.3179716364179014e-13
3590,0.53364594858232062,0.70163000941837073,-0.94881155747097123,-1.2809051998181002e-13
3591,0.52472183246984205,0.70524991846830265,-0.95761317424509784,-2.1832518136600929e-13
3592,0.55229059510465395,0.79018483520742122,-0.95521643538066914,5.2140907567402683e-15
3593,0.55953432474528919,0.79901757373436022,-0.9362793611768373,6.4261591110225294e-14
3594,0.5469484851419526,0.80038497630812588,-0.93990708052905714,5.1267636347065434e-14
3595,0.56585158908649602,0.80863761883077678,-0.9129652934037682,8.4497976262407112e-14
3596,0.54284590080441641,0.8113530702479238,-0.91814910301890817,3.7303807299577065e-14
3597,0.53665930945914431,0.80016970161315637,-0.94431234726669588,1.6301544530547408e-14
3598,0.52299029608298031,0.79798609639472284,-0.9524632900948119,-3.3906378438002755e-14
3599,0.5708597537474005,0.79846464695244701,-0.93049294152275774,1.1065415726854256e-13
3600,0.57103977403948669,0.81809752505924438,-0.88728772709947579,1.4763949125921069e-13
3601,0.58288905787253165,0.81997422505603068,-0.87432675777183066,1.0629066860996027e-13
3602,0.56026438756378949,0.81821202266979143,-0.89325686530424053,1.4154186347113592e-13
3603,0.55482738424703615,0.82767323998687514,-0.87006717003145095,1.6574739235685181e-13
3604,0.54328937538306921,0.82730790394017317,-0.87603288990668771,6.6106034580900058e-14
3605,0.55004032474035536,0.8186294695457762,-0.89716126734934054,1.3129385142735898e-13
3606,0.53526757927554758,0.81916143263317975,-0.90132871247106328,6.038715544624426e-14
3607,0.52349816675655747,0.82111822583394334,-0.89920506961347335,-4.9682467456579054e-14
3608,0.53050273552179594,0.79106908242533447,-0.96225756253194406,-1.5151985296974693e-13
3609,0.58829338443465273,0.81038816111008971,-0.89323473770376993,9.0816925955958435e-14
3610,0.58366794994398463,0.80097718499735993,-0.91650895151517753,1.0817731748386167e-13
3611,0.59272611066717706,0.82059985010835856,-0.86495200407034734,2.0208872905723136e-13
3612,0.60370406272993404,0.82324644566308625,-0.84877025740718559,7.5746031993082637e-14
3613,0.57743531187713348,0.83085397614790779,-0.84796144743050261,1.4372840593739479e-13
3614,0.51930089590666439,0.83380506718090652,-0.86304058719264221,-6.1861193643138058e-14
3615,0.59553288661595605,0.80373031509242721,-0.90109328208844919,9.1046006410868762e-14
3616,0.60393597254652076,0.83420632526207461,-0.81734253969877846,2.0937134402062131e-13
3617,0.56901215149180928,0.83813781284112299,-0.83052337404759835,2.4728972429061628e-13
3618,0.58413409568809505,0.84711283660009462,-0.790916030978014,2.9641196642759776e-14
3619,0.55898158010234011,0.84166071880388771,-0.8244954869782315,2.261044596380561e-13
3620,0.55338148233318396,0.85517597139008883,-0.77843127628416409,5.9557706435220996e-14
3621,0.58404966066941433,0.8376382173676068,-0.82250612564523318,4.4469389668995173e-13
3622,0.50812698609955287,0.78513335959161434,-0.97529178617228107,-2.7417209901109566e-13
3623,0.51282218035160809,0.79472425745129827,-0.95976077398758119,-2.8677257831123572e-13
3624,0.51487405375568807,0.80580739178071592,-0.93803353695061542,-1.0166134865805867e-13
3625,0.4941330522942407,0.78430873412213664,-0.97684385673631258,-2.2371227233859284e-13
3626,0.502355398005775,0.80874225750160034,-0.93263690421363443,-2.3616659870388058e-13
3627,0.50888444655222453,0.76147341289346571,-0.99700555203565167,-3.650469470458183e-13
3628,0.50474368042567663,0.74778815013331235,-0.99988393107675266,-1.4764715828673996e-13
3629,0.51802406104226473,0.76710074767166203,-0.99239330315803842,-4.2287448349028925e-13
3630,0.54601440575762994,0.69909209784863624,-0.93916608630257847,-1.1898284630556677e-13
3631,0.55630397801234865,0.69569832367678175,-0.92759282019996503,-5.3606402612584808e-14
3632,0.23386510366870311,0.41770033251448185,0.3314240796882616,-1.1365311354441327e-13
3633,0.22498240516553022,0.40921793261247064,0.35062446984558732,-2.2127658200273177e-13
3634,0.42961875849655151,0.35498252011909803,0.7709630264307501,-5.3145684333731159e-14
3635,0.42634297241662922,0.382448204797803,0.65536882612989245,-1.0199028095241949e-13
3636,0.43811277690320299,0.38853101861261419,0.63230272429363632,-9.4293892552241156e-14
3637,0.42495034968512413,0.39801560303788885,0.58139063025259319,-2.8129763904009367e-14
3638,0.40784813103772649,0.3444143320564787,0.79474825470813892,-1.189092603328111e-13
3639,0.40783983043140398,0.33109928350118267,0.83649048356626921,-8.3820676739786545e-14
3640,0.38407025461276406,0.31003998092003343,0.86855445624505401,-1.0436032992801011e-13
3641,0.38603944688537289,0.30010655706990774,0.89063553830313225,-1.4257577424952004e-13
3642,0.38574009080388399,0.28737380211950952,0.9105401357738,-3.2823498890417615e-14
3643,0.37620032052904323,0.28992047099485951,0.89637086317937231,-1.3280608228120524e-13
3644,0.36269978674311415,0.29447277351460155,0.87305925855899569,-2.9153313095003671e-14
3645,0.19801526410806405,0.57381466430701689,-0.26058775543903023,2.205965394616164e-13
3646,0.20573600855344351,0.58764116269012789,-0.31514701980465593,7.3184764980541254e-14
3647,0.19258071895810677,0.58422042396857043,-0.28711789442989682,1.7063187942657026e-13
3648,0.17761082286481933,0.58571154817021076,-0.27161253739978752,1.0478430474846612e-13
3649,0.18495072957013803,0.56175842046628388,-0.20775659410077124,1.2690893482744879e-13
3650,0.18286852851170277,0.55145275794061632,-0.1724919875025942,1.7564524969833575e-13
3651,0.20121739673303868,0.55394852976142017,-0.19642474665074061,2.1281245873693185e-13
3652,0.12251426474714401,0.55210776572498088,-0.12081071968678887,5.1290594905435856e-14
3653,0.13860825209292221,0.55888832465068206,-0.15244295867331079,8.8736835197105118e-14
3654,0.13942713744977547,0.47557140712181695,0.064894788736599915,-1.9323596822503601e-14
3655,0.13381978202701225,0.46308010262860833,0.093869290244931319,-1.0162638723585178e-14
3656,0.15240438392850508,0.48003568994694185,0.057603693143265175,-4.5723831776523032e-15
3657,0.091005099368767939,0.54566432618211524,-0.079738574544461802,-3.2506201517886545e-15
3658,0.074862518630344738,0.53075867979795399,-0.044802480603321947,-4.0428652434034783e-15
3659,0.06485668684202138,0.53956582543451415,-0.049888592754073736,-1.5051388093882692e-15
3660,0.06736382294800497,0.52105176677446585,-0.02772830821649104,-1.1769407665352135e-15
3661,0.071528656371385516,0.51103779419922457,-0.015462369320955615,4.7914544094569168e-15
3662,0.084316775018526677,0.49300972942027133,0.011559233287804451,1.4507618843587845e-15
3663,0.086964351924673639,0.47905881814065698,0.035413436340531221,1.2667651951118433e-15
3664,0.12890575169932611,0.49023132144943971,0.024133255589749446,-2.4063249839354736e-14
3665,0.11703783254725923,0.4619455335596952,0.085092871172390602,-7.7928194085643075e-15
3666,0.33049980378884364,0.73391157567170451,-0.85707986068699016,-9.062874182780026e-14
3667,0.3054820146697631,0.7326900074577416,-0.81407260429091177,-9.2211900555460507e-14
3668,0.31947940699447192,0.65049684291931864,-0.68406495939524548,-1.2648411193342666e-14
3669,0.33971812144041469,0.66854138464965596,-0.763743018072644,-5.7347088158918008e-14
3670,0.35169805692992162,0.6620998027629168,-0.76066602203973932,-3.535695971760939e-14
3671,0.34882921638434145,0.69454951503053508,-0.8356245577199658,-1.5401492148540102e-13
3672,0.33849322205757865,0.71721443746893598,-0.85530691915123391,-9.7742076048801284e-14
3673,0.29131127379955601,0.71996426805821845,-0.77839700627785435,-6.0671201158177201e-14
3674,0.29974555600757402,0.72482505771448502,-0.79837236289191105,-7.1733654135189339e-14
3675,0.27671607056259589,0.73300016973092574,-0.75964951161406358,-2.2619277262332649e-14
3676,0.27437185734232694,0.712613536282523,-0.73783288857147389,-5.2173318002558587e-14
3677,0.66347712616367693,0.38834822667446162,0.56209828760145919,4.6266783083138951e-13
3678,0.52659762894446271,0.40448930237662084,0.56281553681306273,8.2289897724355669e-14
3679,0.52596487429756911,0.37042451530358395,0.72448525170755773,9.2431768778797022e-14
3680,0.51636297942379783,0.37706657620094486,0.69683231350996322,4.8795316784050427e-14
3681,0.52980740786327263,0.35980602670986322,0.76776415187836478,1.0262355240574321e-13
3682,0.52200927965215782,0.35054247218199341,0.80492561301481125,7.1032370332762902e-14
3683,0.50708539586711565,0.35443601682178194,0.79212575954103293,7.5240818825954386e-15
3684,0.51293359794043436,0.3417481909659178,0.83769542463667246,2.8549529269101563e-14
3685,0.51109316117968662,0.3288072653950373,0.87935131496390517,-8.8389986688423731e-16
3686,0.49712085717049959,0.32242770713422297,0.89834466458459439,-2.8863824046449413e-14
3687,0.52477947350528109,0.32445767878834469,0.88983739784223082,2.9058315151488448e-14
3688,0.54480210626403092,0.36234622886473883,0.75337490492209835,7.1996525747782163e-14
3689,0.54883639185755584,0.35191592588768084,0.7924144136831498,9.869835386300329e-14
3690,0.56585748538290126,0.33822287604932794,0.8319965217522175,5.8081649027417085e-14
3691,0.55707271939307568,0.33090537098032013,0.85941726561187082,1.2055365286951839e-13
3692,0.56661042136501372,0.32847041939409422,0.8614195752447279,2.2162024139908137e-13
3693,0.5753653602783072,0.34038111827623413,0.81941929509115474,2.1482700810804296e-13
3694,0.54232200047951862,0.33220737337876077,0.861779565370415,4.4465749549697767e-14
3695,0.54925519127900424,0.32166916751124569,0.88947653674328697,1.4592441245540732e-13
3696,0.54161432077162985,0.34337218474679221,0.82555210916123112,1.2687696984796912e-13
3697,0.54638438484823504,0.31032201448968938,0.91896284453815857,7.5006333925895269e-14
3698,0.53347924285783077,0.30471814113883977,0.9363893023623745,2.3475272517338046e-14
3699,0.55789546975863469,0.3092127088552401,0.91612992420136852,1.0721935335780655e-13
3700,0.56288361460324454,0.29872557803798494,0.93488475188650666,1.1614019449802036e-13
3701,0.56915437053587847,0.31181863713898772,0.90369924063924811,1.7922224471952704e-13
3702,0.58304400736348572,0.31211146644710835,0.89365885230216147,5.9350216145066074e-14
3703,0.57321049494018594,0.35263935382514283,0.77794821510884682,8.3663103324063956e-14
3704,0.59539532568594877,0.34480433522928161,0.79077131781580978,3.7334088411898635e-14
3705,0.59701365139083018,0.39377815374204722,0.59024779101552882,9.3470876987070615e-15
3706,0.60663178026699094,0.36954708659944746,0.69018489185648935,1.628547447532216e-13
3707,0.60119834110975001,0.35959897658246143,0.73322407662603573,1.0345682181471013e-13
3708,0.83640300873945905,0.60475015537632348,-0.30075192532561695,-3.3957165540074384e-14
3709,0.83474969439845004,0.57943903874488878,-0.23746025065864024,-9.641905795388647e-15
3710,0.82675314970110758,0.57039719543621148,-0.22159270825293859,1.5891829969300371e-14
3711,0.83262106149084847,0.55791761793004735,-0.17870031174561701,4.2752949825312274e-15
3712,0.84916936411358912,0.58638722014779932,-0.23579195337019704,-6.2857623960437939e-14
3713,0.80549512736350237,0.63003163089455505,-0.41807289434041672,-6.5345882086371614e-14
3714,0.79146176268838564,0.62568566362671063,-0.43262296146878987,-1.2392037349334328e-13
3715,0.74905603059739712,0.40815148152139069,0.38681778359288371,5.5677351195762415e-14
3716,0.76712348809806308,0.41294209197986431,0.34733181111958034,3.5545125693619871e-14
3717,0.76681301206643027,0.43496797925024272,0.26572922290086048,1.8500401151035255e-13
3718,0.80245558414159179,0.46291743426366416,0.13423089796738832,-2.9563751720281446e-16
3719,0.7982302902214119,0.43706556029796689,0.22815680766881771,1.479975321066907e-14
3720,0.81418771848059834,0.44819746728048004,0.17622078202608446,-5.0116413913693553e-15
3721,0.80688695373789909,0.4416596831117201,0.2043206047079201,5.4955704087361537e-16
3722,0.82524462362751094,0.44285743310124981,0.18336940146262626,-2.790358431435881e-14
3723,0.82726287695385814,0.42857947462107426,0.22413057083478313,-1.6668827579394647e-14
3724,0.82815740506061652,0.45715892293083776,0.13680574611868693,-3.1740378329009328e-14
3725,0.79199552858097222,0.51258553686681729,-0.048044793738735707,-2.6669993464589831e-15
3726,0.68281311880853912,0.78772348804637438,-0.81593869582041934,7.5658447048161736e-14
3727,0.68417933522039398,0.77585198056882088,-0.8261154466845233,1.4014106770414571e-13
3728,0.69299215223907717,0.78850299635784815,-0.79786921163676572,1.8714277829188903e-13
3729,0.70854091851791501,0.79520323041875263,-0.76124156385313124,1.9427397914675327e-15
3730,0.67580904485941706,0.77035145900304203,-0.84411311900778196,3.3890118542337017e-13
3731,0.67466213121147534,0.80466849967296483,-0.80324932751505895,7.5705663603472223e-14
3732,0.68027828196200768,0.79693708958647214,-0.80728118408629679,1.0327222402485788e-13
3733,0.66448024830217067,0.84294648020978091,-0.72535001012779177,3.4571767859546896e-14
3734,0.63756471540773518,0.8435500445204519,-0.7557626845626676,3.1442926322781523e-14
3735,0.64103073707977254,0.83230227832381731,-0.78540343132094514,1.9946062851998081e-14
3736,0.52946813014663852,0.84302497455375125,-0.83031941366092332,-5.671868168733651e-15
3737,0.50613608613164041,0.82925241162607777,-0.87821315666372679,-1.6857581400630698e-13
3738,0.4952421254149672,0.83532073885629554,-0.85996547387297206,-3.0874088575400238e-13
3739,0.49796187545748805,0.82015565544906377,-0.90436533911956585,-1.6912265946893893e-13
3740,0.48801826826365086,0.82095004723408671,-0.90142854910531023,-3.7739330546897379e-13
3741,0.5472135189392574,0.84707381607763133,-0.81042637364818759,1.3181697053597428e-13
3742,0.5651791874531954,0.86322827252306034,-0.74165796547957064,1.1437234059282382e-13
3743,0.54467105918181369,0.86381166302168211,-0.74760617857719314,2.3621592107326718e-14
3744,0.55501527243691673,0.86668901099269358,-0.73188277035822602,4.5493670503969695e-14
3745,0.56300572998739751,0.87350067621514527,-0.69981079794202072,1.0682086062502516e-13
3746,0.5370481105002376,0.872977083878126,-0.7111731989326513,-8.1221801306794245e-14
3747,0.54076202425497744,0.88245635225292141,-0.66762584610968989,-2.560223676784365e-13
3748,0.52689180447851469,0.87352826953962792,-0.71104632991858419,-4.4990912208876686e-13
3749,0.51451900330665135,0.88382669134640446,-0.66612588571994058,-7.2367109603771463e-14
3750,0.53001116121175618,0.86156015479089265,-0.76083610678316937,-1.8759941218974754e-13
3751,0.52294040617585913,0.89436894516837084,-0.61433980114954445,-3.2510218856242322e-13
3752,0.51882574622342825,0.85314765953683558,-0.79586952430200653,-1.6149308175689671e-13
3753,0.52229005849010235,0.81171445204076631,-0.92329856445612768,-9.0208921743786516e-14
3754,0.48156533822250885,0.77871956154484712,-0.98203315338484731,-1.8589446951638832e-13
3755,0.49945983299179397,0.77495973754878966,-0.98748189945782183,-5.3159732996835851e-13
3756,0.49692384640148951,0.75424665925750467,-0.99935965551614081,-7.2926560068581539e-13
3757,0.51524890942989032,0.74073053897904173,-0.99712600410727548,-2.6879352740718709e-13
3758,0.52550689516471027,0.74681454472059594,-0.99683060698667414,-2.8945158876625716e-13
3759,0.51386235624324628,0.75001396302062628,-0.99881230233847451,-4.2910302453693e-13
3760,0.43982058626435877,0.36275669282053419,0.74582268282568787,-1.5784381437776021e-13
3761,0.4517387499231898,0.3602908912677561,0.76051704216354188,-1.1267838181694729e-13
3762,0.45603077502734662,0.34919459913663153,0.80431468979984733,-1.6775878361696792e-13
3763,0.44992293856530424,0.37307614663251343,0.70680115357244588,-1.115898405862712e-13
3764,0.46400533667236971,0.34391946955180785,0.82564317252024122,-2.3306254737192191e-13
3765,0.47096000827040552,0.3296316509618083,0.87387188515362857,-4.3767294715569234e-14
3766,0.46027840002919268,0.37970917732208065,0.68061967182815752,-9.8812102810647133e-14
3767,0.47186534603337155,0.37474101543540661,0.70546281132495503,-8.2435638014843311e-14
3768,0.45435628016936075,0.39068360518879919,0.6275227986895372,-1.4956463879340109e-13
3769,0.47409282493700045,0.36063786547278864,0.76543250188169065,-5.1170839972444569e-14
3770,0.46128571435640453,0.4060635185534297,0.55272774780653833,-4.7041612125890899e-14
3771,0.41998316683410764,0.35086711545928234,0.78027421181571854,-1.7950447066217202e-13
3772,0.43386234568911264,0.34236888741588234,0.81826830323906419,-1.2015139693255289e-13
3773,0.4146876592026984,0.39752013494015204,0.57871637838562873,-1.5655839677332434e-13
3774,0.43526672183077014,0.39845685394971969,0.58326492192014912,-2.0781006886184469e-13
3775,0.43920072926931325,0.41079189230784352,0.52192215999719627,-9.8673011244319933e-14
3776,0.45052066023453757,0.40972354702937663,0.53071916757696547,-1.8835440681157283e-13
3777,0.4322582164250719,0.42355757502873653,0.4516943292033298,-5.4127433840201153e-14
3778,0.40267188591193104,0.32302092460753901,0.85505362992040035,-1.7626779044708657e-13
3779,0.42067789719758669,0.3273195149112979,0.85703197691727484,-1.2068487642915369e-13
3780,0.36254048629641478,0.28162830074725087,0.89030130121059292,-7.4329666849136739e-14
3781,0.35222706714805591,0.27394232021317527,0.88399584740307602,-4.2978424605919319e-14
3782,0.36758364371413788,0.26981704275410301,0.90754645558541669,-5.2450756546949788e-14
3783,0.3401439364650331,0.27901675547204702,0.86201575759365678,-4.0790386838205589e-14
3784,0.34568051255208959,0.2641334631421417,0.88133090797829639,-4.0397631568966048e-14
3785,0.36947388991656538,0.25657233995095208,0.91619267609590471,-3.6719458887920091e-14
3786,0.380825480565264,0.26790682290870732,0.92474325727319029,-4.5347299300637558e-14
3787,0.33812618651988846,0.292943421105688,0.84214910472253057,-4.7882997638833347e-14
3788,0.32856987830725093,0.27744825432329673,0.84581643475095836,-4.3382139141700731e-14
3789,0.33727514117894164,0.25586894860593667,0.87149024557387866,-2.4569739708972604e-14
3790,0.34972948447447655,0.25294978632269027,0.89039210866162544,-3.1701649453186157e-14
3791,0.3169804411180101,0.27591297753649408,0.82809335987483035,-1.975985798431133e-14
3792,0.32301175743368254,0.25825750154922017,0.84834015220797265,-1.0749712686806942e-14
3793,0.32880582051583385,0.24669863066643935,0.85839253023520801,-3.2370557043661639e-14
3794,0.35368697009078404,0.24020510500034831,0.89452768183543097,-1.5537284404261019e-14
3795,0.30981295852439006,0.2852117090906211,0.80663298173045628,-1.528036463346838e-14
3796,0.3238709276297092,0.26840892605733735,0.84498220586990769,-3.7658204793390944e-14
3797,0.32853764936089408,0.23342473376188771,0.85382024197744955,-1.7014207884027909e-14
3798,0.31416496210766537,0.29736741359913471,0.79755273124550308,-2.3720709591941016e-14
3799,0.30357460096660899,0.27525967237630694,0.80527363339552505,-9.8207430558105772e-15
3800,0.32598882728635825,0.29763686879495055,0.81606227834139977,-6.3185951543939483e-14
3801,0.3008507544121915,0.30091641036949301,0.76956920612136848,-1.2976268117201076e-14
3802,0.28919508440574893,0.27429399306318486,0.77924077903557853,6.8276865071095467e-16
3803,0.32268034218594782,0.30864672533184134,0.79178287590220409,-4.6953430767040115e-14
3804,0.33064856658888431,0.31912346287787624,0.78174857628250483,-4.659135095175351e-14
3805,0.31810204558846261,0.31924793778903265,0.7626500303744671,-4.5882666094439899e-14
3806,0.31121723620357733,0.32872957710682987,0.7297334167542322,-7.4206765139405917e-15
3807,0.31634634693348895,0.33728293008841592,0.71518024081201059,-1.4505529363754993e-14
3808,0.32692846666909037,0.3398749668829783,0.72287734187681818,-4.0607792538737097e-14
3809,0.30635939572106274,0.33743985895954537,0.69973422356179915,1.0120017295206859e-14
3810,0.2928416432954018,0.35136046545394944,0.63964139794347008,3.1111929089018323e-16
3811,0.30419045724724036,0.31932310915108597,0.74031960969038579,-5.8492027696934612e-15
3812,0.29092117539513751,0.32004419617272623,0.71647563703812311,8.8960839298855127e-15
3813,0.36667549589242043,0.30367702245600348,0.86188852731479271,-1.5162018605927288e-13
3814,0.35036034473009597,0.30040526541702217,0.84716004208490336,-8.1948098350126278e-14
3815,0.17662409413891872,0.59852112937764013,-0.30558563180260151,1.2837219227734716e-13
3816,0.18623203602267757,0.61058318019978264,-0.35354129664386508,6.5039549769233912e-14
3817,0.16462433543161129,0.59877381270512231,-0.28752747839657006,1.0524988602860651e-13
3818,0.15890028403839832,0.60833174813704383,-0.3012727269472073,1.0950086123798126e-13
3819,0.15165806191106643,0.59488626005556922,-0.25752406884755169,5.9418652778441091e-14
3820,0.1690773396785914,0.57367785372584879,-0.22609348235613685,3.2947564178334312e-14
3821,0.16782203629551096,0.5642038926661358,-0.1974947331462294,1.5092080292862211e-13
3822,0.1781411236754373,0.56921910812049081,-0.22373619706863979,1.8424620806999524e-13
3823,0.10776010259871591,0.55113719805992412,-0.10472201741664149,8.5862627886576273e-15
3824,0.11141339730353654,0.54171645545429326,-0.088733827005474622,9.9314367940485274e-15
3825,0.13944322314158505,0.45096493607782484,0.12861893116428585,-1.1043400198202195e-14
3826,0.15786134795196299,0.47035715637676301,0.0881325187165867,-2.4200883498248993e-14
3827,0.15535160737169018,0.45875153882803732,0.12014783005406408,-2.566275717314643e-14
3828,0.16940571589511852,0.4808985994661864,0.060764726670475597,-7.6773860779189272e-15
3829,0.14588885055867717,0.45794030387149498,0.1154980833699413,-3.761406868708836e-14
3830,0.16594360561097549,0.44977097585883152,0.15467195600970068,-2.231713250697924e-14
3831,0.14846585361569184,0.48966351484078502,0.029297477466478063,-3.566920656922839e-14
3832,0.082599696535194528,0.5551107993924681,-0.087109554380416135,2.560554801043908e-15
3833,0.079688232834373152,0.56575150120265993,-0.099410753203582308,-2.3056197860474521e-15
3834,0.086097839360309986,0.57624453341674187,-0.12315918668731671,6.0771028758264047e-15
3835,0.07189736745664542,0.57623312958763506,-0.10314507236262543,-1.0103240524276197e-14
3836,0.071794733988176165,0.55288505451666792,-0.072858847575825447,-9.7294426428073044e-15
3837,0.058183436109820991,0.55487945099840053,-0.061500058691509117,-9.5441752110018333e-15
3838,0.081560977207086563,0.58878524525605169,-0.13410450291340831,-3.2926931055254063e-15
3839,0.06000678517215273,0.57955339622881163,-0.089854749276363152,-1.5227712736859529e-14
3840,0.053744266119079641,0.59341156387394278,-0.093030552013777884,-8.1440002031685022e-15
3841,0.059241782562068343,0.56865789634465469,-0.077324137061473008,-2.6329172749093276e-14
3842,0.052803066580489146,0.53949299777125537,-0.040439951687101995,-1.2390070012633797e-14
3843,0.037546573649307524,0.53574123141502206,-0.026166623140377678,-4.2960257314941046e-15
3844,0.075208484280197552,0.4759793552305866,0.03511488933873308,1.1243955730452048e-14
3845,0.061295360107024695,0.48299882476000772,0.020357791325708439,1.0485898090476436e-14
3846,0.067447881543728383,0.46677647424113117,0.043669844549730621,1.4839161465124064e-14
3847,0.060618516839364166,0.47346423969930479,0.031367682727871098,3.6542385385861746e-14
3848,0.063048461583578297,0.45237072290473179,0.058044239815605476,8.2387413730375789e-16
3849,0.098183685737408849,0.47268078739846547,0.051821052201208986,-1.4633712054297345e-15
3850,0.088605797435969247,0.46888946631874423,0.053205148584236577,1.0053664097686199e-14
3851,0.089165302331483093,0.45553060719859567,0.076352003764935283,-2.5531396508568074e-15
3852,0.11120162014117714,0.44897176114566073,0.1079648647438813,-1.6270021245600542e-14
3853,0.12514908405601696,0.46665033714131343,0.079605545642778539,-1.3748569267490517e-14
3854,0.32512233566435306,0.74669124681488674,-0.85269258984802176,-1.0202711934624942e-13
3855,0.34332026283656047,0.732181118982144,-0.87573906862071516,-9.4521591633381036e-14
3856,0.33599691198353399,0.72628129236957106,-0.86029246010625937,-1.2196001991504656e-13
3857,0.35368594874664838,0.73329102708630378,-0.89104082925175787,-1.1098955441580089e-13
3858,0.30589494391057565,0.65409319554060252,-0.67533042178466229,-1.6367289470871976e-14
3859,0.32791160070870407,0.64284196946099692,-0.67002177719219547,-4.0053062548148376e-14
3860,0.34963129745612148,0.65190008186156922,-0.72645262174392433,-1.170813582171611e-13
3861,0.35916328046041285,0.67052478347461486,-0.79323401397538484,-9.7741098765866884e-14
3862,0.27295412032335126,0.72440460690681641,-0.74626365298819397,-4.3489134550491453e-14
3863,0.28527585865326321,0.74008322603934418,-0.77946044202629949,-7.0239574352673849e-14
3864,0.29606270621724934,0.73977220615826333,-0.80018477353316519,-1.1015879473466594e-13
3865,0.50936788320783455,0.36544218927538885,0.74766620645190818,5.4162610633873848e-14
3866,0.4973875492706516,0.36622863740513795,0.74487123636687902,-1.530538389163534e-15
3867,0.49881650702973984,0.34768235625147825,0.81732130753850962,-1.0612228430878898e-14
3868,0.48620479073088629,0.34358642854727456,0.83127269800345116,-2.1502097472197343e-14
3869,0.49264877420871467,0.30937010251780261,0.93079729294514901,-1.0153970477530809e-13
3870,0.54987964379241927,0.37068159633885034,0.71695012616576081,7.5203408789037082e-14
3871,0.53217964040169052,0.33143619664065421,0.86742037663812122,1.1884298149157358e-13
3872,0.52462245166397392,0.31260158951917949,0.92077704433212682,3.2765787253777011e-14
3873,0.5157850814897379,0.30344569558650869,0.94314824446259415,-2.0572129073822423e-14
3874,0.50453245792432522,0.30764012378934114,0.93508527035590705,-5.3023710114064578e-14
3875,0.51016827088537176,0.28975451598261304,0.96829996085743397,-1.2804225848046688e-14
3876,0.5368201715485541,0.29260816438739368,0.95787721315797658,-4.512611834208107e-15
3877,0.58410472990753326,0.30221264740283466,0.91389803741941111,4.9813123810439925e-13
3878,0.58025301815893382,0.28804303728991892,0.94059975773207838,3.2656077516122568e-14
3879,0.59299102761437006,0.31252200136063268,0.88479182604764306,4.1121697637245405e-13
3880,0.60378623240166052,0.30867253627419722,0.8836676251897243,2.6794644755373658e-13
3881,0.613086819464713,0.31545459466834763,0.85932832621038802,2.6791940395256511e-13
3882,0.62443167588683923,0.3108246677982337,0.85799517726016017,3.0951295795495924e-13
3883,0.60561739013956761,0.32760141482424843,0.83523547908138907,1.1175673678278404e-13
3884,0.62664623900584338,0.2965153370048042,0.88278592777989595,5.0789801243478518e-14
3885,0.58207533351074014,0.32231015918113881,0.86877605257556378,3.5481340937734591e-13
3886,0.60283494186230968,0.35042163888582489,0.76551744445111292,2.8550552673785992e-13
3887,0.84725727023123765,0.61304534866024785,-0.30100964802205193,-6.3123944839293196e-14
3888,0.83216809455285334,0.61868135717734174,-0.34133182069091222,-2.5970882724314666e-14
3889,0.82186638847559834,0.61837226228250719,-0.35956574192331536,-3.7277536114968054e-14
3890,0.82328793125051647,0.54806066992631886,-0.15677269763384183,6.7492275347386873e-15
3891,0.84321439202646342,0.56149035396913438,-0.17810554248463811,-2.0188240179315406e-14
3892,0.85343075559727288,0.55673835717850073,-0.15502658002951647,-4.2783997111173096e-14
3893,0.85707114322438271,0.54151306747568106,-0.11188015673884677,-2.3021194357204784e-14
3894,0.85576479709723896,0.56859172628229049,-0.18290560398737024,-4.3237166814997514e-14
3895,0.85395073689802514,0.57803935150011199,-0.20847747594609584,-1.2808161445782364e-13
3896,0.73690801431513253,0.40699498311753479,0.40576281154275184,1.113817041257589e-13
3897,0.73021398017029582,0.39954800373579641,0.44219013524909678,1.0398995052327831e-13
3898,0.71710190553215347,0.39696908506875578,0.46819265613611283,6.3554995915954596e-14
3899,0.74132322093456582,0.39629408852602444,0.44037691435937576,2.5157176169594127e-14
3900,0.75135368561881399,0.397274570816188,0.4236104480845953,2.3644117433533705e-14
3901,0.77350877441314547,0.4015726198441219,0.37861306976946441,-1.8155571401887357e-15
3902,0.76698810523917926,0.39314123502783771,0.41583249966111152,-9.9005808413933006e-15
3903,0.75979532509747227,0.38430544975656433,0.45535013693669829,-2.5799231438959556e-14
3904,0.77766721757225621,0.39175861317563904,0.40449322298693363,-4.9822261421270794e-14
3905,0.78575768015943126,0.37876443480745325,0.43036592947252034,-2.7405804906169294e-14
3906,0.78327400975080286,0.41305637620709201,0.32691447110103355,-1.1889759340247339e-14
3907,0.78423126689957012,0.43412301729792457,0.2522634959802974,6.2792047056953177e-14
3908,0.80609975279768586,0.4276305287404179,0.25134037340607251,4.9524662049661757e-15
3909,0.80556798903682825,0.41343946960169964,0.29687588653745006,2.4472842930989693e-15
3910,0.82282832161467834,0.41426591528728224,0.2710049984715065,-1.6368067950093915e-14
3911,0.84114152304972101,0.4319665734895104,0.19833161090474649,-2.9059402643464297e-14
3912,0.84236475177960501,0.45906370650805589,0.12085173697448116,-2.4618590354961922e-14
3913,0.82396062435661743,0.47206254313153601,0.091685617490958785,-1.1453299628460462e-14
3914,0.78418547523491022,0.51895108597455708,-0.074476983090765128,-5.5897893905129462e-14
3915,0.7860750326512449,0.50600768623893277,-0.023554718952574629,-8.4683222821871616e-14
3916,0.80001460722981821,0.50283525014810937,-0.010426538408659765,-3.4843637352231703e-14
3917,0.79847706739036428,0.49116467918706846,0.032805289953434645,-2.7554581456320609e-14
3918,0.81215846651378965,0.50055491955305198,-0.0020056152725135452,-2.2850643136745649e-14
3919,0.82756157207994041,0.49860943204046165,0.0045189457543888031,-1.9082412397761463e-15
3920,0.81879914618803218,0.5091959951373598,-0.031101017145951843,-5.1254934578343879e-14
3921,0.80033682284418106,0.52206163962522756,-0.081174085841554569,-3.5657938177689791e-14
3922,0.81526146880521777,0.52616357572053252,-0.089722609406968468,-7.8602062245010903e-15
3923,0.79867290159910798,0.53275297762217466,-0.12066242594684769,-7.8780772326434643e-15
3924,0.79569053009559676,0.54436308505661601,-0.16473452630618204,6.0112517434574477e-15
3925,0.78072844944158326,0.5464650758600601,-0.18285114096189964,-3.6185839296036169e-15
3926,0.67153921166141051,0.83409631503272219,-0.74110207895260749,6.1633580477902397e-14
3927,0.67214559349678971,0.82371081490455655,-0.76667935500118589,6.7354741691603175e-14
3928,0.67578748653046461,0.84564721603528104,-0.70210371693621842,8.6519990107855659e-14
3929,0.68883145082486208,0.84798586994242664,-0.67685971193359495,6.8784655293125238e-14
3930,0.65835819495519343,0.85298744073395338,-0.70119773503234251,8.7211627493984919e-14
3931,0.66131294113719608,0.8663735600377056,-0.65077755753369737,7.6509878361316385e-14
3932,0.62887277638757899,0.84039005235646658,-0.77461133766761414,1.995902623496956e-14
3933,0.53873104270194494,0.83775726047563748,-0.84538582677100416,6.7635703100391751e-14
3934,0.57639168178664724,0.85721130159661796,-0.75896232603951608,2.4358975880999595e-13
3935,0.5893420337323918,0.85912297835009988,-0.74366167125718996,8.7168509580183662e-14
3936,0.5936527384355168,0.85011950886271326,-0.77370860632678318,3.2339874194282912e-13
3937,0.59218960012477273,0.86840914312297157,-0.7049360480581125,2.5091343796657051e-13
3938,0.58169387836803055,0.86611330342239357,-0.72096735731490946,2.7345467134807205e-13
3939,0.5130025760528758,0.89367278474777379,-0.61909536745681459,-7.9682766318603011e-13
3940,0.50761754019237515,0.86026535012328564,-0.76917883346193439,-2.9312988204070133e-13
3941,0.5197788200033383,0.84349393954967467,-0.83056409036749013,-2.6842412759865846e-13
3942,0.52819093959670871,0.85233793760653509,-0.79700059396688205,-1.2647401862460745e-13
3943,0.47494018287338186,0.78617121765303322,-0.97101030681112033,-6.3875192186828338e-13
3944,0.46535427042240773,0.79539412816585131,-0.9538432910067387,-2.4921604923202264e-13
3945,0.47240839831085812,0.77439429481306643,-0.98449339922084012,-6.9043486040485632e-13
3946,0.45926813291546004,0.76984500883793638,-0.98399053145490212,-1.4702843508753051e-13
3947,0.48777529274912212,0.76955225623960555,-0.99174768361291687,-6.9230643886782672e-13
3948,0.46386644319170722,0.35680298328777743,0.77808864273728273,-1.6553718934438336e-13
3949,0.4814582779683485,0.35304722114223447,0.79605639544360163,-1.1637398237294745e-13
3950,0.44458164260024224,0.33578281378463815,0.84537444340308987,-1.9212176117009015e-13
3951,0.44471570967019464,0.32379743724632859,0.88090057289256607,-1.2323756868790198e-13
3952,0.45334137538036268,0.32833530419847418,0.87149333195962475,-2.6547249281987332e-13
3953,0.4347352215679966,0.31702558807047537,0.8934224251922227,-1.5678520022082805e-13
3954,0.42261097155297356,0.31286961201787505,0.89580738426202899,-1.2417979505642933e-13
3955,0.44596406745673495,0.30910937542071976,0.91832871554661011,-1.2170475461257088e-13
3956,0.41055081355162015,0.30174545730201308,0.91061050046156933,-1.5518048660188109e-14
3957,0.4219846277023197,0.30144912102121457,0.91967817177710875,-1.0464442415571709e-13
3958,0.41603574589667236,0.2926467956657321,0.93092981579530887,-9.2677304259431003e-14
3959,0.40640915323570576,0.28308469166070799,0.93661251710653814,-4.4874538517938586e-14
3960,0.43131255436043886,0.29173430901208863,0.94346713423162476,-8.1428670826010738e-14
3961,0.42649624795021551,0.33566770026327486,0.83546930679635212,-2.2599590177673539e-13
3962,0.4406843140638983,0.43073148795995231,0.4142612636124543,-1.9313974136925957e-13
3963,0.42430916159315202,0.43091069621529732,0.40862198738381866,-1.0399359438316656e-13
3964,0.42159578665029196,0.44214432618834304,0.34483179527583369,-5.9390188257640208e-14
3965,0.40878793816455317,0.44359500938843782,0.33292187484377206,-2.392656816324416e-14
3966,0.40692190466886718,0.45418718768336241,0.27177792901262915,-1.4543769631544645e-14
3967,0.4255946669214753,0.41166300179686971,0.51262161789766414,-1.2115330582533117e-13
3968,0.42109882419853528,0.42102951076632389,0.46153279004999653,-1.0555286686922796e-13
3969,0.37492114036543245,0.24748124510366007,0.92360909617538889,-5.3540142649809515e-14
3970,0.36332211968095934,0.24670878598181564,0.90901120417344172,-2.6772395200328479e-14
3971,0.39251229618963474,0.26281749522244774,0.94056867573434988,-5.4965759580490534e-14
3972,0.39499877288704399,0.24986893087847575,0.94603012819119892,-3.0682466666096212e-14
3973,0.38567533218659444,0.24265961988916349,0.93516825174874518,-5.8806556512940426e-14
3974,0.40182695232318211,0.26723992871033697,0.94715028886646846,-7.9376159379073857e-14
3975,0.41404725109679252,0.27133522057629872,0.95501219415049765,-6.7822528223512057e-14
3976,0.38599265882399986,0.23004879577362944,0.92930134275798959,-3.6173067013833808e-14
3977,0.42164629092919298,0.26083062859130662,0.96757472856351723,-4.6788608981173639e-14
3978,0.39707624740278963,0.21831285449328292,0.9294216719665892,-6.5309017408246927e-15
3979,0.41631996488477857,0.24849181650475302,0.96549507918574151,-3.3158395034683588e-14
3980,0.42764775625296947,0.27232606053210495,0.96463150959827271,-5.453536865218558e-14
3981,0.44001334353549382,0.27249813197777789,0.97246095510908126,-6.1269833554206251e-14
3982,0.44805781408326228,0.26170402568173856,0.98426576113113418,-1.2584860570353847e-13
3983,0.45072724249921114,0.27643637953797257,0.97456806024434151,-1.6775830389079049e-13
3984,0.46347431849616549,0.28249588068185921,0.97282315471548497,-8.5989319105549448e-14
3985,0.38526364450636452,0.27714022727019805,0.92213217394565505,-1.3146332631745373e-13
3986,0.3108686535956382,0.25259612715073737,0.82820581060545118,-2.1423118005932624e-14
3987,0.34355744607173777,0.23177966687658985,0.87593204307453765,-2.7053574557465824e-14
3988,0.31669857627531278,0.22811554015931901,0.83073370045445416,-1.5113683277382917e-14
3989,0.30632874649480507,0.23540154875861288,0.81698226753203484,-2.0794862867737603e-14
3990,0.30673851240794064,0.22379391149494313,0.80992996738104128,-4.3820621771506317e-14
3991,0.29822277023101923,0.21596203791111432,0.78725053580988125,-6.522335673461137e-14
3992,0.32401735357832134,0.21972931368010173,0.83557589497360674,-2.5117088359005175e-14
3993,0.29614782781122823,0.23787323557743628,0.79936589059808782,-2.6417151600763984e-14
3994,0.28520801781097244,0.24231014720525607,0.77986824825076018,-6.325931987200456e-15
3995,0.28273273732567628,0.21947756632117399,0.76213747104433527,-1.7111781011890627e-14
3996,0.32257503275326477,0.20863015396472118,0.82006561428786995,-1.8029631547171967e-14
3997,0.28697045418051775,0.23191561871061514,0.77906874303498697,-3.3023247651857832e-14
3998,0.28339559868144942,0.2569669485018804,0.77669583875168646,6.2649288009174382e-15
3999,0.31100063845327391,0.20282876587037779,0.7928260111115405,-1.7810013805041897e-14
4000,0.3018104556393808,0.19838595830694825,0.76990486016786974,-5.857819076747101e-14
4001,0.28722723574146769,0.18955073747636991,0.72879808672556612,2.0814728294833683e-16
4002,0.31877357416789065,0.19429528869432003,0.79124270460133372,-1.8731056940623101e-14
4003,0.31632116532518517,0.18439718597720056,0.76797474135752564,-2.2895850550094272e-14
4004,0.30684407545959258,0.17974499586283937,0.74247886293294341,-2.4090595838503529e-14
4005,0.29772543980393285,0.18602781187839681,0.74064090254472281,-4.5859353545632883e-14
4006,0.32855480678298199,0.18776454237548082,0.79352643579448401,-1.8629970086637256e-14
4007,0.33957258591333778,0.17599696453009425,0.78242854663970962,-6.3905836497962064e-15
4008,0.34287498749076717,0.19302379878192885,0.82480627496431214,-6.6893691637325839e-15
4009,0.29025271836930966,0.29494962539395336,0.75916542075866389,1.6242634414824398e-14
4010,0.27974255755681871,0.27944795430082736,0.75670342664915036,8.9081993789287545e-14
4011,0.26258549469360642,0.28081682032436039,0.72086488418119476,9.7173982165014981e-15
4012,0.28803507883586776,0.28513939948619538,0.76699111065099301,3.5227285617788266e-14
4013,0.3454292929470662,0.3161559217247209,0.80905388514369303,-2.1312777868651432e-14
4014,0.29808427178895314,0.3109246861378524,0.74700564501027067,7.2053642589600179e-15
4015,0.28797764587364244,0.33133506885962377,0.68570106418860621,3.2254536507784904e-14
4016,0.29477886684407778,0.34028652046908836,0.67396869014600658,4.494381052220482e-14
4017,0.28177889607803736,0.34371878393567823,0.64376820868359441,4.423191449399197e-14
4018,0.27606991832721461,0.31606186791080543,0.69787741734387942,6.0801698343215477e-15
4019,0.19675162979805361,0.60472339084945215,-0.35424890607803766,1.4354899132360325e-13
4020,0.19904985812731918,0.59502836541526316,-0.32895890600007188,1.9673318426025154e-13
4021,0.14938855283103022,0.60478190338340687,-0.2767147572161972,1.177459991470495e-13
4022,0.14044566406942585,0.58857679730712753,-0.2255192615486038,7.1491363457664149e-14
4023,0.12783651790194031,0.59439038084391882,-0.21859016719247537,4.2585348396448608e-14
4024,0.1499510581318538,0.57923374225705937,-0.2166480370433489,7.1121521653486544e-14
4025,0.10301608350940716,0.56271774459968837,-0.12205084292613104,2.0455506808964429e-14
4026,0.1081545714936312,0.57658974566125343,-0.15414914915893654,1.1837540582209725e-14
4027,0.095398373406435019,0.55532654527796865,-0.10060451618681721,1.4144159550464782e-14
4028,0.097163022417239731,0.57406478238703629,-0.13485432085336835,2.0382032337926319e-14
4029,0.13207765593460169,0.43970565376823911,0.14904125907612825,-4.6412827055493812e-14
4030,0.16074882301653728,0.48354517925067347,0.049804685915158145,-2.7857381616635283e-14
4031,0.16147701228958436,0.43555250664031525,0.19141522230382177,-3.7350927675052242e-14
4032,0.17646371017847101,0.45642868358166999,0.14230485570431045,-2.8548716125230842e-14
4033,0.19083483107953192,0.45267113692167005,0.16538154520764597,-5.6598190055614977e-15
4034,0.18060437141226324,0.46914559723526772,0.10348502915391801,-2.4815914177026022e-14
4035,0.047758757848087321,0.5612138843403105,-0.056160039579547481,-1.7628617790115588e-14
4036,0.036921173851200376,0.56879961221941855,-0.04854270289141225,-1.5653223381516994e-14
4037,0.090425713360154161,0.59597530348861449,-0.15896874074368159,1.6014694417537457e-14
4038,0.10299383930285473,0.59458940382441872,-0.17800077944176451,2.1426238683260976e-14
4039,0.081434275463821745,0.60727902617825136,-0.15794759064641353,6.4893444880085276e-15
4040,0.10394350231358546,0.58512203131360518,-0.16342815019488899,4.0264337364151086e-14
4041,0.11333032803217477,0.60328417321725203,-0.21075388308690343,4.5436565816993888e-14
4042,0.063942589414133832,0.60030938262670297,-0.11746842434248221,-2.1811146679976434e-14
4043,0.066489091579961065,0.6122803362159227,-0.13456173086055381,-1.2805105845661925e-14
4044,0.063158591280727136,0.62510340329637415,-0.13947601885659439,-7.5736405184930805e-15
4045,0.045053346617125511,0.60165245442427839,-0.084051699678547823,-2.4199454923801585e-14
4046,0.065805152127642,0.49377531629399418,0.0079953235195752616,2.0367765203739533e-14
4047,0.052179588881189815,0.49587751310360362,0.0041559830664497444,1.763432419825114e-14
4048,0.052049956806229848,0.45469602784638519,0.045660586500086198,2.18286148202147e-14
4049,0.050046005340164249,0.44162676241931786,0.056272999019912923,-9.5534595058435007e-16
4050,0.074176229465907115,0.44446365347015065,0.078872641529164469,-5.0972378235059294e-15
4051,0.10013039008815174,0.48303639950315608,0.032880932416299261,-6.6319718484080156e-15
4052,0.099458544449826866,0.4498156190492329,0.095293286392522242,-7.104196912598378e-15
4053,0.33406980966222877,0.75756805633946533,-0.86607374059117614,-6.5188017864352037e-14
4054,0.31497942416623059,0.74954481692468367,-0.83586396200743729,-1.6135446275054858e-13
4055,0.30563939373289833,0.75933361148158496,-0.81787076004471493,-6.9274068305446012e-14
4056,0.30978100593754182,0.77180342423607973,-0.81879201052161421,-6.1671375359812487e-14
4057,0.29626015270323414,0.65671339333199186,-0.66804360877353519,6.8693443508798912e-15
4058,0.30263434784422422,0.64446684155547862,-0.64133400980622524,2.1198455242590516e-14
4059,0.33048943515011592,0.65234716671435389,-0.70430927751405614,-7.8500794433331357e-14
4060,0.47804261032214612,0.33719872802082534,0.85143633266570939,-1.5140511333652251e-13
4061,0.48898482834625856,0.33162545420860529,0.87077798509688209,-5.5375324513880411e-14
4062,0.47938082241204066,0.30471969932430021,0.93941093491186589,-1.1046821551676517e-13
4063,0.5060971108595288,0.29830241563388155,0.95400922625415618,-1.4589852977668271e-13
4064,0.49952153776805996,0.28477973241878146,0.97615331780316594,-1.3681211501541228e-13
4065,0.52082560043763537,0.28003037651274643,0.98023368374091946,-5.5224568563389364e-14
4066,0.53001009530461396,0.28480955316544998,0.97155342989733495,-8.1545508955197141e-14
4067,0.5708450330101863,0.29183409266918603,0.9414718445513558,2.4579080992149882e-13
4068,0.5765661658459772,0.2774434152592834,0.956711210112838,9.3877344774860465e-14
4069,0.56638691113574202,0.27002415462643437,0.97067667180336104,-5.2538270313812798e-15
4070,0.58918898586771962,0.27430467042522144,0.9498326068186892,6.21305668374928e-14
4071,0.56378747964186526,0.25630794602087537,0.97928430301842428,-7.7620105287029793e-14
4072,0.58900220263620029,0.28395851311857284,0.93949408504097576,4.3776354878027925e-13
4073,0.59028806338692597,0.26208438583496563,0.95727983585848619,8.0798684091714651e-14
4074,0.60171855975047073,0.27053500667476615,0.94152365318947495,1.1864708801870226e-13
4075,0.58015261518484651,0.25270410734654863,0.96823529945336639,-3.1275473124227942e-14
4076,0.61802350288674301,0.26390619135960841,0.92824233958612501,5.0447377555456153e-16
4077,0.60860957237995772,0.27894008183893387,0.92703105444829692,4.0354681928104058e-13
4078,0.60854400586951529,0.26395650529016079,0.93897282369239554,3.9619173866780236e-13
4079,0.60151579489364193,0.31844518707513891,0.86299654964827655,3.5955379381647625e-13
4080,0.61414576845991131,0.33425662184733318,0.80821721168942673,2.5627558648522733e-13
4081,0.62588024133959375,0.3348757741285473,0.79466000254316804,1.7169045969841064e-13
4082,0.63354266257865355,0.32311594662719101,0.81867166282866111,1.8579505722501118e-13
4083,0.62984543387303538,0.34488079741213518,0.75940842811303422,2.099827410076277e-13
4084,0.64187433993089926,0.34917344738159078,0.73285824534168242,1.6430886022849184e-13
4085,0.61964918319270101,0.34785159576340036,0.75989317794936972,3.3259774635384969e-13
4086,0.65281662291153708,0.33825815808370024,0.75403355771639891,6.0158509081600822e-14
4087,0.64124442252772484,0.36007000358290486,0.69561728833353942,3.0837302017151766e-13
4088,0.60220437160763074,0.33721184356370232,0.81018180211941759,2.8457569087389914e-13
4089,0.61724864331052642,0.29496118243815983,0.89544583555596613,6.2293704074813336e-13
4090,0.62889417996683927,0.28516173175334392,0.89663607276392721,3.6343201637023273e-13
4091,0.64207015507573406,0.28323036933056606,0.88253590871373755,1.6603366192616838e-13
4092,0.86067160535952303,0.60795965221766668,-0.26608181341386056,-7.660249220392711e-14
4093,0.85599462764864676,0.62182085886385441,-0.30287591016833065,-1.4933187157958277e-13
4094,0.86366700944798835,0.63215757143987217,-0.30657419978336192,-1.5498335147435339e-13
4095,0.87802478122872274,0.63075421305569379,-0.27364491747152475,-7.4667044019413679e-14
4096,0.85034067449471828,0.64202115363377266,-0.3527790533811529,-4.4137867769678813e-14
4097,0.83067116499707849,0.63475440084699442,-0.37996837491790575,-8.6326317270263102e-16
4098,0.8342124176843192,0.54470585487870982,-0.13784891388956494,-1.1889778652419227e-14
4099,0.84397323126422263,0.53116350199712037,-0.091678605197479265,-4.4422370219760831e-15
4100,0.81136588064038861,0.55139587665268952,-0.17724447945943447,2.0474790538003036e-14
4101,0.80158935328476666,0.5522009776093747,-0.18815870818772854,1.6779329107928405e-14
4102,0.81758454822430204,0.53886201351810636,-0.13111561895089502,5.9540453480637092e-15
4103,0.71171781298416592,0.40886388185388201,0.42630277165482344,1.0974777880501138e-13
4104,0.71864876873189443,0.41557300071163777,0.39111190699343851,3.7886985065339245e-13
4105,0.69904874346276014,0.41506778696202518,0.41249100530557414,1.8727480090283489e-13
4106,0.70561550060367473,0.39893578149967207,0.47377806265269762,3.4408077629869318e-13
4107,0.72024291961750886,0.38649836488259143,0.50363411122244073,8.8319561063412091e-14
4108,0.71514819636512617,0.37604932392708895,0.54793359822774657,2.3859477894278286e-14
4109,0.70063319437397487,0.37435380455650402,0.57359217996290024,2.9054331314476077e-14
4110,0.72647695943963264,0.36769469468740862,0.55955400824578216,-2.5397765500932821e-14
4111,0.7282002984410314,0.37870126917366376,0.52046842806746285,-1.7942592125978288e-15
4112,0.74033115156208962,0.37116369587826881,0.52725357754275248,-1.2891329410315539e-14
4113,0.79412693324495665,0.38835687526050494,0.38888634403202604,-7.2090486324498943e-14
4114,0.80792378778759788,0.3896780692419578,0.36258263741426866,-2.7128698512019632e-14
4115,0.79962939532831123,0.40099763993809556,0.34302728882455158,-2.7229862037470442e-14
4116,0.7755444520182585,0.37173481719642831,0.46757188522418724,-5.9365278899195442e-14
4117,0.76481728612756361,0.37429560755233682,0.47826145179453644,-6.406223740992598e-14
4118,0.76400131632279344,0.36150719321854347,0.51630231818747852,-5.3479040235532459e-14
4119,0.75200022872420447,0.35794280061900163,0.54705168699697715,-6.1806953754006093e-14
4120,0.76853847206981396,0.34983906501047379,0.53812009372976155,-7.6015644281642442e-14
4121,0.74428213437904889,0.34822541551929981,0.58702839154441189,-5.3718037638606932e-14
4122,0.76643613081913031,0.33493186383078755,0.57655244432026387,-6.0153835786789317e-14
4123,0.78075244287352874,0.34768405941348351,0.51953863889738161,-1.1132947596731861e-13
4124,0.73170946454505836,0.34359215382963743,0.62116943118926438,-4.7765121619043837e-14
4125,0.74873905527869478,0.33675409651982841,0.60683533333497419,-7.2330264753660703e-14
4126,0.79426477304839738,0.3422727490621858,0.50392990591131093,-6.0776163648527647e-14
4127,0.79111861667220862,0.35790207229507104,0.47527216666462657,-6.9090130963625315e-14
4128,0.74771945918897609,0.3243861699305659,0.63573653624983339,-4.9531380715124343e-14
4129,0.78586636762553108,0.3676723910275026,0.46028793073853713,-7.8636630262837543e-14
4130,0.75773756880751009,0.31955968610899649,0.62470439410071898,-1.0407307002080992e-13
4131,0.79695525176581283,0.3673365736374915,0.44088574555224547,-7.6840528169638148e-14
4132,0.76168931427122843,0.30689612141619649,0.63767673218292587,-7.0849695962173072e-14
4133,0.81174937645515521,0.36746600466261026,0.4125275229953238,-4.9884452454656705e-14
4134,0.77516044231965764,0.41841268146828398,0.31827531256852098,5.3738314977615813e-14
4135,0.79445193524622526,0.41144762234446852,0.31775481582643894,3.5880425189756367e-15
4136,0.82707908636899663,0.40200120312098486,0.29855436277982755,-2.0144488862477278e-14
4137,0.82325732201938506,0.38715424157361122,0.34318938603914589,-3.5246755215291348e-14
4138,0.83875533621786946,0.40596762487240778,0.270380257536743,-5.8569238351929513e-14
4139,0.85262915403799577,0.39786356057795114,0.26733429991019331,-2.383034426622774e-14
4140,0.81686733451381421,0.42395644402785709,0.25014121189443111,3.8741376655559962e-15
4141,0.81432803041830903,0.41114024886810374,0.29181410185568873,9.1756585198393697e-15
4142,0.83265249479247216,0.43662294503145854,0.19453079133694065,-8.8882922392130159e-14
4143,0.8518441593420657,0.42154698704322452,0.21228472759014497,-3.3740762263419966e-14
4144,0.85224412182815457,0.44259417747102431,0.15789579506061049,-3.4293848892019513e-14
4145,0.83437699970669088,0.4647054564154699,0.1093393765229894,-9.8238491054494656e-14
4146,0.8525566801571085,0.46853543681778842,0.08771584178205459,-7.6642903689345613e-14
4147,0.81175363728753192,0.47231020064048318,0.096583531696464706,-1.1267272244298823e-14
4148,0.81800516061083273,0.47948272936328151,0.069629848897443641,-2.6988404378616092e-14
4149,0.83907457412171649,0.48844470759117598,0.035169487352254503,-8.5139523921636181e-15
4150,0.82921396817779958,0.48237892231003487,0.056561548443962571,-4.5925884832089804e-14
4151,0.83288097343046075,0.50728509035415714,-0.022997012629377832,-6.3769962756966397e-14
4152,0.84245804755909603,0.51735179794287944,-0.051711682379859208,-2.0137700906631941e-14
4153,0.82522697286844549,0.5256074312580139,-0.083657951437159123,-2.710034257454487e-14
4154,0.78265524756468008,0.55613455865501993,-0.21792704711581773,-1.4932411502515845e-14
4155,0.77297870452132889,0.53937408294812361,-0.16015948595040838,-4.1243278960621729e-14
4156,0.78295878144342845,0.53624720250936386,-0.14237478565209116,-3.3013381896425908e-14
4157,0.69422607951219806,0.86344534497771941,-0.62000219844693094,2.0652311978523542e-14
4158,0.67338589420401285,0.86718609244319877,-0.63367678122330284,8.7463710700936199e-14
4159,0.68190508420326679,0.85822665198883208,-0.65391400506344166,7.7688229827850644e-14
4160,0.66994635108483924,0.88062190097868076,-0.58695141834227005,9.8659292013369697e-14
4161,0.64734700316686589,0.86810856914833334,-0.65967814423064364,7.4327885807190807e-14
4162,0.49777352977810463,0.86362969731751049,-0.75574305801681696,-8.7243368635173857e-13
4163,0.45896267028340854,0.80505936033911651,-0.93320155247058822,-5.9971639815172019e-13
4164,0.44763077136036356,0.80556480131393138,-0.92700029522486183,-6.9404979925568522e-13
4165,0.45811235226206348,0.78847505013298447,-0.96258006601646873,-7.1842176716983491e-13
4166,0.46647003686545135,0.7596775979234317,-0.99282837775310739,-5.2197304846222448e-13
4167,0.45008600610621086,0.76589145933691516,-0.98257479614631804,-7.2244057215680204e-13
4168,0.43859389714138758,0.76274811555092048,-0.9784164579845781,-2.6007209149224275e-13
4169,0.43178080603511082,0.77251611161504441,-0.96727849608518568,-2.6462940607372179e-13
4170,0.4366108616606092,0.78582906048579648,-0.9555737393267878,-1.1127312407759863e-13
4171,0.42564138293634074,0.76240866997784584,-0.96982202372805915,-1.7634989583678351e-13
4172,0.42097015858690839,0.75243312393659523,-0.96905456413805002,-3.6358252139221588e-14
4173,0.41578480624588704,0.76367508410934426,-0.96162061648816621,-5.1385963259104265e-14
4174,0.45924289688217163,0.3056135842596841,0.931881610653433,-1.7102121183031839e-13
4175,0.39634712258035815,0.28556099806785601,0.9238022349052476,-1.2962950053003225e-13
4176,0.44261833459558353,0.2970656899115916,0.94109001924935132,-1.323491524872776e-13
4177,0.4538295892357973,0.29090198831272784,0.95709079020125143,-1.7874628782006629e-13
4178,0.39895828150854146,0.44904687278815297,0.29892113249093766,-4.3947215831296191e-16
4179,0.36483181823756988,0.23623164961575299,0.90774920168353446,-3.906543248726024e-14
4180,0.37061124752450725,0.22529950888047559,0.90743860850170932,-3.375082432297656e-14
4181,0.36210530421379233,0.21445413249822831,0.88513090050411836,-8.2114321135671973e-15
4182,0.39989431940486619,0.25752202678730152,0.94965746038385956,-6.7476737504322343e-14
4183,0.39574692544051182,0.22815914345134777,0.93766005314911627,-6.540769308740478e-14
4184,0.41073610189339166,0.22516991469393113,0.94936409238511899,-9.1938191201455939e-15
4185,0.40548937771885579,0.246548483138536,0.95587278465669157,-5.300454772717716e-14
4186,0.42978237767542327,0.24880435538393583,0.97577152140047418,-4.7230327608117008e-14
4187,0.43277500055906215,0.28140802957567612,0.9585915455861872,-1.318037830873459e-13
4188,0.47199083824027266,0.27253867578955404,0.9859697506791365,-2.0416151982353021e-13
4189,0.47319149303328883,0.28624373420329036,0.97064165220675513,-2.5343604007493455e-13
4190,0.48129681663916474,0.29380317828227737,0.96041508402732534,-2.4982331829829157e-13
4191,0.30069708879584583,0.2592378128393884,0.80877578017215146,-7.7770544333538591e-15
4192,0.28437873840405115,0.26627197155940369,0.77490341069415569,1.150463243561602e-13
4193,0.26945208562477818,0.25699551429206335,0.74813231803105062,7.8897738639563867e-14
4194,0.27372768617976601,0.24578785231176908,0.75754150002967657,3.7109858205366551e-14
4195,0.2622027041568778,0.24781057606019644,0.7334325467024212,1.6435797255199612e-13
4196,0.26123712443003722,0.23284986861497267,0.72744710160599269,1.6303206552786868e-14
4197,0.28931412024963532,0.17695231074478585,0.70722661454985758,-4.9713444898909749e-14
4198,0.28428237408588514,0.16289256135438149,0.665221532721471,-1.4188430751702842e-14
4199,0.33981547629876913,0.20444415894340756,0.8401424673682738,-2.3323486979840261e-14
4200,0.34474672274426055,0.21518496373951407,0.86227633679142512,-1.4691611616492682e-14
4201,0.33761901537456801,0.18520953702113024,0.80115844897324318,-4.4738147515665695e-14
4202,0.35455499270637436,0.19419021225525562,0.84251029598575544,-2.3786126151051562e-14
4203,0.36108074256820405,0.20196183021561315,0.86505530347067494,-2.93426486156101e-14
4204,0.34342624301636976,0.30688161829357158,0.82566499538771376,-1.3521171114665461e-13
4205,0.35495155934675471,0.31977063590038513,0.81294657214829324,-1.4029655258696273e-13
4206,0.34039390380697027,0.32936934491757192,0.77018139159317844,-6.8548406285048481e-14
4207,0.33960158768279036,0.34026945684534099,0.73853419196159742,-5.9431926266669796e-14
4208,0.28321872410275978,0.35346289360041344,0.61844893579992444,3.8384947296380061e-14
4209,0.29022646253527007,0.36246415803908927,0.60118594910583034,1.9294915454169937e-14
4210,0.26559969052550481,0.34356371926416979,0.6165656128413739,-1.1217403230055667e-15
4211,0.28199249694032308,0.32365834112036551,0.69272371456451864,9.2368621080282315e-14
4212,0.26482211188192289,0.32392628105164117,0.66087432910765953,2.5067301544474521e-14
4213,0.27600794618397534,0.30295865073336098,0.72061266117525058,3.3815734055744811e-14
4214,0.26420441380674087,0.30956623110844289,0.6869402163778785,3.4460987945938906e-14
4215,0.26848712073579067,0.29569313792629892,0.71640206368036807,7.3880937531175198e-14
4216,0.20763192084929552,0.60462843149026679,-0.37096043809904339,2.7439084680478132e-13
4217,0.12836984479487001,0.60718271888166242,-0.24470298779645649,6.0085283815840589e-14
4218,0.13861254196851999,0.61329409333813756,-0.27547860776656652,1.0748709176744715e-13
4219,0.12907518795659809,0.6176396554701874,-0.26565647371653389,8.6249043024162823e-14
4220,0.12493837499130414,0.58153992246583974,-0.18750878793609083,5.7629277783908689e-14
4221,0.1597742325979549,0.57735097031013849,-0.22459748776409327,1.6659462383348429e-13
4222,0.12015935994864625,0.44100372145726674,0.1334070630423379,-3.495675696568794e-14
4223,0.12029478414143932,0.42918466944719241,0.15883147293060884,-5.5763444306808427e-14
4224,0.14612092303853333,0.43298246825615078,0.18102721997470611,-4.8087616781914171e-14
4225,0.17003474286774964,0.42535602959767632,0.23012808651535452,-9.5371240343687239e-14
4226,0.16958593574343311,0.4408159704433105,0.18452905422851154,-7.1311417128163951e-14
4227,0.19303850095405828,0.43653039987812065,0.22129976446174779,-9.5597304115000493e-15
4228,0.20264395994771192,0.45279623930975504,0.17373841103349741,-3.5453543919446866e-14
4229,0.20012693959164071,0.44331354078201574,0.20503763169017591,-3.5485324915013899e-14
4230,0.20523530846376362,0.43306031679511403,0.24538110826092288,-5.3618027074289996e-14
4231,0.21680177887545563,0.45640300307793275,0.17041538885328048,-1.1948634330589467e-14
4232,0.21303282794017128,0.42390348764531044,0.28538495532627939,-6.4234575424334943e-14
4233,0.2085476394658107,0.41158219605939672,0.32138870465851033,-8.3266694887202373e-14
4234,0.19700936740183086,0.41158863063923873,0.30589145842863841,-1.1157547269098717e-13
4235,0.20721518063536179,0.40010904725607133,0.35579595734002306,-2.0666371961343229e-13
4236,0.18984993699811367,0.42047617399347287,0.26915344631556359,-1.1577073721002709e-13
4237,0.18655724866878273,0.40700615482704661,0.30510035673789437,-1.1765629216153732e-13
4238,0.1862704708050639,0.39715697524082311,0.33243628814408027,-2.1402291366616679e-13
4239,0.17252348553347888,0.40248601007480822,0.29664862431517319,-9.3797313720017632e-14
4240,0.19179006676475038,0.38590831207336485,0.3723681195616359,-1.0550449739447991e-13
4241,0.1834754023664194,0.38039719947888939,0.37192029395138398,-2.4806070849931877e-13
4242,0.17041238399854244,0.37873132703264967,0.35216365485567575,-1.5396213581763487e-13
4243,0.20268640499440799,0.38591090949512968,0.39064227451764222,-1.8991161152014619e-13
4244,0.18946018055591177,0.46323122591784066,0.12834497831744066,-3.4687820790029798e-14
4245,0.19370221519456587,0.47405161763435133,0.092786143629793733,-3.0400225047622812e-14
4246,0.2061750737109336,0.47525200354979269,0.093435747250311618,-2.6810335195901474e-14
4247,0.21083819462696188,0.46546091516421484,0.13251605436634811,-6.046278529150527e-14
4248,0.21014866806306029,0.4849635258903861,0.057856894318405946,-4.1616307260945102e-14
4249,0.03939867729137074,0.58137603837405882,-0.060211371283384441,-1.7206397659188065e-14
4250,0.049599054371061872,0.58378511315550197,-0.077976213826583526,-3.8525251757041132e-14
4251,0.028689589787617403,0.58512014680612379,-0.045907114309854086,-2.822440118394322e-14
4252,0.028085524094294229,0.55794431533057531,-0.031346526760056823,-1.1039071436208355e-14
4253,0.038407359117035161,0.5566595070767778,-0.041988854548613092,-1.9147487820190722e-14
4254,0.10602361600092654,0.6138730523326823,-0.21447569424050036,3.340478283816786e-14
4255,0.11117230011056436,0.62352848743863021,-0.23963378812801175,7.5513423834456795e-14
4256,0.10200102745742411,0.63053718588304464,-0.2303356461130642,4.3275372869799549e-14
4257,0.088815851532697498,0.62543502017723662,-0.195228824773165,6.4401999438009606e-15
4258,0.095575657091343483,0.61690948294712755,-0.19811684661104187,3.1590682824656363e-14
4259,0.072138242550498624,0.6302363300623316,-0.16402850035516997,-7.3326080130245237e-15
4260,0.050063549319984607,0.62134588433096583,-0.10827524481941471,-1.3854610945977651e-14
4261,0.073575235038733033,0.50077916129679401,-0.001083922081500458,9.1983504264560203e-15
4262,0.040084039287085586,0.44162311643700475,0.044976909245677578,-5.425133458886642e-15
4263,0.026299331279919021,0.44013240235444684,0.030210801491968822,-2.3385494418184587e-16
4264,0.052655211550795375,0.42891359362802872,0.071044958504933697,-1.0378486523743503e-14
4265,0.061605705462915258,0.41981654398889739,0.092764155146469837,-2.0980498924972863e-14
4266,0.043884250424684614,0.4245329396667884,0.062801671173903659,-2.7023010769428136e-14
4267,0.032051870888586603,0.42089084079054712,0.047878634085796838,-6.6395777133875203e-15
4268,0.076729456160774062,0.42004234266324986,0.11501546231019874,-3.5148129492455372e-14
4269,0.022765812218927827,0.42859532365621156,0.030975393101551781,-6.6049651875391821e-15
4270,0.029447890343504465,0.40967640048682724,0.049651697000479576,-1.3244415821998891e-14
4271,0.013249418213754999,0.43781961113093337,0.015973538961610596,9.7588449869154311e-17
4272,0.016784466308210969,0.40282599500763389,0.030201676761693781,-4.912108962726014e-15
4273,0.039955767455811406,0.41132341488947455,0.066177078854653681,-2.3385149120319209e-14
4274,0.07872465892672928,0.45398733515099543,0.069778916218773149,3.4203648496259266e-15
4275,0.098630775570872936,0.43810530305049128,0.11570254904345986,-3.0211099209569889e-14
4276,0.089090173004433781,0.42943821181654984,0.11848289679604651,-4.4275478870730854e-14
4277,0.10128031728543624,0.42519580416087505,0.14164478258669072,-4.5311761113052631e-14
4278,0.34993312187760822,0.75572343513229101,-0.89019293802009469,-8.5231303907335626e-15
4279,0.35422475398555159,0.74491128481203184,-0.89657404291361542,-1.1045582925584994e-13
4280,0.36038531684645631,0.75361438428239802,-0.90484282580466324,-1.0706513412429235e-13
4281,0.33143772994458764,0.76753669096103838,-0.85759880912056297,-1.6227936210387657e-13
4282,0.29459397202361298,0.75876516729682342,-0.79777216716643673,-9.3807438220998096e-14
4283,0.31725106933716424,0.7772216984200947,-0.82737055176475149,-1.051143569563617e-13
4284,0.31246260557098349,0.64355488228586932,-0.65224224001264375,-1.9867160659675474e-14
4285,0.48028781879112631,0.32777719954255458,0.88084290695844458,-1.8956974633063882e-13
4286,0.51059079432095267,0.2795154804752058,0.9819850797335099,-1.4325025386147187e-13
4287,0.55034675811551215,0.25334604509031561,0.98725990723865964,-8.973587858768955e-14
4288,0.57294726038676203,0.25894357902979165,0.97224254228623175,-1.0029228335875612e-13
4289,0.58162908738717989,0.24044702888099406,0.96555419394892916,-1.0101848454514176e-13
4290,0.57245261891788146,0.23014621711327479,0.96664988829965803,-6.2191970827346775e-14
4291,0.5925504591300792,0.24787590721338207,0.9579180005691641,-3.4152596543336378e-14
4292,0.64670079233241151,0.31886547709355872,0.81293818951790198,8.4868619824018654e-14
4293,0.66602657296555601,0.33595505875135195,0.74371349307730472,9.4572218175107746e-14
4294,0.63142277212679143,0.36596400178553334,0.68336945305979502,3.0596861083454299e-13
4295,0.62103813809336339,0.36688242297874768,0.68932292530338768,3.6123384446032516e-13
4296,0.65217070972806668,0.28853673011965841,0.86191622097655574,2.9218095472783532e-13
4297,0.6650019330451501,0.28481884290653098,0.8478673167601718,1.627193489953908e-13
4298,0.64400340724554994,0.29869114677161912,0.85772735912165943,1.1063040352203953e-13
4299,0.65039906883754972,0.30810351287714483,0.83141031586204517,2.6099389570173352e-13
4300,0.63497674586814568,0.30037997155082968,0.86595705339127482,3.9634096022995831e-13
4301,0.86077154874422779,0.59564914547422987,-0.23952168322159334,-1.1087656043834271e-13
4302,0.87062927479516306,0.590407874052853,-0.21265175758137164,-1.6781569707385283e-13
4303,0.8772623836666773,0.59970078838247687,-0.22050077892972392,-1.4892838588450294e-13
4304,0.87319797809233801,0.6101086491376132,-0.2473966878323344,-2.0548857134504006e-13
4305,0.867987909865922,0.60186339088510332,-0.24060234255793794,-2.0321458310204494e-13
4306,0.88000653291284514,0.61940387187921864,-0.25089154270349401,-3.3451209226152025e-13
4307,0.88912265841038407,0.64355647937193439,-0.26753373714689815,-7.590115447505465e-16
4308,0.83548056609550836,0.62709608588619137,-0.35394583500181803,-1.348412630513514e-13
4309,0.69906468800510135,0.42956765811401865,0.34718161411440512,2.0117499741213657e-13
4310,0.68289472949579177,0.41333576485858087,0.43471126579234159,-3.0308613977458375e-17
4311,0.67354578533689446,0.40647361950931171,0.47392024499475016,3.3774043771886857e-13
4312,0.67546343714250934,0.41971393446908423,0.41163605457891844,4.8980339791388234e-13
4313,0.68249067203885572,0.39775840265527346,0.50329976798483234,2.3289070129430878e-13
4314,0.67777978772531622,0.38931931047202012,0.54326589240962719,2.9251242548063017e-13
4315,0.69154244500767581,0.39053621592249704,0.52319733515542866,2.4018451341738164e-13
4316,0.68955171731100617,0.36647208814953713,0.61599596967930892,4.4866840172885895e-14
4317,0.74792684682696176,0.37759835825885413,0.49484663436204929,-5.2532366174704028e-14
4318,0.73828226535455954,0.38206132866810827,0.49450519764400624,-2.0538959749136699e-15
4319,0.7431628648408457,0.36190288309031937,0.5507672971388563,-9.1165671865265891e-14
4320,0.77413709603094027,0.32798773585125579,0.57446721973520054,-1.7050838595039418e-13
4321,0.78043469602667059,0.31822391748056461,0.57881715234128983,-1.1152970148669834e-13
4322,0.77399597443752555,0.30770484955826405,0.6094849339834707,-1.268998904102154e-13
4323,0.79417642217302553,0.31955793919072323,0.54571978378207286,-4.357950711022659e-14
4324,0.7807396574089972,0.29362849804720581,0.61203363313962211,-3.0625179406926869e-14
4325,0.72122915438792667,0.35324513312178024,0.61208484966045651,-3.3902334175399886e-14
4326,0.72794891145120522,0.33430178324634746,0.65113444113252961,-6.5224576876250659e-14
4327,0.72615851558648559,0.31663103150459843,0.69276414675231834,-4.1619670184128259e-15
4328,0.73828758778654036,0.31675920315123235,0.66919134526021617,-6.8836365114681485e-14
4329,0.73230403099254349,0.30903192601103863,0.69444327851091292,-2.7892968666971761e-14
4330,0.80579487401653638,0.3409427098977037,0.48176610988151575,-1.6106887923000245e-13
4331,0.81671309027754457,0.33307668507734289,0.47196916967517744,-9.6847749046938556e-14
4332,0.81898764454263773,0.34810509018340635,0.43942303886624157,-6.1824252436696307e-14
4333,0.80440149974768638,0.36177931057861068,0.44000434557975904,-1.2908759427838757e-13
4334,0.78433312444147907,0.42359038521997622,0.28955222211089776,1.6023255489634742e-14
4335,0.83454097166243879,0.38129216308757874,0.33709419904136928,-8.9664631612198761e-14
4336,0.83827045982619897,0.3690403905994295,0.35663560906383984,-1.7043745980582491e-13
4337,0.84670961672518119,0.38528454187747269,0.30558747194291253,-1.127335950146946e-13
4338,0.86198080687303658,0.38323963101630742,0.28124114102499859,-2.3021785433511654e-14
4339,0.81637970132885318,0.39321062052873468,0.33900401588884149,-7.3264641120150747e-14
4340,0.81409086077153003,0.37930475228068222,0.37917613126605998,-1.3522369578207425e-13
4341,0.86454332487665075,0.41861993087241545,0.20209895283108895,-7.6343641336075799e-14
4342,0.87816975637604244,0.41422396444707449,0.19163436183643509,-3.0102116217649176e-14
4343,0.85167297717412438,0.43207763552350276,0.18581437591148176,-1.863248664250162e-13
4344,0.86557202661780352,0.44480209879633947,0.13924744402493933,-1.1120734488791693e-13
4345,0.8459240724096927,0.45000092009399267,0.14366995241785688,-1.9235090573624771e-13
4346,0.86794322801919865,0.47167762686662651,0.071193536313072056,-4.2043705978022935e-15
4347,0.8485630157710442,0.47825915763606608,0.062369299760570859,-6.5946488400724339e-14
4348,0.85910994009142772,0.47749140993282574,0.060277747199839679,-5.0155821431038527e-14
4349,0.87001363966704126,0.48444075647558493,0.038670942218587412,-2.3141426166746381e-14
4350,0.8830245639524853,0.48880102782394413,0.025235058053775548,-3.7496601852529722e-14
4351,0.8632713069483654,0.49213525632182042,0.020623132247425457,-5.6766895064065481e-14
4352,0.86193708711192996,0.5048351125693038,-0.01291468825818722,-3.3752256999391743e-14
4353,0.87314456249132255,0.50916536427797066,-0.022265051685904029,-7.0400227427159975e-14
4354,0.85173691842534316,0.51037657230558531,-0.029229508266025182,-7.4195424912202115e-14
4355,0.88554637410672854,0.50267369801540618,-0.005981509906669802,-7.4026991850865442e-14
4356,0.84740431006433115,0.49450471413218688,0.015788029326731713,-7.5783781689375941e-14
4357,0.83629525400066618,0.49689915234983945,0.0095223939968202432,-7.6607597873642915e-14
4358,0.82453516660824677,0.49010195122980293,0.032678733215172305,-5.8326035177308318e-14
4359,0.85159090602616294,0.52333885910606659,-0.065646823552208813,-5.8384034345062735e-14
4360,0.86221243245685186,0.53004940946830548,-0.078717975932832321,-7.2653817115809034e-14
4361,0.85323336360500868,0.53290715041925907,-0.091128432054105354,-9.9244547982642564e-14
4362,0.87210480761659415,0.52265655858739213,-0.055494084694481069,-8.367992492901539e-14
4363,0.88344680546538401,0.52974547642235514,-0.066457477449666541,-9.3049239439379731e-14
4364,0.83557509116728246,0.52509584011313137,-0.07761238471423168,-6.2436412944555314e-14
4365,0.68568061653726342,0.86646674675454516,-0.62080328375127514,1.5815069998359085e-13
4366,0.68038332594620354,0.88705211146707408,-0.549710160490401,1.5541566521164419e-13
4367,0.66192956187995278,0.88989601236609739,-0.55707683903924698,1.8965148811033061e-13
4368,0.66031854300027892,0.90419619574348675,-0.49597051784411611,6.0451582023204731e-14
4369,0.64268795618428309,0.88088094917569371,-0.61311356231643033,1.0361103385584617e-13
4370,0.63856271035635159,0.86150101781095345,-0.69309993881203025,7.6391869434145675e-14
4371,0.62784262172517291,0.85911435284772097,-0.71240537820133665,6.8406046331954109e-14
4372,0.61816455584799412,0.86790012157766561,-0.68764182887069192,5.0447463025624807e-14
4373,0.60880916461652956,0.87091097027006747,-0.68301026597810865,1.8452710487808583e-13
4374,0.47464674144630514,0.75512381150442986,-0.99614102201955934,-6.1954619088433752e-13
4375,0.44617504971827521,0.78314459162380823,-0.96415740470329114,-8.2986931059154002e-13
4376,0.45520951036038643,0.77894408992282083,-0.97366124017306033,-5.7692390996260041e-13
4377,0.43854120423332732,0.79699807793682853,-0.93883217294869625,-7.3073881766189752e-13
4378,0.46970136746610625,0.31394168558323454,0.91655757668708193,-1.4201900386918948e-13
4379,0.40603819079915354,0.21749422479874631,0.93700998866950347,-6.1351202609784882e-14
4380,0.42767260289990677,0.21764771330975777,0.95396262427937251,-2.6944773720021933e-16
4381,0.43793371951063498,0.23663940453624571,0.97780312118383717,-2.4364871360121541e-14
4382,0.4412490420135538,0.25162175513871532,0.98304523941538369,-1.2115221187186448e-13
4383,0.2968263645005228,0.26820232071035827,0.79783482511122616,1.7606568609493619e-14
4384,0.25083547924314664,0.23352876538550529,0.70514440023588776,1.6205865561147321e-13
4385,0.26972856219266589,0.22435876337455979,0.73967492450871786,-2.8133006453545189e-15
4386,0.27090797242941872,0.16395772091390626,0.64464844630762763,-3.6643533576067762e-14
4387,0.29769092705704397,0.15372068431194927,0.66173325961983576,-7.4096288672708445e-17
4388,0.35361416945463714,0.21928859739743203,0.87933630229986259,-3.3289891434373954e-14
4389,0.26663890005383584,0.33368845605083319,0.64255205177868224,5.9053264205612711e-14
4390,0.25478212181401161,0.32887113900633352,0.63118193123529542,-5.4315844895405459e-15
4391,0.24180278179171447,0.32901571706769145,0.60556784470464042,-1.6762114390119177e-14
4392,0.23755230460702445,0.34094585255210297,0.57107676831906251,-2.6109892778968977e-14
4393,0.24540700846446731,0.35037012153644936,0.56281016438015341,-3.3794269761388567e-14
4394,0.22761508032401701,0.33315641663915135,0.56820577315372955,-3.2939370111019219e-14
4395,0.23398551802558751,0.35472189003246385,0.53062184936454249,-3.4109338532762133e-14
4396,0.21744749278343617,0.33805427895020579,0.53709326412445579,-4.1036775336148224e-14
4397,0.21750295078479023,0.32326654498768109,0.56560341319472784,-1.6248535604735827e-14
4398,0.22284436902321039,0.35654848588532295,0.50525428014918927,-4.4773138713658818e-14
4399,0.20991943326643975,0.34734029921526538,0.50169546820465172,-5.3924236393585551e-14
4400,0.21344872253938629,0.36192527235233102,0.4740487217663949,-6.3666491882691015e-14
4401,0.21168883889356932,0.37454410220946249,0.43763329085949793,-8.6237163574688786e-14
4402,0.19632129471394891,0.3458850156881072,0.47663749031350311,-4.5989860724125857e-14
4403,0.20466835867487512,0.36741877920658778,0.44360975426115301,-1.1372326211158181e-13
4404,0.19203392873082187,0.36376997891819401,0.42835716484803732,-1.1837449243793456e-13
4405,0.11811190765610739,0.5737571562523861,-0.16206027004956722,5.7433510660841566e-14
4406,0.1530985117738205,0.43845274134685186,0.17453212930137257,-1.1051602468253413e-13
4407,0.14393400306649476,0.44240146562866706,0.15472038956639322,-6.4066565259404645e-14
4408,0.18780258275602424,0.44403634840371026,0.19160879605177222,-4.5133923405900509e-14
4409,0.22217426301227527,0.44526711014463261,0.21659270414099738,-5.7332936739861342e-14
4410,0.21745603630235316,0.43464841766312595,0.25196648358839724,-4.581266601756298e-14
4411,0.22659257552486967,0.45529125650713809,0.18103881747912978,-1.0513779475746329e-13
4412,0.16692265684264468,0.41344694497647366,0.25910406465083846,-1.5061804309788077e-13
4413,0.15498097135680097,0.4085357621820892,0.25425892512464737,-1.1278185820812111e-13
4414,0.15347492210584782,0.39691644660969921,0.27981398477933894,-2.1735932735585788e-13
4415,0.14085265806572797,0.38703610514503878,0.27911925816309391,-1.332192928573246e-13
4416,0.16358196130361363,0.39770812906876585,0.29460212547417697,-2.8540342613699891e-13
4417,0.16082414354252084,0.37831590827984984,0.33489957915422741,-3.6124227405618287e-13
4418,0.16846030522854716,0.36528433216210648,0.37812377466367253,-8.8444338608280409e-14
4419,0.21986441506262047,0.46885333536689783,0.12393529586601386,-1.0291415175474149e-13
4420,0.01416026365682679,0.56094654807622313,-0.01657115960184203,-9.2932947607117773e-15
4421,0.083027922923561592,0.63517221876709973,-0.19353654424805361,1.787871678099268e-14
4422,0.084582332094104901,0.61657767830381194,-0.17561549427261886,6.2536754474060261e-15
4423,0.040276061406641799,0.63119516697342015,-0.092730477352873764,-1.0491216782169662e-14
4424,0.045328278402396088,0.61231063524166918,-0.092089327089208389,-2.4427876489056414e-14
4425,0.031119910444665364,0.44932651412519159,0.030546967730687657,1.2297759802202362e-14
4426,0.032846196361170976,0.46594759752468345,0.021841810879778191,2.0280176748980123e-15
4427,0.044106343053253422,0.46315208019005782,0.03176237407115097,2.1850887389359466e-14
4428,0.048040749753672472,0.47317564916605337,0.025397262151634684,2.8722530894830606e-14
4429,0.081460347021946364,0.40641405680198223,0.14040730849304447,-4.9111911274781882e-14
4430,0.073776327968459718,0.43207771990533794,0.095065962540737792,-1.8815663992418163e-14
4431,0.065222394592063151,0.42839752236482481,0.088364215752427339,-3.1558040207370131e-14
4432,0,0.453125,9.1676488502208907e-11,-1.578266107541526e-15
4433,0,0.421875,1.5184454177919475e-10,6.99275566126265e-16
4434,0.011538867224309447,0.42470682693894513,0.016429135067633889,-2.3754119096431348e-15
4435,0.0092699298426311486,0.41328996789557848,0.015058596883826724,-6.2942915150828419e-15
4436,0.026480059847994689,0.39656677638713378,0.050192285274232099,-2.3610727696632398e-14
4437,0.029461180628348196,0.38526048378877809,0.061097213381600561,-1.7178509059216074e-14
4438,0.019256562619965049,0.37097587836281798,0.043826706773715057,-2.9217982764774199e-16
4439,0.028075758607723395,0.37546291614431454,0.061988714443416311,-3.2910847184737688e-14
4440,0.035132466044094986,0.36329593745997657,0.083446249967208189,8.8343067660523463e-16
4441,0,0.390625,1.9986882019443888e-10,3.0373300285061376e-15
4442,0.070389023278591964,0.45800361689556307,0.057161642189074074,2.5315915567813711e-14
4443,0.11130666790781553,0.42471566421800638,0.15604600508202482,-1.1633287409649063e-13
4444,0.3415483422983463,0.75274898954891156,-0.87840213156014357,-2.6136528375206437e-13
4445,0.53954721528824834,0.26375187956675011,0.98846522203366405,-2.5128753950961301e-14
4446,0.55605689057217733,0.24056085202386049,0.98287433048842787,-1.1551008667864073e-13
4447,0.58396239680321005,0.22588993699162882,0.95434217702575952,-1.0369170971964672e-13
4448,0.58683706680141101,0.21506857248991329,0.93997817486372637,-6.683226339447485e-14
4449,0.57969752234229899,0.20537755823969922,0.93081150928247214,-7.0002848378232876e-14
4450,0.59689471947903405,0.22277147830957231,0.93994521997962099,-3.9020304363687309e-14
4451,0.56590844112390704,0.20698263013542589,0.94306215777026536,-5.1803329900806753e-14
4452,0.5907358841627568,0.19883228348393578,0.91066044404931568,-4.2745312148321267e-14
4453,0.60617775762709381,0.21642088499288054,0.92389210180038339,8.3692453634682205e-17
4454,0.60240342286982484,0.23153443652544475,0.94227932279407045,-2.0496312333145517e-14
4455,0.58921831810026515,0.18701637813823424,0.88641348523280528,6.8318114228362467e-15
4456,0.60313094397179312,0.19938948927844011,0.90042033899714924,1.015712979588435e-14
4457,0.6137883677929622,0.20877380362819667,0.9052869423583163,8.3257765184385024e-14
4458,0.62967321073504157,0.20582372950539687,0.88299102807171648,6.4380575573706089e-14
4459,0.57854874864639505,0.18123051596131959,0.8804018752042212,-3.5320617240074348e-15
4460,0.59197538048158138,0.17615997907891126,0.85716163382008825,3.8359183123236257e-14
4461,0.60843236563017544,0.19031617815691201,0.87676052144059224,7.5855027803098681e-14
4462,0.61354805858175054,0.17658724603108195,0.83928710510406657,7.7231468435194925e-14
4463,0.61914289294421943,0.18772741677553806,0.86017018648147692,1.9459347336956314e-13
4464,0.6299401986659251,0.19355639445937353,0.86060963173544347,1.4164280823928985e-13
4465,0.56819079142268403,0.18780365227879695,0.90346937778381331,-5.3302707402705537e-14
4466,0.57171180998430782,0.1722570532102988,0.86081089094240792,-2.2284080872567802e-14
4467,0.59403938749928997,0.16322259999543345,0.81803888353097132,1.2202373770316721e-13
4468,0.60209804008269652,0.17280856744306219,0.83941856522298541,2.1784287082774292e-13
4469,0.57002419301735252,0.19774712389436849,0.92353767783956153,-9.7486248308217892e-14
4470,0.55469065587946598,0.18902619630992951,0.91365492327102293,-5.3214844986794847e-14
4471,0.56261646994710091,0.16689054962399702,0.84994697940766839,-5.515985708341767e-14
4472,0.55038825426937854,0.17109821215117593,0.86851641349609188,-4.1079749279401369e-14
4473,0.57445120809685957,0.15843994842866022,0.81629010024997817,-6.187564262260828e-15
4474,0.54971096911789463,0.18074099122778089,0.89566988971919148,-1.933166127057623e-13
4475,0.53827229056490533,0.16608143101514833,0.85788137988179713,-7.1141560095225896e-14
4476,0.53072415074512913,0.17382719441540898,0.88352333196459787,-1.1662330067978959e-13
4477,0.53080434596962234,0.18487240372088956,0.91286035705064672,-1.070458546051004e-13
4478,0.53924392485908323,0.19685235447273597,0.93789077223463435,-9.6346095624466688e-14
4479,0.52694026742994748,0.15806768734988183,0.83491834220354355,-8.7151547693088072e-14
4480,0.56571357007324763,0.22137169150412811,0.9629171257992124,-1.2525473177164986e-13
4481,0.60404054275994301,0.246067850100989,0.94674983335357665,5.7777330704820684e-14
4482,0.61600622188775167,0.24808809222620568,0.9346379044720301,1.5058779016563264e-13
4483,0.65013557848099301,0.32844296458810107,0.78436804750507927,1.7987922584514591e-13
4484,0.67218763353945987,0.32476437958037213,0.76435649149224494,6.7806256830183833e-14
4485,0.66631966396158471,0.31081154635494784,0.80401673961538411,6.1614515577762753e-14
4486,0.67839844672168259,0.31537516313849195,0.77650717233422306,1.4181810156016609e-13
4487,0.67872669171209687,0.33272650061480707,0.73450722229755061,8.8722146096015724e-14
4488,0.691196729001608,0.33573139799016011,0.70818244441710509,2.2309801610484706e-14
4489,0.69572358910130971,0.32587304418001384,0.72562686429082757,5.0914417860508213e-14
4490,0.69180240357684708,0.31355453548974677,0.75911236740048516,7.2081063122474895e-14
4491,0.7065536282482292,0.33037797476415209,0.69732530127041814,1.7311014922640473e-14
4492,0.69576646504611428,0.29968499020432388,0.77723684873984078,2.9541466249356257e-14
4493,0.66491697035870601,0.35061774068912072,0.70085311636043723,4.0950112658134092e-14
4494,0.67746441769352816,0.29150961506816742,0.81998350275327236,8.0038276915310134e-14
4495,0.63647322490590463,0.29095715724943189,0.87921407527426432,3.4452292893795431e-13
4496,0.88658544231194947,0.63454457984634227,-0.26093926668711864,-4.4990157533207756e-13
4497,0.71161868731026701,0.43603701896303937,0.30788920103032663,3.3244542211155098e-13
4498,0.68865648530797707,0.43522231417017337,0.32828573026945751,2.2817186772593944e-13
4499,0.68535012106381499,0.44641247004748869,0.27589720088419678,1.6260137748591596e-13
4500,0.68899135821459767,0.42343247523090299,0.38352799936521087,4.129887724156276e-13
4501,0.6786804081235176,0.43898245391197582,0.31654691998943141,3.5021042475738362e-13
4502,0.69356232275372975,0.45646740124218999,0.22179200341389774,2.2346354294315866e-13
4503,0.68041604911317666,0.45506904551043931,0.23497551303385189,2.6715915082270964e-13
4504,0.69138908584550196,0.41030929239192665,0.44033208177928479,6.7781441742413807e-13
4505,0.69943448747419334,0.38432505872812078,0.53821038353474893,1.1332362242449501e-13
4506,0.68109833549934262,0.37169489895531249,0.6078529553393176,1.4765211065193252e-13
4507,0.68603552562601344,0.35341358883632806,0.66394167078789235,3.2669520136001285e-14
4508,0.69213795267290301,0.34560046879761458,0.67902322715357744,3.3177780778372241e-14
4509,0.70088390980064774,0.36227032095459477,0.6144311758510087,1.450834630972468e-14
4510,0.70893625865499155,0.35299977015529771,0.63198209367683189,-4.5855953592545653e-15
4511,0.6990918053006917,0.35258132084458016,0.64804159623486002,1.0817162058544364e-14
4512,0.71296895481198386,0.34248433736825279,0.65566171360821401,-7.0009750542700746e-15
4513,0.80348897781964479,0.30471695767699492,0.54481489710123765,1.4356786389719235e-16
4514,0.79230215527115344,0.33092280604495655,0.5301511228327952,-2.4810641391341472e-13
4515,0.79151576986321648,0.29786025590761889,0.58168616814760687,-1.818439152513907e-13
4516,0.77185121445010274,0.2980237864476053,0.62711372124293185,-1.3814787863761803e-13
4517,0.78364195663442648,0.28184168370635582,0.61605254034708079,-1.2248180934230247e-13
4518,0.78620847759456969,0.27027517365678694,0.61725853642591044,-1.0125992821673826e-13
4519,0.77765268770382157,0.26183469316196112,0.64101877666286389,-1.3207073226098725e-13
4520,0.79665667585211253,0.27530540565881856,0.58866812113031652,-1.0191367549668542e-13
4521,0.76136139122501034,0.26405558193033235,0.67874577084133536,-2.7126932328079252e-14
4522,0.78782513904425178,0.25342674337978921,0.61807573708666308,-1.3546345703125557e-13
4523,0.80694393787160323,0.26898809881173885,0.56588021009890199,-7.0557911352924639e-14
4524,0.80555832362881041,0.2826696962669632,0.56147290847089204,-9.0501023659602832e-14
4525,0.80615484922696801,0.25677479982163598,0.57142955969947273,-8.1146819733258087e-14
4526,0.818627134599479,0.2653425196631683,0.53686460751895437,-8.1671363584297542e-14
4527,0.81715230717673426,0.29215261725592595,0.52439771325196083,-2.4744715403837212e-14
4528,0.8035028373626476,0.29359751389966865,0.55717442564254949,-1.580956414047537e-13
4529,0.80888799504980446,0.24499017398569839,0.56468164512426611,-9.0399699832634389e-14
4530,0.8286717805999092,0.2585614048537459,0.51183851058787921,-7.8201608870120115e-14
4531,0.82736085979031115,0.27374551634753808,0.5104365734068772,-6.9602520331492077e-14
4532,0.80702490812344252,0.23467921215199142,0.56701345033512618,-1.5493237182482058e-13
4533,0.79613878483001155,0.22617823121056937,0.59093293615135178,-7.1695337697922434e-14
4534,0.81869719212604453,0.23440318434254398,0.53670915197906388,-1.2074171710312849e-13
4535,0.83953261380431654,0.26278238470195947,0.4814080263601514,-8.5105172229094472e-14
4536,0.83286993708436718,0.28359268741038263,0.48998013332496992,-7.9934467711495313e-14
4537,0.82640006786606979,0.2441393173596452,0.51838988898080485,-9.318710252299231e-14
4538,0.84423052287063882,0.28481782276831014,0.45892123426790937,-1.0300547743420187e-13
4539,0.85324278800912357,0.27439101982718811,0.43962490782965735,-2.6334798703885305e-14
4540,0.81272788296025367,0.32216074053436028,0.49884826638464319,-1.1667844524102135e-13
4541,0.80923964294612138,0.31283971498518331,0.52054764961794153,-1.7343875030067339e-13
4542,0.82690321258838573,0.32386446963693483,0.46265214962822604,-1.1637722562299564e-13
4543,0.8302292650197356,0.34858571233367769,0.41394744724774651,-1.6085376266886785e-13
4544,0.82769671434082526,0.36025069979257263,0.39654477254020404,-1.4426369925615155e-13
4545,0.81393262002466615,0.3572487256624502,0.43103025181403437,-1.3894459309376952e-13
4546,0.86300500528905666,0.37045250289200027,0.30344128618293703,-1.3139138970595085e-13
4547,0.87583390415007623,0.3907230600986682,0.24107009684683098,-5.5674107559413936e-15
4548,0.85498910973080755,0.38907065191422707,0.28237235195234389,-1.2426626806096055e-13
4549,0.8765212073821842,0.40436785211037213,0.21380599440810874,-1.7977305488405624e-13
4550,0.88935806236219317,0.41327198762363498,0.17650480574565963,-1.1812854736169592e-13
4551,0.87560163665281376,0.43591863261155767,0.14924287860536414,-9.3851416904943829e-14
4552,0.87485780722401607,0.45522653192432155,0.10640032157743783,-6.5183447511252546e-14
4553,0.87855802609818134,0.48053680072037613,0.045334344718287595,-8.1740197773800967e-14
4554,0.89300260987899227,0.48106742949481512,0.03905884655426245,-5.4342988960512094e-14
4555,0.89451120456902045,0.46995520496282295,0.061045137864236459,-6.8308454501452689e-14
4556,0.90716543414947393,0.48413051763648718,0.028639760634080802,-2.9716842099682685e-14
4557,0.8863807580963734,0.46032745215386667,0.086171797178990803,-6.8406859433800531e-14
4558,0.90546816717256118,0.46944892379024,0.055782006148926665,-9.1989759824142255e-14
4559,0.91387350466443573,0.4579577469187735,0.069768130745811868,-3.6977902613095352e-14
4560,0.89824559719798824,0.50636515234265411,-0.012487019730713127,-7.2753438086282291e-14
4561,0.88664229497728986,0.54213067265614734,-0.091195948487417508,-1.5520856170256157e-13
4562,0.89899373248926973,0.54646347747816693,-0.089831133826852747,-6.9674727119333547e-14
4563,0.9066893114037875,0.53810822970392869,-0.068573833873715476,-1.1506424842788513e-13
4564,0.91006923042769949,0.54898646095300774,-0.084490998535619199,-1.5651536011223454e-13
4565,0.8941641801433714,0.5555250531271696,-0.11164125338230817,-2.3785315349812206e-13
4566,0.89569326122584469,0.56791499059678641,-0.1332831762319171,-1.2291741331068145e-13
4567,0.90589106922511153,0.52545678313467759,-0.046426274661249337,-8.1105783895163058e-14
4568,0.88781228585083094,0.57796439928981747,-0.16241836923733008,-1.3822767953111587e-13
4569,0.89412835072121544,0.52140777420650208,-0.043723435076680861,-1.3054537275149789e-13
4570,0.91909008130147907,0.52276770694717767,-0.035862239687237542,-4.3829992016459175e-14
4571,0.87414153910370818,0.57717228726934122,-0.17954698160378441,-1.2954080395071311e-13
4572,0.88373650631290634,0.5666531554529769,-0.14516918936741222,-1.5177994987011993e-13
4573,0.91404834285689862,0.53137457973834457,-0.05226132053745542,-1.2254136956142438e-13
4574,0.92533388581620191,0.53221790477296016,-0.046727612024239827,-8.6443723833466673e-14
4575,0.86615012708621919,0.57031851395680699,-0.17446463105480031,-1.307200636800269e-13
4576,0.87494543724385498,0.5604956925769613,-0.14204953034228723,-1.3534432087928185e-13
4577,0.87010936020685192,0.54958747146259379,-0.12165671385353076,-1.2397917131275994e-13
4578,0.93681817255171873,0.53436425067253224,-0.042262905270013036,-5.9977269262349407e-14
4579,0.92914815548238916,0.5432608658549245,-0.059256299920918631,-6.6932367432573387e-14
4580,0.94506672543419323,0.5248415263825208,-0.02676891280767757,-5.3972419103293298e-14
4581,0.92161561503819067,0.54991486015528657,-0.075124431009632703,-1.2873092774076918e-13
4582,0.94004273524139992,0.51266412116560878,-0.014918169112992983,-4.4054394800713424e-14
4583,0.95067250753630206,0.53681111369594214,-0.035412541313556672,-6.1732316058284734e-14
4584,0.65071914534666997,0.90259177302237781,-0.51139401196336043,2.9055516236431084e-13
4585,0.67166237114684058,0.90840523912236426,-0.46700867744119062,1.635655474401774e-13
4586,0.68404080391586464,0.90306682631684343,-0.47916335683390682,1.0654537474255161e-13
4587,0.66124471478313562,0.91889974466349778,-0.42662842226953368,9.664234530304919e-14
4588,0.63763808107269271,0.88918183723825284,-0.58215982880163064,2.5875218867107382e-13
4589,0.63957118977781313,0.87250808788695911,-0.6500521120492132,1.8543706602532726e-13
4590,0.46471252692097581,0.32223735420093169,0.89312731859544736,-2.6473452544103172e-13
4591,0.41750184351283653,0.21757555536495635,0.94667046159076707,-5.3426429768685382e-14
4592,0.43040542807118898,0.22843904224762038,0.96706890473891916,-6.2967216269996283e-14
4593,0.44918994933430823,0.23685875255359626,0.98399740895293974,-1.1514162199873341e-13
4594,0.46003791521762027,0.22970138559956568,0.98418557894090564,-8.2017810654494521e-14
4595,0.45709694123199085,0.21767471268497607,0.97070030546876296,-6.8606258141028036e-14
4596,0.46457720721883444,0.24225421481188472,0.99257190515521476,-8.1389817324532096e-14
4597,0.44444105583280374,0.21236382668573014,0.95727862203492009,-2.0100166272663217e-14
4598,0.47110905541619336,0.21788738779798841,0.97588802790301854,-7.4680457036866969e-14
4599,0.26612153150209844,0.151253540365998,0.60358371374554165,-2.7919289002603627e-14
4600,0.27702472128305516,0.1562624078461981,0.63560189852371707,-4.989438614298956e-14
4601,0.28861340245429035,0.15483712330263144,0.65085713428393077,-4.9015146394515087e-14
4602,0.23198900677447382,0.36454530997322987,0.50070392164187172,-7.8603470662640605e-14
4603,0.22021866039416341,0.30897840154889994,0.59475168771948017,-9.9346242383435614e-15
4604,0.20678606720300757,0.32506807130346943,0.53883505926343489,-2.2672374481339844e-14
4605,0.19597164527855687,0.33008545358313157,0.50590584127691218,-2.460650512127798e-14
4606,0.19705644303961756,0.31928643644218019,0.52616475976171673,-1.3435776988184043e-14
4607,0.18770741250659689,0.30779147882816182,0.51993017985558987,-2.3026561879012954e-16
4608,0.18563378631510016,0.33336737179451897,0.47693063968066585,-5.1469795879198208e-14
4609,0.17300986952296646,0.33556847294232883,0.44416224612286792,-2.9480675477437e-14
4610,0.17097836997429808,0.34790364644753236,0.41791673302530891,-8.0316154869561101e-14
4611,0.17351519118280109,0.32237862110608728,0.46585149996517744,-2.2509400887582595e-14
4612,0.18069022876160304,0.35691958741831753,0.42077042608169152,-9.3572820005028511e-14
4613,0.15979459246553387,0.3415744450065209,0.40369811810625328,-5.7518630061890087e-14
4614,0.14834343637911396,0.34846132598452695,0.36605440605423906,-5.8955690416804443e-14
4615,0.22372112002462277,0.42761717244752084,0.28385361259399217,-1.2405679050852331e-13
4616,0.1593868289446197,0.36359772224541825,0.36279207707067795,-2.0184476969784619e-13
4617,0.044372920575362934,0.64380657474567526,-0.10906814774779917,-2.3678817965865674e-14
4618,0.03274396906732438,0.62407862918312507,-0.072219582259062789,-1.8710786027325565e-14
4619,0.019769785793647056,0.6206516673996032,-0.042696554943877821,-3.6456126704189025e-15
4620,0.072503109671813892,0.3938606091862778,0.1397770040846977,-7.3413868787984415e-15
4621,0.096269209673780651,0.40211071682634114,0.17172676004351012,-1.8697376913443298e-14
4622,0.010729293264706811,0.44902552153180825,0.010619267976255271,5.8281717139654388e-15
4623,0.011776331890498083,0.46237545001287556,0.0086453527968593357,2.2344771323669516e-15
4624,0.025544215586903701,0.36372442547552403,0.060594473525085353,1.8870416306055864e-14
4625,0.038327467218881792,0.34866433908362215,0.097751872282550153,8.4861848038039339e-15
4626,0.046290744134180946,0.36827775580725347,0.10672136949166015,5.5509652985870353e-15
4627,0.060709494734897909,0.36745084297096897,0.14025924392301994,5.2054170440522418e-16
4628,0.049518159049105649,0.37983527256373872,0.10620194425636455,-3.1641635782160384e-14
4629,0.052810935043386721,0.39600907132119323,0.10040210953106013,-1.0384873398385589e-14
4630,0.048960604712762604,0.40582964142775668,0.085454268925438726,-3.4193282513954706e-14
4631,0.057554638546486479,0.41076951886941976,0.095680042226129525,-4.4765786863687186e-14
4632,0.0097330149097387911,0.39488103267205438,0.01875532170627536,-1.5048571594387291e-14
4633,0.5456008967371716,0.27210652207842695,0.98017855073003402,-1.4199333815940032e-13
4634,0.55566593848675927,0.27823877363767296,0.96911447802286721,-2.1767941897980292e-14
4635,0.55627857813309145,0.28953776212133775,0.95406411513383516,6.5761910840481248e-14
4636,0.54607789377757632,0.28808499313495056,0.96132519273991923,-2.2681947311815465e-14
4637,0.53327574023990409,0.27194429748217358,0.98498203260931116,-1.511587606213947e-13
4638,0.53000235517942429,0.25169598700009005,0.99513295971744253,-3.6319953416363049e-16
4639,0.5480576029202483,0.23293414307055807,0.98289379616122019,-1.6859492867637072e-13
4640,0.534458961352962,0.23088955314948173,0.98709481093192941,-6.6609013525125217e-14
4641,0.54286396774184698,0.22152189953442819,0.97506246908380667,-1.1868522956580751e-13
4642,0.54029728627334117,0.20929816033390949,0.95974680861741135,-8.1248586882106356e-14
4643,0.55114055795869343,0.21370913627134577,0.96130118299437273,-1.1814973615997355e-13
4644,0.52871931516285975,0.20566482737239417,0.95749228440002065,-9.4179199040863684e-14
4645,0.52036014474005376,0.21340682145211812,0.97143624344524704,-1.0808004780152952e-13
4646,0.52203158618233814,0.22468519354467417,0.98499886386155522,-1.9020441056125511e-13
4647,0.51482605475194021,0.20197825180155166,0.95366931732746318,-8.4285482586388753e-14
4648,0.50106024410938399,0.20197596442919355,0.95509327086902118,-8.1235015739652441e-14
4649,0.51343789506281423,0.18987705351965317,0.9286125241332478,-9.4355561523492892e-14
4650,0.50903013885394099,0.17725395266260663,0.8969554585530648,-5.2423516634209057e-14
4651,0.62035658420172735,0.16512885025530552,0.8002347649691457,1.5053374680582127e-13
4652,0.56047749669906433,0.1966920357840384,0.92719417511378033,-1.6041029271037754e-13
4653,0.56904542379017531,0.14589994860820257,0.77502702557682601,1.8639409118157709e-14
4654,0.58502808774627646,0.15762522214538141,0.80640671057965274,1.5116338991149369e-13
4655,0.58037516684934343,0.14721201329097749,0.77323521482520186,9.033894054590106e-14
4656,0.58749833800946893,0.14006936338324452,0.74162148076648005,3.2704544012164787e-13
4657,0.51338993104624298,0.15878452307734273,0.83922312568837942,-7.9189575896899895e-14
4658,0.52921338122419448,0.14469015307595398,0.7856678714060461,-7.9803165971350057e-14
4659,0.64090886293928229,0.32867707789475448,0.79514920010630519,2.1979654388632782e-13
4660,0.65745477426923937,0.3147756488997937,0.80805508133184101,2.0466118353791726e-13
4661,0.70307597751581064,0.30793759092995288,0.7504569380578997,8.9603882831486644e-14
4662,0.71513509009481147,0.31090935003721942,0.72365224366626335,1.5458733173531033e-14
4663,0.72037733168289975,0.30186459553890277,0.72936062965613568,1.8314588943232468e-14
4664,0.71895662631245116,0.28475845374415804,0.75427598419789699,9.7390151461168041e-15
4665,0.71653353249591001,0.32169484184259955,0.69971073886550372,-2.0022139824490904e-15
4666,0.70289338539109258,0.29233265614427945,0.77531749676582362,1.492791723069769e-13
4667,0.65532116234636573,0.34790921602900121,0.72127062101114303,3.0154224441983952e-13
4668,0.67488518910032569,0.35283194657664535,0.680681721324358,1.0620670046441582e-13
4669,0.68585142882288741,0.28361070412471812,0.81559374069741286,1.8346826204709663e-13
4670,0.68796070742427151,0.2695604137919268,0.82435788850185554,9.3636276210915134e-14
4671,0.68745570975538994,0.29371621075661469,0.80032423108757289,1.9273853163461402e-13
4672,0.67177493522831555,0.30109296503907484,0.81402946695182943,1.7352849695375592e-13
4673,0.79565173581895765,0.31014142776067594,0.55640812601267875,-2.7147319098505846e-13
4674,0.78441350175256963,0.24034404766603423,0.62541600496401373,-1.0306354250415284e-13
4675,0.82300141751859424,0.30184329365465457,0.49998352950099662,-1.3737903978123248e-13
4676,0.83413673775685904,0.30682218409656908,0.4664175876738712,-9.8071133423580526e-14
4677,0.81295323101784778,0.30129764558716732,0.52575199534362893,-1.8705518242524736e-13
4678,0.8426584502883977,0.29901905593312134,0.45205890726593978,-1.5083399124726513e-13
4679,0.83575067714178009,0.31756347593379269,0.4495300471745306,-1.1131159092611664e-13
4680,0.84677214529666056,0.3256919065465147,0.41164565361660677,-6.8470565706067205e-14
4681,0.79323488197552872,0.21516151829284397,0.59048275780820847,-1.4844649912105682e-13
4682,0.78289316959704602,0.20869525885780793,0.60917898343744814,-9.4039190367466572e-14
4683,0.80443614121030482,0.21642535777049016,0.56362764027719348,-1.2965827503699335e-13
4684,0.77053535690568964,0.21529459772827764,0.64431828271897607,-8.2667211619527614e-14
4685,0.79010712990177467,0.19852615183367275,0.58097211181055042,-8.7153013906072011e-14
4686,0.81175368347936683,0.20722510991275669,0.53748895943374209,-8.1194297897418827e-14
4687,0.80160985986443956,0.19363512632158184,0.54753679999681792,-1.3560702326935781e-13
4688,0.81623551083839208,0.21627997422635392,0.53344870249891407,-1.375064358655161e-13
4689,0.82761540018654556,0.22046553363433485,0.50664463748026922,-7.6860196451615866e-14
4690,0.81926933015254344,0.19763279715652451,0.50886248885377972,-1.0797285426125719e-13
4691,0.83562855398686831,0.21098434319556431,0.47899494360397882,-5.3649949841812777e-14
4692,0.8374165894895953,0.2245440089077777,0.48255876204337528,-8.7139593533440441e-14
4693,0.85278174873096613,0.23578767406758422,0.44446468273494011,-2.5000856254332088e-15
4694,0.84127780559018217,0.23538796951897237,0.47621674863508812,-6.4794419643456435e-14
4695,0.83076619921485917,0.20169700009283123,0.48366965682741425,-1.1549226985869803e-13
4696,0.84096908583608532,0.19755409859358181,0.45323622068958119,-8.4839173349284358e-14
4697,0.84193575401904286,0.18650050312109059,0.43901856077612128,-1.0098511910713576e-13
4698,0.84624640120788808,0.2071345688331078,0.44764698324995972,-1.2055680703584116e-13
4699,0.86048116149395082,0.20947119956841234,0.4107070661739059,-4.4044566348747473e-14
4700,0.84730345673541574,0.22771101809238162,0.45681399506034398,-1.0937673564971024e-13
4701,0.85343116185291823,0.18301455523112103,0.40564685846685017,-1.3921999664303449e-13
4702,0.82294987419482435,0.28408781615035694,0.51575441057279381,-1.4884923574626641e-13
4703,0.84841705644903742,0.26618996761760438,0.45595757317422864,-1.3807262422022219e-13
4704,0.86297293492430083,0.26958412439993884,0.41414638885006866,-1.2765412021251881e-13
4705,0.86779014495436557,0.25905737279753194,0.40284262998194037,-1.0670928658528203e-13
4706,0.86000351222566873,0.24760468697013929,0.42570697298549304,-8.1575797351694207e-14
4707,0.88324479930110578,0.26396131268462791,0.35729927589827237,-2.5848055720227578e-14
4708,0.87401128126415184,0.27002618286157787,0.38250301297671269,-1.1887014486166711e-13
4709,0.88490338553698622,0.27654770555021113,0.34880688323259063,-6.0720704337553965e-14
4710,0.89467382510080506,0.26903953665112434,0.3225534764570725,-1.3535768609635704e-13
4711,0.88661725774136779,0.28954220172383877,0.33803588148576741,-8.238588343902132e-14
4712,0.90664608842263894,0.26596531596439099,0.28763794212627947,-6.6809423584029944e-14
4713,0.89954590664022294,0.29489523413133284,0.2980555891961959,-5.6696667751748093e-14
4714,0.87183338909861186,0.29426043157121984,0.3768063744756544,-3.2559744238563457e-14
4715,0.8774045728419968,0.28414701141740628,0.36698217737066391,-1.8237884954256076e-13
4716,0.91199213916972954,0.25201097448355275,0.27297076989985991,-3.912496831764247e-14
4717,0.9089695570033326,0.27832914151134142,0.27760828212996802,-7.4555395937226358e-14
4718,0.92173030854335236,0.28316587105510771,0.23815510426048264,-4.7289366422766431e-14
4719,0.85825812528391088,0.28384724804932354,0.42095922775853595,-1.5253427752482246e-13
4720,0.80348827348499541,0.32019038218771001,0.52335795204094482,-2.2613207492110412e-13
4721,0.87100651423641073,0.38309544650034327,0.26422695802214924,-1.586513337199299e-13
4722,0.87403812687284232,0.4247342157168767,0.17560236933392154,-1.1227026191831449e-13
4723,0.88310760422240941,0.42916785369592508,0.15453031097312742,-1.1724096065693193e-13
4724,0.86899522215346015,0.46244110680770278,0.093544878156063535,-1.0695817293252334e-13
4725,0.87811898451128723,0.46492935643166572,0.081703004525888009,-7.4905973466948497e-14
4726,0.91795191254388342,0.48325887043111004,0.026762868394616082,-1.1463537581977114e-13
4727,0.92859433001538871,0.47577036295520858,0.033739525061470078,-4.065611880715568e-14
4728,0.92463396273781184,0.46476464349940799,0.051449089145299283,-8.4331106259456385e-14
4729,0.94240974144670653,0.48371205677121726,0.018368145637886506,-2.1641408263527103e-14
4730,0.90755329636594706,0.49600574727804547,0.0072895613115426623,-9.7235538916405722e-14
4731,0.91493784943248901,0.5039333327252753,-0.0064455072569738281,-7.8443848952785412e-14
4732,0.92790826185232067,0.5036744503801962,-0.0052216349812058719,-5.215252670354735e-14
4733,0.92159345016998429,0.51234092522381502,-0.018870837649691483,-7.0652790195199046e-14
4734,0.90121281439990553,0.47737976750408151,0.043275978471186714,-1.272869778123487e-13
4735,0.9057448801684157,0.4517303218631078,0.087014764181916809,-1.0214182878970651e-13
4736,0.89485511150263752,0.45024346212379418,0.099893113223827448,-1.0143364619302975e-13
4737,0.89501652342247406,0.43704030768305313,0.12472245424634326,-7.6837002402733132e-14
4738,0.91857074882379586,0.44963724469863259,0.078721218495487563,-9.6107977650498626e-14
4739,0.92369975184417841,0.43680678384087557,0.091746854476342815,-2.3786230447399757e-14
4740,0.8605860441833445,0.5504013407964613,-0.13193007017310093,-1.1232586855921675e-13
4741,0.95144754266178522,0.50620340201813063,-0.0059653785937244519,-3.2483096218158122e-14
4742,0.96379452154009881,0.50849559064681293,-0.0059309988282173496,-6.0373314020393451e-14
4743,0.95185278132955919,0.51675344472551321,-0.015863029636461193,-1.0340521977481043e-13
4744,0.96988481471571086,0.5201584361336522,-0.012012996523317063,-4.4338334594272813e-14
4745,0.96510356578576473,0.53799101371757907,-0.025791086953636629,-2.9966251074700537e-14
4746,0.95192302227870751,0.54843303281899369,-0.044954774034422773,-6.7418091906900032e-14
4747,0.95277954373197971,0.56362072130785745,-0.057422941696700279,-2.9093991800029124e-14
4748,0.6983507456112964,0.90730040167513815,-0.44668004788422583,4.0617788187557103e-14
4749,0.66802085055722826,0.92971699903966332,-0.36906019757909209,1.2525816076647403e-13
4750,0.6815511046364966,0.93230542682619066,-0.34731097622855078,8.1299601598672455e-14
4751,0.66783504391242188,0.94349136689254021,-0.30045277730519709,8.8341803451919937e-14
4752,0.65126503639254085,0.92199851099356933,-0.41839314089629259,2.1194158634711183e-13
4753,0.48095958790233972,0.24671626557479642,0.99822249210907887,-2.8257618809907923e-14
4754,0.46331139263371379,0.2558811246454914,0.99278631206528289,-1.529577405135989e-13
4755,0.47143315219576576,0.26223926347470994,0.99305335820119811,-2.7921568712410208e-13
4756,0.43807149221652386,0.22096743617124007,0.96478580680391024,-5.1491897475380496e-14
4757,0.43477037325047535,0.21092319208411597,0.94939119498129865,-3.0971457489408267e-14
4758,0.4230828696717383,0.20405155346392378,0.93087929261784874,-1.7093460468222507e-14
4759,0.44963556848306591,0.2000814255927526,0.93967322924795427,-3.2638757379342961e-14
4760,0.47505023491630477,0.20621061761116874,0.95925987526910783,-8.2527409714258401e-14
4761,0.46848830949905335,0.19514755658867994,0.9364199511238579,-4.6647573146655822e-14
4762,0.48354425683453767,0.19980901403607709,0.94936312705289971,-1.1588378697138107e-13
4763,0.49095755715186179,0.19170472284104095,0.93330949751136527,-1.0950482517584506e-13
4764,0.4882327431473576,0.17608516755467943,0.89322088642492059,-1.296290441812749e-14
4765,0.47018359096377849,0.18353283249160676,0.90990532824805159,-5.1200195077340707e-14
4766,0.47784872228365216,0.1765144337689846,0.89299173391029507,-1.0003742258301764e-13
4767,0.47915276107366961,0.16213987408300917,0.8495597889082126,-2.6886341431374575e-14
4768,0.46023823686529308,0.17901964083914665,0.89514666040748214,-4.5948152266266973e-14
4769,0.44907739093055332,0.17637914676378974,0.88338278035009354,-2.9235815617159946e-14
4770,0.45782080740313458,0.16780836411718139,0.86191300068333532,-4.1910673612049756e-14
4771,0.43805851879236996,0.18644687401473758,0.90410541361655372,-1.1644323916110607e-14
4772,0.45474809091083668,0.15588853805410999,0.82176703072091173,-3.2148560300371911e-14
4773,0.44324339611450564,0.15402530687287352,0.810370727449789,-3.7508621061342895e-14
4774,0.46780815788576197,0.15566569562975804,0.82528293499627914,-6.4840535583862704e-14
4775,0.43625291163739977,0.16226382991960908,0.83454518028104729,-3.9142321942586138e-14
4776,0.432185026294092,0.1747264843790074,0.87018605564397078,-1.5991520498092018e-14
4777,0.44814167887068435,0.14258584887513953,0.77039703575853358,-4.2780536264324273e-14
4778,0.42455797146182089,0.18588056517962268,0.89404776627198701,-3.182084996983878e-15
4779,0.42123636776052065,0.17358516796338244,0.85994404283022996,-2.457041359980519e-14
4780,0.40901132064193574,0.16619567751645634,0.82938241734479379,-1.6936491643481239e-14
4781,0.4402720391486421,0.13468703655565401,0.73559975047070569,-4.591788918240217e-14
4782,0.45654822842792298,0.13180839904122088,0.7299058274575575,-2.7048833579019623e-14
4783,0.42908926091944533,0.13600684441722566,0.73558781866631995,-5.3955095876726818e-14
4784,0.42141269668443176,0.14895666625303142,0.78075171393573084,-7.8771149743597398e-15
4785,0.4315522848362181,0.12500617924889815,0.6908149042772731,-5.3427449929137304e-14
4786,0.42369285078260427,0.11880135573327121,0.65944226158026775,-6.8555909228916111e-14
4787,0.41071487987208044,0.12011260289377572,0.65834589145184952,-2.8541037446164866e-14
4788,0.43470686153499449,0.112930339123231,0.63786998373245463,-2.6198591346143036e-14
4789,0.39882304368646293,0.10809308432851177,0.59672098448873101,-1.0169597505891893e-15
4790,0.40225634865119819,0.11658876545190974,0.63737507259821091,-1.0371739275330614e-13
4791,0.48267893444712529,0.22348845193160255,0.98472121675491986,-1.1622409695598802e-13
4792,0.25552318929756396,0.1514819991823782,0.58579283310236274,-7.9575767017466023e-14
4793,0.24604823659907249,0.15883834597375476,0.58691665177696772,-4.9706339089018908e-14
4794,0.24922601072725928,0.17041782140025954,0.61898804502765004,-4.4744591626744354e-14
4795,0.256186583211783,0.18215619228362842,0.65619776607903335,-3.9562089732299749e-14
4796,0.23710889670420293,0.16965632059878383,0.59329779728735799,-4.9997985102029236e-14
4797,0.23050083483062001,0.17986313143988389,0.59915751210486567,-4.2036821567079946e-14
4798,0.22557242177272563,0.16635072811210444,0.56294678664407316,-4.7584852581411188e-14
4799,0.23599349667025948,0.1919240929914135,0.63073548639314925,-1.4261774581882664e-14
4800,0.22165555050529315,0.1879987531220379,0.59323530508330646,-1.7704762343775593e-14
4801,0.21237938560234929,0.16470611367395047,0.53216644122464807,-3.6254277823676407e-14
4802,0.22355896991449017,0.15580456056858938,0.53616909488074715,-1.0034735891006117e-13
4803,0.22977577988285247,0.13922949259568163,0.50721675969753921,-4.1113709543062144e-15
4804,0.20971848324237344,0.19024254692449402,0.56957036986559961,2.3091507454716685e-14
4805,0.20519103771825559,0.20231524140052654,0.57411798630207023,8.9313948773089641e-14
4806,0.21428298219047337,0.21280585164538182,0.60658818957294303,6.1293627090270647e-14
4807,0.19360451495647629,0.19894385315856625,0.54207385293389798,9.3976807656767517e-14
4808,0.27333321877406647,0.14474761837645983,0.59736315089296355,-6.6076741109330991e-14
4809,0.28267124153807754,0.13329806222879764,0.5765493744085024,-1.6025839656132029e-14
4810,0.21015409049764788,0.30307231360580983,0.5793323680826078,8.0788129364581055e-15
4811,0.19898021298791468,0.3056671594451687,0.5497827119520946,3.0373910433494627e-14
4812,0.21580527952972764,0.29381654919768174,0.60362009438374187,9.0135654185570688e-15
4813,0.21167225671047651,0.28220359670089157,0.60434866031368895,2.4877670460927899e-14
4814,0.20072438489285879,0.28251739910610224,0.57710571882046802,8.5338069314866011e-14
4815,0.19008057363303005,0.29302461217251136,0.54210490454450044,2.742084052764797e-14
4816,0.20494399710434966,0.27187605673175552,0.59453157619676289,5.6725477597866739e-14
4817,0.22606494568534152,0.2814334602766651,0.63934688050684607,1.2794761711954446e-14
4818,0.19755956663131657,0.26405918765617181,0.57921382923605913,1.1669975905770241e-13
4819,0.18375314388451991,0.2645309173591156,0.54343980953785787,9.6460443638413407e-14
4820,0.2097825683453263,0.26227285497911745,0.61049072973306162,9.6128152631528108e-14
4821,0.21330331569449779,0.25155048762454429,0.62108109431268765,1.1092964136750144e-13
4822,0.22108099961118338,0.26036315252023412,0.6386081196677118,8.8354020723426161e-14
4823,0.20539441805710906,0.24378399762695618,0.60082571542058727,2.2199645220293165e-13
4824,0.23502660820854307,0.25857315995805202,0.67208777198088387,3.2981659177649235e-14
4825,0.22784569946650815,0.26973050596091075,0.65099734503733198,1.0551241018106772e-13
4826,0.18875669510087945,0.24486938438397501,0.55852554570985857,5.1490012685554194e-14
4827,0.21741575888552281,0.23532410341635607,0.62852415553591212,9.3815877987699773e-14
4828,0.23402450864908145,0.30748586143628609,0.62735873623953309,-9.9012143310710852e-15
4829,0.17942168489682905,0.31392763978403077,0.49166394434233851,5.5014765331651271e-14
4830,0.19026093180013248,0.35388859460318783,0.44695565479290611,-7.4180573993821152e-14
4831,0.13887459336825847,0.35825434756843,0.32855438869682158,-5.4503098504293223e-14
4832,0.14563526250317807,0.33241833089206635,0.38382130305816919,-1.3302924291379326e-14
4833,0.031612232223477574,0.64617319134949425,-0.078888994829533571,-1.7002398966787609e-14
4834,0.025752296139819823,0.61319851734749942,-0.052752045038383572,-1.3637913071745641e-14
4835,0.028334022505271769,0.60211357780540364,-0.05311495955786736,-1.3844175183044696e-14
4836,0,0.640625,-2.445032110193247e-10,1.3832825073390913e-15
4837,0.0098625052788781468,0.61505258274347085,-0.020476743557072633,-5.5073271231818216e-15
4838,0.081433674606037079,0.39696074433625272,0.1525234287177453,-1.1193598709120606e-13
4839,0.076263524883249972,0.3791689738585397,0.16332131750893383,-1.6223404077653617e-16
4840,0.10347304179453741,0.38749823635523395,0.20743058014786239,-1.3376500965682665e-15
4841,0.10113134387838635,0.41180124375789134,0.16432976459530255,-1.5049856750601484e-13
4842,0.10914903468766596,0.40171341055402021,0.19459643034314777,-1.7604997005174739e-13
4843,0.022376304795115116,0.46377788953130922,0.015754789879132033,2.1555162222386959e-14
4844,0,0.484375,3.1728124245200638e-11,-2.521018674238976e-15
4845,0.041742136185276189,0.35707461115170441,0.10221953762528316,7.199829926283994e-14
4846,0.027837948637226606,0.3425429301855995,0.073018920419087863,4.5831460991893837e-14
4847,0.027683811145085235,0.3324117241040227,0.075563396985104128,1.5987396411905029e-13
4848,0.017650140782586612,0.31716116914645714,0.050600866122162899,2.5808005052083555e-15
4849,0.051731550100775021,0.3419745885410212,0.13557980682854859,2.6609539194854706e-14
4850,0.064182474380700974,0.35427592008474557,0.15884435113795736,2.0857267985299554e-14
4851,0.063056040198932989,0.39859212091215895,0.11717006066450798,-7.4497116126850802e-14
4852,0.5401926051261231,0.25229848719951403,0.99175146256668956,-2.513548955347763e-13
4853,0.53140778999778104,0.26038964205094006,0.99284253743239537,-2.9374072258593249e-13
4854,0.51480348771649709,0.25434516758879538,0.99859591764195255,-7.4751931389624002e-14
4855,0.53155976031219954,0.24114906798796748,0.99346133940706105,-2.2602888868082396e-13
4856,0.56023518285335361,0.21410164745522803,0.95698508916556702,-1.6515502217315277e-13
4857,0.49771195471106994,0.21273425141812005,0.9726451781766855,-1.256660084174774e-13
4858,0.49181808415574269,0.22037959779935956,0.98217349743782578,-1.9406228723051301e-13
4859,0.63276088319921631,0.16283102712355918,0.78053406731167763,2.3444907235034789e-13
4860,0.63642179638488572,0.15223158793908098,0.74334545873746649,4.8621333753228177e-13
4861,0.64189904975682266,0.17393049027445967,0.80138534196303157,1.4695409580129322e-13
4862,0.62795208042700446,0.1715016183018869,0.81042702550325052,4.0154028870136881e-13
4863,0.50243029414114337,0.15004036782275632,0.80925019873114357,-7.0022019851667988e-14
4864,0.52179225003714924,0.13283794088739304,0.73922086768363848,-5.4469878320822905e-14
4865,0.54070455354550984,0.14103785502954524,0.76808179679820499,-8.3431328740786729e-14
4866,0.54805465348972504,0.13178373574070101,0.72829059780486827,-5.1137260223813809e-14
4867,0.55137221522334057,0.14780491286932898,0.7905020527446911,-5.570140485583556e-14
4868,0.54433958060003862,0.11858241345278057,0.67146714846639,-3.3854536838235538e-14
4869,0.5575318578502646,0.12259466033780564,0.68494451498897135,-1.604153472616986e-14
4870,0.67610927617634275,0.26456752872907197,0.84725019532894874,1.7428048431885349e-13
4871,0.6778331258439525,0.24809464615331461,0.8480188197527474,3.8358124908088122e-14
4872,0.69702270606703876,0.26531435682665722,0.81061519751323263,1.8057607711588225e-13
4873,0.70392603599616721,0.25663937190410968,0.80095176495973597,8.9600229738938298e-14
4874,0.69887073456558391,0.24365843240536031,0.8105628464668182,3.967538461538066e-14
4875,0.66527192621439657,0.29425293952347176,0.83476137185206878,2.8645278885928726e-13
4876,0.76831853442032227,0.23427148627082842,0.66219756908153315,-3.341642221460671e-15
4877,0.7868857650770632,0.23045486671647278,0.61588684298405549,-2.9022660094273434e-13
4878,0.85711967708520431,0.31754979825688034,0.39542326860651905,-5.5745554227820285e-14
4879,0.84305452004784376,0.33884159336561642,0.40151501820389857,-8.5249959158042505e-14
4880,0.83644560247081401,0.32904106632957236,0.43202645123414046,-1.5413595372018328e-13
4881,0.75876441176621701,0.20552471908428255,0.66077635806326396,-4.7457342044860392e-14
4882,0.83543107552715945,0.24247036061061275,0.49353824647190664,-1.4656910216002214e-13
4883,0.85638832382485952,0.21928504984774386,0.42796528304830272,-1.9089088599632422e-13
4884,0.86470883781705077,0.19745721371647396,0.39025728737388665,-1.5596482942349285e-13
4885,0.87260452591354898,0.18920222562233088,0.36141766149682919,-1.1982926104226505e-13
4886,0.87594599555972441,0.17883117407326204,0.34256187052590309,-1.0492268079257597e-13
4887,0.86881871769213503,0.1685505568403742,0.34916840687895367,-6.3622849770776145e-14
4888,0.8839243705062888,0.19040740534614911,0.33195556866350234,-1.905101821633714e-13
4889,0.85586674964638332,0.17018861914544692,0.38365712341778946,-6.9311499154138825e-14
4890,0.88093795467077707,0.16451379687609036,0.31385593171212928,-6.6639869131880402e-14
4891,0.84556939920991681,0.16331866157715885,0.39887627188325986,-7.816507493060708e-14
4892,0.88270060435537823,0.15253656818028791,0.29485705279817792,-5.9473625545222359e-14
4893,0.8929743857593212,0.16581197552054064,0.28488586632544194,-6.5633620135253798e-14
4894,0.83427625132164007,0.16810087263659337,0.43285015610086353,-7.4217383648451561e-14
4895,0.85479655971290758,0.15152381887301622,0.35880218224763538,-2.3396993146967212e-14
4896,0.87245797459855745,0.14055589920886827,0.30149780496257544,-2.5436252388987905e-14
4897,0.88988941747794881,0.14233213041374096,0.2643667361303933,-4.7717079899587485e-14
4898,0.90592569191762728,0.16159966095785228,0.24750582904002591,-1.8536678209113847e-14
4899,0.83251154351378964,0.17962958111592209,0.45400514373950596,-9.8584560073734318e-14
4900,0.90275069425234022,0.14272866264818138,0.23497537606296959,-4.3247578566492773e-14
4901,0.88452967140639005,0.13187494785199075,0.26145639252396663,-7.4318480827235822e-14
4902,0.82306617189086906,0.18498967935121774,0.48413699566252999,-9.8380589344015849e-14
4903,0.90922458121478478,0.15134203937741872,0.22892048337808388,-5.4070449003995812e-14
4904,0.92410241612191057,0.15561591175707379,0.19580627126055183,-9.9393546817596907e-15
4905,0.88593881092726268,0.11987945189830525,0.2399924054245309,-5.5835815473746e-14
4906,0.87500185236687034,0.11075962288744255,0.24542014757464331,-3.1082490982326245e-14
4907,0.87302976873813143,0.21164871176694874,0.37714668719646943,-1.6925387199079789e-13
4908,0.88915996009197262,0.21057402068131303,0.33080998512333548,-5.1045360417386819e-14
4909,0.88173101426078071,0.22426562395506119,0.35836070321417179,-4.8063420200180525e-14
4910,0.84957095435293872,0.25194579769506398,0.45531060512199056,-1.3577412274261661e-13
4911,0.86602054972482523,0.23581224383217669,0.40694915527754127,-1.1958871092803037e-13
4912,0.90198706460931211,0.30895084532872391,0.28257446704561262,-3.0541312689019746e-14
4913,0.87321019001861855,0.30661616879506903,0.36356174221207466,-8.237387925789405e-14
4914,0.86150841647114884,0.30166552134562857,0.39935908646131119,-5.8926241386421012e-14
4915,0.86258346635270089,0.29226383295518193,0.40366433050357808,-1.9007354665393014e-13
4916,0.90132725073009001,0.2446508575702557,0.30487696775886958,-8.3963656680727059e-14
4917,0.90575962513275676,0.23095118421666028,0.28969206857570057,-1.1162633279119664e-13
4918,0.92588196574407966,0.25480797599661625,0.23060720902435894,-3.4964255624702707e-14
4919,0.90895719804846908,0.28928548729088965,0.27353862033517334,-9.7473008616302557e-14
4920,0.93278141482562615,0.27329620615441896,0.2073652646327758,-2.1404068696055101e-14
4921,0.92419335522381396,0.29518486646617925,0.22645464714758254,-6.7420791580434849e-14
4922,0.93518418114052482,0.30050907062528565,0.19213097112030636,-5.3121198767689567e-14
4923,0.92319012128015165,0.30972648114508078,0.22238870716585696,-4.1043762801183297e-14
4924,0.94694674610771734,0.29359777444416524,0.15971609634620323,-3.1526936866248799e-14
4925,0.93078722502060873,0.51426457106708368,-0.01918191843238061,-1.0072884658278794e-13
4926,0.93025314105268586,0.4440560400757923,0.074762726471916105,-6.0830614995885807e-14
4927,0.94273201908967752,0.45056657927667199,0.0547271580985308,-1.2840505214168587e-14
4928,0.91128303889724482,0.42804760185193341,0.12016067777886004,-7.5227357136415133e-15
4929,0.93104070560093677,0.42837754490291913,0.093475618662804572,-3.0923493011476378e-14
4930,0.93501736320845219,0.41793562635129489,0.0998439081247747,-3.1961366054958813e-14
4931,0.94267634097815378,0.4269867834554173,0.079258678889668172,-2.6800577396381347e-14
4932,0.92722373881656572,0.40464414365493312,0.12781875333967382,-1.435421689630877e-14
4933,0.95753611509474346,0.42523775653127416,0.060283048447049695,-6.5814960303824753e-15
4934,0.96921826047626702,0.52953698052956122,-0.017857199655500467,-1.0583377590912357e-13
4935,0.9727059649051748,0.54645513728874251,-0.024561294753472528,-4.6544615359366272e-14
4936,0.94056917681371877,0.55860678173876788,-0.066745428272002194,-5.0434432403398378e-14
4937,0.96630767446190369,0.56555643204728689,-0.042296742824122505,-2.4076656763513668e-14
4938,0.97488896287725357,0.55780862137599518,-0.027931963700087607,-2.6386265519631086e-14
4939,0.98698357463396624,0.56262135690395143,-0.015564491955217847,-9.0940758548505925e-15
4940,1,0.5703125,-1.3938771363167075e-10,1.0699857944913605e-15
4941,0.98891139238486403,0.57421875,-0.015567602716819878,-6.4304030207424964e-16
4942,0.97758080958103732,0.56864740262835556,-0.029330193401467884,-1.6405128739716215e-14
4943,0.95262782501683618,0.5775419591433355,-0.06930519676440762,-6.2510669800496796e-14
4944,0.70286987564813352,0.89774057519656858,-0.48149853235548862,1.6437791729253335e-13
4945,0.70413204136805163,0.88256091041923423,-0.53924331273463721,3.0183319030078306e-14
4946,0.70942657901964801,0.91617426646736666,-0.39782135932292423,6.5890517245320834e-14
4947,0.68818295598134727,0.91536726669233137,-0.42099514547538275,9.2069764273483079e-14
4948,0.6980997629186253,0.91742542412045469,-0.40280330328604275,1.523601390285497e-13
4949,0.6936000139771068,0.93935639536306481,-0.30515972976368705,6.7798994402267682e-14
4950,0.67193370841663869,0.95872373883866946,-0.22006471083534632,3.412714106298035e-14
4951,0.65913133247352229,0.94995761462303707,-0.27139104825527571,1.2365704366819049e-13
4952,0.47372214241429511,0.24098357423331843,0.99508346976722362,-2.9874998563388635e-13
4953,0.41124216621914406,0.19496719144638705,0.90450804221483783,-7.6288916994381406e-15
4954,0.45850414441561438,0.19548310968145891,0.93397410322160812,-5.5009966892259646e-14
4955,0.49855175795993001,0.17808744241883265,0.89972137758344861,-1.3548225527028863e-13
4956,0.48636635221016583,0.15530376593174564,0.82721699834512608,-1.168223246138354e-13
4957,0.48693985318174038,0.16699828639429901,0.86610593458416618,-1.5910954903931669e-13
4958,0.4310152355232772,0.19314893646007933,0.91474656994193171,-4.2724787138223393e-15
4959,0.39496503232213653,0.1769201602713083,0.84788856892776188,-1.9154671286611055e-16
4960,0.4535954319781435,0.12101532312860619,0.68177454556387496,-2.9599438100104261e-14
4961,0.44638553253803098,0.11175274000362868,0.63671975719297125,-1.5703463632588491e-14
4962,0.4539038916572033,0.10025641759447294,0.5828829309004645,-6.1668730708903851e-15
4963,0.45908469697763027,0.11071514444612496,0.63559788135028605,-4.8611554759713468e-15
4964,0.46964283183814148,0.098972558702761879,0.5799451868568215,-3.7168028303580066e-15
4965,0.43053269133852229,0.15371452547077641,0.80264117271907864,-9.9222771130809816e-14
4966,0.41616806657174743,0.15826393949863574,0.80944078647325146,-8.135569703471174e-14
4967,0.26277866123038329,0.17243519536652724,0.64929218779295528,-6.055282664021375e-14
4968,0.26810572896515961,0.18410991800107121,0.68313528476452157,-4.9109384380423933e-14
4969,0.27794117616561187,0.18586492912236932,0.70509554260646923,-7.4979576849862345e-14
4970,0.27667618887130024,0.20259254604936994,0.72997165956705856,-6.3375113765083151e-15
4971,0.27011731467857453,0.21249092453261731,0.7293787786011352,-6.7780822550017545e-14
4972,0.26015878559544958,0.20617019076873708,0.70189634832564152,-4.9360667012233286e-14
4973,0.24967375707702005,0.21155344877257631,0.68602551393280664,2.0287547386230648e-14
4974,0.25076505601337956,0.198739092115923,0.67218186566382032,-3.3696387444309179e-14
4975,0.22914943640559646,0.20124235221475575,0.6285337495718778,5.0419639802163361e-15
4976,0.2317636128788774,0.2129417386201454,0.64737772879939248,3.9431730673578123e-14
4977,0.2341176036069883,0.22242030058162882,0.66098149727902367,1.8506779519965298e-13
4978,0.23214296833002784,0.23694992247219687,0.6641508055736568,5.648745549962622e-14
4979,0.22305538683225404,0.20874579713296398,0.62311373633489631,1.2504339020484312e-13
4980,0.20529381687276047,0.17629030628089143,0.53779560872835974,-2.9685912669661948e-14
4981,0.20701499408858803,0.1557455678792426,0.50219610522592417,-7.6590835663874124e-14
4982,0.19526980249775677,0.15045632611706872,0.46670848732961612,-2.3618186361270482e-14
4983,0.20521734608053888,0.14524660110155907,0.4753956427361678,-7.5173905148827439e-14
4984,0.20854921760789183,0.13424033013194536,0.45499907667193357,-4.3184602827478654e-14
4985,0.18837649906091511,0.14263243565179107,0.43563430777926626,-6.6059525176747998e-14
4986,0.17920909101144947,0.1368929759947668,0.40445893549257,-2.2572300597453694e-14
4987,0.16305029072424385,0.14238916312947691,0.38242239587661186,-2.3866128765335738e-15
4988,0.18787916185208364,0.12533332762734259,0.39447251027060265,-1.5707311399510668e-14
4989,0.20477476143477535,0.12108047894489538,0.41351337915085989,-2.9042114983249479e-14
4990,0.21897918903296018,0.13751480880239161,0.48274239689278581,-8.8728153054990183e-14
4991,0.27326858041664753,0.13039495762329217,0.55294974968840505,-8.2983252659269194e-14
4992,0.26008895207718302,0.12509557636653107,0.51592908927634418,-2.7543639952065583e-14
4993,0.28828735960387458,0.12119411763820043,0.54286389166026361,-4.8212350726756054e-14
4994,0.29367609625815472,0.14084388420994817,0.6169336602305221,-4.7967121505456627e-14
4995,0.18137221026094949,0.29919923099826762,0.51376672112042532,8.668037143401902e-14
4996,0.16761852140217748,0.29048717316570555,0.48636887436188658,6.4174434175809394e-14
4997,0.18319427167581701,0.27508250395830675,0.53754157432652028,2.8477670310759487e-13
4998,0.17318711861243416,0.26444473235150662,0.51551380864032814,4.9523974832433218e-13
4999,0.245555205027223,0.26268043795477936,0.69481858232542082,1.6847992267976872e-13
5000,0.24368830288065285,0.2519179130440195,0.69273815214159973,1.352679791453311e-13
5001,0.24108271115734597,0.24199104163391794,0.68618590648764666,1.5159548194487854e-13
5002,0.19036425326276116,0.25574591174937794,0.56249143055597373,3.8724122541544275e-13
5003,0.21169404635566244,0.22464307315264256,0.60925473119447371,2.0812647095702862e-13
5004,0.20038859856888108,0.22152931335624601,0.57946599580373259,2.7722991272512527e-13
5005,0.24246828213831512,0.29372018697112323,0.66420367703135663,4.3839174864981724e-15
5006,0.24143184166906662,0.31592511524070183,0.62952005040933345,-2.6848487057211564e-14
5007,0.2489436228864563,0.30590834985855153,0.6616967403652706,1.9064622583359879e-14
5008,0.1495945937013847,0.35914527487849773,0.35046015780058182,-1.0868757675170886e-13
5009,0.14525770285572151,0.36779955506509426,0.32534544801712884,-3.0780483251590397e-13
5010,0.12828905897737447,0.36320649295469432,0.29709804191952205,-1.3145586441394946e-13
5011,0.12252293172637854,0.37682359921142328,0.26248198596922007,-4.0290786769423488e-14
5012,0.1179664615736172,0.36660653255400227,0.26926621479584367,-2.3307831366321889e-13
5013,0.12904869432722393,0.35304015868680427,0.314530438145664,-1.5753843036545616e-13
5014,0.12099718500824373,0.34329516723700293,0.30906936626838566,-5.6780533141406868e-14
5015,0.11251943830847157,0.34848653561978749,0.2818990523388224,-1.1769310453955599e-13
5016,0.10278429408758173,0.35894015976973409,0.24596792357384206,-5.6083551531301925e-14
5017,0.15091696540002519,0.33977681839103036,0.38576330504947742,-1.0081119865190111e-13
5018,0.036784373188487034,0.60517118716614127,-0.070746495717546057,-1.9042613681117854e-14
5019,0.012075415784217381,0.63278509216496726,-0.028090251382838653,-3.0329651839543496e-15
5020,0.078720777625343782,0.38762499140874257,0.15880829904375354,-7.9265156397535915e-14
5021,0.069672144814326584,0.3853089377015691,0.14319429955869023,-8.1492295026037672e-14
5022,0.067685611504658127,0.37437297866820751,0.14972981232550422,-6.0910230980497584e-14
5023,0.091949940510734629,0.37355514588878413,0.20326515357209449,1.5069977480210902e-17
5024,0.095945643587143789,0.39286924633087106,0.18504806868803522,-2.4644786250154188e-13
5025,0.011789562791377238,0.47646495465683136,0.0054454929066282002,3.2350201593262168e-15
5026,0.040744068842020281,0.33673283713058416,0.10915973572928854,8.698918829444305e-14
5027,0.052848399599583221,0.32399393864537779,0.14773560607245664,-4.6257157926354451e-17
5028,0.044444344853003068,0.32812865410420128,0.12279038567716422,1.6022137039922942e-13
5029,0.074449660618678221,0.34925508021327784,0.18806408213387268,-1.6782559104664631e-14
5030,0.069586491988987753,0.36274565721048413,0.16474867926927195,-5.1859903372073842e-14
5031,0.51247188081734141,0.26639468607167938,0.99375588995027131,-1.4845754010391221e-13
5032,0.50171381301012652,0.26163744757391338,0.99711750151512191,-1.2630965965265491e-13
5033,0.49223094995766442,0.26806769456554858,0.99279142605306603,-1.4880402664228033e-13
5034,0.4907325336791285,0.2567191999889189,0.99850977190951296,-2.1603213795317899e-13
5035,0.50979678446084364,0.24401295509964882,0.99860888460654318,-1.5604143212420518e-13
5036,0.49999198579512061,0.23897797482035216,0.99748537024687889,-1.5632702680068783e-13
5037,0.49114596205746519,0.24449542234016267,0.99909531139300356,-1.7509066427782966e-13
5038,0.5209922678445924,0.2449670956682686,0.99707279673559057,-2.0560639029438764e-13
5039,0.65102200465328275,0.16860104888836583,0.77564452635007286,4.0222937045088381e-13
5040,0.65824641099278614,0.15721364043097202,0.73386233379438837,2.026101704745186e-13
5041,0.66327296789926937,0.16849504898216272,0.75966575593059793,2.9664789411688747e-13
5042,0.64572475944829155,0.18610876830809869,0.82566264095577746,1.9413431413737589e-13
5043,0.65622054055027068,0.18895438353711314,0.81797348241077883,3.5179196442913123e-13
5044,0.63623239692146305,0.18644135400284123,0.83817492830549356,3.0292957977132273e-13
5045,0.50548274487258749,0.13754524788738007,0.76043332166314914,-5.7046058430920492e-14
5046,0.50300880087354738,0.12534322525849598,0.70855373496725327,-3.1709758013361976e-14
5047,0.49163903939801351,0.12126859671747152,0.68990122108968721,-4.0030609163450735e-14
5048,0.50506542653440523,0.11344178145326939,0.65385721147566189,-3.9575886287584528e-14
5049,0.47809871655610353,0.12932947287727381,0.72419526330606077,-6.5544136569505991e-15
5050,0.47832486848872546,0.1128394259323299,0.64942347842708059,-7.1601396554017737e-15
5051,0.50320782885365911,0.10072489356775007,0.59143191644438498,-3.3170085722057099e-14
5052,0.51705617792869729,0.10782060265709295,0.6259386145264989,-3.8873573362746362e-14
5053,0.49117077725254016,0.097032172504213005,0.57239429672051645,-2.7503750927214161e-14
5054,0.49310511648543659,0.085238610416459901,0.51022312120517843,-1.0530765049725753e-13
5055,0.54139962996390023,0.10456490195476777,0.60562322083390985,-1.8274551016242436e-14
5056,0.56699664662620886,0.11382489958976202,0.64121661417188358,4.4121996168085735e-14
5057,0.56457797020893707,0.10085681521401138,0.57997218127528583,3.9454099651101708e-14
5058,0.5703779437076052,0.12429556296979843,0.68665920695775595,1.4916981954843001e-13
5059,0.70914967632236103,0.2410569777126724,0.79038313768234902,9.9282502868809356e-14
5060,0.71980962747313137,0.23101357651744839,0.76541435712559458,2.1595489831202388e-14
5061,0.6884604540938446,0.24639118605811192,0.82960741995040588,1.8659147950385488e-13
5062,0.69246696858729684,0.23260709114866923,0.81772346317116296,1.0853513973723874e-13
5063,0.68696770773412119,0.22067228146376119,0.8183562142544647,6.8998196115501271e-14
5064,0.69797227935549266,0.22413195636586036,0.80183405924486006,1.7982851980152425e-13
5065,0.77506844982217993,0.24074689544578362,0.64805870521633424,-4.2491959604611473e-13
5066,0.76683189403486052,0.22447989594971124,0.66000933177906829,-3.0754073032676015e-13
5067,0.86292414465379796,0.32681452732693639,0.3697393440339341,-1.3891654788123826e-13
5068,0.87375153393119742,0.32920392291909795,0.33952295797166954,-7.5228303182895805e-14
5069,0.88304834506836438,0.32025182026025761,0.32475549723404146,-3.8188198426835459e-14
5070,0.88834960061494062,0.32998054030400564,0.30111716451561582,-6.9847502702004248e-14
5071,0.88134797726179848,0.31111168779008858,0.33760960523308053,-1.1438713221612044e-13
5072,0.89920882245153744,0.33245399227043393,0.27053591162875951,-6.2773775436724557e-14
5073,0.90693395897384776,0.32417702586218061,0.25750416348956634,-8.27535621984262e-14
5074,0.8921497214133749,0.34280715169736464,0.27748419081174935,-5.828929064665859e-14
5075,0.91257179071979344,0.33402524169853809,0.23429815991807484,-8.0972240317695297e-14
5076,0.92631872991235131,0.33542543564836741,0.19723531832920402,-4.8460120774838246e-14
5077,0.85256661136508394,0.34868953532645269,0.36361842666292582,-5.8768559209537662e-14
5078,0.74633501676094871,0.21228173698812247,0.69511437561415401,-3.244401652519985e-14
5079,0.75547289007337359,0.19562065203193596,0.6547370918709603,-1.0313793932838902e-15
5080,0.76655219833094657,0.19684590485739376,0.63231731822450088,-3.2837898544120755e-14
5081,0.77150131139312295,0.20543170599872446,0.631924665515877,-1.1666213646066485e-13
5082,0.84685704308111676,0.14348816989093521,0.36285476231018754,-8.5124834479493496e-14
5083,0.83577709079613438,0.14191818090395883,0.38380333803607719,-4.9218585556252153e-14
5084,0.84523985798156842,0.13215628757058501,0.34488617577400121,-4.3413764711692176e-14
5085,0.82716593095521884,0.15128301802238986,0.42046437590546493,-3.5556751659273935e-14
5086,0.825327960439876,0.13805303874659278,0.39781445561461448,-5.3313182741156224e-14
5087,0.84083202258337042,0.11999760618904279,0.32820877616928529,-1.9687669284717296e-14
5088,0.85424635967531548,0.12547618153440071,0.31353202785944351,-3.6900914982710395e-14
5089,0.83292356385624178,0.15876077503570621,0.42086639464432501,-1.2718206368821042e-13
5090,0.81657235717560683,0.1563686428063864,0.45316959116880046,-8.0843041266599709e-14
5091,0.81535552666057665,0.13383679081063954,0.40839161951202002,-2.6421999622549967e-14
5092,0.80474346698294674,0.14022946714819948,0.44403872171288156,-2.6483956130517676e-14
5093,0.8235068962910731,0.12543488884550857,0.37330780843101774,-1.8914980163741865e-14
5094,0.86446125477123381,0.11818083561273046,0.27934468597994649,-4.1251426170457099e-14
5095,0.86472497658210201,0.12967474542051416,0.30004845270158814,-7.3440511160290342e-14
5096,0.80825479077792672,0.1674433129062923,0.49214444115803285,-4.7169802081000781e-14
5097,0.81544396509404971,0.17639926357311475,0.49025445190263006,-9.7450863115040311e-14
5098,0.80303850544483202,0.12959830556489976,0.42177211974622147,-2.4511820891573077e-14
5099,0.79365204680531976,0.12372308482047716,0.42337567162020817,4.9718594877965494e-15
5100,0.79436462143675779,0.1473742509689758,0.48110929089517873,-3.5767337904143714e-14
5101,0.80363281330199576,0.17920763772523376,0.52225055878234716,-8.2066345913642033e-14
5102,0.78053636157149431,0.1292094878974839,0.4616229069768365,4.6617888817057766e-15
5103,0.8027455800772938,0.11736399934163905,0.39044844435143672,2.1599100141788308e-14
5104,0.78432900168761299,0.15571436575976924,0.52004212575571129,-3.206008460184391e-14
5105,0.78323350896548571,0.1417310343225901,0.48943270711520831,-2.5721519754459073e-14
5106,0.79327384850532512,0.17192720998042285,0.53342455656766974,-5.4103113335394765e-14
5107,0.7732426194131532,0.16158129135259275,0.55528612975717773,-2.2611980866201107e-14
5108,0.78514546042075417,0.17792340539645835,0.56183591996853843,-6.5783259833215182e-14
5109,0.77613787936308087,0.18580408935103015,0.59476274774876059,-4.0359193653207385e-14
5110,0.76455812802098233,0.16988782492453969,0.59038869140550865,2.2888201626008337e-14
5111,0.75981573264878188,0.15544390088619295,0.56766569561185576,2.3480885564149354e-14
5112,0.76763741522955198,0.17932058833836148,0.60197870752389326,-2.4904451739550393e-14
5113,0.86270103158040401,0.14454836099221038,0.32965552587478048,-1.1659123643828275e-13
5114,0.92923718847302006,0.14299743266190146,0.17249633921470031,-3.3984523541817366e-14
5115,0.93210686808512344,0.16877791531145966,0.18456947169840066,4.7047424896077205e-17
5116,0.91554822201176611,0.16023041858075623,0.22147077658366543,-2.271719192440347e-14
5117,0.86234920595334974,0.10394164507720277,0.25468469066437838,-3.2243974316065137e-14
5118,0.88335007431527235,0.10343661873090572,0.21689745134852478,-7.6618476540514141e-14
5119,0.88754971212722988,0.089238266388719525,0.1840691656402848,-2.4378419251281683e-14
5120,0.88136775916051679,0.21520728227167266,0.3555243414692647,-3.9938318887152269e-13
5121,0.89336685078315781,0.22171788588074914,0.32357400208712123,-3.1429287936989391e-13
5122,0.87344750038114494,0.22945620897992439,0.38384849486125128,-2.6546690280576635e-13
5123,0.89450108083563784,0.30301120605846182,0.30744555516076849,-1.1972654216085769e-13
5124,0.86429731913045338,0.31098451087011447,0.38345946760980426,-1.3508722892836188e-13
5125,0.85415059965180584,0.30818102742148945,0.41310316000966135,-1.5564395650991815e-13
5126,0.91849842528500369,0.22226692302036638,0.24941496490710913,-4.9686379182295004e-14
5127,0.91134273463870819,0.24032439515150913,0.27437294901671061,-1.0926646512703884e-13
5128,0.91740041964665209,0.23227835287097784,0.25497916338871529,-8.9347733469059954e-14
5129,0.93221369858358505,0.22993352249130189,0.2096527719897717,-1.8505166873440155e-14
5130,0.91758535616596049,0.26012195893904466,0.25543999343190843,-9.5517668396257514e-14
5131,0.92713179931957412,0.26487304773661202,0.22591525347853381,-8.9940105667288623e-14
5132,0.94090017224056099,0.26783885247536515,0.1834113327709698,-8.3128009536461634e-14
5133,0.95210217631487915,0.26146896032724326,0.14950716073797934,-3.5790110564338354e-14
5134,0.94873299118318466,0.24914021380120449,0.16036121993829894,-3.1400896504801307e-14
5135,0.96227718618616442,0.26722692975785151,0.11754886476522522,-3.9437940420687744e-14
5136,0.93886926744193788,0.24091650320052291,0.19051723674783511,-2.791882269106443e-14
5137,0.95956197439327529,0.24455665533009979,0.12658846606581145,-2.9132122005759272e-14
5138,0.97291841392197687,0.26253691005617902,0.084701104407255673,-1.4413786159471714e-14
5139,0.96368490371144122,0.23148121865059806,0.11308525427938083,-1.5204574517945946e-14
5140,0.97321072582908408,0.24585171315342544,0.084043622184622566,-1.6087890775016515e-14
5141,0.93941289971103181,0.28019494555449742,0.18575648246266807,-9.373817489216344e-14
5142,0.92868490987129471,0.31967873350790865,0.20114303890090388,-1.0088188912688859e-13
5143,0.94045336563679172,0.32512816046157067,0.16569020353733729,-6.2899983097124225e-14
5144,0.95280157979166091,0.31558083214391802,0.13538657647342439,-1.9830162057874848e-14
5145,0.95173167551126903,0.33211935899180434,0.13139544218057631,-2.9169000332024342e-14
5146,0.9125566053947336,0.31021308628580346,0.25205014355920025,-1.1425722527449984e-13
5147,0.95839992233415905,0.28845645129051306,0.12648369379849211,-3.7788134369929314e-14
5148,0.9711056869538075,0.29003470786109564,0.087823017782384938,-3.1567176698460931e-14
5149,0.94970082793949095,0.2844053469798094,0.15368159025648764,-7.3184770840182047e-14
5150,0.97991592921776194,0.27905607632019419,0.062035048273304375,-9.4120505985633575e-15
5151,0.97079190782362212,0.30251366491557974,0.086624913322279368,-2.9198930685161505e-14
5152,0.98334823158965845,0.31349602286963274,0.048202626935187114,-1.3144161145227002e-14
5153,0.94848433128837462,0.46089805004728213,0.039193528598561934,-2.7682684952784249e-14
5154,0.96028352567137809,0.46405714606836429,0.027940879605744189,-1.7122722509384241e-14
5155,0.95004027137794422,0.47259653053810519,0.026797829589968816,-5.0383014380564748e-14
5156,0.96939398909179764,0.4548620381126201,0.026786089986357363,-9.9647799826232451e-15
5157,0.96503551011761313,0.44340441560683158,0.038108965168526646,-1.1390309040892415e-14
5158,0.97782043606880964,0.46885781226555528,0.013451394006480736,-2.3360646905692845e-15
5159,0.95153185874949375,0.43922054825719403,0.056506155198613607,-2.3287609802933192e-14
5160,0.97685075975261437,0.44256750884221774,0.025690002721028435,-8.6739350480442931e-15
5161,0.96820708488084894,0.46954389772845179,0.019030816364469957,-2.1107858012998397e-14
5162,0.97203867747105488,0.48046327336330136,0.010776845134961039,-1.4244757558448739e-14
5163,0.98563547335572588,0.43017333659085233,0.019118350834173244,-1.3189813219309179e-15
5164,1,0.453125,9.4100892964039533e-11,1.9016368320103657e-16
5165,0.97338642180205559,0.493827895847058,0.0033049534489130884,-3.8265527533729961e-14
5166,0.96345595538536322,0.48648694753194505,0.0096090140855910784,-4.1073354745948826e-14
5167,0.95249295697280856,0.48843586751592366,0.010788480680767943,-4.1646195808814979e-14
5168,0.98907355607782299,0.44299473329232891,0.011979598114560818,-1.7186979065376913e-15
5169,0.94921009217578134,0.49715723135091094,0.0026909574932016929,-1.0226284471320414e-13
5170,0.9204726540774496,0.42820106378220146,0.10783429253819843,-8.9440014651899423e-14
5171,0.90490844228960987,0.43572512059446444,0.11565563489722226,-1.1023761472605446e-13
5172,0.91266300262373901,0.41630613995764526,0.13603749331926865,-6.388932674885594e-14
5173,0.90259288966771389,0.42107443231798175,0.14340652385778022,-8.7825953533790803e-14
5174,0.91660907227800392,0.40631206039689227,0.14381166724539685,-8.6866746487333862e-14
5175,0.92855744837104948,0.39462426602931455,0.13680620384949654,-1.1462864950222929e-13
5176,0.95800927288043625,0.41287398770052547,0.068388517831609083,-1.8936335891175912e-14
5177,0.94915028706808169,0.40238392574413884,0.091570023870228751,-2.4286518667526148e-14
5178,0.96990257829482418,0.4142991919747131,0.048464597553031903,-7.9976100577579187e-15
5179,0.9750474288139358,0.42320674888472082,0.036268913680671623,-7.1023968899927e-15
5180,0.93264424540784119,0.56484099427114587,-0.083127494800309551,-1.1906530587270614e-13
5181,0.92483616213011111,0.58035960562711342,-0.11305394854977673,-1.2199410755206517e-14
5182,0.96224580563380457,0.57471996865195696,-0.053544338577185366,-3.7941615596193897e-14
5183,0.69241224495780618,0.88152890288510666,-0.55735818075319621,1.3423641542749388e-13
5184,0.69906303876798892,0.87306325180320954,-0.58029742466869649,1.2492271995574395e-13
5185,0.71639457855041744,0.88148079278051361,-0.52689124270034016,9.8521195886388232e-14
5186,0.71176597912098949,0.89138551475948269,-0.49612595055163294,1.1166652451771515e-13
5187,0.72506836334058589,0.87206889302001178,-0.54735327861480798,7.1342124258879245e-14
5188,0.73707449762077515,0.87317597524367685,-0.52588652401250968,6.5923471930785639e-14
5189,0.72077253554497112,0.91135620886041457,-0.40644128724580397,1.0157051043436442e-13
5190,0.73041442831884074,0.92043916772412193,-0.35910220999131265,4.9686500948646265e-14
5191,0.71345491530471572,0.92849218585070237,-0.34027171508213405,8.9559458564111349e-14
5192,0.71572237808261185,0.94152871536453608,-0.27977834560430209,4.1483603112149892e-14
5193,0.6934642169512788,0.95360287162581847,-0.23589490585572087,5.3121811913676902e-14
5194,0.42083420143793449,0.19472364118173491,0.9112532064176172,2.0137035046338744e-15
5195,0.40025636370030282,0.20213907223600652,0.90878503213444695,-2.1809176900852608e-14
5196,0.38784475381322281,0.20706556720432573,0.9044744124480758,-2.5142812865644583e-14
5197,0.40435749160239637,0.17466110662440323,0.8500171029953546,-3.2834473085160898e-14
5198,0.40214714814787139,0.18680632649873524,0.87909272375621172,-1.5819181214834906e-14
5199,0.39616577313536194,0.16393208201288692,0.81215863436250058,-3.9549321295033406e-14
5200,0.38721087065375631,0.16965374916848863,0.82094824639956543,-3.4990456565738866e-14
5201,0.24584771175871839,0.1899812411333362,0.64875726943822198,-5.6697704271430803e-14
5202,0.22532229153930106,0.23121899126644826,0.64560854763350117,2.8873322766574141e-13
5203,0.19232465581912939,0.1759109632000454,0.50763829087412604,6.7812588195033642e-15
5204,0.18534219486674391,0.18636985465140141,0.50663264813947195,1.0541994339973603e-13
5205,0.20815512168959632,0.10625796471413755,0.37662304701686367,-2.0079224343240583e-14
5206,0.25597148402239744,0.13525680009137814,0.54099813297068422,-7.4010202886196426e-14
5207,0.25504333624712561,0.11046056736250813,0.45946191751284637,-1.4746753038352755e-14
5208,0.28209515066820884,0.10814194461296081,0.48684865239749403,-2.3304369889611214e-14
5209,0.30103606424173557,0.11439903101326965,0.53405817584117699,-1.9500318966703265e-14
5210,0.30725868699013459,0.13979119472471141,0.63271215503132339,-1.7901468736580871e-14
5211,0.23413055559408283,0.24884894383259648,0.67082471349139905,1.7443467822615579e-13
5212,0.23496877458304333,0.29859255331985457,0.64173703091090173,-1.0516544187276265e-14
5213,0.13206952951375575,0.38124470289927581,0.27336111613625141,-2.4914227775287262e-13
5214,0.13111695604463403,0.39224521988934546,0.25091317330041446,-1.8675641549415858e-13
5215,0.11291769707891749,0.38201763332546812,0.23446616059096151,-2.9080007604998429e-13
5216,0.090720683798987845,0.35132120380605492,0.22608103871007465,-3.0070229101044368e-14
5217,0.019530558357340796,0.64067644327550044,-0.047368155102353864,-9.5924721314049327e-15
5218,0.0097502924810183456,0.64634045601468981,-0.024343506741555585,-4.5463690006641932e-15
5219,0.085541415872082555,0.38037091741248763,0.18136357890467117,-1.3910966629578088e-13
5220,0.099805276537092286,0.36805510437558675,0.227351555500724,-1.2608166065414821e-13
5221,0.020361635784793934,0.47285734027122467,0.010823868795579748,2.6629586160315394e-14
5222,0.015121571394278558,0.4890484436148525,0.003228972841942678,1.1082370348559792e-14
5223,0.010372139371887823,0.49840605228084939,0.0003514648407050272,5.6039400439452765e-15
5224,0,0.515625,-3.4888528652666091e-11,-7.0037791335356935e-17
5225,0.012611025017566245,0.51148808002616397,-0.0027875030522096795,1.7948450674994274e-15
5226,0.058612300336576717,0.33337696831142527,0.15845393082071216,9.5126250971287414e-14
5227,0.069409073241670269,0.32985993407758235,0.18970609311927869,4.2710563846377254e-14
5228,0.48388239360946728,0.23555364112340224,0.99456398118671918,-1.9458195123375072e-13
5229,0.66954978674056165,0.15072102768365384,0.6990797210333064,2.1447776328667972e-13
5230,0.67997071373599238,0.1495404039221124,0.6816392142078942,3.8975987024455802e-13
5231,0.68297436114617727,0.16018573705310291,0.70905795764962332,2.9021721404249687e-13
5232,0.66931289997478871,0.16063269852446957,0.72943032360553239,4.6728086708694146e-13
5233,0.69627807041635881,0.16437585127587606,0.70075616834721322,1.5036416936817255e-13
5234,0.68659201513531365,0.17096563807050599,0.73242889592142491,3.1457151254640578e-13
5235,0.6806532583438345,0.18684746198283791,0.7777265382880294,4.5019847674754595e-14
5236,0.66800579796301096,0.18290169491563413,0.78834493532484284,1.5019026502475111e-13
5237,0.51225331620188175,0.13039579260638173,0.73003723943872267,-8.39599573941862e-14
5238,0.46790508613899157,0.13562518094818082,0.7488295691350505,-4.0484663328381371e-14
5239,0.47029900746138659,0.14527534951678725,0.78766437988868965,-7.8644658767941943e-14
5240,0.53013208781603594,0.11463590568614473,0.65675809301028254,-3.1789391558036265e-14
5241,0.51631057177861106,0.095463491702944908,0.5637411485284024,-4.3219423647183753e-14
5242,0.51713337449165953,0.083710294115246373,0.50123982710385218,-5.2360868101434858e-14
5243,0.50703812378593105,0.074792959702416617,0.45279322811999284,-5.447061313384869e-14
5244,0.53028268033687997,0.086799364098958831,0.51639768326782809,-3.5383828349515428e-14
5245,0.57674609541383037,0.1051559720705947,0.59590876492657952,9.2839739285853179e-14
5246,0.58671636587888987,0.097030586250694009,0.55147033245159671,1.0986336901561826e-13
5247,0.59845966125872485,0.10544488418996924,0.5860247456693477,9.096067809953139e-14
5248,0.58754589134492596,0.10958335953411093,0.61148417465194438,1.756256794046599e-13
5249,0.58992692305770522,0.12025631601119835,0.65847418667813473,2.9109032122180223e-13
5250,0.56214770856779128,0.087636959410040877,0.51330280567170072,2.9271512559234758e-14
5251,0.71229880023878422,0.21841933414992218,0.77038150692079976,3.3085201018289816e-14
5252,0.72978233632076184,0.23276696755650442,0.74632830744839451,-4.2037142484863309e-14
5253,0.74558046660857291,0.23111371922480398,0.71180910212325654,-7.736146922227478e-15
5254,0.67273535638747795,0.2191537969733576,0.84025937448895527,9.3352360037247897e-14
5255,0.68903769778934087,0.21120558400642497,0.80403308498764448,2.8288275496934758e-13
5256,0.69765550512065777,0.19809249383077437,0.77054485433192166,4.5558657085114532e-14
5257,0.93142509097919202,0.34528968321408782,0.1766503884765786,-9.9280530242651406e-14
5258,0.91709026372451752,0.35189649840321652,0.2065415758953606,-2.6154863135083992e-14
5259,0.85293463699281757,0.3609862844090172,0.3417630056558551,-1.8129189808022221e-13
5260,0.84344192490377801,0.34798521860604403,0.3854025514952743,-2.3636874155234587e-13
5261,0.73080128702681824,0.20627290691508299,0.7204236816521945,-7.1541025032454885e-15
5262,0.77061682141488508,0.13680068574679494,0.49987075790381164,1.3474017359509724e-14
5263,0.75651594871461525,0.13453400489588357,0.51810954257221098,3.0143156493982873e-14
5264,0.77781814629913293,0.11448784682717097,0.42342680340845196,7.1702006419872885e-15
5265,0.78481875299514092,0.19030258309995049,0.5820624667274612,-1.0295160564525906e-13
5266,0.7480469929355823,0.15832658843214129,0.59649405409303724,7.2482860090483141e-14
5267,0.74052780577381094,0.16785695160004174,0.63318678178241505,1.1044384607978079e-13
5268,0.74452554153386374,0.18276041302872062,0.65606412436631334,2.4282320124487221e-14
5269,0.73008921033172047,0.15331389775460802,0.61575995546099072,9.8550105262596088e-15
5270,0.74010531089897247,0.15210447850713604,0.59542092808901703,2.360907318338092e-13
5271,0.73268777131932783,0.16246651587119224,0.63456746946530329,2.9166150784552402e-13
5272,0.71869100996090074,0.16149520573183407,0.65650799202453936,6.0144978873412187e-14
5273,0.94342848722315209,0.14128312412878757,0.13711892462928379,-2.7313454132285129e-14
5274,0.9240889032674785,0.16463907885332771,0.20305433937377351,-1.5488645894057129e-14
5275,0.93192880354504315,0.15987125570931751,0.1791298064774671,-1.8799747901542937e-14
5276,0.94368527381140244,0.16639204272945218,0.15221241882800046,-1.7913135772143078e-14
5277,0.95319029619842,0.15656775700649031,0.12200098799468542,-1.4708247696854582e-14
5278,0.9437774564364515,0.17787927040370718,0.15796878670284517,-1.9172564130200976e-14
5279,0.95719994555517895,0.19054606242919581,0.12475245364287126,-7.0633484165388702e-17
5280,0.95256279698670154,0.18201483046770864,0.13506427039831906,-4.6765245543614321e-14
5281,0.96539535169428614,0.17885920591010784,0.097873965994789064,-2.2114640220873207e-14
5282,0.92525071233733347,0.18089073926335897,0.21108917121189374,-9.8350400326609294e-15
5283,0.84930827883692694,0.10152576440675527,0.27157105141586779,-5.6465102331159015e-15
5284,0.86198771467901647,0.089418446556298076,0.22387779458178658,-1.0283467419010469e-14
5285,0.89458471106113091,0.098386396455360056,0.18846482222075553,-8.7907788031717808e-14
5286,0.90862656559020627,0.10334522852552844,0.17125958097015623,-5.5754992779196513e-14
5287,0.87551298928306998,0.082987034105490215,0.18984390927749317,-4.5267008262101877e-14
5288,0.8953372103653543,0.080000261804463943,0.15555687528660633,-8.0643035938158146e-14
5289,0.89139389367709687,0.31269480476697181,0.30893995416264081,-8.3479294987749428e-14
5290,0.9156817350274058,0.20832336217332853,0.252835865892168,-7.4243679282698234e-14
5291,0.92737784377446364,0.22248332707827165,0.22277605295552336,-7.1115313571950544e-14
5292,0.94162471391456026,0.22233882746828917,0.1795961027865059,-2.911425692655838e-14
5293,0.95086012092116623,0.22644567921136971,0.15206966456152618,-4.096102785037852e-14
5294,0.94245909236421821,0.23195576492423309,0.1785764570287571,-4.9772722750607135e-14
5295,0.93439289230019451,0.2497482144409455,0.20459896548355691,-9.0224375558888584e-14
5296,0.9717300392259377,0.21926303089199878,0.0870642161460876,-1.0770384856022471e-14
5297,1,0.234375,3.134238059650959e-10,3.8807799917217362e-15
5298,0.94689386950077004,0.30538305649758091,0.15606940123839441,-7.4253795226787202e-14
5299,0.96251342092301917,0.33132791972663983,0.10237328320434676,-5.7658032301779463e-14
5300,0.98114689344988781,0.3378703587916449,0.050370836292158702,-2.6545420029368333e-17
5301,0.97276106660303463,0.33194782300437559,0.074421793572083172,-4.0019964935295517e-14
5302,0.98339653533166382,0.32578695889556036,0.046253686330402131,-2.1053840728420458e-14
5303,0.99206945000260049,0.31960731115392826,0.0225496887460317,-8.9307481433468187e-15
5304,0.99078882388948597,0.33341434221125971,0.024970570818989034,-1.3834447984352117e-14
5305,0.97321225942846856,0.27215409328571405,0.083233782867485506,-3.2946067753216026e-14
5306,1,0.265625,3.1293933694480894e-10,2.3234009489957174e-15
5307,0.96032724136213798,0.43471679473440089,0.049543124189824136,-1.7685516139617833e-14
5308,1,0.421875,1.4776970655840512e-10,-1.325181324594864e-18
5309,0.98654208353797057,0.4975655960154774,0.0008288330473635526,-1.9160990582140945e-14
5310,0.89867582058639306,0.41259277454724214,0.1633898130401184,-8.2312415529324373e-14
5311,0.93853775361542624,0.40691659701701133,0.10591678890390979,-5.9186340169847534e-14
5312,0.95199464720766547,0.38826840280574565,0.097054648580972208,-1.956546656220417e-14
5313,0.73945130777431844,0.91512848444686334,-0.37112916925220285,1.2244356115169933e-13
5314,0.74276566396271637,0.90507797693738368,-0.40598431184767808,8.3739367574898186e-14
5315,0.73523748200174055,0.89546154689998603,-0.45134876384279338,7.8416177983366132e-14
5316,0.72387527813505337,0.89905104520935974,-0.45198286616872058,1.3916592491210529e-13
5317,0.73957190152431895,0.88466821490086656,-0.48368797306349559,7.5219832277250061e-14
5318,0.74988410525042271,0.88785885188141667,-0.45822862297747774,6.6194049107409625e-14
5319,0.76053151139475206,0.88099100403835096,-0.46463455950128191,2.4609843338794606e-14
5320,0.75996078927781352,0.89213000065843984,-0.42922396555930675,4.610040986765094e-14
5321,0.76871402957977497,0.90196928455915437,-0.38383643061358008,3.0269935300785316e-14
5322,0.75722781778284609,0.87045526774409632,-0.5020747518066534,4.8825332495174093e-14
5323,0.74732743726594375,0.85962363835968769,-0.55061064578309593,2.9124579213909608e-14
5324,0.77367806319235866,0.8747097059950768,-0.46238360133232037,1.8215471960794198e-14
5325,0.73745894517532151,0.93023113380673927,-0.31180498349577307,7.2030303015866958e-14
5326,0.72045590303944529,0.92135141604130955,-0.36494077883021858,1.3614596161881445e-13
5327,0.72580101580863698,0.9429921458413969,-0.26588300318065117,7.7537285542559175e-14
5328,0.73493732051535898,0.93963308798816769,-0.27394284818221232,8.3726433268543315e-14
5329,0.71779231469063254,0.95150047196063481,-0.23251671074800159,8.6152750850687003e-14
5330,0.7208583363238954,0.96582227447610325,-0.16368056098224965,1.6782775516171239e-14
5331,0.70458020726555448,0.94126732470312124,-0.28879854389281795,1.1595465421638771e-13
5332,0.70198320201554409,0.96544604043116067,-0.17349027409023604,2.5357560477206021e-14
5333,0.68291610101555067,0.95707625581409161,-0.22357659672740321,8.8425282550665768e-14
5334,0.37773690140597094,0.20875585257761864,0.89572976574380803,-2.3452361731638571e-14
5335,0.21648853281696526,0.11480655207415719,0.41512088202326292,-7.0283863780018428e-14
5336,0.23152087295790785,0.11799330640823699,0.4489839913110909,-1.5189342556710647e-14
5337,0.1970235133505123,0.099781120903587858,0.3404155517299628,-2.8271623502279748e-14
5338,0.17986559001187913,0.10256129472382922,0.32158723552037899,-7.4959283702466762e-17
5339,0.18813120516002757,0.089138646516181155,0.29609882716760516,-7.9474782203116078e-15
5340,0.18899898590451508,0.10459291469792142,0.3418741780953522,-1.7791630934675885e-14
5341,0.21475271041501565,0.093788095621494108,0.34723117633963874,-3.0910119960999046e-14
5342,0.25827935565669674,0.10053114648211312,0.42833281461823358,-7.0688218726441931e-14
5343,0.25852764782297333,0.086980149164748083,0.37716486210547112,-4.4370919116398853e-14
5344,0.26522596634928841,0.11513724533190832,0.48989060295781089,-6.3712500870015752e-14
5345,0.281393392127954,0.093206895303468124,0.4274001585223115,-2.845388301311799e-14
5346,0.29141932101453838,0.11171331353869557,0.51174391668326769,-7.763722543338405e-14
5347,0.30741757153029436,0.10337657810302299,0.49747314055777941,-3.6781704815701296e-14
5348,0.30309622443112955,0.090185764558227591,0.43736644676772563,-2.5936233739492564e-14
5349,0.31172325941594931,0.12297507064200031,0.57939316757869463,-2.6898840192130369e-14
5350,0.3147058384072825,0.11204759839944994,0.54054998067391347,-3.1641174880322456e-14
5351,0.30525177254720554,0.14866335610427417,0.65800438740240974,-4.9213484010545458e-14
5352,0.32097158360988848,0.14003409431118358,0.65187747565797882,-1.5169898396408587e-14
5353,0.09000011764187435,0.36251199427226422,0.21210707859601621,-8.395612089304475e-14
5354,0.093818917933446447,0.34190149341460763,0.24337930834563337,-6.6575817446711188e-14
5355,0.10204942651813259,0.33133575382593655,0.27479279052469036,-1.0735104850983338e-14
5356,0.02447856875006801,0.51209186564733777,-0.0057215263958266547,6.6500963635945948e-16
5357,0.030565279624331514,0.50368261138317805,-0.0022124506109295066,1.2838945196079485e-14
5358,0.028430295257975816,0.49211376224221665,0.0045073725167231,1.1322233950003093e-14
5359,0.036223963697681251,0.5150126371665209,-0.010693336146760362,6.1844139052336976e-15
5360,0.03520629112205105,0.48405715744096633,0.011085768991628112,2.1530497255412799e-14
5361,0.04078937036299389,0.49317651633305831,0.0054435367681014164,3.1179845998502428e-14
5362,0.051198490905304421,0.51478345927227265,-0.014800211863757656,1.2739473859529834e-15
5363,0.70482437205099324,0.15249888216966931,0.65458018576771304,1.663297823913768e-13
5364,0.70688019783208367,0.17211988999199246,0.70262078239160575,9.5739690241402074e-14
5365,0.7179203561007732,0.17292861546828439,0.68554362689793535,3.195336441835385e-13
5366,0.67645649151412024,0.17805697254961861,0.76459666697065443,5.3714937921989656e-13
5367,0.52767802753742576,0.12452309814620839,0.70202385348069118,-1.2162985287222026e-13
5368,0.50137063865475828,0.064848194785227117,0.39624646085568033,-9.091959085720393e-14
5369,0.50912899946664292,0.055871766241159006,0.34372728240383776,-1.0766117654863794e-13
5370,0.52019399150042589,0.054325837588299043,0.33405915434637612,-9.2149732609231788e-14
5371,0.52716143122756731,0.063412747065332675,0.38657833223746796,-5.9885387156782282e-14
5372,0.53666061962879752,0.060914531500552163,0.3709334201905069,-7.2801063202096402e-14
5373,0.54374247508823115,0.050355963008505672,0.30820759857721469,-3.897498658668449e-14
5374,0.53474488251377206,0.036978253609015826,0.22894965886674296,-1.8062917834719964e-14
5375,0.54964213982635024,0.038922873777000315,0.23918733655331564,-3.4471097029345457e-14
5376,0.56005713291187498,0.030042194994640042,0.18430846784597477,-5.2352001322718495e-15
5377,0.53764883567966359,0.0758985852483441,0.45602139584160206,-3.38141961660202e-14
5378,0.61042733151194351,0.097903241523135898,0.54268981902223523,1.4976107456981625e-13
5379,0.59686422334490863,0.11438930053441559,0.6280703148890695,4.7611078647940506e-13
5380,0.5589929993011683,0.074382148693509342,0.44280184857885185,1.3108433261174563e-14
5381,0.57198152294882287,0.080679272826114951,0.47313867942025634,6.2735209860637823e-14
5382,0.58449186886164373,0.073994619680460727,0.4326442393444197,3.8821065552791152e-14
5383,0.58777497000166212,0.085302971857253926,0.49140373913766755,1.4833036004270173e-13
5384,0.59782467653631755,0.079299891451243415,0.45553675464294502,1.0744795728384549e-13
5385,0.60911923495625486,0.072794339993588822,0.41592288533442129,6.4310803832482294e-14
5386,0.60815417463686772,0.084930247729620656,0.47962579314917858,2.0324147660700278e-13
5387,0.60771105188311614,0.059651275412915844,0.3454147472735285,6.3292923800140832e-14
5388,0.62018718868548683,0.069491501285717558,0.3930935434775566,1.0127082104277103e-13
5389,0.63220191633557032,0.073123726218802504,0.40570378891845976,6.0895010141708815e-14
5390,0.6366329762169175,0.082746440505481481,0.45166975023435935,1.6218343567671681e-13
5391,0.70716843726140155,0.21027674258968773,0.77074198438635666,1.9534856284402762e-13
5392,0.72203299558182477,0.22115088979155742,0.75390242199951718,-5.1291867930793548e-16
5393,0.74804456227348259,0.22178134175761324,0.70005557305706911,-1.6699698664885914e-13
5394,0.66625172125215582,0.23098917306695829,0.86059709540414664,1.1258232353308059e-13
5395,0.66669352735522958,0.20840801081961666,0.83658317148699934,1.2481646622121506e-13
5396,0.65450236955526719,0.20582002308516323,0.85070421783236316,2.3981006039718561e-13
5397,0.67329443426459701,0.20075663213070832,0.81463086617072422,2.2579598564119553e-13
5398,0.67606114044336385,0.21021246626496487,0.8243594988763131,2.5079041285143712e-13
5399,0.64562692701331659,0.21540929267326508,0.87598969485962497,8.1457556961633219e-14
5400,0.63463692850974063,0.21563142629452287,0.89058073399395488,1.5524493676058093e-13
5401,0.91870622652145661,0.34198108537701977,0.21158295798383131,-1.3800161647598633e-13
5402,0.73997757655720287,0.20563374715675983,0.7009820455433915,-9.7043983465652657e-15
5403,0.76216952290177853,0.14435713309272596,0.53516398607513094,5.2548298587441149e-14
5404,0.74469430868933451,0.13494500864723055,0.53898940067131462,9.0884790552520496e-14
5405,0.73832298807086871,0.12726400424378376,0.52517652119501246,1.4590133378603898e-14
5406,0.75163677872482226,0.12034531075801233,0.48288144978601244,9.8380666082355279e-15
5407,0.78473347030189367,0.1208227632452492,0.43060233584974505,6.0865968578523581e-14
5408,0.76717542895580715,0.11419750847917978,0.43906199947191521,7.0397145409225367e-14
5409,0.78419833589739729,0.10489080043179101,0.38403720385665946,7.1680291106914806e-14
5410,0.77371035010514033,0.10483763006821858,0.39935921940170171,6.9348855275055389e-14
5411,0.79511485000005677,0.096041291779394911,0.34053814486051981,3.9227950572481954e-14
5412,0.75425004769376192,0.17964536964272093,0.63047807067607775,1.1300455361454513e-13
5413,0.73191774582794122,0.19116291040646019,0.69575344745563616,2.7217712261561662e-15
5414,0.72013766288026959,0.15148004112222938,0.62713428780718328,3.981644766993736e-13
5415,0.95372924042181051,0.1454639555444,0.11467006229513882,-4.4260723119488643e-14
5416,0.96149953450236902,0.16413799854982003,0.1035433214342841,-3.4499470001347317e-14
5417,0.97393573873711425,0.16421737439205172,0.07013727840985913,-2.3022029927406817e-14
5418,0.98052538935186118,0.15177081578034127,0.049941218613519987,-1.5592362670304994e-14
5419,1,0.171875,2.8131999402832101e-10,4.1636934563108949e-15
5420,0.98764035985751886,0.16575723123258579,0.033501818850099223,-7.4764734810454734e-15
5421,0.97496608242232663,0.19088471673284407,0.073209193559547303,-1.8587298624111559e-14
5422,0.93429071357777882,0.17801081369541144,0.18423979511026564,-3.3638492101102833e-14
5423,0.92643530693211951,0.19335102055504691,0.21461814274207058,-5.4947943867280924e-14
5424,0.93801375678045096,0.20185911862004227,0.18473757342888469,-1.3172450785281548e-14
5425,0.94254546438009423,0.21161828768641053,0.17426436202000659,-6.418391911607729e-14
5426,0.95090904197898996,0.2018028859005615,0.14661302698431025,-2.8977516106764983e-14
5427,0.94686541431698168,0.19215683937321645,0.15527120588270912,-6.6148864802554045e-14
5428,0.96046526829435908,0.19975715132974323,0.11769179902166833,-8.7812862524734013e-14
5429,0.91276336061551788,0.181743922243531,0.24609828730878666,-3.9058634536384969e-14
5430,0.90479677562058181,0.18878775284255978,0.27313078525172402,-1.1736904942042449e-13
5431,0.89604124190287227,0.18182434851412588,0.29169348187957261,-1.2250607066640759e-13
5432,0.83630638369328492,0.098945657190575326,0.28643073207867931,1.3128360785057267e-14
5433,0.85340755610581598,0.093125795269976011,0.24549068222955395,7.0433600264650032e-15
5434,0.91603275577610754,0.091686240665472971,0.14205134281791287,-8.3111297542105591e-14
5435,0.90504426181773923,0.11785701374584255,0.19822033216181303,-3.545284701845965e-14
5436,0.87242555420949175,0.072468598740822524,0.17147818676619195,-1.3727213763283481e-14
5437,0.8649825455127883,0.064430776695430764,0.16211999861574294,1.4754231800766052e-14
5438,0.87736615920004712,0.061250020905348264,0.14102825656650841,-3.4968502001130962e-15
5439,0.8540651414970859,0.066776896707908595,0.1801453824847547,4.721290109170757e-14
5440,0.87880871019083173,0.049278386923432234,0.11331888067227999,-1.1285723094241088e-14
5441,0.89106179923911955,0.060580057930981937,0.12479086848105939,-2.2160038019100124e-14
5442,0.85018040394205785,0.07812990037396729,0.21400660848226044,3.2206287843245836e-14
5443,0.86878950851861281,0.040590108130384731,0.10108381095086473,9.078712312497334e-15
5444,0.88238285561787744,0.036601548127374199,0.082282492418248823,-1.4479559128858446e-14
5445,0.83459424186265907,0.077373388627905881,0.23191344784783441,7.8024206233843349e-15
5446,0.90333238094723667,0.20335778129182144,0.28629322925971712,-1.2770819646487433e-13
5447,0.92286268748722577,0.214129038256027,0.23379400654581417,-7.0674793004483676e-14
5448,0.96145600520335273,0.22125581110329637,0.11882961961119218,-5.7813804020660487e-14
5449,0.98466939537038523,0.20909956844285763,0.046527909715086031,-7.2464170121191018e-18
5450,0.98734921775173079,0.24312210700156778,0.039697722392986134,-4.1371700221938704e-15
5451,0.99052015773333624,0.2750064933605777,0.029417105793271017,-1.0939055820057309e-14
5452,1,0.296875,3.0054574330503365e-10,5.8983607560119166e-15
5453,0.98931501908532116,0.28715494149265636,0.032649327954222533,-1.7715636104308802e-14
5454,1,0.4140625,1.6342565982088334e-10,1.3828382824080975e-17
5455,0.9900244278904895,0.42118891510189554,0.014889443473003496,-7.9839999558035051e-17
5456,0.94260922001934999,0.38414092727812077,0.11932847694657202,-8.4063327519101573e-14
5457,0.95189095278552682,0.37456846209329325,0.10674059802820164,-6.5019177636237727e-14
5458,0.96303710228427342,0.39180860880674834,0.072933582819749654,-3.6299384934425329e-14
5459,0.97312033485893945,0.38679210520213642,0.055149944061616663,-1.7533014650403645e-14
5460,0.97515025282841439,0.37425624677865671,0.055424648198375934,-2.4147765179874923e-14
5461,0.97545453838037655,0.39775243145849976,0.046164506054556562,-1.2478106095120653e-14
5462,0.96387520089828116,0.36664606688905382,0.084244870547492551,-4.1866945617643319e-14
5463,0.98770764620570761,0.37020046752241415,0.028095365709969702,-1.0001872787248124e-14
5464,0.98745157992834753,0.40279755178260529,0.022614085475136967,-1.4885026784481325e-15
5465,0.97660232440828443,0.40734235900017512,0.040380736137872353,-4.9295297301977228e-15
5466,0.99078397798517026,0.41170701321267822,0.015193765133008057,-8.0784046589186863e-16
5467,0.7806202789558736,0.89688519851148873,-0.38383992702227004,2.8932358943299778e-14
5468,0.78844973739045399,0.88513998799651794,-0.40742655759963559,1.8620206219202882e-14
5469,0.78576572182225424,0.9090980400377775,-0.3368960953291476,3.1270770958321041e-14
5470,0.76003689080138215,0.91246740819335448,-0.35779319876049848,3.8244244153919576e-14
5471,0.73821080072107115,0.84881616830157558,-0.59615660410880089,2.9921384028603494e-14
5472,0.75512060055880281,0.85210445864886619,-0.55737616562569581,3.2991275056871789e-14
5473,0.76410229180223088,0.84217474425558281,-0.56506276878572947,1.0580301377084099e-14
5474,0.7774384167790851,0.86023288426620204,-0.49528611632066188,9.3544397689911856e-15
5475,0.7342726154668906,0.96479663389397619,-0.16261770827784,4.6034641120708187e-14
5476,0.71848099488892647,0.97659728059669859,-0.11336243505431857,3.1283591627014886e-14
5477,0.7228811187194637,0.98824960864928735,-0.056329962187918914,1.1550501957721421e-14
5478,0.7113462368496416,0.96937333940884785,-0.15072537314466758,5.7069649237013521e-14
5479,0.734375,1,-4.6481107115806271e-10,-5.0189791676695411e-15
5480,0.69246900721132998,0.96330424933455394,-0.18798178835789403,8.4486519450012258e-14
5481,0.69937858525965202,0.97582166562455408,-0.12263837399351314,6.5722526631200158e-14
5482,0.703125,1,-5.0491078680491445e-10,-1.7191085723652167e-15
5483,0.69030130805716239,0.98636917089665266,-0.070719479133780183,1.5438095357455662e-14
5484,0.3714739086567756,0.21586467016950406,0.8982797456448488,-3.4484677235637182e-14
5485,0.2375259853206928,0.10510384150190674,0.41654106114893746,-2.3776696466822352e-14
5486,0.23581057056493099,0.12903560921781343,0.48916283517159276,-4.4906902593738815e-14
5487,0.24528715158603051,0.13349454699056937,0.51815314563721993,-6.9871357548427447e-14
5488,0.22623421159175722,0.13024963689409233,0.47615710889003587,-7.7590268981363012e-14
5489,0.17899914190156252,0.11566222223172029,0.35432914357564355,-1.6803999610221335e-14
5490,0.1660293638231784,0.11702767260551185,0.33419431545503492,-3.6765996410743014e-15
5491,0.17010515835179002,0.10707597576327658,0.31733854433926972,1.6758813292581498e-15
5492,0.16613147127729477,0.095195978259580524,0.28068330816260617,1.2217750913411485e-15
5493,0.16056495895365744,0.12895023120304422,0.34997461879432218,-9.2940516447924832e-15
5494,0.1515768342956918,0.093393078923848502,0.2537505634314785,1.8536401202199319e-15
5495,0.16241889636560222,0.0832497921396229,0.24397866907353033,1.747448267262058e-15
5496,0.1498253682234709,0.11786324898161832,0.30602906843097633,-2.2507392889660863e-15
5497,0.15964256294131701,0.073060998680808384,0.21307189846811911,4.4131959338154906e-15
5498,0.17011863474404729,0.077502836501043934,0.23834183690098673,4.6673952371106551e-15
5499,0.18267584244790622,0.076273251068741638,0.25024060120809133,1.7731298855148766e-16
5500,0.17845160436143404,0.067697941744628176,0.21932558352318951,1.0547471530366628e-16
5501,0.1732193392771022,0.052038568139025923,0.16620384987537248,4.0985582944366495e-16
5502,0.1964770806383368,0.075156622109751672,0.2631885972416399,-9.827996426934949e-15
5503,0.1800172249206658,0.093398379802714343,0.29668901250097773,2.7229318370696676e-15
5504,0.21394480756890069,0.078699635418446906,0.29549391597198521,-1.8602046989792574e-14
5505,0.22658954941214199,0.09363313906898009,0.36241236858572712,-5.0201809618588655e-14
5506,0.23817988782707644,0.090666128099588406,0.36688723677635671,-4.3670777271097437e-14
5507,0.23944622490847406,0.080929236474707053,0.33236352603987224,-4.7708878034453443e-14
5508,0.2326408780877319,0.066892166108419582,0.27235924160160491,-5.0736046788937553e-15
5509,0.26819097797739611,0.090755979344174273,0.40283843050507312,-6.6358088081741172e-14
5510,0.27280533350829,0.10957721785006039,0.48008076976671549,-8.955086442361533e-14
5511,0.28053728820985785,0.08295136673964687,0.38421092317309247,-5.6943921117915346e-14
5512,0.27814393203148846,0.070408023621891969,0.32825234967500394,-1.648194496663159e-14
5513,0.26725101762711384,0.070247506547412783,0.31795865668334228,-3.2364903908558249e-14
5514,0.25704637670261549,0.071366544018648198,0.31321035059449115,-4.3331221895433657e-14
5515,0.27111912431341167,0.060250928943366956,0.27815240732458679,-2.8116791140547111e-14
5516,0.24658092768328185,0.064545538900258076,0.2759390496169713,-2.0830762287646428e-14
5517,0.26443154612256353,0.050870408019317977,0.2318852530222541,-1.4064815345376233e-14
5518,0.29015320772833303,0.067173989959552732,0.32382332599588842,-2.6023373174428548e-14
5519,0.25261777629325288,0.05270770666313418,0.23180751245699097,-2.4127534301348841e-14
5520,0.27279402433117483,0.041895816275994147,0.19673363887734968,-9.9682736311570261e-15
5521,0.30034310295022298,0.073096807526657953,0.35891552153682194,-3.0752421530481848e-14
5522,0.24575491360893553,0.040069830995131214,0.17381039915012519,-8.0936023645560141e-15
5523,0.26845619408150145,0.030065447624067758,0.14025441639313843,-9.9228372679356179e-15
5524,0.28548472798908137,0.045505215106432829,0.2204753905493326,-1.0135144349718653e-14
5525,0.29148936215116922,0.091707073079243806,0.43199336426445784,-7.0129886945332117e-14
5526,0.31572779302639559,0.090225496143843342,0.44953089980081873,-2.3422566382661006e-14
5527,0.3235937929683817,0.079990619626668258,0.40960637002198702,-8.0125362703728943e-15
5528,0.32847370142268206,0.092267179655708326,0.47014788477598479,-1.3924011487694533e-14
5529,0.31813311956536067,0.070395005896112223,0.36002624222971097,-1.7317538025323578e-14
5530,0.31371577626348096,0.058207165013556217,0.29807618718173323,-1.4736210272639511e-14
5531,0.33138354044622487,0.072166644223336976,0.37805038334395291,-1.7610067200665825e-14
5532,0.34104899725451704,0.060314637196502652,0.32478143520598984,-8.5011590345897376e-15
5533,0.34309188963864262,0.095361827783701211,0.49684014034233959,-7.2661525150769182e-15
5534,0.33287642938665085,0.10451893503685952,0.52828225519560346,-1.9308746490826495e-14
5535,0.30863108840654696,0.067748963898365669,0.34047513997428663,-2.3265457642862434e-14
5536,0.33379850410628292,0.11746842568885682,0.58322720606945422,-1.2724610848004497e-14
5537,0.34486648650584262,0.12230540627401808,0.61414093331572617,-1.9730224969758123e-14
5538,0.32367184153409601,0.11680198813837474,0.56966559500942315,-3.1259859839808702e-14
5539,0.35772493628242175,0.11595456617296963,0.60043441988949176,-7.604719411975211e-15
5540,0.33625185279359449,0.13067102441676542,0.63707918088718229,-2.6611954824869652e-14
5541,0.33874747418485723,0.14357997440282064,0.68600843217620877,-1.7857508196257391e-14
5542,0.31424386877772481,0.13264499578695427,0.61755145361563868,-4.6611528411128902e-14
5543,0.32648076942458665,0.15144339057546152,0.69626424512079799,-2.2272899246184907e-14
5544,0.32744462385489337,0.16458145763912752,0.73613862690097409,-1.372433869314721e-14
5545,0.092390710724589403,0.32885530817849329,0.25174774408776879,-1.8073632947746325e-14
5546,0.082637094190218932,0.31999184295302685,0.23221986739494357,1.7087162449642268e-14
5547,0.10954537484802271,0.31981745157063279,0.3055342916083334,4.0287619881377385e-15
5548,0.11101588759976171,0.33719443993795756,0.2917321195853918,-7.6073236128093412e-14
5549,0.050395951539167927,0.50526338315297181,-0.0052636496085431026,3.0410695338246467e-14
5550,0.06068259524726765,0.51430344511885173,-0.017027782767378419,2.0048824612874839e-14
5551,0.045267745815290722,0.52584548848805091,-0.022883103183977634,4.603758361921305e-16
5552,0.69809688617644305,0.13969311029919987,0.62495232415965285,1.0571930879279586e-13
5553,0.55724074338669105,0.014692763795828042,0.090693149098288961,-5.9225869729649247e-15
5554,0.57180714785271314,0.037283363656418093,0.22625214415466521,1.5952900711500746e-14
5555,0.62072624529946629,0.092526248909081038,0.51018347928262608,2.9753138941003717e-13
5556,0.61286383244978504,0.1094412926681799,0.59513811995163235,3.5483566689087836e-13
5557,0.62369886027007104,0.11716385531796712,0.62127858660898549,1.4334039134074897e-13
5558,0.54929998966754812,0.074199737901162105,0.44408518591434964,-1.6068860304159384e-14
5559,0.56066969613902984,0.061805953379706596,0.37173654476312168,8.8617499693343608e-15
5560,0.56945122205000476,0.051977963146319736,0.31329720866619792,2.617167135418352e-14
5561,0.58230017934648926,0.060561948005179125,0.3590685155745979,5.8931348100204941e-14
5562,0.61404767673447913,0.04957270172812122,0.28701181658004449,3.2805727238735968e-14
5563,0.62483862121971834,0.050888592174903463,0.29040508738823118,3.1770269376240805e-14
5564,0.63814709044987672,0.041236057073107728,0.23243372409318377,3.3933572770751527e-15
5565,0.61807499647803699,0.059136043565885511,0.33826375303796963,5.4175711198170668e-14
5566,0.67261220316362791,0.23915613552351492,0.85407740516202235,2.0020958442606712e-13
5567,0.65578156418854683,0.22812943478091782,0.87401365134254949,1.3295745923139977e-13
5568,0.64722503961630951,0.22454685427182935,0.8832833849152123,1.4603193373053592e-13
5569,0.6723135454624084,0.19133645538691826,0.79927745734362865,4.7596736614086377e-13
5570,0.74601888638056535,0.11024347696088618,0.45703056896197225,-2.7324821873910568e-14
5571,0.7527605153271486,0.10186145668676125,0.41881171561973191,6.8000931581082514e-15
5572,0.80559036858845823,0.091439954840980234,0.31174227877632465,1.5715642525717541e-13
5573,0.7407073784485515,0.19069146188541364,0.6775122901472076,1.5979057385595569e-13
5574,0.72309785195601484,0.19810746457458556,0.72407293118204075,1.0973859709593996e-13
5575,0.73399127823130395,0.18061407469052024,0.67234624716410274,1.9446368277740972e-13
5576,0.72422482762525098,0.18417254171078379,0.69770600533532301,1.983541492764664e-13
5577,1,0.140625,2.4348051477707182e-10,9.0269531410781724e-15
5578,0.98984334989827261,0.15583363637815664,0.026443948985062738,-1.0964702749100969e-14
5579,0.96613299343361936,0.18809341889150816,0.098246294463854342,-6.7302569092539707e-14
5580,0.98700618923748185,0.18566548331361302,0.037560010142923407,-1.4493344270895747e-14
5581,1,0.1796875,2.8089242771799451e-10,1.6672785111982003e-15
5582,1,0.1953125,2.9648935580608652e-10,1.3875168539299759e-15
5583,0.98489326061438476,0.19728833931847661,0.044837935915726365,-2.9028091678066313e-14
5584,0.90225631840277254,0.17233408786676874,0.2670178747208119,-4.0194220918273714e-14
5585,0.84108173111574813,0.10893150144686245,0.30267766336603469,5.3619441376333839e-15
5586,0.82328976063768733,0.097158308489635664,0.30222622377876246,7.5145283626860251e-14
5587,0.83012377138168836,0.087941074860282714,0.26692666373087653,8.1171718996527468e-14
5588,0.91059679459586307,0.080300065476963889,0.13405749559587435,-7.3525554143526031e-14
5589,0.91591838895203226,0.067979385063475686,0.10809465238105782,-2.9635963444559908e-14
5590,0.92551338706249886,0.10147240991802439,0.13799801792494817,-1.1014429373470157e-13
5591,0.90166387887105337,0.10932450296223854,0.19276156234707548,-1.4747368898032496e-13
5592,0.91579605272791809,0.12793394269895672,0.18830243292235244,-4.5740897974633337e-14
5593,0.906647532158394,0.13301594681755849,0.21448504687833722,-1.0579329670174175e-13
5594,0.90147460072855312,0.053388697814340746,0.10026256049031507,-2.6203711906016123e-14
5595,0.90107958169919511,0.041753947323272908,0.079245783382260362,-2.6986447586348784e-14
5596,0.9069929346442418,0.061555311816843136,0.10864220228972835,-9.3888615507474607e-14
5597,0.89276749500078401,0.035417368496365842,0.072969209806086482,-3.7574345343876502e-14
5598,0.91150457764292248,0.036555995284538373,0.062560235758904875,-3.0138627929722735e-14
5599,0.92201902375210099,0.044318841250700319,0.06675055690239097,-2.8202288537995618e-14
5600,0.90973115330186405,0.046052366351831631,0.079828715778048398,-5.8207692660536054e-14
5601,0.93275740471339252,0.03766528585982256,0.049226231887184342,-5.0779430463940976e-14
5602,0.92661759528660748,0.056084714140177426,0.07878448374954472,-5.9795633162345244e-14
5603,0.93580781089520526,0.020053121790410508,0.025037718342368988,-2.0473999283703267e-15
5604,0.93778731305946517,0.049574937686488407,0.059525555264223887,-6.806030563880991e-14
5605,0.93998282701153446,0.02984647511323936,0.035046944024866196,-7.959180628327077e-14
5606,0.95105618891139043,0.05112366305931635,0.048393918221641276,-6.3865375319396531e-14
5607,0.89296981315679358,0.070151159610550656,0.14067759745341479,-8.4149939658822806e-14
5608,0.87147023948461855,0.028473218453855476,0.069987504222689498,8.6778824706371975e-16
5609,0.86215423023821747,0.015625,0.041081206591531735,2.9158710555377412e-15
5610,0.83449922681717836,0.067060154919944229,0.20332966931121094,1.5178040551789446e-13
5611,0.8310491428044271,0.054224974588997915,0.16918257018440297,5.8170664897607022e-14
5612,0.8244352713540366,0.075923848144413886,0.24064320326484545,1.3388976687235541e-13
5613,0.81142225689912217,0.074037142800054467,0.25050197073240366,6.3015358332207574e-14
5614,0.8939083244465521,0.20237445984197663,0.31256340766492591,-3.4754843022785389e-13
5615,0.92737234288447901,0.20420828763175464,0.21687253032516754,-6.2403178420882133e-14
5616,0.97567771028116501,0.21097046997675811,0.074013505700058907,-6.2900303268487829e-14
5617,0.98431262957903731,0.22196379992045009,0.048492204156645867,-1.4051520197333475e-14
5618,0.99120594621195246,0.21571791051416261,0.026975840959605753,-1.4492123101334383e-14
5619,0.98916103218905915,0.25486305468612741,0.034023478859341962,-7.0038731544022771e-15
5620,0.96201232889409483,0.35433991802798293,0.094353616416341227,-3.603478919281416e-14
5621,0.97228241620260802,0.34692166713626577,0.071281651324747716,-4.332344199942724e-14
5622,1,0.359375,2.3991834949615708e-10,7.4078917601207472e-15
5623,1,0.390625,1.956953963338196e-10,1.8469918721573291e-16
5624,0.99182486408928683,0.39475165256587619,0.015753969772286155,-8.1399240268719283e-15
5625,0.98390346977506749,0.37988989944281898,0.034613968527813489,-1.8529989876301242e-14
5626,0.77866179703405913,0.883326776752137,-0.42867715135078516,4.1761637297118615e-14
5627,0.80041268503025975,0.87750467493556672,-0.40826837260882337,1.3858127432060333e-14
5628,0.79976077047814043,0.91097637374208074,-0.3123760740679159,2.2945683846828762e-14
5629,0.78447487937796512,0.92315945000155297,-0.2909876599381907,2.5959971323251195e-14
5630,0.76514013340358966,0.92605256778070955,-0.30144865077656058,4.9488654497624019e-14
5631,0.750610961160178,0.91061988895564427,-0.37576491081222047,9.9479464901274851e-14
5632,0.75937624067465881,0.90308628211079189,-0.39224914240582964,7.6729931682616877e-14
5633,0.72778843182258668,0.8521712749224194,-0.60434927439897601,5.6763955882391615e-14
5634,0.71487389707736038,0.85094754324379474,-0.62882157761885737,3.2924822087722743e-14
5635,0.72049344201154608,0.86130875642894589,-0.58881083030746117,7.6212119363805548e-14
5636,0.70705206507914276,0.85953677106421456,-0.61459289373009907,1.2705162061405535e-13
5637,0.73890860333947672,0.83500014747386053,-0.62953470299302028,3.4615682862498227e-14
5638,0.76864701829383164,0.85198183604778466,-0.53271232013519731,3.106995806812613e-14
5639,0.75737739511578639,0.83150483754857207,-0.60198727800141472,2.4327669498173568e-14
5640,0.752266094157371,0.81731842277519395,-0.64034591155236664,1.0414476557180536e-14
5641,0.77309261535792562,0.83332911104231966,-0.5663881093452916,2.2305317438929707e-14
5642,0.78172901295009789,0.82043167364018876,-0.57226193111819723,8.0514834761729413e-15
5643,0.783394794268088,0.83650708311098954,-0.53842490853533653,3.6494034024691564e-14
5644,0.79323029496676711,0.84314099066731663,-0.50435964849088266,3.7352639870459401e-14
5645,0.79123841345703794,0.85714193036394382,-0.47694457077532676,1.6619774720348843e-14
5646,0.76979978282878225,0.86597553622515266,-0.49363278440462821,3.6128467018123137e-14
5647,0.74380459630863283,0.97102686701060992,-0.13051058991709683,4.8721218246810477e-14
5648,0.7421875,0.98948517448514461,-0.047825895425048344,5.0819134014017458e-15
5649,0.73243624151225617,0.99039975447316642,-0.044964649601100054,1.4435271827910122e-14
5650,0.6953125,1,-5.1000818971801463e-10,-2.9876333761313671e-15
5651,0.671875,1,-5.3834115549248566e-10,-2.0314240519414969e-14
5652,0.67983283362913915,0.98021258577267534,-0.10475326006757028,5.0854792512318345e-14
5653,0.67376648757426583,0.97024627467064817,-0.15881122833204994,6.1253762120267255e-14
5654,0.67375507856933348,0.98926221061372832,-0.057629058272943061,4.0664487376836438e-14
5655,0.66236510832914897,0.99033148324903564,-0.052984581905635666,2.8449971422284784e-14
5656,0.66232896479750725,0.97010000064073221,-0.16308818825797244,9.6849185197488703e-14
5657,0.640625,1,-5.6878278516948266e-10,-2.5492748413752406e-14
5658,0.24695100469453321,0.10560315319384857,0.43126375681883572,-6.3799216769159747e-14
5659,0.24087149764532945,0.11450609507347295,0.45239934535240611,-6.8168163828575013e-14
5660,0.14692020802964131,0.10502776629495161,0.27295348590317964,-8.8952665538399608e-15
5661,0.13797198495230856,0.086820182920497396,0.21787599054428597,-2.4466059245071296e-15
5662,0.13944755682406612,0.097397624421316831,0.24363138234980897,-1.4983449243817727e-14
5663,0.12680013988735722,0.096846319369857298,0.22180385246687198,-1.050860592990423e-14
5664,0.12215583671441035,0.10841338013084181,0.23567263829682483,-2.0635187889815528e-14
5665,0.11190480844893169,0.09489536254587945,0.19346069314257222,-6.6095580316082993e-15
5666,0.13013892717777942,0.12210921445526349,0.27593583341965494,-3.9236675379924466e-15
5667,0.11714317244966471,0.11993592820968242,0.2461972623705504,-2.3573516951831798e-14
5668,0.10535396860449192,0.12717098613127789,0.23290674031015565,-2.1857028611927498e-14
5669,0.20011427837110288,0.062966113396175458,0.22672294820732047,-4.8440459153686594e-15
5670,0.20632090738682091,0.071455799465661649,0.26208527927763342,-1.9647082191984468e-14
5671,0.22347267470035564,0.073080648432294504,0.28614121443388174,-4.5393903588142455e-14
5672,0.22908682180397222,0.05564555857418018,0.22573788915151388,-2.9412277302482218e-14
5673,0.24061667352277732,0.071693594686026318,0.29858869503658442,-4.254130243638833e-14
5674,0.23442021587587908,0.043487523344955356,0.18123313221018433,-1.3045374499286873e-14
5675,0.22634001907042733,0.032546916513355201,0.13250195426879072,-3.2989947335423621e-15
5676,0.25315906462653981,0.030625688475721554,0.13660548845926837,-1.3162116494831311e-14
5677,0.29572250096567232,0.035070231759309928,0.17503403171435053,-5.0657035437738179e-15
5678,0.29224633963097579,0.054472966152653103,0.26661058809666133,-1.7472572960130393e-14
5679,0.3025703020324304,0.05029145609435054,0.25285420069979231,-2.4943078407479793e-14
5680,0.34501531926157286,0.072544120121070713,0.389038974525523,-1.9946933664550023e-14
5681,0.35667553513756012,0.0779972866825622,0.42377402716789214,-1.1553485126651793e-14
5682,0.37072351119813057,0.070303163461998913,0.39277871011452142,-7.6005119429450147e-15
5683,0.35026805594433597,0.086980215142101233,0.46328547993443203,-1.664181788316006e-14
5684,0.36750889101933631,0.081105391612976321,0.44604574543529629,-1.4690481153726638e-14
5685,0.37275057320227867,0.091961496269940032,0.5030385433666883,-1.7332868741834532e-14
5686,0.37997526131811477,0.081779700618389031,0.45696479605462192,-2.6731466560621816e-14
5687,0.37562817287669048,0.10402446323696755,0.56214116604191378,-2.7339199871997579e-14
5688,0.39415705576306048,0.083453929803699589,0.47321160706879956,-9.4128681449345543e-15
5689,0.38711653584362837,0.10668058668942101,0.58263472260963112,-4.350972426622743e-14
5690,0.33177654421656455,0.049983650515120964,0.26669440805805272,-1.3285289214840811e-14
5691,0.35156939444095769,0.052986998587557635,0.2919074932307868,-1.4655826279012552e-14
5692,0.35634874411203576,0.043301300913847394,0.24177884835447871,-2.7702364518449726e-14
5693,0.35270316253300593,0.031890047043799871,0.17802800620783138,-2.2128975076110652e-14
5694,0.36495054764064017,0.034502781101264805,0.19598740446269755,-9.341225878839822e-15
5695,0.36182269236877396,0.056381818804945937,0.31467470333275538,-2.7856678518801969e-14
5696,0.35900761702820794,0.023261716780733979,0.13154490051399845,-1.0756285975949653e-14
5697,0.359375,0,5.6677166473355258e-10,6.1954137093239962e-16
5698,0.3642289625455597,0.011710420373103764,0.066970369108160732,-6.3001854194188071e-16
5699,0.37688303641531323,0.032819583411751459,0.18960889904841494,-1.4765800629542488e-15
5700,0.35270409172941702,0.009626280197714757,0.054083708468783104,-6.889186602024763e-15
5701,0.38115748678872163,0.022133620714092649,0.1290540627484931,2.1383042992780507e-15
5702,0.37692526089359329,0.043597681296209133,0.25046419467323117,-8.1255946186648438e-15
5703,0.38688730380114439,0.053717430775040709,0.31030216319022524,-1.7748438033915755e-15
5704,0.37452262152776877,0.056626503387938322,0.32160413259628806,-1.1238036959609176e-14
5705,0.390625,0,5.9168887002568167e-10,-2.4466551923054183e-15
5706,0.3904997448410632,0.028687435976198473,0.1687926172445412,6.1311979079486409e-15
5707,0.38241704133715337,0.062448962753946312,0.35650903923483973,-2.92743913443417e-14
5708,0.38191708059167379,0.009998999948238458,0.058487770843806075,4.3460499384166296e-15
5709,0.37341105581378908,0.014348410215529572,0.082964411279694228,-2.4783113881921734e-16
5710,0.35457441961878711,0.10172414124933379,0.53542367244998834,-1.8896161034387252e-14
5711,0.36540171323702597,0.10012472840047297,0.53645110014133612,-1.8218289191250156e-14
5712,0.36494740270914794,0.130448123566337,0.6662479539161954,-9.5248821413337491e-15
5713,0.35133956202888522,0.14644009273429928,0.71038838542934424,-2.1172629069289373e-14
5714,0.3575538479979754,0.13794237815719076,0.6871039199103316,-4.3217054472723551e-14
5715,0.35094145900474633,0.15971536199431663,0.75248974297563531,-2.0172875694400388e-14
5716,0.33052439382066012,0.1384739926810121,0.65840725850302262,-2.8950651935118029e-14
5717,0.33708418019301967,0.16649047992902682,0.75456422501936815,-4.0653837113369933e-14
5718,0.31370073615119159,0.16716469105344864,0.72328297541658737,-1.4989559162759491e-14
5719,0.077293560495833399,0.30864000353223459,0.22426674035334832,3.5808950586396454e-14
5720,0.066230573171214099,0.3079255898188305,0.19302604300404427,7.3180322226403309e-14
5721,0.072424770296019306,0.29868033699721541,0.21508119507920959,8.9633694922912048e-14
5722,0.089805037490195763,0.30850768831054382,0.25978038860797575,4.6430830855853863e-14
5723,0.051267340328154332,0.30907048795718073,0.1494475757352646,2.9278419153759956e-14
5724,0.067596277157121576,0.28743688071138479,0.20491947971399696,8.2271821425201423e-14
5725,0.098951772112513256,0.29588115726760067,0.29324310754086308,1.576662821146893e-14
5726,0.05399064610423817,0.28649098273425316,0.16438540759196527,6.5652676878218084e-14
5727,0.080337859822820601,0.28515926659406066,0.24365686602498116,1.0980290519019208e-13
5728,0.09032508935334646,0.28933921228071297,0.27140722415558355,1.1378300267999239e-13
5729,0.68727093920381654,0.1412781889813198,0.64529188521570546,4.0465953175968401e-13
5730,0.69602505433193984,0.13001947590027474,0.5950457263721135,2.9808584332656932e-13
5731,0.7074729577679244,0.13688001270081512,0.60243795555042179,3.1870412604073574e-13
5732,0.54379019119536098,0.013179229661354675,0.0819185538949041,-9.5317014173391197e-15
5733,0.5546875,0,6.188122373438757e-10,2.5518496587683076e-15
5734,0.578125,0,6.1145961539903877e-10,-5.6627329858884511e-16
5735,0.56320770197683745,0.021531014869258285,0.13219816440056936,2.8773444755910518e-14
5736,0.56167723595515406,0.040567077916808844,0.24739907359780322,2.3745635346545911e-14
5737,0.62563660122691411,0.12723950241466983,0.6617155099103208,3.7182879008364891e-13
5738,0.62867443861710637,0.13865775063106453,0.70346348474423603,4.8384741684598253e-13
5739,0.59179522150351171,0.053288699279818379,0.31504655525232317,5.804602277405651e-14
5740,0.99034294146008128,0.17580754773876472,0.027107361119178299,-1.5957352360447829e-14
5741,0.92267985665500463,0.078209425151280806,0.1135349423857813,-7.3390866627175758e-14
5742,0.92735208938791491,0.067771857687606102,0.093543625727859098,-7.970209018823696e-14
5743,0.93472085389180048,0.077582819226086619,0.09549942640413836,-1.0501331168344868e-13
5744,0.94151196366180911,0.099191271767324354,0.10671283813648688,-2.997055063788062e-14
5745,0.9341793375636156,0.11346428648513628,0.13425779652383518,-4.5951431606148265e-14
5746,0.92583496479381489,0.1228581710340135,0.16104745244978319,-1.3641077408459739e-13
5747,0.92441909120004662,0.13376811522923149,0.17521531427828962,-8.2207679910647112e-14
5748,0.95867781614738334,0.040095948442150191,0.032387385961163029,-6.6662384299124699e-14
5749,0.95159406347794917,0.065529633986869396,0.060583826634126328,-2.8513410052027625e-14
5750,0.81621083031757258,0.053166135695043859,0.17897465851418465,3.1308015819840949e-14
5751,0.82532694848820498,0.043371066090445914,0.14038139168105512,1.2275996869973227e-13
5752,0.84130056614789972,0.052375076413588975,0.15441135120707938,1.2469002817703482e-13
5753,0.85156889101629252,0.04286586358337649,0.11953088012144042,3.0928415519363063e-14
5754,0.81445988124044566,0.064642386408469948,0.21751725058731558,1.9258369824920669e-13
5755,0.80119660644224011,0.072403180158629357,0.25703520279502484,1.4433023931877689e-13
5756,0.78883777642907871,0.074498739629660499,0.27773284546063953,4.6514467202135805e-14
5757,0.78809906686949915,0.08532855136651947,0.31545441737610136,1.1453481528485698e-13
5758,0.77546014938725738,0.082045323603374257,0.31962702620920641,4.0777302459382594e-14
5759,0.78941010449747173,0.05860433221656175,0.22122626639259846,4.9545433899655185e-14
5760,0.7685596346202318,0.092743087064993859,0.3657281047095422,4.0801461502441631e-14
5761,0.76507396574906039,0.073790458834471037,0.30085000782868476,1.080521196213737e-14
5762,0.9890631425423122,0.23207907336060166,0.034115563832955949,-9.8516153998787455e-15
5763,0.98858075199939011,0.35880014426892609,0.027821960331417143,-1.6720593790497572e-14
5764,0.98333391699298456,0.34887864471582658,0.042509374228376466,-2.5032685364345015e-14
5765,0.80966351126108405,0.86432701308886573,-0.42373711430787531,-2.7672308018909403e-16
5766,0.80551450686078252,0.89076487968355955,-0.36354974669380663,2.8303404909872637e-14
5767,0.80992104250220687,0.91899904521368114,-0.27399779423318443,2.3571501562374918e-14
5768,0.81952638991856019,0.91715461611974836,-0.26706564896788892,2.0669254879502605e-14
5769,0.82919980874537935,0.90887036805708776,-0.27697486334660604,9.3920468890847942e-15
5770,0.81044604390165054,0.93387119836447241,-0.22630196908255887,1.0678512911571234e-14
5771,0.83111378542695502,0.91864559472572971,-0.24743686956762956,2.1751653278855439e-14
5772,0.83993082822579324,0.92738624078720677,-0.21232963494951124,9.8506172591098032e-15
5773,0.82380827699061876,0.89643984220087103,-0.3184470063114343,2.6444098655872799e-14
5774,0.83985096592936537,0.90266120597274924,-0.27681101804732466,3.2335947970971548e-14
5775,0.85164303026155441,0.92159409941138204,-0.212628077169042,6.797977039739342e-15
5776,0.83142601782602088,0.93752307474104812,-0.19325395848265006,1.9554451736074091e-14
5777,0.84808683330525758,0.8936265684305994,-0.28459049758180838,3.6261264735212136e-14
5778,0.85946766738307712,0.9103321847745004,-0.22826990498485628,1.7491674939773289e-14
5779,0.85685885511242366,0.93381099207130669,-0.17561059820583352,8.2490528946970148e-15
5780,0.84438081861256808,0.88243898636317031,-0.31621740889246547,3.7022458960003845e-14
5781,0.84889696677932747,0.90844622363133354,-0.24875144415661921,2.5705518299563133e-14
5782,0.84937930094040837,0.87323803617260631,-0.32573012318986372,1.5139784819002331e-13
5783,0.86311278378801881,0.8811159229869916,-0.28334586423683988,2.7195923683366131e-14
5784,0.85400675626966704,0.88545790520705103,-0.29179171060709114,8.8390665434410847e-14
5785,0.7897689633425119,0.93679057393966647,-0.237365862277958,1.7741647014204052e-14
5786,0.77470920433154045,0.92394905487501844,-0.29896984968148782,5.9635364127646114e-14
5787,0.75579211271414259,0.93429043108296028,-0.27853321231731193,5.3185820190247224e-14
5788,0.72718605529526781,0.82908462996890997,-0.6645170349406877,4.7850421214687636e-14
5789,0.71391254462652309,0.83265361730166654,-0.67933295815768568,2.5079178835082956e-14
5790,0.72466688125248979,0.81475666122969836,-0.69895205921306758,3.3289087041097624e-14
5791,0.70962856491591242,0.84205096467222962,-0.66216360710793853,1.0137528225867203e-13
5792,0.69685402413167929,0.83582617477669341,-0.6991481114562299,5.7000269470483528e-14
5793,0.74702500507551928,0.82734514762797551,-0.63111221091887482,5.4274285999311776e-14
5794,0.74127772174017947,0.80543304025319473,-0.68216785283016512,2.3692285277740066e-16
5795,0.76290713917119901,0.81050928070328798,-0.62918083545907533,3.3299577465102565e-14
5796,0.76616086662033034,0.80118983952742262,-0.63575908641144963,3.7780506024820494e-14
5797,0.7922832105178349,0.82073953006337408,-0.54812088084021016,5.448763683402848e-14
5798,0.80367095395143628,0.81688982051639336,-0.52813273750023315,2.9344759191209943e-14
5799,0.81355878706816687,0.81991616636667664,-0.50029762093534591,5.794913391879409e-14
5800,0.82671362626755374,0.81582465495951717,-0.47430361397348247,1.9536086012964426e-14
5801,0.80678345217544145,0.83214892114813921,-0.49622485078597772,3.9412702491154183e-14
5802,0.78298324242322648,0.85263704898617243,-0.5036122071946455,4.0579024698355261e-14
5803,0.68221945107983584,0.96635553894336146,-0.17636165387957364,9.1497183266219045e-14
5804,0.68274575820854377,0.99191967638660006,-0.042638270190250682,2.9788892910085491e-14
5805,0.64816878594003113,0.97447010549931845,-0.14277398511895364,3.7999510397814094e-14
5806,0.65685970550151485,0.98097523654297092,-0.10510093567629725,8.5395535687329998e-14
5807,0.64521361589324666,0.98747638484388345,-0.070529846730972026,4.0539316622275141e-14
5808,0.13225691335700912,0.072872839132761796,0.17832996317992014,4.6804240650961737e-15
5809,0.096206801319778601,0.10022465683933446,0.17520354164303015,6.9958182295754237e-18
5810,0.10907759446552662,0.080652558993565979,0.16308146390328834,-1.4662193942587523e-15
5811,0.14099191186584742,0.12466800853271023,0.3024246682296608,-1.9301678074324813e-14
5812,0.1330026936402374,0.13865238047912243,0.31059784374623173,-2.729423509109381e-15
5813,0.1404288592289995,0.11480123039372739,0.28191385225638482,-2.8455297231055965e-14
5814,0.091651833828850615,0.11989009525812888,0.19414462146495748,-6.9076587940150158e-15
5815,0.21736497290308279,0.037162146393671977,0.14603005362456434,-7.1213099931277433e-15
5816,0.21154763028646778,0.046848266027611045,0.17886448939599606,-7.6172172632194621e-15
5817,0.23212755992952627,0.024322280067199636,0.10148128490300636,-1.3047560533906599e-14
5818,0.23338664147553079,0.012173647778862949,0.051102585973876784,-3.5844613817170098e-15
5819,0.22363649580487532,0.0090106598932766097,0.036592994276737609,-5.3612208979396426e-15
5820,0.203125,0,3.7396002604108893e-10,-5.7148779187252233e-16
5821,0.2092717447158165,0.013858895903276706,0.053169681428803177,-6.2810513928931694e-16
5822,0.23600193918564044,0.033865217527345663,0.14261073747019537,-1.5126598484398371e-14
5823,0.30783933786148615,0.033819206214775882,0.17369200331617371,-1.6916336848338846e-14
5824,0.31517019219197073,0.024259274627852379,0.12698018440422973,-1.2226400216451393e-14
5825,0.31794087804581656,0.036287128441210563,0.1899606326868287,-3.2932597963187513e-14
5826,0.31078786006029802,0.012465043297592428,0.06478815959763877,-1.0673476275337181e-14
5827,0.32396561626971293,0.028024188732199626,0.14900913981803821,-3.3262413705240497e-14
5828,0.33671672669952896,0.025675508671303585,0.13993286603479588,-2.3407104670967409e-14
5829,0.296875,0,5.0559554954521395e-10,2.4737778339151633e-15
5830,0.328125,0,5.3646930826209347e-10,1.1394128779320254e-15
5831,0.33806453694647881,0.012243649306190995,0.067120938932500762,-8.9077247002569457e-15
5832,0.29906809089121827,0.011549123386752777,0.058592574775968589,-5.1124422208995542e-15
5833,0.28928887618226096,0.02155670276648522,0.10655482778177709,-8.251732542885609e-15
5834,0.27644518566743292,0.019867989512640686,0.095066939775497433,-4.5820000138587296e-15
5835,0.265625,0,4.6516965104483091e-10,1.5245879607928334e-15
5836,0.28411664823198113,0.011208247135030562,0.054841525291304101,-1.3796631458500882e-15
5837,0.27102102228447378,0.0099416576330875993,0.047006419122195706,-3.4349254960123156e-15
5838,0.29496172296179313,0.044563468183639071,0.2209367677669816,-1.3588054256450672e-14
5839,0.39614589284101931,0.073871207025718269,0.42403769998174384,-4.0431118203220911e-14
5840,0.40424321539321539,0.085382088666893355,0.48811298190883862,-4.184145847050937e-14
5841,0.42065620206984544,0.082763283046110275,0.48168744123600182,-6.9524225021283497e-15
5842,0.39665397213999321,0.09549680813662545,0.53507867765498041,-5.6140883509790505e-14
5843,0.32126807735001878,0.050849190821830065,0.26581896843267822,-4.2718236201683141e-14
5844,0.33624840002080059,0.041675426429358703,0.2253725867294856,-5.5103364360957406e-14
5845,0.34157797546751856,0.050513176374120283,0.27415567485646103,-4.2435817637305077e-14
5846,0.39492848488192139,0.046625037265210459,0.27314587787464939,-4.8726304765648977e-15
5847,0.36487309383537592,0.10964474010764538,0.57921772798078008,-4.29813819135089e-14
5848,0.36491514695908628,0.12141785970661574,0.6297831539019918,-5.5343740563095486e-14
5849,0.3632834828536099,0.16776102351214711,0.79044473590113806,-9.6389972863548342e-15
5850,0.3046295839148358,0.16171242982733705,0.69495583634938252,-3.1851491809993272e-14
5851,0.31937302924743388,0.15949042801733493,0.71042484961098495,-3.6669392793020858e-14
5852,0.059304937704643457,0.31576442548319189,0.16966111711101042,1.5559668580850028e-13
5853,0.049879539151862912,0.2976685422231572,0.14909875439487746,1.8585479197752265e-13
5854,0.10048883812879138,0.28511151131913415,0.30286191261551026,1.5837267805955079e-13
5855,0.10323413224443977,0.27327968109214251,0.31528863879131347,1.4089935612229475e-13
5856,0.093575142645647175,0.26639744025263218,0.28820000886974589,1.4636262652838609e-13
5857,0.11630330036637028,0.27023561768670423,0.354356490353812,1.5174566208045833e-13
5858,0.082437241458868465,0.27099097461225319,0.25387272131898658,1.6403591291865708e-13
5859,0.072428527884625074,0.26310305010574353,0.22478755763496225,1.3925567328419884e-13
5860,0.061737870355465088,0.26862389005657883,0.19140583785299897,1.9849418515590531e-13
5861,0.11060543867414348,0.29822367198776678,0.32499149777255421,1.162775683093146e-13
5862,0.12143210505488258,0.29290034822691485,0.35884499767478067,1.2067687177312962e-13
5863,0.10276881930940726,0.3085507670179965,0.29606023334103182,6.7100021929958449e-14
5864,0.12680616051646992,0.27977158835410587,0.38126170576631485,8.4976077123708777e-14
5865,0.5390625,0,6.247054522040091e-10,3.7142035846169162e-15
5866,0.93409269075497126,0.10439973155237033,0.12542071200700589,-2.759828964822842e-13
5867,0.94154239475046719,0.12186745529227287,0.12657697358274511,-1.2268766859161321e-13
5868,0.95243311608919845,0.12408851813167737,0.10470079722853401,-6.3624293551628925e-14
5869,0.96203448145659365,0.1150971609568435,0.078744152486198871,-1.2621968415067266e-13
5870,0.94528997595987152,0.13130284932505529,0.1256129345621739,-6.6818239790259771e-14
5871,0.95669448698444026,0.02768051301555971,0.023431024478109842,-3.844324891320048e-14
5872,0.94769395737771378,0.023789260743227316,0.024480107945545275,-5.4556669348448208e-14
5873,0.97129845758929889,0.044308902596653779,0.024785506086663668,-6.3862393486629281e-14
5874,0.94572480248051038,0.058535747354784999,0.061017119838449145,-1.4526567610842341e-13
5875,0.96394426314956749,0.069963137765681305,0.048190589519344892,-6.3586513154321969e-14
5876,0.97148186476624898,0.062913188848766968,0.03448148072384509,-1.2263176911970729e-13
5877,0.98106071717943399,0.057340151920767482,0.021065978637346997,-5.5085249595607621e-14
5878,0.97269130831322759,0.075440949260045811,0.039207070655132736,-1.5534583563387409e-13
5879,1,0.078125,1.4927493210282589e-10,1.9378062924665425e-14
5880,0.9819393725529918,0.091167622334864001,0.030878049946518497,-2.6727924348355569e-16
5881,0.95680490810417818,0.077508621597986646,0.063341110079144253,-2.0996470586921365e-13
5882,0.95424748636621026,0.091234185631261594,0.077732280560464342,-8.9409282372436882e-14
5883,1,0.046875,1.0150242388722226e-10,3.2480365192771199e-15
5884,0.98954535909107366,0.063535528159064714,0.012799884833797869,-3.1946105120088724e-14
5885,0.94316869636518808,0.070426926950031443,0.076094302012159512,-1.8809420994627168e-13
5886,0.80605265166407514,0.052593560294476482,0.18567820675240626,1.5624517391772154e-13
5887,0.84472924696015494,0.032719037167134132,0.095632635713894423,6.9896109444095353e-14
5888,0.86081604722355798,0.046547003838139409,0.1220620100659065,4.1405246539064592e-14
5889,0.85270494572280808,0.054974861814002809,0.15120180730464225,5.6032325374579715e-14
5890,0.76462306851508621,0.083670232675701894,0.33815378654273914,1.5972320597060927e-14
5891,0.99060189400591714,0.3428532806614642,0.024542860686576989,-1.7198138260579418e-14
5892,0.80827310134254926,0.87318684267484814,-0.40511296783002199,1.0150231757927123e-13
5893,0.80099441780339409,0.85934085941916605,-0.45236665459347813,6.3003601833338913e-14
5894,0.81519460112724373,0.92625822659462786,-0.2450080111665264,3.5542878590775349e-14
5895,0.8203322391491964,0.93495312424734323,-0.21255353364120444,5.6582309589098956e-14
5896,0.8059561236463183,0.94798244428294343,-0.18385522115329461,1.3175250813005332e-14
5897,0.81336026083986934,0.89779667815935482,-0.33131416433466293,2.3421006312563703e-14
5898,0.82580118368804911,0.88432978934235551,-0.34570641831320226,3.3073529125078333e-14
5899,0.81729576810542193,0.88895235730535371,-0.34872462695992784,6.4140041791183593e-14
5900,0.824929434103995,0.87018828928521197,-0.38064051059668863,3.6667442807442236e-14
5901,0.83482113522526991,0.88073259894562483,-0.3377736827234899,1.2470054608035699e-13
5902,0.83669624759724337,0.95077289557530031,-0.14933604942317472,6.3443267481786528e-15
5903,0.87327325582954451,0.90394533556363721,-0.22001657456713905,1.3711195901011113e-14
5904,0.8716706693569729,0.93630453797990953,-0.15271935139752435,2.9188401632833885e-15
5905,0.8549332595020932,0.94651587588618158,-0.14504126963559,4.0899367145743971e-15
5906,0.86386930220905855,0.94234013061486233,-0.14694765534747614,5.4442492506619902e-15
5907,0.85615583137726226,0.95941767639487219,-0.11010506068874708,5.8115391005097981e-15
5908,0.86786803005003543,0.96452320531093616,-0.089152111282593774,1.7148154165231961e-15
5909,0.85313741263679788,0.97183263396912467,-0.078382806983506748,5.4991144252734495e-15
5910,0.8770280956368689,0.95722383350911722,-0.10010676864520356,-6.8876509655339476e-16
5911,0.88094910929366677,0.9742779858361047,-0.058870914883381989,-4.4958558149902296e-16
5912,0.859375,1,-2.5574758231099849e-10,3.8841671863218596e-18
5913,0.84269926797416628,0.97372094401794373,-0.077828083577334589,1.9586223523970223e-14
5914,0.85041414223486256,0.98657300937823289,-0.038177255727329419,2.6922007915600345e-15
5915,0.83027714968190713,0.96962510474247654,-0.09637520456701841,2.0130605080871123e-14
5916,0.88438337954116109,0.94773205622206602,-0.11458993591288842,3.8110550629308069e-15
5917,0.8210688703626291,0.95896797625346364,-0.1358570428344972,1.1877217249504202e-14
5918,0.90087561589069598,0.94483765088962957,-0.10424583015012302,3.3928705204736906e-15
5919,0.80011009611378869,0.93534924801011177,-0.23194265407372927,6.3685216215196087e-14
5920,0.7801270043264823,0.94532244484921701,-0.21456738235471703,6.7073965494801489e-14
5921,0.77892782320192111,0.93425306115845919,-0.25697465122564661,6.8439195391885647e-14
5922,0.74719849781449255,0.92967306009561901,-0.30489657871163078,1.3456061776859298e-13
5923,0.71662237645409377,0.82210232846682374,-0.6986518442793479,1.1122800154554039e-13
5924,0.71177688976460363,0.80889455764898277,-0.73342265328533207,5.0701306596246738e-14
5925,0.68939752567995061,0.82453353945796293,-0.73904225425374181,4.2093800323717754e-14
5926,0.70475767450712545,0.83087605506643769,-0.69897547283059247,1.1927024054990425e-13
5927,0.74364380580935341,0.8142677504461352,-0.6630110370630069,1.0726919105005934e-13
5928,0.73151884576819215,0.80750539313512204,-0.69857008462129555,1.2915823546224914e-13
5929,0.82265405079867227,0.80688735884096041,-0.49534892559185117,5.817049692241881e-14
5930,0.81466080653930273,0.79676385779357395,-0.52626359302415082,1.82732818059336e-14
5931,0.80314695487050747,0.80195524948589425,-0.54915435189391026,3.7593197708738158e-14
5932,0.80580866289906916,0.79049782484183773,-0.55434792826169232,3.5388269064317171e-14
5933,0.800941401230442,0.7791185273621416,-0.57563639235585529,2.0860641301106706e-14
5934,0.82673319386113731,0.79006114901534674,-0.50165237845756094,2.5048203493250572e-14
5935,0.80485416562404233,0.76761554991242509,-0.57176814827075195,6.5107550763032e-15
5936,0.79673425579477186,0.75652323528117926,-0.59564429494492599,-8.5007470689497055e-15
5937,0.81588127922072551,0.77206910286980357,-0.5414468436673342,6.7576287941532079e-15
5938,0.82868360958792642,0.76460943377425949,-0.51052591312613538,-1.4396522660199154e-14
5939,0.83988787240732388,0.81350462327981621,-0.44423544850361452,3.4875739716422928e-14
5940,0.83219493589579352,0.82666605556155814,-0.44586388641783237,4.5797743737003361e-14
5941,0.8416257411365442,0.82945491601933874,-0.4190207878704354,8.4163209510901828e-14
5942,0.85193617120840726,0.83410871118312246,-0.38733753903400969,5.1398579542809362e-14
5943,0.86231967703274315,0.82565228308987459,-0.37265387723020227,3.8154888021862678e-14
5944,0.81772162914757385,0.84349001580303462,-0.4510483444266874,2.5674081828346662e-14
5945,0.64900046880264628,0.96559590594865552,-0.19140078929566459,1.7458255779420366e-13
5946,0.12262556133108407,0.074928852617082403,0.17051264882972519,4.7175386627948332e-15
5947,0.14285975661922051,0.064845870998030616,0.1718549713323235,7.0373157414283665e-15
5948,0.14098337899450836,0.07744165496708201,0.20032123558981929,5.6267865857412057e-15
5949,0.10541011369378213,0.10154927134242225,0.19371045867669306,-3.0138047583214185e-14
5950,0.10318509851632145,0.089224231169287141,0.16937930388223496,-9.0076258025901719e-15
5951,0.10019834146428715,0.071861240147155628,0.13518774621303131,1.6153689948374406e-14
5952,0.084913812153011997,0.07142135479425113,0.11442442619723296,5.8334420335993317e-15
5953,0.084741756257327577,0.12885040968917125,0.19047856299737889,-4.9658522069778099e-14
5954,0.082910799921681447,0.14160626439338467,0.20003662633699593,-2.9778097229473777e-14
5955,0.079578595600453564,0.11900222124538708,0.1681566120872432,-4.2620878485006375e-14
5956,0.09352642534733914,0.14719596027600609,0.23126772905966131,-4.2911211243970413e-14
5957,0.083034595136152786,0.15226270378691772,0.21075512466862792,-9.3849188498822505e-14
5958,0.080393437002323778,0.16395817977284524,0.21417362491787209,-4.0824817050697693e-14
5959,0.072629492925571054,0.13888013724480797,0.17329114813068142,-1.1249720032284974e-13
5960,0.067239777511740734,0.11750239388349511,0.14114927106099839,-4.0553505429890004e-14
5961,0.10703180315571684,0.1418360066487131,0.25668753570518654,-2.5355068371242549e-14
5962,0.10292464291786138,0.15507219647494302,0.26285779900167838,-4.2750740053381814e-14
5963,0.091371778294060194,0.17359027972998961,0.25107938313557421,-3.833596792512221e-15
5964,0.061214513766407366,0.12814209259338816,0.13775948040986527,-8.9501681699096982e-14
5965,0.10734087714649736,0.17043172987791214,0.29052227088165283,-4.3301402764729395e-15
5966,0.091815829216952319,0.10956784357275902,0.18082562523265674,-2.3059293583986155e-14
5967,0.10194854520845507,0.11704607619896225,0.21123349851032433,-2.820504530080153e-14
5968,0.2109375,0,3.8077127662508018e-10,6.7763744966083741e-16
5969,0.21379167301150034,0.023283399503347742,0.090688955027248497,-4.6680703227613998e-15
5970,0.20274522482211169,0.022880211412434504,0.085214169127483488,2.853975331433389e-15
5971,0.19542228825555907,0.033844468168938185,0.12151565350252147,4.3714341666347692e-15
5972,0.1983352499340589,0.010416926791650903,0.038166198514751941,2.3808848905655092e-15
5973,0.32886803022380884,0.0095531399368538553,0.051562173538116568,-1.6427504646601463e-14
5974,0.3203125,0,5.3429618991289839e-10,1.9795758947866065e-15
5975,0.39664483873875039,0.036685752666674676,0.21648945242094944,1.4550054968208705e-14
5976,0.37294203635999568,0.15982217846112956,0.77740263579334379,-3.1302097720178949e-14
5977,0.37321260133505851,0.14785640694906965,0.73828486106216207,-5.7181644194122497e-14
5978,0.3666384377809262,0.17986879893567628,0.82621540510755198,-1.7082882238567438e-14
5979,0.37859098491182985,0.18647040171327389,0.8551600291177287,-6.6623248414951711e-15
5980,0.35228887495626099,0.17113757643387648,0.7866089656427081,-2.470128179518079e-14
5981,0.061342570696080095,0.27906564297260478,0.18828623847708051,2.2049797208053637e-13
5982,0.11751690000621592,0.27945084492685701,0.3546563956111603,3.4056304563031906e-13
5983,0.13941112990910753,0.28108843255425353,0.41603659208490978,2.0302273639816979e-13
5984,0.14795617143857837,0.29079342675484326,0.43358850281368544,1.4961653437701486e-13
5985,0.13398990171642708,0.2719945317132787,0.4046263306719905,3.8056286694453158e-13
5986,0.14248409494345637,0.2594252123749301,0.43205058938644458,1.0150246899129305e-13
5987,0.15773174029509163,0.28707022883530514,0.46272799142914028,2.6622177535745402e-13
5988,0.96736786243723705,0.12739458508151896,0.073521020136654777,-3.7358043319312722e-14
5989,0.95231606899026022,0.10231321227681874,0.089544353633902701,-2.3239545862979731e-13
5990,0.94425829452213061,0.089416535285888887,0.092846115492701026,-2.482153046900142e-13
5991,0.79714691777345148,0.8683088588220147,-0.43800554333507163,4.758169168039064e-14
5992,0.80222708868481696,0.96477283051366702,-0.12772613987925097,-9.964895303623167e-17
5993,0.8035078274703702,0.90123660466929512,-0.33646888978040623,3.2506678230463861e-14
5994,0.81970967451516907,0.86097237273449656,-0.41131796419346178,1.028427964488762e-13
5995,0.83278086707247789,0.86454736473589644,-0.37706684930836853,1.534303644338849e-13
5996,0.84488171733102302,0.85395300009887243,-0.37202146457155816,2.3609765760589214e-14
5997,0.87172449993227408,0.89095890661536936,-0.24815127779463242,5.2589585879160884e-14
5998,0.88420944536135759,0.89611336026223598,-0.2161153977461,3.0337407839207964e-14
5999,0.87663470804895915,0.91696995523463298,-0.18839192358647561,1.0818479329204657e-14
6000,0.84687429519432433,0.95318344709253544,-0.1340810838037361,2.7614207709978259e-14
6001,0.84092634470031313,0.99023126784877247,-0.029478783765693902,9.088514290201385e-15
6002,0.828125,1,-3.2265970803774127e-10,-5.0238932069635611e-16
6003,0.8515625,1,-2.8889297498703595e-10,3.3143364277149686e-16
6004,0.83415123065246233,0.96042527051377202,-0.12246363264859629,4.3447514510273509e-14
6005,0.81442796897046243,0.95221579961927016,-0.16284758108146172,9.7103998722806196e-14
6006,0.82719112067924061,0.95164499550298021,-0.15458035399984082,7.1752122887970669e-14
6007,0.79749308247442918,0.94422950082621449,-0.20388947747429559,1.0620599780782514e-13
6008,0.69763935617587225,0.80996616366036633,-0.75617833449021221,2.9560923629624024e-14
6009,0.71568835123102825,0.80074199869116702,-0.73969786669223447,1.89171834962622e-13
6010,0.71931490003584686,0.78868112442098648,-0.74912168815757996,9.4148305829291974e-14
6011,0.70952077597473961,0.78466195646660764,-0.77207802805326242,1.5913206928653511e-13
6012,0.7207372136955118,0.77870371641314373,-0.75641242474312764,1.6197948029630683e-13
6013,0.72895346360764335,0.77125235227071243,-0.74543265668569336,1.1681153129478333e-13
6014,0.73902552567892299,0.77026108158295525,-0.72511113642997871,1.1690610028460132e-13
6015,0.74951624802325334,0.76284069323030923,-0.70589258004904354,4.7779183312442291e-14
6016,0.76006653956013548,0.75680869919933957,-0.68382882823848778,5.6917029640010031e-14
6017,0.76192470312435956,0.74321548909117796,-0.67938520702222149,2.2082236778329729e-14
6018,0.76440551885231944,0.77034946190405407,-0.66890765374966155,1.6203067082736072e-14
6019,0.75516188582152144,0.7701623419074819,-0.68994095999885374,1.129757847458367e-13
6020,0.75889135716623968,0.78328316292646638,-0.67224976100230038,4.7124783075778713e-14
6021,0.68062046184341918,0.8272905863871477,-0.74553844031247141,1.0861492677308398e-13
6022,0.8406208141235012,0.79215577985241648,-0.46327569580089228,1.5976036378046174e-14
6023,0.78462984442190387,0.76015465785886716,-0.62481554389206451,1.7836221247410548e-14
6024,0.78041645440290042,0.77213914122042393,-0.63007468560020063,2.2255252940832262e-14
6025,0.78016124791223906,0.74650544370417082,-0.63702177092696244,3.7806750459965875e-15
6026,0.78848909076385965,0.78040344955704988,-0.6053486621229891,3.455784008818388e-14
6027,0.78280475321440934,0.79124200958397473,-0.60948867797773842,3.5399631726497793e-14
6028,0.78985960102107633,0.79982235493997011,-0.58333503854819524,3.8326671644651445e-14
6029,0.80794810848574106,0.747327681015447,-0.56739114208751462,-1.1913573968798208e-14
6030,0.82447387299896324,0.75309286792634689,-0.52382423511412424,-3.9125698371481218e-14
6031,0.82951240640099377,0.73872715914948561,-0.50902039715524294,-1.8289522940193332e-14
6032,0.84240767211332845,0.76462820581159996,-0.47306140718571549,-2.0201425852788446e-14
6033,0.82739913492632222,0.77712056432998056,-0.50849367484997532,9.9086360672363551e-15
6034,0.85285761223061218,0.81030203641090204,-0.41432905498683553,2.8271987911053791e-14
6035,0.86575736017024396,0.8363531761021451,-0.3505380609425694,8.9665116928266896e-14
6036,0.87809165653620902,0.84430241151050867,-0.30998079580316418,3.4020138400901577e-14
6037,0.87239474813079254,0.81680534080470613,-0.35635126471491929,4.7070486494094807e-14
6038,0.15241395701289931,0.066577939107561351,0.18719105606515032,1.4129616711041348e-14
6039,0.087348738352097971,0.05957846748922583,0.099050074662927548,2.4944437717787774e-14
6040,0.081312582630793287,0.05149062328772263,0.080215860731512989,3.4751658129724145e-14
6041,0.068914470782249507,0.048500900597142065,0.064512622932456604,1.467951351353578e-14
6042,0.09323223703905735,0.049192386537955719,0.087857549563981049,2.4658173607879777e-14
6043,0.063979440030125095,0.0586810502587694,0.071999734443475696,1.82642558201769e-14
6044,0.071493020531881737,0.034917846721088011,0.048416047355355485,1.4747372013408821e-14
6045,0.06870496326865215,0.07078564688847315,0.092139363977776279,1.32104970187026e-14
6046,0.055711806739808897,0.051257384787548481,0.055109520131725785,1.3838654316167775e-14
6047,0.076437612493040222,0.080582773113056477,0.11536552668269634,9.0643273258135262e-15
6048,0.057042174809970536,0.073390100267488878,0.079432516863360447,7.0749318558589934e-15
6049,0.043901641680618539,0.05420809968360419,0.045985701721875848,2.8961353475147527e-15
6050,0.072306705435816229,0.092015030340361098,0.12307869428219587,-4.5558303755026184e-15
6051,0.050648474710742054,0.085612850423154516,0.08123200625787505,-4.1255110580394725e-15
6052,0.046243413370098255,0.0707569087029397,0.062177990397252268,-4.8575288117811518e-16
6053,0.034111115648484444,0.046835581907282951,0.031081795297953248,-2.7984882309827406e-15
6054,0.084483131514801676,0.089952378641484546,0.14054239741874147,-3.1960844006220508e-15
6055,0.074279910266768945,0.1015901165601102,0.13796036084826702,-2.7524498004539242e-14
6056,0.025040303632744561,0.051964615652223885,0.025299524542447105,-5.6313466775254752e-15
6057,0.015310207266004494,0.058680710283519039,0.017414895372438562,-7.4260435059705668e-15
6058,0.02501509397137866,0.040348040234816335,0.01975906099097036,-6.1592100490614529e-15
6059,0.04585914349824894,0.041161317821096624,0.036754901404978876,2.5068875284842231e-15
6060,0.023931340897885994,0.06315326845378598,0.029001997763895768,-7.8828472300654948e-15
6061,0.028334150563799659,0.07375816124871884,0.039743755434537231,-5.3392935951267488e-15
6062,0.013296461729235402,0.033629896225243983,0.008837069961226466,-1.5154468427550995e-15
6063,0.045127827472832775,0.029466203970236284,0.025825634479057443,-3.8389763419995208e-15
6064,0.032769712782619247,0.017444232985509879,0.011209822958468525,-6.7875168752246215e-16
6065,0.056471928344786398,0.029528718610404178,0.032583839560214163,4.5792370370239808e-15
6066,0.064978721856473382,0.018707495591589331,0.023767290601511545,3.1511769015567103e-15
6067,0.11901273829150147,0.14476485571103165,0.28829280345049058,-2.994181933740858e-14
6068,0.12681217721746815,0.15386962918200284,0.31939756691530657,-2.0936901960330195e-14
6069,0.13181559833572185,0.16506152774206259,0.34635883007939838,-1.3592928971574762e-14
6070,0.14814648924367937,0.16883338128131833,0.39172426650935982,3.695540439621215e-15
6071,0.12053513277342695,0.16644995061749712,0.31989088868082027,-4.036215285075843e-14
6072,0.1381454040520774,0.17489517358122555,0.37440739290235547,2.8732638934923436e-14
6073,0.080124917221800332,0.17588476621436486,0.22248763603043584,-8.0834360515808869e-15
6074,0.070009244737897242,0.18629084890953301,0.20093215398226824,2.687351247162441e-14
6075,0.095367812393377077,0.18398166897842708,0.27017193938163359,2.0119547107314312e-14
6076,0.098278676878937862,0.19664911055952758,0.28693040436652789,4.5251363639848044e-14
6077,0.094553493167249036,0.20669286711881682,0.28191643777141157,1.7581457411508497e-13
6078,0.09845879125660556,0.22335708467376694,0.30014577796185338,2.1986056594786844e-14
6079,0.098218009093545194,0.16625585654693573,0.26252698466310959,-4.8337887158693294e-14
6080,0.20284198405989773,0.040506402696645356,0.14968394110279154,3.4837725604316514e-15
6081,0.1924758857564268,0.043887322706659716,0.15469615264249764,5.5418207755166452e-15
6082,0.19093991804716376,0.054479524062258228,0.18935518556584471,-1.0266476301701008e-15
6083,0.38821913904745775,0.18416612302664379,0.85975862681038084,-2.9003919457491145e-14
6084,0.38026153031561977,0.1964474313731325,0.87781466354293769,-2.5400605514269934e-14
6085,0.36859680711114118,0.19044422610203549,0.85263647074918103,-1.7008353351671224e-14
6086,0.1493083260366497,0.26787736918274263,0.44924895681018712,4.9371551099116569e-13
6087,0.1318574826423331,0.2491619990111672,0.40258906025579327,1.1072546149713494e-13
6088,0.15060707737187204,0.25405843424409963,0.45554731409713406,6.2406105361284044e-13
6089,0.97850386972667647,0.12707179856387324,0.048217278726990463,-5.1174881095064898e-14
6090,1,0.109375,1.9725106335252462e-10,1.7277989192458208e-14
6091,0.98959035690990682,0.12954722732668805,0.02380476375161307,-1.2445825256791706e-14
6092,0.96795547079077848,0.14079468795491659,0.077739070170026001,-4.030524085541703e-14
6093,0.80008757669582631,0.95548836864210318,-0.16227824964890328,1.5038407093820845e-13
6094,0.81229541732863164,0.96397190003158317,-0.12471769436195508,9.8009914742543114e-14
6095,0.89265973011394617,0.88851509132942674,-0.21334328060110325,4.4553207209955879e-14
6096,0.89475956917964383,0.90033661618556726,-0.1902341938549727,4.0947318471307032e-14
6097,0.90902541923236102,0.90770408291919491,-0.15446164834252135,1.1366434695545665e-14
6098,0.86865763548145214,0.91208263471240503,-0.21032484559309308,2.2560220600518706e-14
6099,0.88894080864526948,0.92260222647177126,-0.15974285981120473,8.3879028989330356e-15
6100,0.87898222577418816,0.92787720141787022,-0.16238862188427225,1.300306204885211e-14
6101,0.69968207155551465,0.80006803987648467,-0.7697325845787808,1.6504031332614951e-13
6102,0.69686486379340562,0.81914316785774122,-0.73890118594570153,1.4524234178524572e-13
6103,0.68694398554019387,0.80859490554043179,-0.77668848340847418,1.1019705443286647e-13
6104,0.75156865714404586,0.73888522743867802,-0.70172281168565476,5.5506014009619092e-14
6105,0.73775846665636513,0.74260423949812859,-0.73291953654781694,3.3175508789352894e-14
6106,0.75869150501170246,0.7305822817328812,-0.68236294457293056,3.4612095252448508e-14
6107,0.75571680150064791,0.71860273695790822,-0.68082982868422093,3.7044740177506348e-14
6108,0.7650941877048496,0.72268292498871944,-0.66286442251965472,1.6222659246829462e-14
6109,0.77820784718933222,0.71939242199296372,-0.62982086048302299,-8.7806701159268768e-15
6110,0.76640603941848529,0.79066138092661342,-0.64789031006516329,4.8013110935573361e-14
6111,0.74617391378915421,0.78974075755896989,-0.69331032753834809,2.1582922309210972e-14
6112,0.85193873686049171,0.78457224662387359,-0.43805589852525123,1.432036638502085e-14
6113,0.77284787445569503,0.7673357896884514,-0.65055719131111078,8.3923207731765974e-14
6114,0.77037622151079665,0.74855635000418363,-0.66032240625276206,3.8659163808490455e-14
6115,0.80603781876231673,0.75643345596268141,-0.57165724655599481,-3.089309779333042e-14
6116,0.80509649461339805,0.73204391606848096,-0.57112670799415199,-6.6355112800554973e-15
6117,0.81872308174068109,0.74300942826837746,-0.53845235831227267,-6.4230239717151287e-14
6118,0.8329761612093427,0.72597684791931782,-0.49534970529535732,-7.389351151958309e-14
6119,0.84547107111195952,0.73881566850792169,-0.46551046545124025,-7.1395218413196469e-15
6120,0.84967278098829846,0.75375949694850475,-0.45496207779803194,-5.5456860687869526e-14
6121,0.86018639276302322,0.75186014790041289,-0.42524273133995966,-7.7032857344517353e-14
6122,0.84416549296767962,0.80296447791625003,-0.44434995521990445,3.7642960371942699e-14
6123,0.8676414434752262,0.85318010320933069,-0.32208165579608905,6.9870998080938347e-14
6124,0.88391052347957888,0.8355428259864176,-0.30634024880431215,1.3416748725004912e-13
6125,0.88811651486256871,0.82005043383882781,-0.31156702033313693,3.551207430515869e-14
6126,0.89024005344382717,0.85000422647523133,-0.2735383648115573,7.7054355929834579e-14
6127,0.86207408557868948,0.81521228347221775,-0.38506005529383353,4.146245881488477e-14
6128,0.058971315373204346,0.092247396567290127,0.1009619844747686,-1.7384227331339992e-14
6129,0.040773066056018062,0.089102187267122698,0.067862048630323885,-1.7106699933750152e-14
6130,0.031100456080086401,0.097648281750381635,0.056040762971600447,-5.8383716151016186e-15
6131,0.030584412938816613,0.085886110736866403,0.049267411081345636,-1.0209528986457263e-14
6132,0.086435790653609554,0.099550029099457621,0.15705384653671084,-1.4678364786622028e-14
6133,0.036607568235259749,0.068192553584896648,0.047772862288047099,-1.1199694177348498e-14
6134,0,0.015625,3.1126819219928312e-11,1.0135121908394495e-15
6135,0.065534115816437477,0.027898399734201617,0.035654520519226303,1.796215142953962e-14
6136,0.046875,0,9.3143988594103233e-11,1.3347495679209965e-15
6137,0.078125,0,1.5111423260318961e-10,-2.8755974784348149e-15
6138,0.077118283101796317,0.19715719759768086,0.22680577047788547,5.7672711790021799e-14
6139,0.087690969548619935,0.19659036533794319,0.25687492445367976,1.2549458151170409e-13
6140,0.057527231532594161,0.1842858317476522,0.16463973522039224,4.3073184676078131e-14
6141,0.04510949503180553,0.19309406168681481,0.13233032514602186,1.9422411371010954e-14
6142,0.058536866820460352,0.17248763133988976,0.1615432072009369,-2.7773259803388093e-14
6143,0.048108971189675033,0.16156014018042272,0.12782354077248093,-7.2296059850244692e-15
6144,0.12113950291959524,0.25380787175159231,0.37131583416673286,4.5016855878290026e-13
6145,0.13187170082057093,0.23305160571772732,0.40025643737747807,7.1528493028281117e-14
6146,0.14127348583618665,0.25004564072118501,0.42933791275537903,8.7353367354130982e-13
6147,0.89872482250541164,0.91480494467592022,-0.15955692813728373,2.1734459638082514e-14
6148,0.89950950726770385,0.93125020534577418,-0.13008044690014317,1.0076669639028003e-14
6149,0.73995452866113542,0.75279832835849936,-0.72876871924825815,1.3675280923673298e-13
6150,0.72826013523467026,0.75115554187240008,-0.75358307183032158,9.0434807667192577e-14
6151,0.72306265857289198,0.7608993684959775,-0.76249557778092192,1.2779247045948684e-13
6152,0.71285195916279986,0.7599992715130508,-0.78289319955504111,1.9964834281998037e-13
6153,0.70136873094968277,0.76728742202686495,-0.80186697830886267,6.3372745436191604e-14
6154,0.71489009737020115,0.7483033759918033,-0.7806462343640489,1.1909486096511478e-13
6155,0.7050293431835386,0.74274592181038912,-0.79882809410925293,1.8205856150304265e-13
6156,0.73253776835110718,0.73027259307371839,-0.73904939428715621,4.2257114725242867e-14
6157,0.77774464539078703,0.70670881569691313,-0.61928905400365608,1.9507476509522447e-15
6158,0.78380214362804457,0.69810965358818677,-0.59491325289468022,-1.2186436719804013e-14
6159,0.78222387570050844,0.68674626820946805,-0.5828181096224756,-1.6729414138103433e-14
6160,0.79054028177877089,0.70606328864030088,-0.58819011775441199,-3.4699304385304385e-14
6161,0.80364001664733908,0.70535834267271125,-0.55608249329892179,-2.9048980254869896e-14
6162,0.77255307522593242,0.68485534914542634,-0.60089490480025465,-5.0099800733325707e-15
6163,0.81656192552161388,0.71256501262634198,-0.52991601491771778,-2.5641392703036755e-14
6164,0.78755736921352526,0.73026780212132414,-0.61413291328688213,-7.8250582629515717e-15
6165,0.74738636476548903,0.79872903618907432,-0.67975999985061886,1.0249942063085801e-13
6166,0.74006608100789695,0.78193445603300804,-0.71400857188440336,1.4288327462301742e-13
6167,0.86457824521001359,0.78736652134231777,-0.40143885867461204,5.6015578631511316e-15
6168,0.86063459209673487,0.77522142530613547,-0.41864846584720883,-5.2537610180829373e-15
6169,0.87545859674347226,0.7937888365031438,-0.36699905639157371,8.4536491948526074e-15
6170,0.85165732596245891,0.76969047749546415,-0.44601103135257525,-3.9853014090511441e-14
6171,0.88920098443375906,0.78799102106524088,-0.33136362899019906,1.169503996360478e-15
6172,0.86745351491696976,0.80346936642269029,-0.38193654097579571,3.7064799296084826e-14
6173,0.81421304450698395,0.73466446906434169,-0.54848966766583129,-1.0608355229073886e-13
6174,0.8374677230656784,0.74310155884414431,-0.48836202186824901,-2.00777149471723e-13
6175,0.84469648937600128,0.72706998565904069,-0.46378664549750415,-1.1048843114405124e-13
6176,0.86963833177287131,0.86539636360592409,-0.29812901384462226,9.9963309417492708e-14
6177,0.88038531159707312,0.87090959136891732,-0.26608217194072703,4.7588129042104761e-14
6178,0.89105543401954368,0.86464672129759779,-0.25225342432613018,6.6177855352514199e-14
6179,0.87326843376959595,0.87858406675818213,-0.26779508712818317,8.786769695305567e-14
6180,0.8901974169612169,0.87514772229592952,-0.23882360770027702,1.0903830244673222e-13
6181,0.90099474435374716,0.86256180172731034,-0.23252950829903679,1.2504634451945487e-13
6182,0.9115003010747561,0.85988431803979759,-0.21159157683418145,8.9326499154127469e-14
6183,0.91858793644565329,0.84371874186914597,-0.21040134208114139,7.4864910754098445e-15
6184,0.85657675091635777,0.85517015645330574,-0.34381218484254467,1.5528782187721085e-13
6185,0.89830535543980583,0.84405357487713162,-0.26076996856661638,1.3358198073381782e-13
6186,0.0081916845208755678,0.02381668452087557,0.0038315233237478795,-5.7634916094053864e-15
6187,0.05761479135580324,0.010165246287741812,0.011429701815842234,8.6143690029508517e-16
6188,0.0703125,0.0084828143561447317,0.011688624631588757,1.6387443184693979e-15
6189,0.049806158053962005,0.2059577061973108,0.14995995722867314,6.7281927524938167e-14
6190,0.03790077469480313,0.18367883525639908,0.10857668886265148,2.9676520288848395e-14
6191,0.02607199699284701,0.18089769632248726,0.074276540870318486,3.5091218029458629e-14
6192,0.014770890162686704,0.19104980390564369,0.043259151308934304,1.1403536000372017e-14
6193,0.032950183698188099,0.16651065435818085,0.089399541697464349,1.5915110760702792e-15
6194,0.04961813869998967,0.14953113060371773,0.12537616125354961,-6.5603067192224642e-14
6195,0.042500185827614709,0.13940895633325123,0.10233361066606803,-7.2494778425306923e-14
6196,0.061177087837064416,0.14844736632557168,0.15344318263688511,-9.5097368309682609e-14
6197,0.029747513596597573,0.14060053952967735,0.072142362329599627,-5.0440786945861754e-15
6198,0.066014532838310699,0.15917834506828762,0.17330426438820271,-7.6247965855099331e-14
6199,0.056608605627681073,0.15696263534960564,0.14749357527490073,-1.2195552079364117e-13
6200,0.11536830540032825,0.26103461887279128,0.35362294308949971,3.7552284397985259e-13
6201,0.12770859170697127,0.24110313449935991,0.38993834861914201,1.1815538693259467e-12
6202,0.90328743555912261,0.92282859076139745,-0.13954032614020609,3.6280478183944421e-14
6203,0.91044169936660757,0.9346374106367954,-0.11099669856782228,4.2124506818917469e-14
6204,0.70783719296262393,0.7748521685487153,-0.78438024333223288,2.6450866097360497e-13
6205,0.69356622673087442,0.77315966416700832,-0.81205222111415665,3.4415691381081359e-13
6206,0.72158469522821234,0.72950010698864043,-0.76092409253970861,1.1300649008995461e-13
6207,0.71368751732656244,0.73659858199766415,-0.7801135130847332,1.3553441497694393e-13
6208,0.73947536471460928,0.7231948404194336,-0.71958025879771048,6.8129374136857871e-14
6209,0.74089534921159439,0.73400528109825325,-0.72310979140577647,9.0524295187354887e-14
6210,0.82264688234273797,0.70421158354888613,-0.5070035713704979,-8.5601800580831608e-14
6211,0.8284162854855498,0.7148072092039901,-0.50075028235227703,-8.8137915262064168e-14
6212,0.80975911343667872,0.72167459732115358,-0.55385710884147366,-7.6048288338602912e-14
6213,0.79939151209668835,0.72324569567624397,-0.58102801267768645,-5.2068974088952304e-14
6214,0.79604109353191366,0.73397851314032181,-0.59461850450820564,-6.9587921180960576e-14
6215,0.78575337012920865,0.73924935344077281,-0.62189855415990014,-3.2104768119857592e-14
6216,0.77835912869082169,0.72871892980983266,-0.63551577490396183,-1.1463444013303646e-14
6217,0.8855147641674378,0.77885858239664407,-0.34612549397413028,-1.5768473158958914e-14
6218,0.87748786454317751,0.766554577944491,-0.37341742832584779,-1.1471545384505005e-14
6219,0.86763568306099437,0.76811593219435248,-0.40128457296574421,-5.3493403682485083e-14
6220,0.87106923510583945,0.75791730132451951,-0.39357128876393488,-8.3770251684858586e-14
6221,0.89717459280096945,0.78221077665052341,-0.3108981716382791,2.3166893987869303e-16
6222,0.90855814012766978,0.77230574535662389,-0.28060744247639308,1.1978374296698497e-15
6223,0.89544669751504646,0.80262450176179678,-0.30502536844720785,4.4137118936348259e-15
6224,0.066183436519444597,0.21368839500702166,0.20101040308778362,7.1103739540721635e-17
6225,0.073798886506202893,0.20684364572961161,0.22132339989718225,2.2576905305632178e-13
6226,0.035466832233428329,0.20780884085383866,0.10730173825546921,7.8074749337371499e-14
6227,0,0.171875,2.7747349897532082e-10,-2.009263972588223e-14
6228,0.021431044959090852,0.20164709528952252,0.064205877488641677,9.074849583329492e-14
6229,0.011156004442040421,0.20877346130883229,0.033886109990091992,3.8073849030560481e-14
6230,0.0090400881058222467,0.19911143122589151,0.026940895609062009,5.2356900731482337e-14
6231,0.042104528290256217,0.16885799636339921,0.11511787047346708,-7.4390447189947496e-14
6232,0.039135481186298601,0.1597665863633394,0.10345052611010647,-1.0230841771116237e-13
6233,0.88743148037237207,0.76505006919842422,-0.34468300452455763,-8.6467636706645562e-14
6234,0.89974290294320336,0.75897792832878785,-0.30926539070645281,-1.9144281702460448e-14
6235,0.9188672581399866,0.7774619428497429,-0.24833091311651637,-1.9064567867171849e-15
6236,0.93142737306038448,0.77555447785635467,-0.21099684018032419,1.0275140992660208e-14
6237,0.91435148755411177,0.78698049952539328,-0.25870108816877269,3.7317234413025834e-14
6238,0.89620627413241216,0.79365070086415068,-0.30831140962778847,4.0248941800511781e-14
6239,0.055358086272554702,0.21540885952225541,0.16892750262841005,1.3635407353184148e-13
6240,0.05336399480608111,0.22715832382748496,0.16509555911857274,2.3049546066750871e-13
6241,0.059573384957270215,0.20647885055745913,0.17911740367692711,2.1729901050011551e-13
6242,0.033071498742703188,0.21943113553424856,0.10179619369852141,1.1192778637834472e-13
6243,0.037255718290947724,0.19846427582227413,0.11072493731095541,1.200693522935101e-13
6244,0.0095332022242779167,0.18033799002820114,0.027110981186048662,3.7007661537480245e-14
6245,0.91196570140021638,0.76019513771507297,-0.2724706532347243,-2.3718606752179678e-14
6246,0.9195187563956605,0.75157547018520954,-0.25011889674202353,-1.8130350146498476e-15
6247,0.93115432112391383,0.75140765429072165,-0.21463413010233984,2.531466888480841e-14
6248,0.94115100002458207,0.76101426344726197,-0.18338434917882962,1.5300728297866781e-14
6249,0.93238557531926758,0.76567386861381437,-0.20975573577515019,1.2548710686833526e-14
6250,0.90077622836555971,0.76787364979153794,-0.30474034625970692,-5.7480209102865814e-14
6251,0.95521943083341498,0.75492647030526905,-0.14015638333200436,7.0893941157693522e-15
6252,0.95193740720008968,0.74536814733317147,-0.15034463021596114,5.9704114685334023e-14
6253,0.94430043187191615,0.73160873274637017,-0.17301218138932245,1.3637251151713793e-14
6254,0.96460951334986067,0.74797948858711416,-0.11094259990907331,2.3857469089371633e-14
6255,0.96844103455583752,0.73898935330525228,-0.098742834613740435,2.7151871760024831e-14
6256,0.96954161185335463,0.72575573021248507,-0.094412589171785161,8.4158213715844651e-15
6257,0.9766130600821129,0.74810480416659786,-0.073408899052425314,1.1575867160153313e-14
6258,1,0.734375,-3.1368621463616018e-10,4.2860487654189204e-15
6259,0.98538088402561741,0.76077021845274451,-0.045812416872313223,2.2486287001892803e-15
6260,0.98877459602985596,0.74327641262367217,-0.035220251120692977,2.2011600432475909e-15
6261,0.99073667183041003,0.75273313025221333,-0.029086552413350585,-6.8576171356371426e-15
6262,0.96009933933209046,0.76833081087055866,-0.12420819962315488,1.1066775344780474e-14
6263,0.96015991655536626,0.72827715109115843,-0.12365009846485814,5.7274451146953987e-14
6264,0.96873151410580749,0.71447477133130266,-0.095652524156087049,2.6971845260485645e-14
6265,0.95805368808099145,0.70328290803933213,-0.1257637857653803,8.1390126812699272e-15
6266,0.98327137829123079,0.72333883500382157,-0.051797570522119467,8.8448510834643749e-15
6267,0.98928993319539238,0.7734375,-0.033279182217467521,-2.2166336274667413e-15
6268,0.95489735738747206,0.77864176271844776,-0.13902137253467897,1.2961010682618283e-14
6269,0.95814687872162463,0.79019342520571167,-0.12690760974390303,1.4467895457926672e-14
6270,0.9706625690540257,0.79333958586790121,-0.088614723947518917,1.0799473705197396e-14
6271,0.94259046092192433,0.79348062049478518,-0.17281411367873759,1.1947468025701033e-14
6272,0.97965943802644584,0.78309202160521785,-0.062493340403316548,8.420980749380904e-15
6273,0.97292487853160536,0.80895079648522272,-0.079193844395764795,3.3615949327574185e-15
6274,0.93843122821284397,0.78363183798524749,-0.18791875285026133,2.6590605313978598e-14
6275,0.95004423999454435,0.76617702447040426,-0.15546158176616803,2.5484732307961382e-14
6276,0.96994873722358943,0.70241513511220222,-0.090040724781873333,3.1803068434228445e-14
6277,0.98398508651434546,0.69296434550033015,-0.047104376146599694,5.1720548407022653e-15
6278,0.94728850683539401,0.7111618949214783,-0.15994769113063415,3.1977265614471312e-14
6279,0.95086621717387176,0.68842076312150058,-0.14235798746921349,4.9934760496311196e-17
6280,1,0.703125,-3.0369048476915276e-10,1.0736054576655826e-15
6281,0.98929537077638852,0.73240437268135383,-0.03340048393561728,1.8449757879637433e-16
6282,0.97444718676999553,0.77084879504117132,-0.079508786244874119,9.282884854018447e-15
6283,1,0.796875,-3.0094884259671969e-10,-2.2423976069121712e-15
6284,0.94809560748222099,0.72172159924335322,-0.15977009363335409,4.8597357394670574e-14
6285,0.93726509657285728,0.71723870184334848,-0.19177984308375928,3.9503031594823797e-14
6286,0.92313551271871974,0.70681601920612858,-0.23033014298924259,3.95357643519722e-16
6287,0.95840053258056501,0.69394613462494092,-0.12235661651869724,6.5512549323931309e-14
6288,0.98971294315155156,0.71403503704914695,-0.031458518761468712,-8.4311304976636292e-16
6289,0.98774488172146147,0.70325615882628834,-0.036806618366573757,-3.9797843052670193e-15
6290,0.99033599067231115,0.787761526151597,-0.029504453599107812,6.2739048009096422e-15
6291,0.91182612976663946,0.73313629971838123,-0.27188100934204629,-3.0025538129994436e-15
6292,0.8839150880860791,0.73884191056122817,-0.35580751995144383,-4.4996515843128084e-15
6293,0.984375,0.8984375,-0.029199501909852418,-2.6747402481669574e-17
6294,0.64535219971244107,0.1306158459349456,0.65642142645546997,4.2682042654986741e-13
6295,0.65504777816996262,0.13405659056085636,0.65937860471309562,4.7646895857051101e-13
6296,0.66769619624461241,0.12942285522739871,0.62797758277297178,8.248060073552887e-14
6297,0.66688100743788392,0.13898098046365928,0.66328176339836176,6.7586377180104606e-13
6298,0.6648513331793835,0.11951568126573026,0.59281354693585198,3.7069158651603738e-13
6299,0.65542350740650268,0.11121766599024172,0.56810682629741438,1.1278280458428055e-13
6300,0.66385709191974707,0.10542100066772542,0.53524306436027014,1.6681423016208752e-13
6301,0.66689144360419539,0.094187940607567411,0.48298566632239848,5.1830517241758788e-15
6302,0.64538738499903736,0.11753135237874986,0.60419795309132696,2.6799471859600799e-13
6303,0.64470209434526327,0.10429935389574449,0.54759713522379683,1.042894996824069e-13
6304,0.67647416221299317,0.090269200071118633,0.45677596892634792,-6.363613318753092e-14
6305,0.68217134659134337,0.077614876505381916,0.39387470700325206,-4.5798172568167177e-14
6306,0.63400019287031373,0.10301238790786431,0.55025680714768377,2.7139478662653752e-13
6307,0.63584113364936268,0.11329349927034116,0.59466324514021185,2.9377611681049337e-13
6308,0.67808699939786699,0.12940053497063608,0.6154794602392244,4.4788192743899263e-13
6309,0.69176516315917835,0.067632034458944112,0.33964441422186165,-7.7802485148462254e-14
6310,0.68757214141083645,0.055845122645660106,0.28581288534126803,-9.998320435226509e-14
6311,0.6752804367683215,0.051656842142506376,0.27179232235304412,-5.2717592231470955e-14
6312,0.68986077989239447,0.043859732803491931,0.22503202681517509,-6.891279099582838e-14
6313,0.66884641144128609,0.059892129745004498,0.31689005836929773,-7.8584378612089999e-14
6314,0.66930744088282934,0.071343618659543293,0.3734763417883184,-1.0262708290830852e-13
6315,0.6623229969308646,0.050244497063444214,0.27089236915156878,-5.6935970843560862e-14
6316,0.68830118775823512,0.031880753909499314,0.16518450754211808,-5.1535552841846029e-14
6317,0.70252984832042742,0.037954739433653885,0.18997011711150369,-4.9355128143863235e-14
6318,0.65752187600904966,0.077066858709895103,0.40955080176303604,-5.9242102395453661e-15
6319,0.66644750182450485,0.038785506564791447,0.20904172197151083,-3.8573154184039337e-14
6320,0.67658432760323095,0.02628465448975003,0.1397624068346221,-2.3557948605730071e-14
6321,0.65797218579526051,0.087944729294584356,0.46162085045283457,-2.1591744985775796e-15
6322,0.64855281286323829,0.091873403606105283,0.48738099894040743,1.5639379666235251e-13
6323,0.65183503801686138,0.068778594462916301,0.37199733966684873,-1.9571327803349115e-14
6324,0.64423972402775165,0.055380722931603218,0.30650386397014684,-1.3611752449152423e-14
6325,0.65831693662136959,0.030695791821009205,0.16844976110363474,-2.1567803104134831e-14
6326,0.66803485352005187,0.029712320075825263,0.16034032797923153,-3.7437622960032206e-14
6327,0.671875,0,5.3900671614895887e-10,1.1640778601908887e-15
6328,0.64016007809273989,0.065567921440115889,0.36217875547274997,5.1173689937388472e-14
6329,0.65190050794114451,0.019550811148393729,0.10883332616102821,-9.961045296952686e-15
6330,0.67526327861778213,0.012957138172415263,0.069374158974059311,-1.227231774231634e-14
6331,0.640625,0,5.6843876367729088e-10,1.2734987531433531e-15
6332,0.65944948903678091,0.010971017999966614,0.0604160951013211,-1.3901085084655133e-14
6333,0.6442797982899886,0.010919032421883695,0.061596699023886599,-4.5799252862116567e-15
6334,0.63150580424221714,0.01099340558983246,0.063193588130853073,-2.0875323716792949e-15
6335,0.62372769431919561,0.024775331442859757,0.14345879556866067,3.508077751477869e-15
6336,0.70351898895480547,0.063347142320015606,0.31112099561488782,-1.1393071856370259e-13
6337,0.71241938066262067,0.027210985351763611,0.13367639875680923,-1.6353497301737368e-14
6338,0.71092736443157867,0.047112201179762343,0.22988763525863046,-5.1386037144658211e-14
6339,0.64627811821985226,0.046118215899497092,0.2561382870362634,-2.3622259891202978e-14
6340,0.63504327621695655,0.050957480136188123,0.28688329647736377,2.4185627012003157e-14
6341,0.6796875,0,5.2715024241521996e-10,2.6949749093843469e-15
6342,0.68680010724137064,0.018542816200066592,0.096785448796369827,-3.0572069325959102e-14
6343,0.68422187194143325,0.0091608848045884352,0.048151289963948851,-9.1829429916682218e-15
6344,0.703125,0,5.0449939992079578e-10,1.2929815217493391e-14
6345,0.69667920482927403,0.01078272906562007,0.055169975484463993,-1.5614245415772559e-14
6346,0.71172343302875418,0.036493862962879535,0.17875713527628112,-1.4785759822492555e-13
6347,0.72416126887340315,0.02808728053945431,0.13385057333457659,-8.697194629906503e-14
6348,0.73601100841390776,0.030380925401279228,0.13973916219160082,-5.5241064470714284e-14
6349,0.74832845518158286,0.019287759634687863,0.085911198861504404,-1.4831887912728052e-14
6350,0.70975745005487911,0.056386118728166658,0.27422671399426596,-1.2002944488746781e-13
6351,0.14934674364854256,0.95865209104331728,-0.11612217698488099,-6.0996538410101431e-14
6352,0.4296875,0.014508621113555838,0.088892302245614493,5.6770223686838673e-17
6353,0.27278931034809417,0.64044149124434124,-0.58400399295664196,6.1948041215941077e-14
6354,0.27863437753279818,0.65255887650577993,-0.62830996788288729,5.2937551877235489e-14
6355,0.26792287496007472,0.63262775197001053,-0.55197449027864687,3.7067320698728658e-13
6356,0.28596555312112354,0.63473246633239533,-0.5859089915614627,6.5585733283074601e-14
6357,0.28686598205212682,0.65710226156088314,-0.65418862465750527,2.2779568620439601e-14
6358,0.28364514982977457,0.64419888340584786,-0.61209066732174222,9.2447189382855435e-14
6359,0.28606466540908826,0.62259491829353142,-0.54477645580637335,2.7279737292804162e-13
6360,0.29415055497364245,0.62873012439918075,-0.57734393500636128,5.7964006181982068e-14
6361,0.29439679623588849,0.63829304518155239,-0.60969710301687341,6.1120837621760264e-14
6362,0.8046875,0,3.7587894687368863e-10,-7.434289355697359e-15
6363,0.0703125,0.984375,-0.021371013517267834,-2.4068269807191772e-18
6364,0.011958887299469416,0.8046875,-0.035340908577116491,6.4179087839134045e-15
6365,0.010517301086654956,0.81554001888565608,-0.030250325239488476,5.777667564297174e-14
6366,0.016254162916455352,0.83072701771177893,-0.044580165129729468,3.2831826435490972e-15
6367,0.012579212913954108,0.79067873520533738,-0.03824128021297174,2.8837257820872441e-14
6368,0.022830291245936819,0.80456525242515897,-0.067490255656338344,7.7178049569489388e-14
6369,0.03516378097454561,0.80281050693315237,-0.10424177058967901,5.7416251835308009e-14
6370,0.039810400504595091,0.78891435802512966,-0.12104596097547556,3.0197295117114203e-14
6371,0.039287009803586168,0.81905629864629903,-0.11170039312218628,3.277736381335529e-14
6372,0.022593001586765762,0.78004531520654141,-0.069668280558657203,1.7325937942011554e-14
6373,0.041413681506581902,0.77752069086300346,-0.12779304631443522,7.315433225174971e-14
6374,0.032444013736707376,0.78206814534095925,-0.09966540022351969,4.76903849063355e-14
6375,0.050955564939428717,0.79306793080471871,-0.1535247699462316,7.8705176184715464e-14
6376,0.064937989982725181,0.78867151892362009,-0.19659150589398014,2.9656336461827093e-14
6377,0.011228642454832729,0.7793750230030303,-0.03465775431702222,1.6182990645500385e-14
6378,0,0.765625,-3.1298574041153664e-10,-3.2834181383727333e-15
6379,0.061784941982038571,0.8027008688954127,-0.18240313509053274,4.85768252768908e-14
6380,0.062262307355015728,0.77875455243999558,-0.19113818619225464,1.1129808575710392e-13
6381,0.07862501210892324,0.78483574265852518,-0.23866329938947592,8.4608936069397388e-14
6382,0.071839370214665479,0.81164496919913587,-0.20722364284411898,6.6680918821861757e-14
6383,0.05579740326084081,0.8129338696462769,-0.16091725553212818,7.9459588132417808e-14
6384,0.084607849495857854,0.79341050808159508,-0.25297068257103117,1.0020854846235707e-13
6385,0.08706118195101116,0.80580590508815386,-0.25364213141112785,8.8113203464428946e-14
6386,0.093967192695218804,0.8139501573202913,-0.2677313908307144,1.0097235658988333e-13
6387,0.098984265758380166,0.8239097002608029,-0.27354246736178145,8.0083486379349403e-14
6388,0.1953125,0.98657064855628784,-0.048506086235327851,-6.0932654173423494e-15
6389,0.1953125,1,-3.7094167953239253e-10,-4.5018641657066454e-16
6390,0.18125273118287458,0.9873785337610238,-0.04264596811690536,-1.2399818614731827e-14
6391,0.19918203907536225,0.97398232752682556,-0.095279115439460577,-1.983620508383451e-14
6392,0.2109375,0.98646796345779941,-0.052262495255445886,3.8913250329628987e-17
6393,0.17363487768819408,0.97716052474518844,-0.074191090088765649,-2.9731503728457457e-14
6394,0.16887795225573091,0.98828152423968307,-0.037174956628196407,-3.2875295435549293e-14
6395,0.16597591951381907,0.9691702049859926,-0.095933998908327489,-1.2363129290716633e-13
6396,0.15819741052849901,0.98943530528073254,-0.031793965844668585,-2.9170581461293261e-14
6397,0.14900373395535532,0.98134924678063318,-0.052692030732932292,-8.4270511619922309e-14
6398,0.15415408140876172,0.96945612311556584,-0.088745001109855295,-2.0226860155587564e-13
6399,0.17806766048744657,0.96326293477225389,-0.12146167564437145,-5.2229071654720919e-14
6400,0.14778203468843093,0.99200782950396993,-0.022556150337970371,-1.9772981816807991e-14
6401,0.19247261276080449,0.9624801725721287,-0.13279238179136121,-3.7142604972831527e-14
6402,0.20315441854454686,0.99099575648828098,-0.033810743103191959,-2.4520213609637683e-14
6403,0.20841075490581346,0.97707012977890462,-0.087349697834071829,-2.7260966185285824e-14
6404,0.17482219236553342,0.95352438681138174,-0.15019431655002702,-1.9964118489488897e-13
6405,0.20405149928194255,0.95630677370681083,-0.16213943424726165,-4.3820584109937333e-14
6406,0.21696836432532873,0.95631472739985901,-0.17081061331110264,-1.9660845737993896e-14
6407,0.22744437875298906,0.94963722579402965,-0.20380970271571627,-2.871537924975994e-14
6408,0.22414425584672862,0.96767263477183707,-0.13060038853681188,-3.0982370081604013e-14
6409,0.2382417725660001,0.9492560032632793,-0.21339973913966787,-5.8458484606908704e-14
6410,0.1849190000739164,0.9554961645123764,-0.15151999700424576,-1.3092993788550917e-13
6411,0.20787573509944246,0.94740357841114498,-0.19713844600345251,-9.7598981136322494e-14
6412,0.21878223576811934,0.97656485914843605,-0.093060509512915709,-3.7221193437519163e-14
6413,0.3203125,0.98718386063596875,-0.067979403457942345,-9.8036664012531273e-16
6414,0.3203125,1,-5.3049761510756181e-10,-2.7962531030124825e-14
6415,0.30655238927598599,0.98758518486057978,-0.06402041851222609,-6.825669222224228e-14
6416,0.33715237967118089,0.98240162440594214,-0.096076480191837829,-4.7820082615760023e-17
6417,0.31248458936944773,0.97764259214873872,-0.11643539940486033,-2.4494949623073252e-13
6418,0.3098535994369615,0.9640629773007523,-0.1851850140170557,-1.1165843503777195e-13
6419,0.296875,1,-5.0353850173614627e-10,1.1347042718607483e-14
6420,0.3275977989118582,0.98079728606364391,-0.10315779477729943,-4.2701554735276611e-13
6421,0.33390364603922956,0.97162424148114412,-0.15373610025723189,-3.5219779440645273e-13
6422,0.32749541897365408,0.95945724239870411,-0.21593078276222694,-1.2102830545701445e-13
6423,0.29613058006431592,0.96197999828730762,-0.1897606876822113,-7.2878101066457034e-14
6424,0.31919568110270485,0.96375640810766439,-0.19027232683585299,-4.5781027851608175e-13
6425,0.32884125554694332,0.9452372890555184,-0.28970605461175419,-1.7338509700409761e-13
6426,0.29250313646796683,0.97088023503964294,-0.14462804065240981,-1.2302177865430485e-13
6427,0.29085025582450252,0.98601645335227661,-0.069482137916064085,-2.5531337940402131e-14
6428,0.28665512832065798,0.96037115536585038,-0.19308028695369267,-9.2671442868978872e-14
6429,0.27217273702612893,0.95965794097710511,-0.18919040943784646,-2.7481995865476982e-15
6430,0.30206252527953581,0.94893222674514499,-0.25645609635087374,-1.024568764021969e-13
6431,0.31662664818679659,0.93701712628737233,-0.3233601622405281,-8.3992294751554456e-14
6432,0.34360300067939942,0.95045945359754347,-0.27008389442862896,-9.9042437580462645e-14
6433,0.29827091740125677,0.99110893623917917,-0.045070584630861915,-8.3874278857969046e-14
6434,0.2890625,1,-4.9580839752825444e-10,5.8202501416666689e-15
6435,0.2734093514923433,0.96919674025810976,-0.14555292256685587,-5.2095581622129423e-14
6436,0.27284367595258902,0.98543901644581111,-0.069056690923927383,-6.4058146150300357e-15
6437,0.26215777237884852,0.96169352942943387,-0.17486055783778914,-3.4788468054121734e-14
6438,0.26518452906295348,0.95093069207669179,-0.22456851342499257,-4.4102834451263511e-14
6439,0.27392076119293562,0.94264852651828568,-0.26734419877698506,-1.1417056919914111e-13
6440,0.29335511759845184,0.93790838452207104,-0.30278180333941535,-1.0437789807842266e-13
6441,0.31031888333774937,0.94416558342867329,-0.28432848511641817,-3.6947043535792916e-13
6442,0.31884434113189353,0.92717789590133448,-0.37201244202010542,-3.5869847676633404e-13
6443,0.33442122698040649,0.9529390656768697,-0.25278582469052013,-5.6625101919998849e-13
6444,0.2902041736954562,0.92722247063064145,-0.34904813938919449,-1.4567142645566644e-13
6445,0.28076041260955253,0.92141880498931017,-0.36587971950066761,-2.1665196960367484e-13
6446,0.29922368628740043,0.92273815211586863,-0.37674803430038328,-2.5640802353680084e-13
6447,0.32797323061025707,0.93392116028459782,-0.34580021103295766,-4.2051385085531727e-13
6448,0.66119124080208258,0.64186688080068,-0.68031664081478516,-3.277487722364416e-16
6449,0.66541400735895362,0.63331816027003718,-0.64501993252691536,-1.5378950221943122e-14
6450,0.99084853672166084,0.8359375,-0.024647937480547236,2.5411283582982846e-14
6451,0.98114147420961595,0.82388619656056961,-0.052926792206409799,6.5548079769373084e-15
6452,0.97298703978571455,0.83069213913066142,-0.074118436495515347,6.3223224878958029e-14
6453,0.96399110265369581,0.84390144585281834,-0.093877579372856443,1.0308498026340788e-14
6454,0.97372553725924016,0.81823816878408762,-0.074994612994063417,5.780239105266825e-14
6455,0.98745380815194639,0.8515625,-0.031640113927423143,9.2865863895527e-15
6456,0.97679157102067904,0.8497699245325121,-0.058977886725823263,9.2218253885434699e-14
6457,0.5234375,0.012849640294101603,0.080404342292305239,-2.7548505560390484e-14
6458,0.5234375,0,6.2822799388618659e-10,-1.9842074090125501e-16
6459,0.53365838459247039,0.010264078027002514,0.064077460088309682,-2.6949775767329266e-14
6460,0.53162632847685831,0.023725906598928537,0.14781375476992673,-5.1167134749462992e-14
6461,0.50780056171076926,0.013571521216262861,0.085113862007751923,-2.2423899776417059e-14
6462,0.52549484377746991,0.03216187696364331,0.20006640109943047,-9.5458474977294066e-14
6463,0.51542112875793433,0.0089237478577648011,0.055980224847400957,-6.4029200255787541e-14
6464,0.60399993954593423,0.14037527036360631,0.73120232257097251,1.2899931209076316e-13
6465,0.60295804334400427,0.12925662399481916,0.68813781075281699,4.4984510172119937e-13
6466,0.61499549384914209,0.14588298900668425,0.74223805139977983,3.0589141709034246e-13
6467,0.60507360738094829,0.15196137718838865,0.77207904781330883,2.6536584812442868e-13
6468,0.61478130060535885,0.15631227243675661,0.7780010044313459,3.3539199486508464e-13
6469,0.50030876429692506,0.65854649432033585,-0.83958601634910901,-1.017472812579157e-13
6470,0.49104136982123836,0.65809608475211723,-0.83743234922763454,-2.907381005119375e-13
6471,0.47881755503890044,0.65997351823474115,-0.84214925579626942,-1.3463670537490283e-13
6472,0.47799470773662905,0.67182679879700902,-0.87926524122807059,-2.2170652919494347e-13
6473,0.47622992400718112,0.65016801400647084,-0.80710450185357541,-2.2665787145773024e-13
6474,0.48044251098302804,0.68125202369364446,-0.90644212030808635,-2.5316755490003586e-13
6475,0.50738192862579556,0.66629276204475352,-0.86469968429915334,-2.0208837410614895e-13
6476,0.62215697677788562,0.62429629012099563,-0.65274970369977425,4.82852691407192e-14
6477,0.60942679714748604,0.47769640130087149,0.13159076516641788,5.4652514954014743e-14
6478,0.60662330595844638,0.46774606048837397,0.19013302767243814,2.7296594614904014e-13
6479,0.62059077887188929,0.47872115734551157,0.12381231159109489,1.9177147520246878e-13
6480,0.61400906712293302,0.48910002096807809,0.064038658553278907,2.3148321154794245e-13
6481,0.22105252596942521,0.6754639712745355,-0.5706741396836551,2.3239386764333745e-13
6482,0.2269845261705698,0.66785443318731885,-0.56885152542884565,2.2920093322193113e-13
6483,0.58129201285732213,0.95571793077292522,-0.26573909878114937,1.8321401163205575e-14
6484,0.92559683547333238,0.79841199342348623,-0.22105819738619722,8.6830806665021709e-14
6485,0.92001578652447336,0.81631924423871161,-0.22740376484456878,6.7602209670670025e-14
6486,0.93135257784708936,0.81765639288933434,-0.19489268510843039,7.0327480561453689e-14
6487,0.93704653121952541,0.82612579078527637,-0.17441423615023072,7.0162285666980115e-14
6488,0.93929296970525467,0.83660445743240075,-0.1620667446150745,7.2471745316528407e-14
6489,0.95140131506108205,0.8410677209478391,-0.12784741663688423,7.333048069953598e-14
6490,0.92957983020882229,0.84202240869341494,-0.18366534737578175,1.3284218470633144e-13
6491,0.95807748063537468,0.83164759675100552,-0.1143647796152583,6.9262788803547731e-14
6492,0.92881445119105088,0.85510775014615747,-0.17513803938524952,4.4749983701654896e-14
6493,0.9407844613452363,0.8602841692295824,-0.14232999308239083,6.530164154462e-14
6494,0.93182762429425869,0.8668866728132677,-0.15778378232004572,1.1267172059001595e-13
6495,0.95477306660999428,0.85547163797751402,-0.11156921186408168,3.2874049309907572e-14
6496,0.92883409472821798,0.880722181213486,-0.15101164654305149,4.8602771792404471e-14
6497,0.91907380838871888,0.85356830711374476,-0.20009701050926584,1.5015592372204284e-13
6498,0.96340740672479774,0.8528935382848416,-0.091571940762367882,1.6049744626758656e-13
6499,0.94088405741840198,0.88683815943551225,-0.1205240742162625,4.5132023351117957e-14
6500,0.91519885202076934,0.88497497188836649,-0.17423640024017362,1.9653138449073134e-14
6501,0.95250723400344794,0.88009802819690486,-0.10174780885878561,4.4991700365431632e-14
6502,0.93667532519653585,0.89721646340912797,-0.11887972637285384,4.7834642170777853e-14
6503,0.94117875151022146,0.90747106756044893,-0.10090318157139426,3.1704214906084385e-14
6504,0.92892895732346215,0.90529175708447174,-0.12416231755492482,3.3583657522076072e-14
6505,0.95401619971296225,0.90994928201397562,-0.077181901713070045,2.2323635240899669e-14
6506,0.94423734855197772,0.91818260066690327,-0.085728984643618819,3.6196068628311657e-14
6507,0.92120380224576481,0.91477942698656545,-0.12498343978891858,3.53192458299216e-14
6508,0.91849322940396749,0.90250488815537966,-0.14563801106586344,3.4225309053727166e-14
6509,0.94505856790008713,0.92930261369424627,-0.073790928778386763,2.9067490015136392e-14
6510,0.92649442959318928,0.9281892181909609,-0.09983516068885348,1.7327859877192864e-14
6511,0.95571586660216756,0.93503670265612626,-0.055078897365937525,2.603228524500287e-14
6512,0.96550224178801303,0.92776552967512316,-0.047520497628782098,2.6403099440540307e-14
6513,0.94770357348776768,0.9443705138762607,-0.056006550985189453,3.2093415264940894e-14
6514,0.96365067886298239,0.91648314863861235,-0.057014323301058677,5.3627188192073061e-14
6515,0.97081850886025234,0.93956850886025234,-0.033932900752436317,2.491307160847798e-14
6516,0.95156022229027071,0.95848369913682319,-0.039055734859841332,1.1500551259212602e-14
6517,0.93465554684978003,0.95273641827353939,-0.059683849228727728,1.2471087616506551e-14
6518,0.97605813340691194,0.91627885097612649,-0.037730321834983968,2.7913190898922436e-14
6519,0.97872116751392624,0.90666108502785236,-0.036899861144561029,7.2227800503179526e-14
6520,1,0.921875,-1.5008096666359692e-10,-1.1326702808411507e-14
6521,0.98905231052192222,0.91469920665151894,-0.017668250532194157,8.8871319864579003e-15
6522,0.98919240603213354,0.92642449350346034,-0.015041676039711903,2.1586721788324012e-14
6523,0.98548832435606526,0.93849553555176946,-0.017295219551106154,1.7345120762159331e-14
6524,0.90495183046939576,0.88228947946962433,-0.19823785000974642,9.3664939318456107e-14
6525,0.91204514201834663,0.87310302250001259,-0.19511541584618511,1.1604330978643503e-13
6526,0.95200345989680824,0.86763424396454203,-0.1110430683460433,7.4431192771368708e-14
6527,0.95751850240133141,0.89115660727075763,-0.084024600948970268,5.8283757139058827e-14
6528,0.96949086026831588,0.89397313853865634,-0.059071502854271249,5.4179120739477559e-14
6529,0.91285245980493057,0.89449043917542748,-0.16648610737130104,7.6858559004895495e-14
6530,0.9359909910003813,0.92516959122017006,-0.090487773594715798,4.5924591510463866e-14
6531,0.92699176392908833,0.93876117368371859,-0.085126939843055152,4.6180291655129289e-14
6532,0.96359158271950363,0.95786286054583436,-0.029964243164604797,2.9080377861745994e-14
6533,0.97472084115620583,0.95925534552243596,-0.020093649268853098,1.6878305648512688e-14
6534,0.97023790932281684,0.94991377475423622,-0.029008126097502657,2.4761923168409955e-14
6535,1,0.953125,-9.3274588755776873e-11,-4.3739624633891501e-15
6536,0.98240967732913365,0.97071532267086635,-0.010144363133660418,7.8212064625340143e-15
6537,0.99160301626865111,0.94694222577461729,-0.0086761986204087135,8.3208162628907548e-15
6538,0.95221227570702593,0.97145397948547485,-0.02676803144205513,2.4552518676035559e-14
6539,0.96161412381483624,0.97703140971682545,-0.017254498142868592,2.0674195391431277e-14
6540,0.97326738323815165,0.97985761676184835,-0.010644260777016717,1.2302830091985819e-14
6541,0.96476703522819507,0.98864464524874418,-0.0079914308665893375,8.1755137959359601e-15
6542,0.984375,1,-3.1082584507752356e-11,-6.8152948562438809e-16
6543,0.97559712382476571,0.99122212382476571,-0.0042201506541868598,4.8239951429191021e-15
6544,0.94400747284035358,0.95296406869673711,-0.050916607345402598,5.5404773872839479e-14
6545,0.92575247390098359,0.96417380827824462,-0.051671726504433454,1.6319053833900124e-14
6546,0.99063983680461443,0.90543907639077115,-0.016586025750540186,4.3893806965094431e-14
6547,0.95967097326163053,0.90128044441171562,-0.073414714673788836,7.1487239515737663e-14
6548,1,0.984375,-3.2123386241472152e-11,-5.6053252317500579e-16
6549,0.93094151286883953,0.97422011334462244,-0.034734979621267002,2.0726057120903025e-14
6550,0.94213955468076982,0.97949623080961368,-0.023228530854237761,1.657315821393746e-14
6551,0.953125,1,-1.0302281306152962e-10,1.3062588593317493e-15
6552,0.9609375,1,-6.3852815930691042e-11,-6.4012592034690696e-16
6553,0.94406566316780549,0.99070886653703572,-0.010172952396390511,7.6029993179902128e-15
6554,0.921875,1,-1.4619976769872417e-10,-8.5814630378880932e-16
6555,0.933623715114971,0.98673083467651512,-0.017211885271453096,5.9027120059692644e-15
6556,0.91808144191371444,0.9724810123293649,-0.04386526354759835,1.8788135927642667e-14
6557,0.90956552060826745,0.98324284289643815,-0.029533135090410556,3.040284780249107e-15
6558,0.91895680703304827,0.95495650439434254,-0.07031211145911738,2.0931705785445558e-14
6559,0.90820522662174641,0.95295440463279291,-0.082894261872573635,2.8566838065707159e-14
6560,0.89997279414504094,0.96106067528883388,-0.074830834455345829,7.0995091580835092e-15
6561,0.90364330208094457,0.97162625917298728,-0.052844740325576782,1.0334880783765347e-14
6562,0.89255960127173528,0.96943616111019282,-0.063252983560418502,2.5805341824808616e-15
6563,0.99194030043516024,0.97631530043516024,-0.0037435658189321646,6.5156291085146214e-15
6564,0.9296875,1,-1.4879188851745205e-10,-1.1478006023184428e-15
6565,0.91683150030165106,0.99080512631150996,-0.014971257516068153,5.9542762139127092e-15
6566,0.890625,1,-2.0546986752197919e-10,-5.1206692467031059e-16
6567,0.92593106081893828,0.99166726626022805,-0.012028115706331485,4.6821133648196073e-15
6568,0.90080895023254848,0.99021687227910526,-0.01891158868538809,3.7189206011282383e-15
6569,0.76002299455370192,0.95359419065573536,-0.19678300273539706,1.9421047499070345e-14
6570,0.75410424933807141,0.9447758962139523,-0.2374211576936516,1.083591497421755e-13
6571,0.76517528192415762,0.96407902115422783,-0.15052756832933933,7.5210024853289672e-14
6572,0.75975293261831123,0.97343185013257594,-0.11372061708076159,6.8759387211624905e-14
6573,0.76843382606816535,0.94961366280068693,-0.20702705129641499,1.3838566351152024e-13
6574,0.8463809669643747,0.70238264157417429,-0.44344692571366251,-3.7216721992322757e-14
6575,0.84039341203254592,0.69382322143445474,-0.45103142698068582,-7.715591277964619e-14
6576,0.85447527294323022,0.68598581939721326,-0.40621219339525177,-4.8686861158514631e-15
6577,0.85283491406639245,0.69537234655874514,-0.41991533254777441,-3.1436371081935347e-14
6578,0.82485342409166273,0.6879783086079525,-0.483830760053028,-5.3161679343005997e-14
6579,0.81028777548379294,0.68315095733750508,-0.51272658878448385,-1.9462680389057802e-14
6580,0.82781383941227826,0.67376694098703516,-0.4571190570093131,-3.2708570487375981e-14
6581,0.80465838393715361,0.69270690238615984,-0.53891846430525647,-5.9857478567705413e-14
6582,0.79597682799095348,0.68443566708996884,-0.54786861126730069,-3.2010051905015894e-14
6583,0.800270564845179,0.67080888287332729,-0.51603214225645699,-2.9853782879893221e-14
6584,0.81959112387728683,0.67946807147482802,-0.48495331880948861,-8.8208877249674341e-14
6585,0.82581806891681031,0.65927236143740031,-0.43809959491314238,-2.8391273777962531e-14
6586,0.84173455952328025,0.66926255559250958,-0.41680325066885515,-1.4750923461245591e-14
6587,0.79065069884416539,0.66638917971908063,-0.52883974656805965,-5.5608337891721885e-14
6588,0.80581656686557845,0.66103687965879465,-0.48559599609843906,-5.418605477043161e-14
6589,0.80505250901897329,0.64767411318007495,-0.46015162212216815,-2.7162034560689314e-14
6590,0.82983242063785922,0.64791558423490625,-0.40814978835925986,-1.0018283333900121e-13
6591,0.83288741226567109,0.66568366718789995,-0.43242254715979522,-1.3767045366485411e-13
6592,0.85485998611498359,0.66007061547644441,-0.37192326396585224,-1.1390649137607416e-14
6593,0.84753968746531161,0.67805481023891301,-0.41433279427308373,-8.4324897594749496e-14
6594,0.79394273792013215,0.64572032769090704,-0.47812413319363234,-8.6355568385842433e-14
6595,0.78354011251455835,0.65272857421216013,-0.51499497278359707,-6.1308302910231594e-14
6596,0.81008027730246224,0.6389734575048488,-0.43049028919470772,-5.8045057146772358e-14
6597,0.83920626836071655,0.6419056491172096,-0.37656094376775046,-1.2082528236634676e-13
6598,0.8459388793215149,0.66129896995643145,-0.39488035163885488,-1.3616754733541397e-13
6599,0.72007502315831773,0.12862106406585044,0.55701681416794813,3.0605938567619892e-14
6600,0.72356053372455076,0.1374614672110126,0.58023881030862812,2.0371921485680537e-13
6601,0.71352587701539172,0.12009310562650892,0.53654890105414765,2.4188654568666724e-14
6602,0.72436040864535423,0.11125651871217292,0.49025133849475672,-2.1797660270789898e-14
6603,0.72729447815507753,0.12119168242865923,0.52151344072476113,-4.7148253516013462e-14
6604,0.71865489691256335,0.098722253130059931,0.44944451845201711,-4.9645805996370047e-14
6605,0.73432799775598145,0.10676200590236709,0.46052052105633995,-6.3037339886208381e-14
6606,0.73243374175867759,0.096731522320723504,0.42535632079166658,-7.5179225557514427e-14
6607,0.70198846053718611,0.094944272900097396,0.45224086519746748,-2.8211508878687894e-16
6608,0.7132287655109687,0.085600571581812585,0.40169504471611267,-4.6990792409239599e-14
6609,0.70949003905508068,0.10050201425256179,0.46688772112269428,-1.7133956881776303e-13
6610,0.71505089958775137,0.073342737579953646,0.34698579270746249,-1.1228363004870198e-13
6611,0.72798776221264272,0.069873171617274021,0.32068173662226107,-6.917415164657433e-14
6612,0.70359924130811768,0.085449220031734802,0.41024894364421721,-1.6017719368470812e-13
6613,0.69293984633731165,0.081382840767801654,0.402154353480771,-9.2710036366782579e-14
6614,0.74185754186967212,0.076759315257256475,0.33638383660775717,-2.0278824561322715e-14
6615,0.73995295349277412,0.088070036745548863,0.38316946345594038,-5.68997000593396e-14
6616,0.72343103571595568,0.078736068848879473,0.36248180866162361,-1.0236847288237383e-13
6617,0.74844320853531454,0.067391982103232703,0.29187370068234225,-4.4640121329190573e-14
6618,0.75503618916723259,0.075068033271354348,0.31608237336760514,-9.8169378070931913e-15
6619,0.69784230670965552,0.11567961524508921,0.5402721144508561,6.0093603400128364e-14
6620,0.68508532431682678,0.11192223982667864,0.54044901123174782,5.588203547287315e-14
6621,0.67841789318829371,0.11939280980605045,0.57733180620612123,2.1330429537657887e-13
6622,0.67845468113042362,0.10412847910268484,0.51546077555967662,4.9648661108392666e-14
6623,0.69429511651227216,0.1041881385618412,0.49902533832357521,-4.9610764058217585e-14
6624,0.7890625,0.012319848771728063,0.047651723635890507,1.3958106917670686e-14
6625,0.79986091776593959,0.010530518673917993,0.038792559063053282,6.2516587097887425e-14
6626,0.77864323668048352,0.021387607454440412,0.085799402829641769,1.6579689097773534e-14
6627,0.78017578196018877,0.035609594795885713,0.14132979962961695,9.0097563901399871e-15
6628,0.765625,0,4.2133132552731874e-10,3.272159010024738e-15
6629,0.79161702747321161,0.03852716087959563,0.14587097613042171,5.8302724698239092e-14
6630,0.79369931963005702,0.048915930983703074,0.18275634989294734,5.9695983461063979e-14
6631,0.78145789970599167,0.049290106121733193,0.1932014724847757,1.4195741639348128e-14
6632,0.77223384095254999,0.057775337147388618,0.23296401356913565,1.6957247678932445e-14
6633,0.76775915064471489,0.032945956578443306,0.13694427198194736,4.0100164213816706e-16
6634,0.75797730117667184,0.040989168412366245,0.17540666832619506,-2.4775378933800391e-14
6635,0.76076146657593202,0.051510968566229456,0.21715605280382813,-1.8242402508870974e-14
6636,0.74879375615953503,0.054683485936844939,0.23913757574312269,-3.2951899789647399e-14
6637,0.75480379442685919,0.029404436256558333,0.12787637322772105,-4.4325929276945884e-14
6638,0.77235670902220754,0.010558316941852879,0.043469882422129832,-8.1192776555327881e-16
6639,0.1328125,0.98621074479922632,-0.034978668644758522,-2.9189759446160132e-14
6640,0.012491225609662541,0.1015625,0.023293881893114127,6.2022816749939362e-16
6641,0.01018423576073847,0.091358876824495006,0.017250095972315003,-2.2917879165311637e-15
6642,0,0.078125,1.4620238577462923e-10,-1.7261520756502628e-16
6643,0.021589358261215434,0.098623717973375935,0.039319087615026324,-2.215788827366538e-15
6644,0.012853971665115687,0.11603470218347842,0.026913767174865069,2.1078332077410065e-15
6645,0.024413255709391353,0.12261076189267657,0.053421347580188933,3.7414444763913758e-15
6646,0.023112069189271951,0.13278231995570094,0.053706893068738382,2.2691697264510637e-14
6647,0,0.140625,2.4323007549963169e-10,-8.8752900410150824e-15
6648,0.011123680471913693,0.13017517277294305,0.025555781451830566,1.5850345832469367e-14
6649,0,0.1171875,2.0787103473194089e-10,1.0988869817936348e-15
6650,0.11214723994728393,0.054678534810424451,0.11623102183673009,1.8285745255325847e-14
6651,0.10884490757396695,0.044353696049528282,0.092437872694342921,5.4219075622042993e-14
6652,0.12233446034689172,0.053304977382232485,0.12322646753897314,3.4869235895629328e-14
6653,0.053648886925366658,0.10541271030882682,0.10312944742261967,-4.0438416491690209e-14
6654,0.16140965137102747,0.27185120019609971,0.48107525839992432,4.1351760831575218e-13
6655,0.013316761124751469,0.2265625,0.041360053897725048,7.2816716710798752e-15
6656,0,0.2265625,3.1130133321964345e-10,-8.1169246012556355e-15
6657,0.0093813853190440177,0.21801476470257747,0.028846747568014301,1.2515119092012837e-13
6658,0.013533380685704043,0.2421875,0.042474561087628107,1.9604843740833272e-14
6659,0.0089861505303105993,0.23443653964689395,0.028090779425521271,1.9625914614023107e-13
6660,0.1484375,0.0085391093723368103,0.024123745897779339,4.8269887823154931e-15
6661,0.16041109807120568,0.011650436468813447,0.035443908572328063,8.0912180010340422e-15
6662,0.13694233752065554,0.016114676607596669,0.042125185340176188,1.0624075122894185e-14
6663,0.12524984867954977,0.018247737440064783,0.043680690353760314,1.931816486801209e-14
6664,0.109375,0,2.0727502403363495e-10,-3.7013058823564807e-15
6665,0.12961497738287911,0.0090623907517301417,0.022487128508337527,6.1765886338204564e-15
6666,0.010823542290990983,0.59823328919689067,-0.019691653084281165,-9.7778905833000417e-15
6667,0.4765625,0.98945209783177501,-0.066037082490335838,-1.2353505023340481e-15
6668,0.47916918841594469,0.979059251982902,-0.13088777697557061,-2.6774304682164335e-14
6669,0.47373819047895899,0.96784601341039911,-0.19998256394320577,-2.0229382276149848e-14
6670,0.48994241772991609,0.98770920064031953,-0.077114955266380167,-6.2098075247958943e-15
6671,0.47560959936261216,0.95794186602856946,-0.26041895498147616,-6.8807988395350361e-14
6672,0.4957564264813108,0.98042203247560933,-0.12265321014537581,-7.0267034962208082e-14
6673,0.50117175103109046,0.96719718055861736,-0.2046492452783151,-1.5601294282757433e-14
6674,0.50421579163433772,0.95795947127038383,-0.26099715648672811,-1.8736217399841086e-13
6675,0.50930297531455493,0.97239164347579021,-0.1724959928447537,-1.610919529144074e-13
6676,0.49102686100178838,0.96382145442470302,-0.22530904287012873,-1.1019632426581408e-13
6677,0.453125,1,-6.2298406051638533e-10,-2.3675584808147865e-15
6678,0.6485947811742826,0.14914459640612809,0.71970092216054005,6.1897944532746194e-13
6679,0.16479209627523314,0.93411482714099847,-0.19913888682492756,-1.622263798424819e-13
6680,0.17404660385685294,0.93427100282925446,-0.20862559894430494,-4.274357979399818e-13
6681,0.16426743451178774,0.94614436342762587,-0.16377932097578399,-1.9434340683707991e-13
6682,0.15437081884875545,0.93968651828766647,-0.17240212046346678,-2.2739481376881767e-13
6683,0.15474020910937758,0.94993260933563295,-0.14466289614765798,-2.6244232734144895e-13
6684,0.0390625,0.984375,-0.011974705829999644,2.8396509834462798e-15
6685,0.014096475113765642,0.9296875,-0.018924972832721747,5.0073758676694655e-15
6686,0.7159364384446838,0.26173523266097914,0.77630813652846231,2.59709973611739e-14
6687,0.72549659450704995,0.2536950188373554,0.75931572748821197,-1.2457590376810998e-14
6688,0.7379863096651148,0.25342588151642692,0.73309892308468805,-6.6050140590618702e-14
6689,0.74691582025030789,0.26196198092874262,0.71178043543154057,-1.805029051978042e-13
6690,0.73710796808076062,0.26940418211602979,0.72992032833585174,-8.7710798714274025e-14
6691,0.73711139870642595,0.28513068881954901,0.71749031990101553,-3.6953786231498878e-14
6692,0.0079304503400537303,0.9140625,-0.01282436962545864,2.6657469957365136e-14
6693,0.013784963366853116,0.90018825689635085,-0.025401897775196615,7.918211546774942e-15
6694,0,0.890625,-1.9327183203934125e-10,-5.3528293025139727e-15
6695,0.025002424380983747,0.89662806345669877,-0.047404329664624469,4.7286479862920608e-14
6696,0.032387366559213288,0.88602365742932276,-0.066775222594936331,6.9215704420668658e-14
6697,0.026287162555446823,0.90691818857071338,-0.045541443256363924,5.9482283717344885e-14
6698,0.035489211081820266,0.91319070020631266,-0.057657040472884599,7.2434740562913136e-14
6699,0.044741503290351481,0.88567432042661953,-0.092131643810965433,1.2149467618716649e-13
6700,0.046285108051917052,0.90758025153190769,-0.079461202807427231,6.2941591667190551e-14
6701,0.051720194276037565,0.87483556708968624,-0.11446295631518556,1.2284292426741848e-13
6702,0.046662159872456137,0.91869307233293029,-0.071463182399192027,1.1031064367314952e-13
6703,0.045023117332483042,0.89666182717497767,-0.085283525701875668,1.2336162423437555e-13
6704,0.057130226856453865,0.90142536903205028,-0.10359394687635036,1.6535174149493035e-13
6705,0.056542378622993501,0.92644487165255618,-0.078785267798028261,7.4135310023507625e-14
6706,0.067403901284817047,0.92029240347442687,-0.10086309094861136,8.2150048176685746e-14
6707,0.046369452899670038,0.93905992169974339,-0.054220031428549288,1.2042532432387424e-14
6708,0.066284281482096155,0.91000083445825797,-0.11077020334574408,1.7684446196470987e-13
6709,0.072778794721721066,0.93112673234499255,-0.095125467030956923,8.6609703604668049e-14
6710,0.046651990187695433,0.92887845421391813,-0.063143407854568387,1.5257613710285025e-13
6711,0.085368927321816251,0.93273968201178037,-0.10856526129234557,-6.5811315654855189e-15
6712,0.073841833263464815,0.94431664374823265,-0.07869582095614075,-7.5584320273944599e-15
6713,0.09168263690676734,0.92263902617415816,-0.13267095547367314,1.401321482662807e-14
6714,0.097297101401073713,0.93756115728591993,-0.1150585074572105,-3.6178134004070685e-14
6715,0.086915665304800091,0.91170497869550893,-0.14203339432301371,8.8002655019437645e-14
6716,0.11042623182148199,0.93697567490973077,-0.13110789750276111,-4.2447266203369331e-14
6717,0.099834174271595424,0.95157848956592284,-0.092456715140202969,-3.371877987432222e-14
6718,0.076548196804907015,0.91147974475634708,-0.12573049633663738,1.3247252339994483e-13
6719,0.081997770290313493,0.90292777573358329,-0.14601636734444551,2.0227360478218074e-13
6720,0.079307980985531129,0.88726181221550426,-0.16033463898280284,3.0710176860621047e-14
6721,0.1013777258217548,0.91171212726850914,-0.16496961584096351,6.6027266941324794e-14
6722,0.01022253957025572,0.89060651416943459,-0.020488103051087336,3.2479696382200239e-14
6723,0,0.8984375,-1.9433053236310609e-10,7.4495800504750554e-16
6724,0.079594103746937234,0.95590036851361504,-0.067565654642845349,-3.9954964178016566e-14
6725,0.088008336261185149,0.96337116860570937,-0.062226942486259464,-7.4164178297827128e-14
6726,0.064073598333827766,0.96063469999894047,-0.049000801898167044,1.2677400479029042e-15
6727,0.070314947994924007,0.95328813156508518,-0.063487814547508237,-8.0192195555760547e-14
6728,0.11912828047044513,0.94284219426787141,-0.12845064198268627,-2.2855366973756693e-13
6729,0.10729155667953344,0.95765576291645527,-0.086977105951610803,-2.0892562821744258e-13
6730,0.10634849692631317,0.89773160632314974,-0.19650610594053655,5.5157322540713731e-14
6731,0.11182401504013853,0.91774973496810486,-0.16996641018659062,-1.7365215065411005e-14
6732,0.12366128683880113,0.92085898356631934,-0.18067063541633066,-9.4867378586337802e-14
6733,0.13582204595863528,0.91094902244670228,-0.2195367476187095,-7.3054823119727538e-14
6734,0.1364158201285785,0.92770185440675268,-0.18234044760821799,-1.4225671287013355e-13
6735,0.090634962456429755,0.9541792957897558,-0.07977466954274072,-1.7436593990171103e-13
6736,0.096273104850901625,0.88612230156116456,-0.19542077338569172,3.5339635157919818e-14
6737,0.11843106204787412,0.89714696539237571,-0.21898918711407092,2.7155374673822627e-14
6738,0.12883779655085562,0.88761439289138278,-0.25548624956469312,-1.8571332472414717e-14
6739,0.1103432539794478,0.90702588005415519,-0.1873642963646529,6.947929966737923e-15
6740,0.11439586541329702,0.92760049764343866,-0.15444474831238986,-1.9921010830186319e-13
6741,0.13263059291980905,0.91944907640426032,-0.19617411939314278,-3.1703629489869564e-13
6742,0.1442624147573893,0.91896722867011238,-0.21336970262535657,-3.1907099480096673e-13
6743,0.14690797629911842,0.93074481914358753,-0.18764997919194659,-4.0181479060710835e-13
6744,0.088126617965839593,0.89169556851788745,-0.17195912638171001,3.8203613940013322e-13
6745,0.10412050243199383,0.8711508967912488,-0.23276571175200747,1.3116943417573464e-14
6746,0.10563916763743728,0.88817048506355234,-0.21047925470242171,2.1632587245188735e-13
6747,0.123981668117129,0.87195650773629574,-0.27346898444853096,-5.6970644620643594e-17
6748,0.13405365791684179,0.8703763366264875,-0.29725011467783086,-1.6871278359609544e-14
6749,0.13997958723956042,0.89021200613395401,-0.2709065392372092,-1.5330420018886632e-13
6750,0.13196596560861365,0.89939064263198798,-0.23798842774776094,-1.6986917649621503e-13
6751,0.096375207852663555,0.87663347508667033,-0.20862663372581741,3.2702615267582479e-13
6752,0.12267633766157564,0.88094332341378057,-0.25569308475396929,1.1374833035036715e-14
6753,0.9140625,0.015625,0.026022285723621585,-9.5885462122114383e-18
6754,0.91268647785156043,0.026078636074219799,0.044338076001697049,-6.7649028893662925e-14
6755,0.27434648130208139,0.8988057059812361,-0.4506267673617052,-2.3270420020017266e-16
6756,0.27149216308270441,0.889576927675647,-0.48160011744475301,-3.4951073769945677e-13
6757,0.26674669350545721,0.8754010300963766,-0.52435507477877907,-4.7377468511079344e-14
6758,0.28308417928933116,0.89357966603634043,-0.48144617962094122,-3.9876474487244403e-13
6759,0.28268387383838145,0.90776858213345424,-0.42478467344057386,-3.1592908640901383e-13
6760,0.26020035211634379,0.90479352120793988,-0.41073114888317469,-2.8127430651265217e-17
6761,0.27751887724996815,0.87326101038279613,-0.54716345453377579,-3.3536429138446782e-13
6762,0.25799184818751653,0.88026797206249852,-0.49502041208000536,-2.3575012046784612e-13
6763,0.26515804411754568,0.86564097858840316,-0.5530855616727689,-2.252044624296964e-13
6764,0.265511291424954,0.89763661741504508,-0.44412295651732103,-3.7534204869373769e-13
6765,0.26903554199347118,0.9059626097741309,-0.41660855009608211,-3.9333183477197248e-13
6766,0.2593011777390945,0.91841418720190082,-0.35682103542001226,-1.6809022557167634e-13
6767,0.2482086985149336,0.89578802989202322,-0.42823220858832622,-6.2757232788434575e-14
6768,0.2690848525495329,0.92659583415190727,-0.33306304563720618,-1.3365952246342322e-13
6769,0.25186893052727205,0.93032927403483645,-0.30150024677266818,-5.4037634744445151e-14
6770,0.25297988820446377,0.88821898082547768,-0.46098222821511359,-3.0351443428911223e-13
6771,0.24915451942068934,0.90701533051904581,-0.38896058883200224,-2.3407622936340811e-13
6772,0.23885381154017393,0.90958767965118847,-0.36685253616455987,-1.4946307607744933e-13
6773,0.23491795035282173,0.91980427105081786,-0.32479000781706924,-9.0668566455447707e-14
6774,0.2325050648569594,0.93083877946660365,-0.28080693576338717,-9.5625026481452922e-14
6775,0.22629325946538711,0.93924692469867621,-0.24320964839077022,-7.9259386987122771e-14
6776,0.23697315946764769,0.88845359817683944,-0.43702055666207817,-1.6421279797908567e-13
6777,0.26103665576200813,0.93104378146722366,-0.30687367808927024,-1.4279031269602097e-13
6778,0.22902833848947154,0.91180895099120673,-0.3466836095273817,-1.8476084080110634e-13
6779,0.24210087018061321,0.92731073178805712,-0.3038834633249034,-1.56493927122601e-13
6780,0.33787517610767881,0.91630343458087704,-0.43825638639505177,-2.0282679430960121e-13
6781,0.34234650298764552,0.92559742678386459,-0.39650053194788781,-3.055646172879356e-13
6782,0.35374622477685352,0.92959469064957401,-0.38369188119344466,-1.3250102153082347e-13
6783,0.3637774150640562,0.91948297501529885,-0.44093232231724117,-4.5690496543391813e-14
6784,0.35116952798694206,0.94123995360404478,-0.32211852371151006,-3.211984064944276e-13
6785,0.36066385295753445,0.95215667346815891,-0.26823581854236606,-1.0200762271322487e-13
6786,0.35729228930916479,0.91183175361745772,-0.47406923823273989,-1.4516652136281744e-13
6787,0.37499970582173114,0.91321821614555554,-0.47912390717743991,-8.6096852015323319e-14
6788,0.38354298260955155,0.91739307186572805,-0.46315158276360763,-9.2907855003382124e-14
6789,0.36195640583854188,0.96589163210231588,-0.19297942523078096,-1.0215480103283157e-13
6790,0.35285888323689496,0.97347420118283745,-0.14850524545295582,-2.0584555006144003e-13
6791,0.359375,1,-5.7001063399878391e-10,6.2569298414612902e-14
6792,0.3511049243007005,0.98769877831262209,-0.06889945470392525,-2.7471596613621156e-14
6793,0.3526911460387111,0.95983525765050781,-0.22340898223902902,-3.6655109474485873e-13
6794,0.36121400473805454,0.98983305763357721,-0.057828478874440106,-1.5398661434249561e-13
6795,0.34201630877741263,0.99061405006163616,-0.051799822955736735,-2.4427395898116811e-13
6796,0.34609873321180723,0.97986106645553339,-0.11173982262044399,-3.4040036280590219e-13
6797,0.37435229625918354,0.93656074574030024,-0.35818013669028992,-1.3595794260521236e-13
6798,0.36759071926329939,0.92893467373784955,-0.39488122667317022,-2.012443907365783e-13
6799,0.37397135519619007,0.94755728351644553,-0.2985246091413421,-2.035386165460603e-13
6800,0.32336097899386257,0.90989586793838473,-0.45586186265243678,-2.5374811260129189e-13
6801,0.31418850312803237,0.91506488347337445,-0.42442314394913661,-2.5758250045145662e-13
6802,0.2578125,0.98934338909918773,-0.048413647786411246,-2.0003669889500468e-14
6803,0.25742350898591415,0.97926134765122286,-0.094009822604890436,-5.9093870054083648e-14
6804,0.2503779059118576,0.96881681475195469,-0.1377934594095557,-2.646666430359472e-14
6805,0.23825913525845702,0.97244352139087198,-0.11726047506004711,-6.0016754762514993e-14
6806,0.24459877154006529,0.9609519146223372,-0.16873224286352276,-4.5309432071739622e-14
6807,0.421875,1,-6.0883116818371599e-10,8.5284676894930582e-15
6808,0.4140625,0.99093790451497432,-0.054823535518266256,-3.3014603141829795e-14
6809,0.40094519068272649,0.9875280294284231,-0.074506939929169139,-2.1621095119947514e-14
6810,0.42384305287497437,0.99040467200502547,-0.0586030933787276,-3.3992592247008741e-14
6811,0.390625,1,-5.8937821815264949e-10,2.8698347237210505e-15
6812,0.39047645851292506,0.98937127308445805,-0.062823232988676633,-6.7029865164808894e-14
6813,0.37694781579576625,0.98386680247556169,-0.093761676377785957,-4.3071907617412877e-14
6814,0.37358204397712613,0.97143482595291963,-0.16458532061801809,-1.6280459111261686e-13
6815,0.3864068959289349,0.96505242158335969,-0.20409819972620483,-6.4764849593889753e-14
6816,0.3828125,1,-5.9140256845822045e-10,6.528336347436825e-15
6817,0.38270401983670083,0.97368821394168714,-0.15346419782379697,-1.6909276029133562e-13
6818,0.38384011356912667,0.954303559959644,-0.2645317350747215,-1.9972425797677266e-13
6819,0.3996887422509679,0.96845500175915389,-0.18717885306009038,-1.0600706924260669e-13
6820,0.41023085979001445,0.96074423935211473,-0.2344782536959841,-5.0723924204645909e-14
6821,0.40798966172367868,0.95079916469738146,-0.29149391746504688,-2.124832924102694e-13
6822,0.40904770039175015,0.9701885770536669,-0.17863922013020353,-1.0081743777188672e-13
6823,0.40266822343751718,0.97783662497103652,-0.13234915063497638,-1.1569652851134683e-13
6824,0.41785315777159893,0.96757475492404521,-0.19561935401739278,-1.6886170932871134e-13
6825,0.38871842276869223,0.93213700487941131,-0.38868545686563666,-1.4168620391828663e-13
6826,0.39857261859661219,0.93634261402814467,-0.36966731953134985,-1.4203227246854978e-13
6827,0.0546875,0.98958333333333337,-0.01129609947256705,6.9234873624402526e-15
6828,0.061197916666666657,0.98307291666666674,-0.020324345497557378,3.6991574032911141e-14
6829,0.045572916666666664,0.99088541666666663,-0.0080705236132053732,5.1747306032774614e-14
6830,0.51334828381810227,0.98885046740295413,-0.069940114037705198,-8.6367422599307057e-14
6831,0.52065923876100995,0.94749995945604815,-0.32327079216022375,-2.6897529392901467e-13
6832,0.53538573648233567,0.89217646998195521,-0.62269452878188425,-5.5457226168518643e-13
6833,0.55539723580958289,0.89558842618907164,-0.60043206862997367,-1.9041637048949336e-13
6834,0.55229859126970005,0.88433459119829416,-0.65549500284948725,-1.1071362529989808e-13
6835,0.50734879586684944,0.90725695823748809,-0.55004419166309704,-7.0381692314948889e-13
6836,0.45292909237973245,0.86406245875337861,-0.74559043826830207,-2.5036852764284441e-13
6837,0.63330040877338512,0.91447372260757265,-0.46762006529052819,1.212138728329289e-13
6838,0.63986876193935738,0.90783474809611242,-0.49521321461985007,2.1588653134428021e-13
6839,0.42231814577820842,0.94546790076152287,-0.32607699641926435,-8.0354527433588566e-14
6840,0.43101454983073711,0.94318489982309717,-0.34122719445404393,-2.7241888647000048e-13
6841,0.41703619268902103,0.95319243571376244,-0.2800779923988565,-2.4118232438715748e-13
6842,0.3436956792206895,0.88609030867264316,-0.57860906535567558,-1.1310380939771886e-13
6843,0.34828573767613258,0.89988259094846068,-0.52273707398161007,-1.8318727956274494e-14
6844,0.35791074280357832,0.89851463541011334,-0.53678914065529881,-1.4061229831947385e-13
6845,0.34505207626953882,0.90934298903750088,-0.4766197167073159,-2.3216812214739368e-13
6846,0.33917457132417156,0.89613755628186698,-0.5311809893927889,-2.7773732836891812e-13
6847,0.42594565779632404,0.81033734845005956,-0.90380494784526166,-6.2534697297967772e-13
6848,0.43306012890740342,0.81802697663770585,-0.88960978790508327,-4.6160272271051758e-13
6849,0.41552145372107485,0.80805257672493724,-0.90125669975885825,-6.8695108013715918e-13
6850,0.41967626316049406,0.78657892724700806,-0.94304488677533882,-3.0766452602172937e-13
6851,0.42793282720486192,0.78144486026721738,-0.9552539924940231,-5.3446953299893525e-13
6852,0.42840697223063967,0.79215270339043942,-0.94064985284178593,-6.9299307760307652e-13
6853,0.39635202494494082,0.791571456733142,-0.91525082429922611,-3.0760968397194626e-13
6854,0.33812530634903265,0.78182770697797577,-0.8559407896401916,-4.908000703316244e-14
6855,0.34857623773483082,0.77809393270425231,-0.87502496228922488,-3.7358464334151884e-14
6856,0.34353583537522503,0.79233478831968907,-0.85069324450461781,-8.0413129268820004e-15
6857,0.35236811735040757,0.76783841198074443,-0.88850652052871115,-1.2865585442851367e-13
6858,0.21205736255574131,0.78864413806998879,-0.59981648647378838,7.5038959021207566e-14
6859,0.22857006224838877,0.7563327103377403,-0.65730292587622219,1.1899640823185353e-13
6860,0.23943562553872869,0.75018531822069612,-0.68316374331355989,9.8379827053164876e-14
6861,0.21490463195215365,0.88782917950440021,-0.40491224773580514,-1.7298886658041724e-13
6862,0.22485317952789999,0.89297275040983359,-0.40427442993673629,-1.7706224352772875e-13
6863,0.15338500474750144,0.86144276985843538,-0.35436801483187397,2.0620884922499282e-15
6864,0.38088936591922806,0.71199794595159061,-0.90421622170336047,-5.285891052188856e-14
6865,0.40982789977094469,0.70147589488887674,-0.91567853078336992,-2.6551485390758995e-14
6866,0.17723012097881005,0.74502905288407062,-0.52802943568855409,1.34773488544056e-13
6867,0.4284697485812109,0.69057808195020742,-0.90754368131789365,-1.1710133320150979e-13
6868,0.40534240977345976,0.56930560255370477,-0.40329331658134643,2.248073961031012e-14
6869,0.4680222785288628,0.54513710734617771,-0.27838117549216918,-2.9942892273494175e-14
6870,0.14558615971029559,0.655564736478776,-0.36600035842304374,1.1315614347076517e-13
6871,0.16660262126543898,0.65938296842518118,-0.42097599906566868,1.6187399689580819e-13
6872,0.52918027763172992,0.59120275248383991,-0.53982438776393304,-6.8149876191153875e-15
6873,0.24597721477550621,0.69404227570052013,-0.65534801527249054,4.0093936919019547e-14
6874,0.15001908534453179,0.62634987524823627,-0.32363789276130212,1.7136330009280882e-13
6875,0.56166287715938301,0.55797723326484572,-0.34957500031678518,-8.4643981660674229e-14
6876,0.57993781606823058,0.55580189389221579,-0.33262252580728657,-8.3436771886710798e-14
6877,0.579180226685162,0.54559916710273204,-0.27387562322824388,-5.3594295249597956e-14
6878,0.57785110016682817,0.69067591449990984,-0.90342526977052096,2.4287007753979757e-16
6879,0.062392776264365506,0.64072918479245522,-0.15066200304964444,-2.2978492149936499e-14
6880,0.29931102759291822,0.58802458902644528,-0.42432996829518044,4.348486507705464e-13
6881,0.63474413182303402,0.61275294481041631,-0.59302563049408463,4.326745914616866e-14
6882,0.63100988140995751,0.6213153723354381,-0.6327396865904994,3.2478666548351305e-14
6883,0.32557037129051064,0.57458997035372683,-0.38558526120832853,1.630782109509512e-13
6884,0.4313539179985551,0.5118364839584858,-0.072566478662061187,-1.1027218633282833e-13
6885,0,0.703125,-3.0082492305869811e-10,5.4333505547454335e-15
6886,0.012030156511860353,0.68233902663599977,-0.034390089311645063,-1.945293875334036e-14
6887,0,0.671875,-2.754452030702763e-10,3.0290744247753692e-15
6888,0.0099477763858678674,0.67258571614791385,-0.027638436302628064,-1.4622915096351551e-14
6889,0.014171567960698087,0.66173137975948648,-0.037819168756252741,-1.5609106305405628e-14
6890,0,0.6640625,-2.7264262391274032e-10,1.3499630905431692e-15
6891,0.3037012476962978,0.62404574700213478,-0.57322975878710092,1.2401362590095409e-13
6892,0.33787676819980123,0.53499119770719172,-0.190414634170254,1.3167745241761923e-13
6893,0.5218062547697514,0.48225835835939784,0.11099399961875168,1.9042691028851882e-14
6894,0.52957946713000614,0.46843372595878746,0.19621219561495221,3.6951642035162527e-15
6895,0.50676674897584117,0.48234024142829485,0.1107213191933384,4.1826829255789543e-14
6896,0.68708711926211741,0.53313330297802453,-0.1720354739845136,1.054867341458631e-13
6897,0.71335136796113596,0.56409270868937167,-0.30714784170741749,4.1289229126375239e-14
6898,0.27176470496952931,0.60654053138056629,-0.46758468199454545,3.9088654328710181e-13
6899,0.50070862034892938,0.52997630268328977,-0.18721001600732873,1.2590553015848518e-14
6900,0.50896476381192846,0.54081875615482566,-0.25354794433414829,-9.11917705818795e-15
6901,0.49770377635485163,0.54058789823891396,-0.25225331467412476,-4.4455006548319959e-14
6902,0.5079193475037973,0.55070617688856882,-0.31313536203988324,-6.4800095127346839e-14
6903,0.66140324996129796,0.51763389253980152,-0.096639982160065419,1.0772043532086653e-13
6904,0.30636050877872201,0.49731122725506038,0.013817757147622085,4.0391090611059228e-14
6905,0.31376592031018963,0.50332570847754754,-0.017399493302638999,7.4559795414872217e-14
6906,0.29381063278890301,0.50466858853908181,-0.023354162852384248,2.5561757244726236e-14
6907,0.29779109703573931,0.51400752513716408,-0.070703322539145338,1.1348203638287336e-13
6908,0.27007360069026626,0.48564284422556731,0.067706715760791972,1.0313074732428882e-14
6909,0.27853755250482465,0.48908393317746596,0.052707549410133149,7.6639344889248018e-14
6910,0.26914909618360772,0.49460089030676663,0.025496224513041517,6.4985708035486699e-14
6911,0.27502423901680056,0.47710634913983213,0.10899466158779761,6.5843587922970318e-14
6912,0.71102077967730171,0.5274169149707244,-0.13499368992921257,1.0917276921122054e-14
6913,0.70529138904366273,0.534631549425862,-0.17246012055089141,4.0277765608117838e-14
6914,0.64775899850673968,0.4776595251316112,0.12508428901239488,3.0617317582211525e-13
6915,0.76906777041232999,0.63841416999002187,-0.50681426414799979,-8.1592535459741497e-14
6916,0.77296115235267326,0.64895104385242108,-0.5268613538168625,-7.1322274787766055e-14
6917,0.70225579463881815,0.50786347281929434,-0.039760178832347462,9.4694948320478583e-15
6918,0.71258838448713235,0.51497301572438603,-0.073901175043421086,-2.9842240065540417e-15
6919,0.70417817032974617,0.52023423756374254,-0.10156763458101077,1.6910197508059902e-14
6920,0.72287087940569072,0.51122416133347615,-0.053878506749986406,-4.5269890595256308e-14
6921,0.6048540069838152,0.70650808956041777,-0.91114742751894984,4.2339118054627918e-14
6922,0.72822845872457787,0.7078064252258307,-0.72743393231469922,5.3436493416098705e-14
6923,0.26546363847184179,0.38818276399100399,0.47869580657219701,-7.2897335847159674e-14
6924,0.27084485129978514,0.37366236593086183,0.53599801967867722,-1.7285946771342418e-14
6925,0.26677384353244915,0.36454174392120503,0.55901215460153664,-3.1839171695372511e-14
6926,0.27964924861168705,0.36802119536803762,0.56770727181761094,-6.3184027867664739e-15
6927,0.47666281623751094,0.5257442694574096,-0.16063554871998606,1.0927925984039578e-14
6928,0.69430166130294935,0.72006294992311659,-0.80503585260233523,1.0090763157328847e-14
6929,0.68289410915671156,0.74526860471942691,-0.83924344490342395,3.0542171081193058e-16
6930,0.67550111040323946,0.75371425587610275,-0.85132805700250869,3.422513493593265e-13
6931,0.67582613549723491,0.73847948553904941,-0.84928362088553122,4.9520994890667437e-13
6932,0.68656512345547305,0.73715728355422694,-0.83051236313487975,5.2265645850970849e-13
6933,0.69421756207008278,0.74838377690020985,-0.81932061987156402,2.9831817068419752e-13
6934,0.6955300074832933,0.75816759848049875,-0.81594871575409855,4.0014556331244624e-13
6935,0.67927023787799534,0.76196594520702599,-0.84304280095647943,3.9668240749245195e-13
6936,0.38796042404677972,0.43229820168005761,0.38729453177779355,1.0040911815418385e-14
6937,0.31234728674031198,0.35641779671836782,0.6521303548916042,1.3730275334753322e-14
6938,0.30202496649261518,0.356085632480861,0.63875055031928607,3.663105013353704e-14
6939,0.30196903620638949,0.34655005391803329,0.667475012447308,4.7623976403040422e-14
6940,0.33035216973392939,0.36505138956932998,0.64583547991891643,-1.3589457591691056e-14
6941,0.31645646322324383,0.36955131799400981,0.6126719361708366,1.2464126599244767e-14
6942,0.48811701170011823,0.5180111205082969,-0.11284152772353823,3.1391838206726172e-14
6943,0.18377616017632775,0.53308347289520897,-0.11264815391089945,6.5158974023278596e-14
6944,0.62211010278450163,0.82419797799048822,-0.82810937003184903,5.5790693626173373e-14
6945,0.22487388883718146,0.39238156831699217,0.40609493569540567,-1.2841961229466733e-13
6946,0.22327866524154227,0.38014772729181756,0.44125541420577813,-1.3452003971101592e-13
6947,0.23245522910046698,0.39807379018987238,0.39852782696285866,-1.4747915277572428e-13
6948,0.77795196953574308,0.45185255030598453,0.19141114471500739,9.6874250375231812e-14
6949,0.21340155118329829,0.581066459818668,-0.30303732143185536,3.8145656861226464e-13
6950,0.58821304904449923,0.33440646210326935,0.82981802158662343,2.7184175912341768e-13
6951,0.79781267746829465,0.47143017671427118,0.10595219587382086,3.6549059031599733e-15
6952,0.51246691747400486,0.87434164262069103,-0.70948574000411946,-9.8804755948135867e-13
6953,0.50241868577425397,0.88525948622479556,-0.6601109255788401,-8.5817397016557587e-13
6954,0.44709008020001201,0.38315128527770476,0.660818577481041,-1.7408842745861188e-13
6955,0.48456066392687591,0.36400447879476189,0.75342225639132487,-6.799258302500013e-14
6956,0.47249009790819352,0.40102270995301803,0.58026835123060394,-1.1652160438584523e-13
6957,0.48013442847811849,0.39011428740919352,0.63567459261301262,-2.0216357661506122e-14
6958,0.48350518279158639,0.40338674840147126,0.56966398330044221,-3.8044918320660642e-14
6959,0.47346858969285516,0.38378920335967642,0.66454680023998425,-1.2495995186162225e-13
6960,0.49020956349734757,0.38482532016431953,0.66155550324292045,-3.3983542162401353e-14
6961,0.49475093559787103,0.37589458006805893,0.70301301885753553,-1.0151527013033018e-14
6962,0.50249791752634865,0.38856897174679816,0.64437345611922714,1.8372702950424921e-14
6963,0.51109271146951929,0.38482147652574061,0.66157921729697744,7.1785028241626809e-14
6964,0.46348709946137501,0.4228404477322299,0.46281673568761572,-1.0489081135670139e-14
6965,0.45542359883879696,0.41784415128672803,0.48860120394333378,-2.5177971815969607e-13
6966,0.32183408699942317,0.34956003622319792,0.68685488619564405,-1.9362921146522608e-14
6967,0.17688432991900638,0.48715921338182744,0.042593347307692243,-3.7237064466187493e-14
6968,0.1675052817070124,0.48998296016008253,0.0315088008368083,-2.7121053965420549e-14
6969,0.025571318105675336,0.53534774384825956,-0.017812756441549872,-9.9411290443986664e-15
6970,0.012388383055748974,0.53577800953582289,-0.0087099696185982262,-5.0747365729046497e-15
6971,0,0.546875,-9.2424719819656015e-11,1.3437744774486287e-15
6972,0.0098147219765383157,0.52360843418370573,-0.0045479872741477712,-1.4273526172187939e-15
6973,0.018714923751076567,0.51984701155915503,-0.0072529130655787227,-2.729003104131744e-15
6974,0.010375165781199784,0.55059496619117743,-0.010142988336300281,-1.1353355541095443e-14
6975,0.018768589118817854,0.52909002465850508,-0.010733515523530938,-9.0084869143585704e-15
6976,0.3489214994558022,0.67462331377241669,-0.7916188469522798,-8.9835077542548612e-14
6977,0.57253652090623297,0.32085555469848603,0.87912356871657049,2.3216330684153469e-13
6978,0.50172845109374298,0.85083212318579993,-0.80591556409909526,-5.3458185709739685e-13
6979,0.40329564912010724,0.31011969171614684,0.88700422800671963,-2.0520664889278041e-13
6980,0.40505432533655672,0.29317538155041267,0.92075453329903922,-1.493228021328255e-13
6981,0.30460983378740292,0.24505202354813169,0.81693491883861169,-2.7252185809573763e-14
6982,0.26482639038322248,0.270252521718854,0.73316024674827363,2.1597905591542111e-13
6983,0.075002087194875333,0.59798763447989678,-0.13484845204563345,-1.1107330398284007e-14
6984,0.62108093636492112,0.27478201106674155,0.9174148321021125,5.387157015883977e-13
6985,0.63118740885243629,0.26059519326562475,0.91426411715651157,2.572058221434775e-13
6986,0.62284552982294927,0.25525355721107562,0.92560216368466808,4.0400928916396721e-13
6987,0.63616998433580663,0.25168799062414049,0.90972729663252294,3.0765271747704493e-13
6988,0.63904216783135115,0.23902283741478583,0.90381711216014449,1.3139451076376439e-13
6989,0.85326252034666183,0.63203459600693201,-0.32801495876608733,-1.7675031546976046e-13
6990,0.8199964166056829,0.63443175054498602,-0.40051198734551191,-8.3885904727275281e-14
6991,0.75699881481403675,0.33012491081905815,0.60561156429154039,-1.0436829209438816e-13
6992,0.85020303093426774,0.40963786863870016,0.24382658081379513,-8.1164078996962768e-14
6993,0.85923284908044806,0.41115984536786787,0.22666673664241671,-1.4650315898576794e-13
6994,0.4116910584848294,0.23673738920125689,0.95808825860926528,-6.5890453695347375e-14
6995,0.33245926291372446,0.21174310274362221,0.83964263627884739,-1.6875029671052445e-14
6996,0.29761188908490205,0.36908072968278238,0.58964777144602354,2.0656886634550381e-14
6997,0.27363738244709479,0.34905754907145942,0.61543390193573744,3.2227197454944653e-14
6998,0.143712753782825,0.41940604114055074,0.21156824870849844,-1.1496024264937138e-13
6999,0.13117769533733972,0.41138374646074943,0.21177327957883232,-2.0155707118162234e-14
7000,0.14012727495472529,0.41120411550186303,0.22550642800560539,-2.7494844675552861e-13
7001,0.13356711007265118,0.40180680358742121,0.23566839252816826,-2.5134923864762308e-13
7002,0.18120741824350631,0.43162091928284219,0.2245094639567721,-6.2954107630673453e-14
7003,0.89900680508678921,0.6464192171010833,-0.24819771789940642,-3.3563278220295492e-13
7004,0.88926012676644062,0.65438481457293174,-0.28125700762674782,-2.4476816017615388e-13
7005,0.89210226289881023,0.66685046498183076,-0.28813841778621474,-7.4217451295133637e-14
7006,0.88981613448985786,0.67816007030191627,-0.3053233967117745,-5.0498631315399962e-14
7007,0.87598548062981596,0.6811273995412046,-0.34477711113686649,-1.6516498014218597e-14
7008,0.87419996674704126,0.69560620817517971,-0.36272152899819371,-1.2618137720025873e-14
7009,0.86530165814126936,0.68387220112044877,-0.37566507257356635,-5.2964630772992547e-14
7010,0.87526828341874496,0.67000824799580228,-0.3346692453240554,-1.0613469076299211e-13
7011,0.86739928748575501,0.66024387395674511,-0.34199420525825402,-1.2821706141055278e-13
7012,0.8864589361586267,0.70465294672601908,-0.33517944871642447,-9.8286052787476465e-15
7013,0.87075998398873322,0.70688976351901922,-0.38055352442289031,-1.6784580332289327e-14
7014,0.86365307462193597,0.71858213192147624,-0.40727843820829324,-3.7779790519703878e-14
7015,0.85232353873634414,0.71869153293673294,-0.438903243378791,-5.8321199265944313e-14
7016,0.85790938994930366,0.71046423987539487,-0.41826536739148101,-2.0474697236254892e-14
7017,0.86538148263006487,0.69305262050863914,-0.38434915978861861,-4.1217567248596758e-15
7018,0.8956666969862308,0.69760472818782171,-0.3045950686351645,-1.5569827769102618e-14
7019,0.89827862893641486,0.68672337282960083,-0.28965390965468651,-3.2611858526587998e-14
7020,0.90739797747824946,0.69524355146870487,-0.27001816680549384,-1.4213038148183573e-14
7021,0.91753680541463034,0.69794270356420018,-0.24258613400003684,-4.1138236765860668e-15
7022,0.9293398002881188,0.69152422083793597,-0.20544870525657183,-6.5973643773193349e-16
7023,0.89038356958941356,0.71723234914979572,-0.33046396407672513,-1.7060373976149315e-14
7024,0.93018553670297222,0.70077187957037357,-0.20725324504225248,5.3873579420657296e-14
7025,0.92604990240230023,0.67957598581133882,-0.208091366604159,1.0355711700772093e-14
7026,0.94003309187598139,0.68948752988070228,-0.1739780191164349,5.1080453410401796e-14
7027,0.88548075493122191,0.72753766856401203,-0.34851372185666091,-6.3184036318216588e-14
7028,0.87293186737593031,0.73156016053855177,-0.38619732171261439,-5.7492087559815772e-14
7029,0.89444127872687806,0.70906446693054326,-0.31480767015649175,-2.3534874492472978e-14
7030,0.90214067190317748,0.71819115353872032,-0.29656059423160785,-2.0494372984094338e-14
7031,0.91303153815981009,0.71322976091462009,-0.26265370223694806,-6.1496115334852258e-16
7032,0.92199457753723169,0.71618421876559912,-0.23706899600587719,3.2144507779222936e-14
7033,0.91094946687691147,0.7230934496254523,-0.27216886772898774,-1.0918344197122368e-15
7034,0.86641416825671558,0.73840831304570276,-0.40628200137121095,-1.2977017012906511e-13
7035,0.87781790585232577,0.64214487813815391,-0.29190018739418372,-2.3771376885067734e-13
7036,0.87411916937453371,0.65158506952110729,-0.31376051535982358,-1.8290016613135626e-13
7037,0.77180826355403132,0.28532905193617275,0.64088138194615063,-1.2879907202309601e-13
7038,0.75947898323115626,0.28113063980597791,0.67260662803702065,-8.4047317427903149e-14
7039,0.74962985455678044,0.29059387301724376,0.68500117333556265,-9.4857781946350006e-14
7040,0.75735139543096297,0.27225479762480076,0.68374903511140639,-2.9882396447814417e-13
7041,0.75211742222806488,0.30136528376480898,0.6659895957286156,-9.147390114020224e-14
7042,0.7411444274745268,0.30244290020356257,0.68757293913814177,-5.6054621961679907e-14
7043,0.6117071609929986,0.85542236172464325,-0.74068543251074204,7.0255271082393651e-14
7044,0.60200972933241592,0.85505280927650718,-0.7495995242673732,2.147553049008193e-13
7045,0.29438010406144,0.16326758127874802,0.6828715539573017,-3.5750430497076785e-14
7046,0.25588869154136262,0.34811012192087221,0.58728203728625239,-1.5467607730939271e-14
7047,0.010943147272780871,0.37927994549541738,0.023640168249725639,-2.1346187390809092e-14
7048,0,0.359375,2.4578935077515998e-10,-4.2115875242216033e-15
7049,0.56217067302906654,0.23207257100541437,0.9747734892996901,-1.8394635678122659e-13
7050,0.54937916514366536,0.1596130091232166,0.8328540129691453,-1.0383433690662111e-13
7051,0.66705997502280612,0.36014710185112164,0.66619588294136023,1.8061899050187158e-13
7052,0.76252104152169808,0.25149861071678198,0.6787698776973824,-1.777873817162512e-13
7053,0.75751996785341025,0.24022649969328547,0.68879074565363418,-1.9582167146343819e-13
7054,0.7688899959265576,0.25841882386544995,0.6628866968547239,-3.0708640058379721e-13
7055,0.75550363102971785,0.23049037434586964,0.68944361304597579,-1.8014071688016685e-13
7056,0.79785553603306703,0.25036216207994966,0.5932088271867797,-1.8690667955153755e-13
7057,0.88453004159471393,0.38237819899782222,0.23911145593328151,-8.9609541497688088e-14
7058,0.88635947374335322,0.37017138252105808,0.25449214288662608,-9.0004659823670013e-14
7059,0.88843168432615238,0.39214960557987139,0.21531986719780916,-1.2538940328143722e-13
7060,0.89947763003886239,0.39658799755933577,0.18789322751384951,-4.9473537322626923e-14
7061,0.87608669555450946,0.36178041781071968,0.28976982988276867,-9.6082881634222658e-14
7062,0.90328389865793424,0.36814086960056791,0.22044193475722687,-2.8123374932691414e-14
7063,0.90766022013616132,0.38811328787234345,0.18488812740952412,-5.8311129225093784e-14
7064,0.91077014388334521,0.39775967416897795,0.16567279217865291,-1.2593805042561353e-13
7065,0.90411127117892143,0.37842525227885143,0.20520938000666294,-1.6094607332801264e-13
7066,0.91591210068725915,0.38161146409132823,0.17662885309192133,-1.2665888308330762e-13
7067,0.89507713323060578,0.40439001395564522,0.18295776539783359,-1.1887043369697839e-13
7068,0.87485295638079086,0.34918303899743131,0.31098845424910776,-5.5694876097577866e-14
7069,0.86420640082385647,0.34421715511762269,0.3434885460072728,-1.4756048111444684e-13
7070,0.86505028350251223,0.39445361648122845,0.25327250065040585,-1.2679285326469249e-13
7071,0.041312995140418224,0.3892887025816304,0.082914014595536101,-3.9327480023503127e-14
7072,0.52038513355789839,0.18135074422600456,0.90644982023713239,-1.0576073555919813e-13
7073,0.70838630659152579,0.27966797821810835,0.77916150717035815,8.5304583364597628e-14
7074,0.71559983293952023,0.27265317130491251,0.7712112972043591,1.3318374359930029e-14
7075,0.88684579800418106,0.25241963326471556,0.34790812628936524,-1.2767551932902568e-13
7076,0.88282372502269157,0.24190394313099525,0.35942344209623134,-1.6148413601449128e-13
7077,0.89207802209174991,0.24479127958621325,0.33233747631041599,-1.7135831033872531e-13
7078,0.93144071234043935,0.49021424924109219,0.01311032795642115,-8.745509534593302e-14
7079,0.40966250659192022,0.13901383411694865,0.7355610942056483,-1.4626068038650066e-15
7080,0.40743773267252592,0.12941005190190746,0.69582508970086299,-1.5800063963712572e-13
7081,0.41962959315491316,0.13914943705644323,0.74242914920424807,-1.4429336553780836e-13
7082,0.4118020522492789,0.14839982893063894,0.77237259363049049,-1.0351221657045311e-13
7083,0.39445326092786298,0.14064653525240201,0.73091942150783873,-1.8582202406253473e-14
7084,0.40253315209621332,0.14425749396161658,0.75067045147563771,-1.2877871442344329e-13
7085,0.39354549410672962,0.15071873504847921,0.76674173909341048,-8.9881947207175057e-14
7086,0.38864040981083386,0.13071979343765175,0.68751389330748902,-7.4885366099290702e-14
7087,0.37791212656758261,0.12604233368494322,0.66005462151340555,-5.1644134019526329e-14
7088,0.38836378511875996,0.11866942553895073,0.637161875975088,-5.1123197522771716e-14
7089,0.41053935333280794,0.10627197069666273,0.59479292877528234,-6.4601488032977978e-14
7090,0.17693830104639857,0.24203899150445815,0.52700502668124904,3.9605204941443881e-13
7091,0.17660948705157203,0.23227574351613464,0.52337131685245353,4.8938675935682085e-13
7092,0.17461492676427734,0.22069896407608952,0.51269657564918436,2.1651972043103064e-13
7093,0.17563600664368972,0.20837824149858258,0.50636517617159726,1.6929715411898223e-13
7094,0.18450026389205884,0.20343250411393957,0.5244451157964316,2.4832214211549063e-13
7095,0.19218238010251909,0.2345846217387903,0.56516031900179642,4.8311816225116325e-13
7096,0.13255060481378977,0.33231108339020199,0.35152593035942092,-6.5895052258629546e-14
7097,0.15142814984749303,0.31932087404498399,0.41522246922541628,-1.4209094677723436e-14
7098,0.14470370359263846,0.31103568533749626,0.4070835081504327,6.5978466303999476e-14
7099,0.13206498192830227,0.30586934764294932,0.37849312965271581,3.4361094168165515e-14
7100,0.14133459809600318,0.29997207660455022,0.40848051519630835,1.7721925745802007e-13
7101,0.12588665278535513,0.31568687386259731,0.35280754018430605,6.527575684585966e-14
7102,0.12685292859109196,0.32494728914166321,0.34576067186166126,-3.3319676153234103e-14
7103,0.12370118585329196,0.30188328112302082,0.35895728254406745,1.5675117757069951e-13
7104,0,0.328125,2.7934793704024974e-10,1.7915276651114399e-18
7105,0,0.3203125,2.7688889979680031e-10,-1.7545020287019088e-14
7106,0.011169288243256751,0.32641692746308282,0.031087392170664158,1.6675947424462977e-13
7107,0,0.3359375,2.7654930489893838e-10,-2.5978317510787041e-15
7108,0,0.296875,2.9973536307642299e-10,-3.8287342533176128e-14
7109,0.68275408141093752,0.25693625271271653,0.83855668668029015,2.537513476595874e-13
7110,0.86107047391219815,0.16052717039992034,0.35765750767179028,-1.1302574009798953e-13
7111,0.93621956802936834,0.45837484554230318,0.051502966884774043,-6.6670926672655779e-14
7112,0.9318852957059427,0.55314672053773417,-0.069539994587708376,-1.0590785127229785e-13
7113,0.98347526365411786,0.59021836964252605,-0.02777263184342417,-8.3384648344939384e-18
7114,0.690007836069364,0.9258491426784502,-0.37148673823743905,1.2677598364395992e-13
7115,0.49184889566597084,0.14489118946217353,0.78944303301643981,-5.7619753201428159e-14
7116,0.48392289655286214,0.13803890447809505,0.76155466559072227,-8.2251554401470639e-14
7117,0.47012170515917751,0.08733406896806882,0.51918958563812412,-2.3216450426845163e-14
7118,0.4643251159010815,0.077232100398026568,0.4634835150883953,-4.102830596901139e-14
7119,0.47731923248892316,0.076517361851614937,0.46133394071976108,-5.1631792658256509e-14
7120,0.45057038288426027,0.075974568376065629,0.45388233173828135,-7.1526131968517645e-15
7121,0.44160618799625595,0.067794921432576302,0.40628405993467559,-1.669031690062923e-15
7122,0.43020774699295639,0.069779401141568831,0.4144046015515862,-1.9084606352014792e-15
7123,0.43257479802868559,0.056951417046467202,0.34241922502357464,2.8602213440493093e-16
7124,0.41978946516583482,0.046162169120156832,0.27700699355211628,3.6744337189141449e-15
7125,0.40732642900481636,0.044645533149710898,0.26525582703163186,8.1042167973274556e-15
7126,0.43857626315178189,0.045745029796124881,0.27823103495357954,1.245520716176766e-14
7127,0.4238982090328382,0.054263257001700919,0.32488661746434866,2.0545829041233499e-14
7128,0.43514126330090536,0.035499872747922073,0.21667769644090151,3.8090488470416759e-14
7129,0.440413388605292,0.022926014944678236,0.14106079816385603,8.1569178820732365e-15
7130,0.43134231371387088,0.023442414231937124,0.14332997540340323,6.604940742168381e-14
7131,0.44094136097152858,0.011210800306271317,0.069174257237425429,2.1372420164389198e-14
7132,0.453125,0,6.2214862442980842e-10,-2.9683159571466357e-15
7133,0.45026326170758058,0.017500417072625538,0.10839402692216367,1.2596715325513995e-14
7134,0.45354670266005759,0.027757235286044186,0.17165344008315719,1.5187087802954707e-14
7135,0.27192452077375512,0.19382157282191739,0.70760499143406697,-1.2096756701390791e-13
7136,0.28606242089720896,0.19939727553280479,0.74348357151168176,-1.5401518543065927e-13
7137,0.16910694999006726,0.15130570647858302,0.41228796663212319,2.960361097176321e-15
7138,0.17822944549673167,0.16092508107933967,0.45009630046303317,-5.6003388724382121e-16
7139,0.18894882566714916,0.15927042073815922,0.47074687354517641,-4.7561489519642625e-14
7140,0.1868244344941592,0.16836408613058271,0.48234783384850682,9.3372075403627314e-15
7141,0.16936145865029351,0.16841899814469163,0.442073587679363,2.6955596276196309e-14
7142,0.16718545362155873,0.18409092736455263,0.45911655854120242,2.8999868868201324e-14
7143,0.17653615838349065,0.18306064187699356,0.48064246193899535,1.740471368222833e-13
7144,0.15171862344701331,0.1502522926737995,0.37166117840265728,3.7078547426764185e-15
7145,0.15227737284798507,0.15999361784441449,0.38863468988287914,3.6732941362948736e-14
7146,0.14231012217238953,0.14453387470889381,0.34079198579466713,-1.3362905352705623e-14
7147,0.15366030694456312,0.14095380242354083,0.35942605920557591,-4.0678550469133521e-15
7148,0.19749568663939601,0.12784998161515343,0.41834221382113479,-7.7552855474010796e-14
7149,0.16291804126335144,0.30076879568368908,0.4649077363042794,1.5257356905337711e-13
7150,0.16282284102502023,0.31354390169171426,0.45106959038657313,4.7810899049261633e-14
7151,0.23740895314744059,0.28338165846616525,0.66364384908574414,5.8001759928517935e-14
7152,0.24972930237435917,0.27946931206059944,0.69473552765752056,8.7569685319727786e-14
7153,0.2553543885905194,0.28780435521390652,0.69855108241756081,8.9134071446357178e-14
7154,0.10073184155627418,0.37803055845347022,0.21577801058600315,-1.9192086021138819e-13
7155,0.081841681647106562,0.37003295032890948,0.18533593913820753,-8.8425977337256433e-14
7156,0.4919433772131071,0.27813941746007276,0.98386074670340706,-2.680940317144582e-13
7157,0.4823939807117435,0.12114180581771949,0.6886952756007223,-5.1418275977849043e-14
7158,0.4690091384445681,0.10902065612403163,0.62952202421536163,-1.0958719615070553e-14
7159,0.4807380301536251,0.10167720457128061,0.59516370328956969,-2.9992535017229856e-14
7160,0.72037740417978591,0.2421452596053543,0.76877572303809616,-1.1416979967209437e-14
7161,0.83096747399260473,0.11888629219855984,0.34408337179254311,4.3588766160765894e-15
7162,0.7838918235965453,0.16652948183860306,0.54348786481072842,-5.8765184860682798e-14
7163,0.96387076793514836,0.31190267800027194,0.10477094984256212,-6.1397543558924072e-14
7164,0.98888429355304786,0.46347061971421771,0.0079795543237895974,-4.5668423847334e-15
7165,1,0.484375,4.2470241331707407e-11,-1.5331889531352714e-15
7166,0.99015666957935788,0.47513335876250634,0.0047662574859716278,-8.2409499492094485e-15
7167,1,0.4921875,3.4305919947694993e-12,-2.4136332385847201e-16
7168,0.93740378251216905,0.58491527711609181,-0.099259315854706001,-1.0797845591359748e-13
7169,0.93895719019471091,0.59646352243831013,-0.10864859399310799,-9.8944348612654767e-14
7170,0.94922448484423649,0.60350462713071407,-0.096215484842026328,-8.2435994940715521e-14
7171,0.92677712361553832,0.59908402277335515,-0.1328254803898668,-8.8155752750411542e-14
7172,0.94912001822873548,0.61661973287204885,-0.10648166677019832,-8.3753565148823411e-14
7173,0.92260084989693603,0.61249639217277962,-0.15635091754211197,-6.0837370451962409e-14
7174,0.92352149051778876,0.58995869167817216,-0.12741786112039361,-1.9102512916311049e-13
7175,0.96189854439618172,0.62431010286622834,-0.084006954640216028,-6.7628974623390634e-14
7176,0.91446243244197845,0.60547539504063108,-0.16330989790718531,-2.3145892200116179e-13
7177,0.89881887171473884,0.60191532946143322,-0.18674228532421319,-4.5741463893661699e-14
7178,0.88830936534690308,0.59819214895808936,-0.19886387453996712,-2.79898241116467e-13
7179,0.89308082686560386,0.5879549119239621,-0.17312506144905462,-2.0499998478463477e-13
7180,0.90440487623309618,0.59032764528707615,-0.1590089204482753,-2.1669453022727453e-13
7181,0.91261646517830564,0.58123595718016174,-0.13244879485053976,-1.3134786317396213e-13
7182,0.90809475020462682,0.56997868015905484,-0.12127230383950585,-1.5501762558957901e-13
7183,0.91384600901049562,0.56144984694356981,-0.10068085843193286,-1.6483201958176993e-13
7184,0.92058863550542791,0.57017966336725601,-0.10537155559018123,-1.4299548056528468e-13
7185,0.93327630568618358,0.62125677804115897,-0.14369623396175085,-1.0277629754684687e-13
7186,0.91679797988277856,0.62126884069830313,-0.17836911680226908,-2.0323239044033733e-13
7187,0.90554547036346611,0.62659198784501269,-0.20874596258051667,-2.2179264139891255e-13
7188,0.91324727444967246,0.63244106690954549,-0.19906617823151854,-2.3390863388107061e-13
7189,0.92160911324860639,0.64554404464349768,-0.193193117283187,-4.0212382978753824e-14
7190,0.91048848690620576,0.65064396175593131,-0.22512792370349927,-1.3979627737260741e-13
7191,0.919263229447984,0.65510322847655,-0.20758221396382587,-9.4230377310718712e-14
7192,0.90952317385117798,0.66134842068746147,-0.23803514321033237,-1.0194781391532978e-13
7193,0.90155531224303331,0.66645068919995143,-0.26334599984540868,-1.3325960404521387e-13
7194,0.9716661953449045,0.61563732177916786,-0.059033296391121183,-5.7073325848824322e-14
7195,0.98320025114856657,0.62312757599102475,-0.036856677939181258,-3.0546592369284421e-14
7196,0.96342447217827065,0.63474356818877264,-0.085849339764808061,-8.1404087530482089e-14
7197,0.94019730678349189,0.61551856444761754,-0.12396663204133995,-2.0136238225830641e-13
7198,0.93474988002420556,0.63391253732098263,-0.15170824760691479,-1.1790411907692755e-13
7199,0.94445023387818294,0.64182334004117136,-0.13497053964924433,-9.9539723333082851e-14
7200,0.94874346416501953,0.65405994845564486,-0.13199177062166001,-4.4915234203459855e-14
7201,0.94611045366758895,0.66645051825341317,-0.1458836539794145,8.8522831675852248e-15
7202,0.95550444229510734,0.67591690727189047,-0.12453200234411899,1.2387012919286918e-14
7203,0.93326891401667866,0.66392875803631757,-0.17831647109545187,-1.5902723579229692e-14
7204,0.9283914980312713,0.65614304547858437,-0.18538411433713298,-1.1138720346588724e-13
7205,1,0.609375,-1.9947669917690742e-10,1.1653429287892295e-14
7206,1,0.640625,-2.441790314246769e-10,1.0038974178058478e-14
7207,0.93097203352454838,0.64288317666832018,-0.16829451730916536,-1.552183311294884e-13
7208,0.94678079964886486,0.67979311584339064,-0.1504540889640853,6.1140880012270256e-14
7209,0.96788849803078758,0.67171744641862474,-0.088783610343852834,1.1410448373187301e-14
7210,0.97061581495940918,0.65908798673981583,-0.077553821270748891,4.3750062338725623e-15
7211,0.97496793640571311,0.68153047564563962,-0.071423686487520205,1.6328473973405995e-14
7212,0.96418041688292133,0.6811422444430888,-0.10194273340744449,4.9145869146695548e-14
7213,0.96216116965666221,0.65353634297033381,-0.097493261967283154,-1.6231464764859316e-14
7214,0.98020050678582804,0.66121967813250748,-0.052655109902803504,-5.3463202233411616e-15
7215,0.92690999534658924,0.67048390164427596,-0.19970619074153542,-7.4067972733419047e-14
7216,0.99156475238061281,0.61620807712577241,-0.017685765620598565,-2.3903585923612424e-14
7217,0.98714773171777337,0.63615115145762335,-0.030521949714755092,-8.8067343214217595e-15
7218,0.99118165058952135,0.62781842616021688,-0.019979685794960768,-1.7023489297051815e-14
7219,0.99076178493186096,0.64646649370902076,-0.023089458694776847,-1.2075918552676981e-14
7220,0.9789484383551692,0.64173540140499818,-0.051410438422080575,-3.3992264781451259e-14
7221,0.96904332500468915,0.64548573832035883,-0.076993887026482841,-2.6491626431851161e-14
7222,0.083199819282587115,0.34544770709099831,0.21339154346156836,-5.6040683344662345e-14
7223,0.74255467201710379,0.24178202078664207,0.72250775048383253,-1.7716245677978321e-13
7224,0.68787352495116671,0.19440660586590572,0.78055576756833756,4.0743217667653017e-13
7225,0.70743142999275022,0.19248162323032378,0.74354481837166109,1.7718006970334491e-13
7226,0.69834237663188548,0.18796741917573001,0.75107163344066419,1.8483743201646471e-13
7227,0.70476780370647896,0.18120547305165169,0.72637264094546272,2.7485488627507035e-13
7228,0.92253335263647784,0.36132784028997011,0.18438466693983621,-1.1907837616457918e-13
7229,0.93149468588570961,0.36688981790197678,0.15852860745960803,-1.0786879744546764e-13
7230,0.9116924175837936,0.36129809479171654,0.20953866703920163,-1.3280573883806474e-13
7231,0.94100221531938877,0.36226582727258372,0.14024483607257188,-9.4953776339263482e-14
7232,0.94283423950013945,0.35006384440484534,0.1444230502360079,-5.7556973585210977e-14
7233,0.95311975502609614,0.34907822596731675,0.11920529503283955,-5.1404769880581971e-14
7234,0.94872388977720046,0.34090178607810756,0.13490625853398824,-7.1598065531695311e-14
7235,1,0.4296875,1.4141482165261512e-10,1.7893000774001739e-16
7236,0.038108376126709684,0.47447038116155438,0.019143243835753308,3.1977146479478471e-14
7237,0.70849051567253774,0.16203296079206042,0.67499194711473165,3.7113641415300001e-13
7238,0.72051607732713885,0.21023412524273905,0.74542463798125025,6.135259464434074e-14
7239,0.79975174396823112,0.10522259190725645,0.36127426009959934,1.1431260860487946e-13
7240,0.89578313280962063,0.12162286905282588,0.22255605219209784,-1.2477979619478635e-13
7241,0.99117702387981788,0.3046875,0.026107560344589224,-1.7742365709669995e-14
7242,0.7109375,0.99216334078271629,-0.038826178659832414,1.3070133758791681e-14
7243,0.70052653599975456,0.98959700942577244,-0.052785686142706005,2.2498138276352275e-14
7244,0.16430179676630013,0.058172804850425849,0.17636975920407949,1.0568473467060396e-14
7245,0.16004975428936979,0.047790669601043695,0.14254962482498473,1.3499842583227729e-14
7246,0.14278613147224262,0.042400342826167628,0.11389452408432039,1.7545740661991866e-15
7247,0.13132638493862903,0.045538456794970067,0.1130827632649745,3.3650347098752348e-14
7248,0.15287244934894834,0.040437152072978495,0.1161547303143074,1.7784773037153632e-14
7249,0.14579573870794776,0.030970934949284115,0.085491091203649255,2.125053107936598e-14
7250,0.15599193557303612,0.028658355652968918,0.084414266574509025,1.2965395775594057e-14
7251,0.16707864388804633,0.026522089314794311,0.083019331438278429,7.8862580819618513e-15
7252,0.18004331340517182,0.026369838118818892,0.088356768499394542,7.8880055492339697e-15
7253,0.17313002468248334,0.035383992414310436,0.11416695737619677,1.4920062403575824e-14
7254,0.14282606205005,0.053623096684515058,0.14339687472947996,2.5633758413989403e-14
7255,0.079107150759544761,0.32906003188148769,0.21618715401421754,3.0673538490538153e-16
7256,0.61472928937923088,0.12343246133359823,0.65503316522888622,3.9576980356827654e-13
7257,0.66391168571847414,0.24681475899084804,0.86998761203257413,2.0905909320652028e-13
7258,0.65480185365180632,0.25336238856516541,0.88380262843604029,1.9321189645737045e-13
7259,0.65509699851701753,0.26534119662120492,0.87942948308514679,2.4552235307488039e-13
7260,0.64611663001594954,0.24707775556303518,0.89611088588538912,2.2448817866902134e-13
7261,0.66582626087858587,0.27101424140657693,0.85976015953029106,3.0661316206929906e-13
7262,0.64395366746901572,0.27031465112134589,0.89209422264311833,4.4920718701022865e-13
7263,0.98995490630070182,0.14491240469045386,0.024943247961743117,-1.6630901485530624e-14
7264,0.9296875,0.0094386985403447175,0.013006104584786165,-1.5664268035733987e-14
7265,0.9246094699801326,0.019438414318483557,0.028771572065580356,-6.9999128547679177e-14
7266,0.953125,0,9.006915481827721e-11,3.0782668081208442e-15
7267,0.85139385755533592,0.021770716462320483,0.061360498976737378,2.934122274984238e-14
7268,0.84508923521983381,0.011757050072008913,0.034547639034950874,1.7887407435946242e-14
7269,0.828125,0,3.2716487176845613e-10,-1.0097828671694229e-14
7270,0.83284230888508193,0.011310763597090226,0.035535770573583571,1.7664702091912468e-14
7271,0.82637005142923492,0.022162655234800648,0.072003066877696351,4.4940808576820574e-14
7272,0.83288788825110294,0.031904177788628231,0.099765933545710325,1.1713226538836624e-13
7273,0.8164311562260641,0.023110275679299568,0.078840000292486265,1.1669060949504101e-13
7274,0.80611349301129842,0.030734529259642887,0.10989881221472816,1.0387020339877211e-13
7275,0.8671875,0,2.5477603659658958e-10,2.4012252981323428e-15
7276,0.97895980531727256,0.25429759162749932,0.066030034960647493,-1.415646170657344e-14
7277,1,0.3828125,2.1244933146666072e-10,1.5524556989160773e-15
7278,0.78288758623071641,0.80973005284264066,-0.58643985296026691,4.0133666488093004e-14
7279,0.77305176454572566,0.81407873707970901,-0.60170017834116862,3.5826819925175706e-14
7280,0.73921725046114872,0.97992496765380988,-0.091885996825924313,3.7586470972875414e-14
7281,0.3984375,0.0082466030823842296,0.04916697110777464,4.5266930158966529e-15
7282,0.4134145183893746,0.014611302137066922,0.08824328093526973,1.5507913235991923e-15
7283,0.35512565774571203,0.12629618289942623,0.64028595926655318,-4.0668710117750885e-14
7284,0.5859375,0.014536438419835027,0.087867195460146791,-1.1129517212021737e-17
7285,0.58744710508526354,0.031236540841136539,0.18765050013052778,-1.3830833890672726e-16
7286,0.5923294273500328,0.041728620296325292,0.24831731335593424,3.6540729059196289e-14
7287,0.59861095416710675,0.032423616493385959,0.19270483981532849,2.8257321423550045e-14
7288,0.61129072585857869,0.033223812696907107,0.19468737568053943,2.6781797062020581e-14
7289,0.58099241262689227,0.037791231033041876,0.22767047953547503,6.0052187716218489e-14
7290,0.5703125,0.010508202458001097,0.064399975328049974,1.2811328455705907e-14
7291,0.8136691193519463,0.042287278383940738,0.14515346217494424,1.3662666153542305e-13
7292,0.75884332350319039,0.09415444234067305,0.38312978917387092,3.2752677078074438e-14
7293,0.63155810986302696,0.98801045174253554,-0.068933088903864612,4.3288129955891025e-14
7294,0.609375,1,-5.9304708771238104e-10,-1.6632424131588565e-14
7295,0.61950731267868775,0.97952449443908152,-0.11935516702007647,2.6894002754383489e-14
7296,0.62264530569913124,0.97015880043844038,-0.17269194629181328,1.1484330758212397e-13
7297,0.62109182646616135,0.99007391562718838,-0.057884227518243549,4.5850993104826178e-14
7298,0.60861962338500242,0.98722998932299266,-0.075475912295432671,5.0789042840732182e-14
7299,0.59330288023136513,0.98443713605684235,-0.093498447992636652,1.3534580580854755e-14
7300,0.58137393818224725,0.98299206793009475,-0.10322630163399477,1.6634115234262602e-15
7301,0.59983003269634838,0.99203746634517509,-0.047549585390694864,1.3117108175614535e-14
7302,0.59300796317164062,0.9714679856524957,-0.1707879597832716,4.3358403508656995e-14
7303,0.58613815421759285,0.96434562825616987,-0.2139577656634136,1.8615042247423774e-14
7304,0.12742466860171969,0.13109853081032594,0.28597080882798143,-3.5960863889569768e-14
7305,0.24706332378659054,0.013415258845675784,0.058947456651583539,-4.9270091630577453e-15
7306,0.2421875,0,4.3596612459357137e-10,-2.6062806270156482e-16
7307,0.25752992556594489,0.0086774003526007767,0.039422468381932113,-3.8956404962523792e-15
7308,0.41642327497025838,0.072744994844359756,0.42607908367780978,-1.2960508629039214e-14
7309,0.4087857651416209,0.064035127434275183,0.37553156621318584,-9.2850182871212902e-15
7310,0.41251126492312584,0.054005017064522612,0.32038447909875217,7.8751233690080463e-15
7311,0.43124673874591485,0.091435286608656713,0.53073932455538053,-5.4325361454509354e-15
7312,0.42977906091707596,0.10180149750641955,0.58232143942588632,-2.6689965337438544e-14
7313,0.41932723887970463,0.098220439720904537,0.56023324397659158,-3.6444890704610804e-14
7314,0.99190212831681757,0.0859375,0.013060946900336504,-3.845145121376147e-14
7315,0.98317032612754285,0.0790903448783941,0.025034059323436386,-8.7781368953592946e-14
7316,0.97080385392286406,0.093010628282933688,0.0504891771496149,-2.2001010325094355e-13
7317,0.97830184615648208,0.10375167292441687,0.041277178212421294,-9.0068350593297347e-14
7318,0.98985242491176939,0.10027271133458596,0.018816293622872286,-4.4780264598470748e-14
7319,0.98758505286251186,0.11300805756933698,0.025473882871944839,-3.3098371604270642e-14
7320,1,0.0390625,6.3521707995957718e-11,4.6463502444132889e-15
7321,0.98836318172687643,0.03515625,0.0081324454638023076,-1.4889848634781419e-14
7322,1,0.015625,3.0677730998810475e-11,3.2098889518605844e-15
7323,0.9912261647349313,0.024398835265068655,0.0042389968916743239,-1.1676355420177672e-14
7324,0.97977019989641656,0.027109624965648962,0.010895367824077606,-2.703190858070101e-14
7325,0.97844075739787872,0.037140865452315402,0.015674645969737236,-4.9680575217010612e-14
7326,0.99214020302828532,0.053553359864594745,0.0081478145019269876,-2.9396539192305127e-14
7327,0.87467870044695295,0.98637671214462053,-0.032655928770036577,2.5640524834942721e-16
7328,0.8671875,1,-2.6243526687898659e-10,2.3999459878763659e-16
7329,0.86328125,0.98898074155057136,-0.028704084413198279,1.3657035979391283e-15
7330,0.88583799159518439,0.98448599371902612,-0.034326852319540677,2.6572145895406609e-15
7331,0.89188219019653603,0.99111653703639246,-0.018690597620285705,3.2566553050432832e-15
7332,0.87460756826079533,0.94582232126335242,-0.12822406939131326,3.7445153862100862e-15
7333,0.80837048350985452,0.84156360688839749,-0.47504294803422698,7.61074967164837e-14
7334,0.82605558065651097,0.83679827750772717,-0.44417177035940647,1.0595491281443818e-13
7335,0.11523422470906662,0.17898633894174046,0.31941115837142747,-1.2163937095175701e-14
7336,0.12324872447677848,0.18688056106450981,0.34823078279076919,1.7353756490077618e-14
7337,0.13451572609906334,0.19085661071428339,0.3822076648810791,6.306357499679343e-14
7338,0.14294579027417792,0.19910682879716696,0.41210902151384654,1.4253847943590941e-13
7339,0.15856623007575865,0.19724979174141868,0.45175241804075916,4.0285571394241114e-14
7340,0.13354883634458575,0.20497753704809474,0.39115611113483451,1.4984674902235123e-13
7341,0.16825372984668097,0.20104604165661299,0.48068441427131564,3.8496893240876267e-13
7342,0.13309523499431219,0.21605512774206231,0.39685908553092325,3.0928767901683592e-13
7343,0.12327305727581669,0.20885960498842998,0.36504876016637433,1.9402363433940868e-13
7344,0.8062303666723557,0.97583317930756008,-0.086461642688765841,5.939600799873332e-14
7345,0.81535382304219994,0.98636294817292625,-0.046791534546731045,1.381257169981986e-14
7346,0.796875,1,-3.7421442849839203e-10,-7.301943649575244e-15
7347,0.82471531208486359,0.98079716114685822,-0.062962486605893472,3.9092721171199676e-14
7348,0.82952049314144294,0.98984807957614462,-0.032428853060807693,9.0879932316586564e-15
7349,0.8203125,1,-3.3470290955516158e-10,-1.3098469263208187e-16
7350,0.8048948583814034,0.9912913381762023,-0.031453962068723237,3.0509575860359864e-14
7351,0.78605412651609097,0.96858684799634376,-0.12225732246700295,5.3970184440416466e-15
7352,0.81311214442315916,0.85286840966191058,-0.44225075107648865,7.7035346999972678e-14
7353,0.83617783758618136,0.84831432735899281,-0.40120427841970052,1.3341868512262723e-13
7354,0.84612037042348254,0.84321728964668141,-0.38736758544785443,1.0782159711869755e-13
7355,0.024262210471500758,0.027015843979313607,0.012900275074884254,-1.0263341545289105e-14
7356,0.015625,0,3.2032810231627029e-11,1.7279701850426789e-15
7357,0.11020002275614174,0.21909304467788529,0.33282884317767442,2.0680473646651865e-13
7358,0.11408944677576349,0.2105947109910595,0.34002870183371309,2.4878123270714457e-13
7359,0.11579955885644264,0.23024644502482169,0.35306579421358975,4.2122602845555124e-13
7360,0.10732979077357369,0.23871573485097392,0.32991787381506488,2.6174432591075022e-13
7361,0.10269432730497093,0.2498873422527591,0.31701613728034678,1.9187507166839735e-13
7362,0.10620694314365357,0.22912305571801661,0.32465564047980339,3.3300944332282422e-13
7363,0.11237703971981305,0.2496828281902764,0.34570341842098001,4.3277555837809924e-13
7364,0.094486777583504225,0.25612747910102523,0.29221728800129559,2.0222598985336897e-13
7365,0.084476127037339657,0.22954962749441846,0.26011301578086266,1.060125561660481e-14
7366,0.093558182304396262,0.23117417606586274,0.28760441863315278,5.2372068758359967e-13
7367,0.080950993533542501,0.24415190483278504,0.25145271600415475,4.8225607690233112e-14
7368,0.074171293014816342,0.25249490452429674,0.23082073059265171,2.6084117572779964e-13
7369,0.067415575327884059,0.24301315948791988,0.20993326819801064,2.0990566160392813e-13
7370,0.057477042505857515,0.2456654742720186,0.17955194631766169,3.0129364558270741e-13
7371,0.050895627538076561,0.25680739708207551,0.1590995694740959,1.3188665249229593e-13
7372,0.044532164235783697,0.24798902029434267,0.13942770074968236,2.0965877015845784e-13
7373,0.033324913062376407,0.2463065898555587,0.1044523772460675,1.422251034586932e-13
7374,0.044325955575579029,0.26493875796385791,0.13813884910492269,2.8779187363939816e-13
7375,0.036656629252427804,0.27730797902727639,0.1132079550104424,4.964250556134759e-14
7376,0.039707110402943953,0.23821276948447936,0.12404833187382423,2.2331441630660039e-13
7377,0.025261021634933899,0.25612557059138846,0.07920067073671043,1.2017397764544573e-13
7378,0.039491484010316241,0.22772594254014972,0.1225245573298779,2.064165686130918e-13
7379,0.031186935239140651,0.26659405742662146,0.097270285909737395,2.0718425416065296e-13
7380,0.013466766833882621,0.25414646586014439,0.042271735431456743,1.4628082771185621e-13
7381,0.023046404689104544,0.24608605660528629,0.072292834778847626,2.3341782654556995e-13
7382,0.075678898254572941,0.22121637673549258,0.23174740064388344,2.4216903692475739e-13
7383,0.088069150226772849,0.21878002803119276,0.26787379132748751,3.2967182997254005e-13
7384,0.0897428218614955,0.24785207183994695,0.27812354243799675,3.7167317473338676e-13
7385,0.077554532009666194,0.23560532594899991,0.2402108906092473,4.7505862757399019e-13
7386,0.044888091817814092,0.28272162573955806,0.13753840792459779,3.4593174263457448e-13
7387,0.027195427829238922,0.2872254179690949,0.082982063460924932,1.2352603731064424e-13
7388,0.013776615409619905,0.28342348933983119,0.042313321278316114,5.1038681476994491e-14
7389,0.023352559989847532,0.27578015144929852,0.072328968803270152,1.8577994237337864e-13
7390,0.0087305922250660965,0.29203605470574445,0.026459712884959154,1.3510872584319031e-13
7391,0,0.265625,3.1240823282972696e-10,-1.6809462374942564e-15
7392,0,0.2578125,3.1428692829202442e-10,-5.5247150466221478e-15
7393,0.0082923109993422745,0.2734375,0.025764251384918654,1.1109236796224765e-13
7394,0.18268181935097091,0.048887329497902567,0.16409327140149949,1.0836905404407695e-14
7395,0.73546062084735431,0.79500805220682869,-0.70938152710779556,1.1558152597722781e-13
7396,0.8559064084499467,0.74186601803085961,-0.43670024776019029,-1.1627218386367133e-13
7397,0.89761568097411304,0.82473146394170527,-0.28187026560444778,1.1679590737959982e-13
7398,0.90941342485392418,0.83277636712778846,-0.24361284566125807,5.9483722748163951e-14
7399,0.91709950845113486,0.82608425903548943,-0.22860828214186474,1.4939416045043639e-13
7400,0.90843065787464605,0.84291767773264936,-0.23658242247990652,1.5341522007244921e-13
7401,0.0078125,0.0078125,0.0012020138986735501,-3.0253577421035516e-15
7402,0.042803865765460636,0.011132944535389223,0.0093637349143629797,-6.4069034138561164e-15
7403,0.0859375,0.011393341777843683,0.019137445123055003,1.3885647542083526e-15
7404,0.077386103637406264,0.013904800929473828,0.021070316049331992,2.5243219575536725e-14
7405,0.10004329754292926,0.01269057721885342,0.024614720743621185,2.4706011349357206e-15
7406,0.10875513579510164,0.009320405217492311,0.019555399021210097,2.7353017951233061e-14
7407,0.10361640142659934,0.023797778619294278,0.047671230469127371,3.2456966024290824e-14
7408,0.090659358915762239,0.028620512070316687,0.050184849669195383,9.2614732982952365e-15
7409,0.093175448127412117,0.038211058473397022,0.068477518993023317,5.9025419763502637e-14
7410,0.081392880481706287,0.032147786182402931,0.050734879283706971,4.556018452095742e-14
7411,0.092360290027876407,0.018893596515115955,0.033888080473097021,3.6982640170103688e-14
7412,0.020841826201178491,0.15631612191424599,0.054353545551101445,3.0975881974769552e-15
7413,0.028024540042086533,0.15000529026380374,0.07109509311564452,-5.8066368622069328e-15
7414,0.88641692876165901,0.79782888947882136,-0.33352427189278117,5.8852545380595182e-14
7415,0.90559195027112482,0.79969696049167693,-0.27820811202404866,8.5690850403345083e-14
7416,0.89685687278504289,0.81347236830353764,-0.29339091955219687,1.1404283720674542e-13
7417,0.0089664264438549073,0.1640625,0.024184252470594251,1.8042919493777301e-14
7418,0.062952233291312096,0.22344838070854503,0.19371028043682789,3.0057810709000801e-13
7419,0.93553279598455297,0.73826407657451376,-0.20062587086636899,5.5627853522372307e-14
7420,0.94480074373312406,0.80483212072503041,-0.16238883930501796,3.5032562666161451e-14
7421,0.94504432207849587,0.8169795267706873,-0.15674605566078736,3.1018296369571162e-14
7422,0.95499597770759237,0.82126136097416003,-0.1269788702407782,4.0106805342415375e-14
7423,0.98654506823760224,0.81009506260844233,-0.039277431237059741,1.4814553638413919e-14
7424,0.99153696092695953,0.80171862371928559,-0.025185159966591649,1.2080827155036632e-14
7425,0.96589801721121304,0.80199957160890267,-0.10122039666486463,2.8648906636863493e-14
7426,0.96188946409398002,0.81244689242591639,-0.11033319074776697,2.7313617555959001e-14
7427,0.95243787654846701,0.81088895897569657,-0.13803697654288974,2.090956502619079e-14
7428,1,0.671875,-2.7774242351673598e-10,3.3566480253714267e-15
7429,0.94930492624439533,0.69834485407528069,-0.15033668506216913,6.5694169283699066e-14
7430,0.9154958315657008,0.74193254842490786,-0.26199940522072185,-1.3206481281071093e-16
7431,0.90195807275592543,0.73898792074714714,-0.30240339398471294,-3.0753078565970695e-14
7432,0.89574888374104933,0.74841759611718084,-0.32165194105908024,-8.3305635415052511e-14
7433,0.9217956327158725,0.7320201307517592,-0.24164679215465024,3.0775212035529367e-14
7434,0.87972879779988022,0.7478503821511796,-0.36880363055654763,-1.6374412680903408e-13
7435,0.986328125,0.8828125,-0.028840678810030093,1.9211177821465903e-18
7436,0.97596873789818961,0.88546494008431675,-0.049632583923494109,9.2387264087026414e-14
7437,0.97470553296452167,0.87168626186710263,-0.057206734716248063,3.4733947272684745e-14
7438,0.96312407844503689,0.87095120623133881,-0.083780684896194946,9.7752530715487437e-14
7439,0.98183885222598899,0.86210531769287613,-0.043485144605991732,5.8072580580802806e-14
7440,0.63327011361570218,0.030962258734532483,0.17656188117279573,3.9922598202148573e-15
7441,0.734375,0,4.6575882875253017e-10,1.1856198839115878e-14
7442,0.7573427233233293,0.010352656908260411,0.044879445403717459,-1.0785532285097042e-14
7443,0.14229939900863514,0.95110644366016672,-0.13067537917567368,-4.3076502820954271e-13
7444,0.4296875,0,6.1179217556321196e-10,1.5646613031835999e-15
7445,0.087890625,0.9833984375,-0.028401174610167917,7.9249207899914935e-18
7446,0.091552882336367783,0.97340598222419261,-0.047300786994675083,-8.398224447124156e-14
7447,0.103772118054486,0.97791660443119188,-0.044229892967906456,-6.6965801300953183e-14
7448,0.109375,1,-2.0925817320951821e-10,2.8517312971730014e-15
7449,0.11090345352339438,0.98785974435917945,-0.02599652892907748,-2.62954957156167e-14
7450,0.12184547903644814,0.98686919647950477,-0.030785603385519351,-5.3691196561257743e-14
7451,0.098830399191560697,0.98898977089578799,-0.021140120575683555,-2.2899888867321248e-14
7452,0.1171875,1,-2.2679352253595281e-10,-1.2641440635108846e-15
7453,0.0703125,1,-1.4529488886426653e-10,1.7474591923702765e-15
7454,0.025738682636692021,0.82536994010889042,-0.071872974130964093,1.7164991642382444e-13
7455,0.021528847751089326,0.84457151759959992,-0.05604827744379226,2.9762478811033658e-14
7456,0.023425216197315121,0.83592194661626484,-0.063032824102993518,1.9529506468274623e-13
7457,0.037897925377758448,0.85069521528063818,-0.095736904231368741,8.6532198139708866e-15
7458,0,0.859375,-2.4329378572099756e-10,-1.8184033910486527e-14
7459,0.010896663486590038,0.84069526219419399,-0.028867947856839066,9.4231461906195838e-14
7460,0.031146221665869153,0.8438032967300485,-0.081131071554155054,2.3904796076809348e-13
7461,0.0088607738892616961,0.82484281318792307,-0.024779188161696754,1.0014957524475218e-13
7462,0.045357408887618578,0.83120481422574832,-0.12396921543284266,9.7327323008729291e-14
7463,0.05262229639333791,0.8232377896499492,-0.14747853329731853,9.4778910767927423e-14
7464,0.059052735318422582,0.83256807295576363,-0.16017565818669105,1.069470757426445e-13
7465,0.072979146123019076,0.83214197015954749,-0.1976325353350861,4.6480757541931744e-14
7466,0.065889969135250234,0.84328688622354953,-0.17122512672040646,1.0654125393457119e-13
7467,0.070579699527666254,0.85644545725315391,-0.17252474284445785,9.8030343890376608e-14
7468,0.058781331875980856,0.85250510059090789,-0.1468072672013056,1.7826220438704444e-13
7469,0.047745017782407903,0.85846108989797321,-0.11602164858896724,1.0307019993080623e-13
7470,0.04705336171738024,0.84921213584532318,-0.11953704381337442,2.1316043034997947e-13
7471,0.045282553936559597,0.86772865260232301,-0.10471626305853798,2.107649376287447e-13
7472,0.03366829828183697,0.86364318021414266,-0.079758686270613999,1.75939570431786e-13
7473,0.025429204724797629,0.87422745521967304,-0.056744727883701433,8.7038115550416961e-14
7474,0.074352672175178089,0.82178540233482344,-0.20836797478015989,1.1499181533054504e-13
7475,0.085402320346570498,0.83437128441626318,-0.22876168292041296,8.3055067077737143e-14
7476,0.091168204243290474,0.84514329660548815,-0.23354204280008123,1.2951466558994538e-13
7477,0.084062671335601843,0.85724213903704249,-0.2039966170750088,8.3726363060465171e-14
7478,0.072240034937969738,0.87163115770934596,-0.16242686915610019,5.218924347494207e-14
7479,0.012738999373021576,0.87541678342433138,-0.028094046216873184,1.8566275599172616e-14
7480,0.091711081638276598,0.86418930397684379,-0.21406185000049086,2.5569238868578523e-13
7481,0.076931749934066859,0.86343456994494894,-0.18107759751160743,3.16776469089644e-13
7482,0.079132658278259452,0.87792775398283895,-0.17075707936922141,4.6978568375262484e-13
7483,0.062860503766210621,0.87887104570498098,-0.13531467146608719,2.4010070284942871e-13
7484,0.068049126782091782,0.88901582518335032,-0.13614168502480609,2.8686095551027617e-13
7485,0.031369803738351992,0.81241956885239741,-0.090853332845524229,1.2453917422009119e-13
7486,0.029926066880313296,0.77120367236374876,-0.093031736583650382,3.6271515808326027e-14
7487,0.010134595698451078,0.76880863252551124,-0.031599084982375215,1.6463340069085369e-14
7488,0.011635884719440387,0.75586498547145597,-0.036509032876585953,7.7203262877218096e-15
7489,0,0.734375,-3.130425039641584e-10,1.3440119190569272e-15
7490,0.025058642754741171,0.75269010775039891,-0.078626483437872124,1.5656844157990847e-14
7491,0.0094732018612664875,0.74568061148442233,-0.029731985457599804,4.9587132902205606e-15
7492,0.030981550747153176,0.76102954124816524,-0.096941479326504806,3.9213895135234921e-14
7493,0.22170589732288734,0.98927223319290747,-0.043219237987549793,-2.3594909982190484e-14
7494,0.234375,1,-4.2172464558915063e-10,1.6989488285692565e-14
7495,0.2421875,0.99140854042519055,-0.037239081236800385,-3.1034307097928078e-14
7496,0.23202389437972687,0.99001424858615139,-0.041507677975944984,-3.8898942873878021e-14
7497,0.28203269837058553,0.97993592156807985,-0.097373427347595715,-5.7230692860246634e-14
7498,0.28170906718111266,0.99002791741565344,-0.048441689449906788,-3.9403665220469891e-14
7499,0.2734375,1,-4.8154623381637644e-10,8.1146809747785046e-16
7500,0.27799821536000713,0.95166208622394688,-0.22915459068344493,-5.6517648840805827e-14
7501,0.30422510441502953,0.93456264353622642,-0.32638160576629871,-2.411106096650954e-13
7502,0.99185036653288294,0.8203125,-0.023152206709992604,1.936924385247323e-14
7503,0.50292960844847245,0.026592544465013562,0.16626603350526356,-5.8019556918340577e-14
7504,0.51002127536994601,0.0348788720854755,0.21725036463959232,-1.4814060548995646e-13
7505,0.50245636445350483,0.043674865816548239,0.2709649540970554,-1.2612222965213808e-13
7506,0.48572553112344713,0.042010291979298467,0.26060622448975257,-6.425414354171769e-15
7507,0.49532057147090736,0.034929461756879256,0.21759828903278627,-1.4843343834649091e-13
7508,0.49393876752283672,0.012511382536944813,0.078510471110063929,-5.3685038510186034e-14
7509,0.484375,0,6.2745710858895754e-10,4.3513677375252455e-15
7510,0.52506327424904464,0.043365918019117579,0.26818480444429577,-1.5334058117452647e-13
7511,0.98971436089863984,0.9604296835695062,-0.007947109272128312,8.8938595670746606e-15
7512,0.9921875,0.9921875,-0.0012009007955190039,3.9950681651745867e-15
7513,0.92603257470799072,0.94837614193040198,-0.073449837973556809,4.6811224836219045e-14
7514,0.81541786079726719,0.65562661863420901,-0.45424460682904277,-8.8650139537127388e-14
7515,0.84923927547438816,0.65188744173194069,-0.37215349386317925,-1.8482888853041044e-13
7516,0.85447048070482312,0.67039399794151922,-0.38728788366715372,-1.1400924124498421e-13
7517,0.69312912288546935,0.091056025610481428,0.44470496926707237,-1.0655784979498122e-13
7518,0.68499842241512598,0.086497317278245223,0.43210186417703739,-1.1044621062643243e-13
7519,0.1328125,1,-2.5287599302447691e-10,-7.8082236561898758e-15
7520,0.12794316900260128,0.97610662328545894,-0.058541716122437873,-1.1518730367260007e-13
7521,0.011275629758786328,0.079983367387726156,0.017018141759151457,-4.7217103905369444e-15
7522,0.020804046164383944,0.079608685454581662,0.031288748163753786,-1.1409762266799221e-14
7523,0,0.0703125,1.4617110196176371e-10,-6.8273651797370433e-16
7524,0.0083146800479637194,0.1484375,0.02092985969255139,1.9515066642951053e-14
7525,0.024286872385863766,0.22602384583862781,0.07537394441838538,2.6792335903653566e-13
7526,0.49989542640471479,0.98982510463216067,-0.063855229726299145,-3.9709542161260476e-14
7527,0.44486943126625117,0.98691904643514872,-0.080861589808129061,-2.345881582754826e-15
7528,0.45622296896378201,0.98169483130028368,-0.11368340852347796,-2.1213036009387209e-14
7529,0.46427123451205882,0.9896260328054074,-0.064697695078114181,-2.6278306200888149e-15
7530,0.43613002993639571,0.99061185935041984,-0.057741119208999617,-2.2940139134234318e-14
7531,0.43909239509082487,0.97939310092250453,-0.12672360981942085,-5.9137198085935516e-14
7532,0.4453125,1,-6.1764489952442125e-10,-1.7547370824070198e-15
7533,0.02734375,0.98828125,-0.0062835951131178635,2.4911833163713294e-14
7534,0.0244140625,0.9775390625,-0.010875956368578493,3.9508678027509213e-14
7535,0.01275634765625,0.97161865234375,-0.0069791138501971222,7.3061330216312631e-15
7536,0,0.953125,-8.6826746311409068e-11,-4.6788031934766769e-15
7537,0.0084576036371112433,0.9609375,-0.0064141364103501332,2.8374672632564837e-15
7538,0.012652166869389003,0.94791234018999759,-0.012871762119348233,3.6493151685974321e-15
7539,0.020763220833462541,0.96219058665309365,-0.015407924874320777,2.3279712835523543e-14
7540,0.032515737147090322,0.95506390925250839,-0.028338543693772859,2.1310935767760506e-14
7541,0.016715897285779973,0.9390647381203211,-0.019576234807162689,7.6972785912676344e-14
7542,0.021531273487840726,0.95231132899172688,-0.019942848714220102,7.0468341342945102e-14
7543,0.036639436884434752,0.94463538546674886,-0.039176399631080022,9.9925688385740023e-14
7544,0.032281207513939557,0.93434512739741427,-0.040648150560207097,8.6597114911117578e-14
7545,0.025039622370927057,0.92479032600529598,-0.035733119389502445,8.0192714514999222e-14
7546,0.040665265932291278,0.96271918119866018,-0.029570819644717278,5.7764982482037379e-14
7547,0.051334072524211946,0.96593587794794222,-0.034066745636784752,3.1419853033740182e-14
7548,0.04314667276766912,0.97379005271981245,-0.022139516631821139,5.8270313226125616e-14
7549,0,0.9296875,-1.3279144108454183e-10,6.3211301569050046e-15
7550,0.72793921894653124,0.28956787433084569,0.7308684608238889,-3.4356768942723523e-14
7551,0.72838846621678566,0.27879794560831161,0.74102470104132889,-3.1597170604624647e-14
7552,0.05517226411433597,0.94590655264448353,-0.057521369580408085,1.122378549392965e-13
7553,0.10818367031719645,0.9464918950543264,-0.11003623594719363,-2.0435940781163441e-13
7554,0.11002786592874204,0.8594298591147963,-0.26178318413152113,1.0125280562619594e-13
7555,0.12204139140838774,0.85884902098013294,-0.28992159284549551,5.5377547763016212e-14
7556,0.11416027677297234,0.86886174474422617,-0.25750925061797814,1.0657952193193564e-13
7557,0.9140625,0,1.8318749879613606e-10,1.0383005877046374e-15
7558,0.89756058673469385,0.014110331632653062,0.028096823123552488,-4.8291069837006947e-15
7559,0.3707703300944713,0.99130515559554966,-0.050155028943590758,-7.7045980834320828e-14
7560,0.39409350409404897,0.94557327907076472,-0.31696703764853346,-2.0677489372946764e-13
7561,0.066665006287745701,0.97237019682491166,-0.035962976448991456,-2.0644149778530792e-14
7562,0.012163519029276582,0.7109375,-0.037056397354539479,-7.8508469799080598e-15
7563,0.023796734360443647,0.71506304792857811,-0.072884824226186182,-2.4695743192822468e-14
7564,0.019507328400744837,0.72703476196706962,-0.06059024534208398,-1.594306051543987e-15
7565,0.010362849297483824,0.7323238439780424,-0.03232005006285265,2.4563706718770714e-16
7566,0.010349780951575295,0.72148876247558957,-0.032001379688515671,-8.1614461060930244e-15
7567,0.51823764175317677,0.46171621896581844,0.23786086316153487,2.1145504139018514e-14
7568,0.52296425507286193,0.448704348900132,0.31594888145033379,2.9796922672431008e-14
7569,0.51395415292957802,0.44058298265380191,0.36425078997368082,3.5492579832215771e-14
7570,0.49835325357841931,0.44092391971791439,0.36285456275682154,2.5481094871546753e-15
7571,0.5244960818214951,0.4322530892514691,0.41176322142596361,3.9632918777420247e-14
7572,0.53432130176316817,0.45587007958804071,0.27215553465698472,2.6319724220755909e-14
7573,0.54356522675956831,0.45286669214795905,0.28906413060208547,5.0873669779657383e-14
7574,0.54504694293712019,0.46560050472674042,0.21230896208167777,2.6316693112461561e-14
7575,0.53926015190597842,0.47535495639510844,0.15301041869178869,3.232602896108462e-15
7576,0.49728696254882948,0.45314269206516089,0.2901867082817316,1.8462857980463163e-14
7577,0.50192416422117647,0.46706735509205588,0.20546485172635179,1.2836408101651731e-14
7578,0.48528458117765827,0.44929701773865699,0.31292956887208051,-1.390981961542435e-14
7579,0.49363856312956544,0.42846385285116728,0.43433219532625789,-1.1182422245613735e-14
7580,0.52023594948428231,0.42239654961699591,0.46737222865749101,5.9251896044910116e-14
7581,0.49257910566542784,0.47055044474542984,0.18385050482104556,4.8615001665330339e-14
7582,0.50900210610977681,0.46110296607467982,0.24185526601770202,5.6050043899553928e-14
7583,0.48165765730465726,0.42426117925878842,0.45726809924144063,-1.8721456006370709e-14
7584,0.47191764566304395,0.43192456922468747,0.41318891244379047,-4.4691125996717098e-14
7585,0.47277031055437302,0.421019344388606,0.47430124069890511,-1.7698603503988476e-13
7586,0.48652267546819666,0.41543273603342401,0.5060870570907442,-4.8106313744565681e-14
7587,0.47417984962959359,0.44228844543948115,0.35348757506047046,-6.5213228950237619e-14
7588,0.46358938074017297,0.44417138767135139,0.34139349334532137,-5.9391005008109694e-14
7589,0.46014741703495032,0.45428841826439165,0.28108403988328617,-4.8310919453712583e-14
7590,0.45993656878045958,0.43352318761814235,0.40246581248350832,-1.6773093330019314e-13
7591,0.46727995412938494,0.46318486959557043,0.22803314550891321,-2.3193814459940704e-14
7592,0.47765467739402434,0.46042260432734067,0.2455340793567124,-1.1820132865121631e-14
7593,0.50265253203313698,0.4236886466713578,0.46123755019646379,1.9137856181951205e-14
7594,0.50802872267042409,0.41339384283311975,0.51755970787649885,1.9738612591796954e-14
7595,0.50047409756067607,0.40432657078997519,0.56563379050124574,5.5713169444625756e-15
7596,0.51249064464271554,0.40393254471677564,0.56700858110449603,6.296095327093317e-14
7597,0.28341822469149708,0.506941675251809,-0.033939712445337188,1.0828969139598157e-13
7598,0.2978487394574918,0.52364763105399093,-0.11913699669672347,1.8423514262368707e-13
7599,0.27960584999276483,0.37991366365261015,0.52710860791316028,-3.9944989238273375e-14
7600,0.68494308337265908,0.72154621069400549,-0.82279769827602456,4.8454722043903374e-13
7601,0.68997162581399574,0.70719956457732247,-0.79754152551513569,1.0707752070294085e-13
7602,0.69402062269510134,0.69904971216016354,-0.77824852005571399,1.1718003419675276e-13
7603,0.69808155058925869,0.71163009987758041,-0.78897617775513096,1.8251718803859505e-13
7604,0.70576486825522267,0.71786862528880702,-0.78193465864401857,1.2325928122641577e-13
7605,0.70094413435704694,0.72796305409285611,-0.79936575036012847,3.2071192446401797e-13
7606,0.64719361594653446,0.23407985814994436,0.89033305685880071,1.7350271114910616e-13
7607,0.1222415615635728,0.41814767423183585,0.18428155112957134,-1.4189603170365186e-13
7608,0.11977664474287013,0.407607760713455,0.20150948183317469,-1.9833598493354994e-13
7609,0.011096250626940439,0.3515625,0.02806363427523802,6.872481641451996e-15
7610,0.018443750715726025,0.34515322333550363,0.04794156803123769,1.1456386660400456e-13
7611,0.010898168727095505,0.36306752409057258,0.02588142996386979,2.962709261203424e-15
7612,0.92843076895724386,0.38209683252917193,0.15045544459009333,-8.6656297804610858e-14
7613,0.88477419400042756,0.3494481481707829,0.28714542187756326,-1.0291908406345845e-13
7614,0.010871807231398469,0.30708034161106945,0.031957526743139751,1.0763461898264827e-13
7615,0.98128453714970909,0.58055071898025212,-0.028447488906094252,-1.8760659288476075e-14
7616,1,0.5859375,-1.5425353769804263e-10,3.1058499962198947e-15
7617,0.99004196421433577,0.59991832780743437,-0.018355054025670291,-3.5219642802740744e-14
7618,0.96720501815495286,0.5942911402009089,-0.0574292796688642,-2.8121021909499336e-17
7619,0.96022833295308607,0.5856450861166268,-0.063832777549532177,-7.2060516518133201e-14
7620,0.97288403919351429,0.60424353684143794,-0.051722207253414289,-8.3844846275034307e-14
7621,0.95852559221618661,0.59950450327699556,-0.076112637275450146,-1.249568696699152e-13
7622,0.41587102196263742,0.035801003106118695,0.21522853682561408,3.3821275109024527e-14
7623,0.41392943168322421,0.025288849331613569,0.15251143398395406,3.5206363517690897e-14
7624,0.4609375,0.008572275417711956,0.053390012855699054,2.2697744312216905e-15
7625,0.15887750132019277,0.17495035981506254,0.42630783356351548,6.4632855577974513e-14
7626,0.15653309313978683,0.18542708941675654,0.43366871654558903,2.1393024978233219e-13
7627,0.8958186248714648,0.61444744389071082,-0.21172944539427707,-3.312433799348434e-13
7628,0.94259693467964589,0.010528065320354128,0.011793799488980957,-3.7922985532581615e-14
7629,0.9609375,0.0078125,0.0060159750347846576,-1.6828316656031859e-14
7630,0.97265625,0.01171875,0.0062493512051852882,-9.7529774469263138e-15
7631,0.96539935873055038,0.020423621746110069,0.013867817177396173,-4.5728657737287653e-14
7632,0.85471006224657431,0.0088894277710229886,0.024599002882487942,-2.2179064048679305e-15
7633,0.4140625,0,6.0828489407814689e-10,1.6788072511915998e-16
7634,0.42151939178511766,0.0095492059188643195,0.058130524945140767,3.780164624699714e-14
7635,0.5859375,0,6.043783019617826e-10,3.9271794611758809e-15
7636,0.59813876854453307,0.011726314825053734,0.070125991958747191,8.6153384457269317e-15
7637,0.609375,0,5.921741835549298e-10,5.7951749474832029e-16
7638,0.58179114631965567,0.023329529449716977,0.14126240096619724,4.5872006054380249e-14
7639,0.59343016628282985,0.02227742070926517,0.13353712956128988,2.920817647003048e-14
7640,0.5859375,1,-6.0646877303538018e-10,1.7798717191981958e-15
7641,0.25386425625954812,0.020691181241914866,0.092671470133247003,-1.1194940870179227e-14
7642,0.99128251067474493,0.073331277320687727,0.012095799050020407,-3.2223345230437369e-14
7643,0.984375,0,2.1641437099202703e-11,-1.7592264450749795e-15
7644,0.9765625,0,5.9408511071368011e-11,-2.6443238212296591e-15
7645,0.15449427796205964,0.20838188791309806,0.45070782443925117,4.4389548390572053e-13
7646,0.7890625,0.99148151126981376,-0.0329005331134921,1.9206244116076138e-14
7647,0.7758819662058225,0.98723509877053162,-0.051900035428324935,2.2877459427792222e-14
7648,0.765625,1,-4.2318297032334591e-10,-2.9468070174578947e-16
7649,0.76258979559029805,0.98644196429236841,-0.057687463364535195,2.8324837168487095e-14
7650,0.78543527766888632,0.98031314787539503,-0.07699887115767963,7.1204403007969513e-14
7651,0.7578125,1,-4.3784771960152427e-10,-2.5606380309993062e-15
7652,0.7528612370012242,0.99003253446437134,-0.043818345894295278,2.3712964106461339e-14
7653,0.77637955392301994,0.96649806871408916,-0.13496733077576603,1.189786583909279e-13
7654,0.78436139097123236,0.95854484572988852,-0.16130034636622156,1.4072556923384832e-13
7655,0.79555873608728223,0.9726932721960021,-0.10221636708744054,1.1813731995011427e-13
7656,0.024961185100422598,0.0093361851004225994,0.0046052896640684429,-8.3193578218885724e-15
7657,0.023923686662126117,0.16494370133287733,0.064605206312455657,1.1231177213381153e-14
7658,0.98887655674852182,0.68109983396311446,-0.031722440099625604,2.7980006624950152e-15
7659,0.99143749772303158,0.6640625,-0.023096881592014576,9.937453989068688e-16
7660,1,0.8828125,-2.0346996216890169e-10,3.9527147287210232e-15
7661,0.99055989583333337,0.89127604166666663,-0.018596600448363421,8.2574438096193615e-14
7662,0.99188870899327419,0.8671875,-0.018868479059489705,9.7096203537333057e-15
7663,0.7421875,0.0090392521636001536,0.041090374286476106,-2.2561678989590707e-14
7664,0.7265625,0.0086505500230655355,0.041166388168202443,-2.1232606593840273e-14
7665,0.71904118173506648,0.017588049998576008,0.085200596869913589,-4.5898591224850198e-14
7666,0.70715600328150185,0.016499326036690794,0.082373299841279918,-5.7053471553995652e-14
7667,0.71384663349900757,0.008877613809131225,0.043650868711239695,-1.6304137592846512e-14
7668,0.0859375,1,-1.5255343971994645e-10,6.0984665813601876e-16
7669,0.079418285472972971,0.98958773226351349,-0.016112857082846144,-9.8125146778085489e-15
7670,0.078822544642857137,0.9788643973214286,-0.032452170955682945,-3.7691932526239632e-14
7671,0.041077480250226554,0.84069142776264749,-0.10831627106115253,1.7140713947195439e-13
7672,0.089658971120115075,0.82585026194610212,-0.24696990309792968,1.1287855017276583e-13
7673,0.48189414961586796,0.057381751266233912,0.35210389117429008,1.5078389524542695e-16
7674,0.49089698941822485,0.063033302934084184,0.38554853084356178,-1.4816812119851448e-13
7675,0.47884506032492513,0.066767466865785829,0.40640975059359769,-1.3495071556147345e-13
7676,0.47635465956707468,0.031531648120314226,0.19623034863378033,-4.8248751487119956e-14
7677,0.46549670596398091,0.030220048000302258,0.18764525032449272,-3.2654694723819159e-14
7678,0.47654765987152997,0.015470626190546304,0.096784823538377113,5.0605163184803348e-17
7679,0.48035935953725667,0.023548100776925564,0.14708440936482339,-1.0939076539272061e-13
7680,0.90628128229139759,0.009749983854301222,0.01785219084873637,-4.8216913818880826e-14
7681,0.89335729905466543,0.023787503868924156,0.048845330310019246,-5.3671570695271042e-14
7682,0.890625,0,2.1875839769781287e-10,4.9061797374031224e-15
7683,0.99060831609155586,0.5837186232003112,-0.014773094277148574,-1.5999729210691207e-14
7684,0.97415264431916415,0.58751084394110953,-0.042487913638233211,-6.8891328959315405e-14
7685,0.6171875,0.012019133527233456,0.070434661509801849,1.6484812603922478e-15
7686,0.60763612412383383,0.013629815032148013,0.080689394196869393,1.5025406391043277e-14
7687,0.61418848391012504,0.021611451888962335,0.12671827910995453,1.5177353940627266e-14
7688,0.9921875,0.0078125,0.0012104336476450898,-7.036905780299918e-15
7689,0.98430617302838896,0.8732909900197352,-0.035188810340221921,8.5692886179150472e-14
7690,0.48862186368777977,0.050895432609773972,0.31410924968166321,-2.3136552581040703e-13
7691,0.46950947886565531,0.053623993131622839,0.32909170839981722,-6.8928050287149724e-14
7692,0.45808512045127769,0.059631687669163727,0.36274481806725395,-3.5837546711280943e-14
7693,0.47574880459461588,0.04520790171638131,0.27942214259925685,-1.1831406938278058e-13
7694,0.45114716828983514,0.066340641094891045,0.40010523469357717,-7.9627165770259013e-15
7695,0.45469592312811802,0.047183863638924142,0.28919930138831978,-1.0433481279503916e-14
7696,0.4567640720564502,0.0373142118383544,0.23013826412065097,-7.5913480728117726e-15
7697,0.4765625,0,6.2792829422523676e-10,-2.4867685530167164e-15
7698,0.48452894145382802,0.0097933150449173948,0.06142540854558904,-2.8240659481411148e-14
7699,0.88545907446882866,0.011298858156276202,0.025034577853006237,-1.9323314354186445e-14
7700,0.87412667858764481,0.015185904344167861,0.036680312484468229,-1.6909664075418142e-14
7701,0.73594485677505628,0.66014408363485777,-0.62329605360289475,-1.0289436836140591e-14
7702,0.74353911049570176,0.6551821793341247,-0.59699685457631824,-5.0064760832463076e-14
7703,0.3707830355784773,0.64677334408901144,-0.73222809059532179,-8.9705627128185084e-15
7704,0.36810271267873351,0.63737330425132044,-0.69547759709041135,-1.0128636963973504e-13
7705,0.3619085301881832,0.65155521252658433,-0.73903837237941172,-1.2408435365926336e-13
7706,0.38018709029811093,0.64553135608667611,-0.73673504548275903,-7.7342884132205994e-14
7707,0.42059919689793562,0.83207931467461849,-0.84301692767968328,-7.2480856371118737e-14
7708,0.42549277148654124,0.82386765517075988,-0.86969502417101507,-5.5252992460588057e-13
7709,0.41810069101681857,0.84064038263115592,-0.81422180611088346,-4.1764722757645203e-13
7710,0.41196341606813897,0.82646537651002261,-0.85294791983874063,-4.7416688697002351e-13
7711,0.31619148259403973,0.81854845617231686,-0.76137302989020916,1.7162116431396769e-14
7712,0.32410227616838677,0.82452670546417683,-0.7592055902251198,3.9439445137816309e-14
7713,0.31922418564839583,0.80928060005275693,-0.78502376396428475,2.4706347715370227e-14
7714,0.11239744661820875,0.19732407494317145,0.32706037596683901,1.0217153180048619e-13
7715,0.72832949248952983,0.051469443848777829,0.23957333129920483,-4.7685656793477347e-14
7716,0.73512910726586866,0.042002951457839971,0.19291877616395159,-7.8157810119936375e-14
7717,0.73910325999294635,0.051423208195650279,0.23192225742166925,-8.3581937005924163e-14
7718,0.71896326190409543,0.051947391008302868,0.24767128831220497,-1.3770879534149041e-13
7719,0.12873212142565024,0.84819219857762518,-0.32094380405432793,8.9780942980423739e-14
7720,1,0.515625,-2.8828541075139801e-11,8.4346520272829914e-15
7721,0.99163765798546777,0.5078125,-0.0012808377963031401,-1.1434513895134277e-14
7722,0.98769169290772196,0.52041787211731405,-0.0051168180923335596,-9.8793413487001306e-15
7723,0.98928160920142205,0.53102017779744115,-0.0066271812802394126,-3.2536357131859368e-14
7724,1,0.546875,-9.1474688064919267e-11,7.6854915486635305e-16
7725,0.98308802152040775,0.53954915675083559,-0.013152304517492365,-5.0453628548242242e-14
7726,1,0.5546875,-1.102614101853975e-10,-1.9618805145678255e-15
7727,0.97882668386303184,0.51765043505109598,-0.0073404682451219463,-8.1769357479998887e-14
7728,0.040005159583437623,0.11416201873302431,0.082468755875509295,-7.5570572415590963e-15
7729,0.045920577237777226,0.12349086020622306,0.10065465123093957,-3.3977494201510644e-14
7730,0.11778634605085192,0.030101162312313259,0.067957235390024434,3.7156731836927542e-14
7731,0,0.578125,-1.4457053698655794e-10,1.9338773344806568e-15
7732,0.0080224129834551017,0.5703125,-0.010720408321839972,-4.857313243848821e-15
7733,0.010578981879364735,0.58096299403740126,-0.016313323208555382,-1.036451020810981e-14
7734,0.60652069429957578,0.96204611449050315,-0.22315303658537225,6.1148202709980537e-14
7735,0.60248045660866023,0.95283085402577017,-0.27696136258403603,1.0111461610732165e-13
7736,0.61313787776120321,0.96897475335569327,-0.1815689052120496,1.1150538514877845e-13
7737,0.44074466748490149,0.60093550040452259,-0.58230043297979339,-2.9875452892139086e-14
7738,0.49147079597633947,0.79980055956615692,-0.95118515850759788,-4.6877486665327518e-13
7739,0.61430215535186106,0.8414200266152686,-0.78606179389945752,1.0533628285736802e-13
7740,0.62487351781687861,0.87982896956299261,-0.63338309158084061,1.7918904100546985e-13
7741,0.31588417890713616,0.52051051138553728,-0.10762670319894888,6.3139615130530198e-14
7742,0.30645434736041111,0.5197098221646026,-0.10132337547544053,2.2601014601785936e-13
7743,0.31818937388273755,0.51150341161613944,-0.060734040179017547,1.5804593051825663e-13
7744,0.32427762369055263,0.52517285643641498,-0.13416254524189483,3.0879766225243396e-13
7745,0.10456836986346114,0.84549278409499795,-0.26634980930973429,1.3073767410361294e-13
7746,0.43940853031052646,0.45357485346708215,0.28230084047570297,1.7967175411590199e-16
7747,0.44318338757300252,0.46338752813377743,0.22436917119518945,-5.6823666784188451e-14
7748,0.42857424500080143,0.45086395067423618,0.29619550899969443,-5.8491512248346418e-14
7749,0.44983127375519155,0.45238253426127722,0.29105778720759573,-7.5687740891650573e-14
7750,0.42936417335603472,0.46103271693183046,0.23643466847149672,-4.430157945216222e-14
7751,0.44211689703845464,0.443030752371942,0.34448502867797437,-1.1792533645952487e-13
7752,0.73955388345452477,0.95065723700842231,-0.22263920054152089,7.9932312559508817e-14
7753,0.75456779363031357,0.67314692201196658,-0.61716299281832154,-1.4600301416455331e-14
7754,0.7616458200087346,0.66322493301080743,-0.5821907028083253,-4.4016193647140537e-14
7755,0.75652778268412257,0.65322991355466964,-0.56832590637616665,-7.1267777147652356e-14
7756,0.91344353216170482,0.67557436439741947,-0.23983762182475887,-5.5612421139761157e-14
7757,0.90755569752793219,0.68345388996539591,-0.26165275144320427,-4.1861751755869813e-14
7758,0.81633398669894341,0.11224266491605256,0.35363822385395777,5.2772570123256187e-14
7759,0.15173753545567109,0.22620830725154664,0.45387588985149013,3.1566119912055183e-14
7760,0.16255339114039669,0.22494373900986245,0.48254954607541867,6.755530123516156e-13
7761,0.15625347424863847,0.23625645755967095,0.46968239251024907,5.8160941699492161e-13
7762,0.16330002641083682,0.2474622895032173,0.4908476068457428,5.4195835845835252e-13
7763,0.14340271445779079,0.23426916919389074,0.43344687479612887,6.2690353738129999e-13
7764,0.14110000733919714,0.22354872509966875,0.42288576065685063,5.5826360451709746e-13
7765,0.1831952183624895,0.01151271018326944,0.039320114299746342,5.7932679202044119e-15
7766,0.62469049504916552,0.23158649695351127,0.91826006589423748,1.4399702433553692e-13
7767,0.61566579514215003,0.22847234513667089,0.92607185420498328,9.2347366369283208e-14
7768,0.62674250670783271,0.22178787461722291,0.90739079219861063,1.2253540067181073e-13
7769,0.77627353043903746,0.67164760050246564,-0.56960677623846057,-5.2096298394079672e-14
7770,0.25101151687001644,0.94475422773621642,-0.24125863305239101,-9.5164118098109708e-14
7771,0.38101162464255023,0.60839348121726045,-0.58618768039014857,-3.0046691613306359e-14
7772,0.044018247656886805,0.75574277868476047,-0.13775139887547491,4.9005383021575266e-14
7773,0.23508351431199953,0.58731479562281164,-0.350949676076936,3.5425199000439373e-13
7774,0.65607470156643877,0.76364633949352367,-0.87876772697017613,2.6751572843046256e-13
7775,0.1895576705775725,0.62174116903715104,-0.38845116485639808,1.5237164037482373e-13
7776,0.17810288874421246,0.61903365881444605,-0.36096229968583132,1.4038102622020221e-13
7777,0.6043407103327717,0.29482768007665111,0.90930535057555173,4.8702627210181477e-13
7778,0.19848133866233453,0.48469853156365783,0.056050498711184595,-3.2111774077935208e-14
7779,0.032359999117834895,0.54643150702574783,-0.029285030413792674,-1.8353994694432377e-14
7780,0.50467313829261695,0.16647617391785979,0.86520009166487322,-1.2179106135320199e-13
7781,0.2379116307315744,0.14718135372485286,0.54268121879573794,-1.0357940489422591e-13
7782,0.031908691054931416,0.30688439271678264,0.093715687728524122,6.6609485258418937e-18
7783,0.021393439641837566,0.30732489601645874,0.062838020039254358,1.8550564787910747e-13
7784,0.040516636126198373,0.301540385936994,0.12036681107359579,1.9945624655534384e-13
7785,0.02772395390545641,0.29749319587991047,0.083114813484873568,2.4354156560447708e-13
7786,0.028564927116613573,0.31727500200410291,0.081651389673091337,2.2045814028450397e-13
7787,0.17940611899437731,0.28682898110671889,0.51968697378512108,1.9115489205681682e-13
7788,0.80562117425664426,0.15199063253335696,0.46808756698115012,-7.8378502689744857e-14
7789,0.54086270609423093,0.092539851079348756,0.54479945206568503,-1.7718875189615302e-14
7790,0.55290589459871087,0.09616923141189454,0.56033334776976373,7.9862753484775704e-15
7791,0.5154263467745257,0.066143773252359206,0.4032682879284365,-9.2726937121809087e-14
7792,0.64594942812960265,0.031597970186745893,0.17687578865749301,-1.7629697519463859e-14
7793,0.25242331763397852,0.86880003975750919,-0.5230046363883275,-9.6599843689421211e-14
7794,0.29316547693264872,0.49143880952803581,0.04274459305552672,5.9458104886857164e-14
7795,0.29419616251125741,0.48135321358735267,0.093288419454430616,6.5606230161828158e-14
7796,0.18488266374773971,0.21524743572643865,0.53565047730127924,3.3509337861103628e-13
7797,0.90132169328979517,0.35424957361481829,0.24196677637425221,-1.2420579292009697e-13
7798,0.81990525621133303,0.010629825449582761,0.035790362816544886,4.4325232850251272e-14
7799,0.40305705200972225,0.020312575574883199,0.12145858639386858,2.2398468819595219e-14
7800,0.011059968317904666,0.8533086307574379,-0.027660165276257399,6.6511186829548129e-14
7801,0.012203160384952068,0.86433964399971663,-0.028808907091741599,6.4410343647673756e-14
7802,0.04079057516910347,0.31503905920192599,0.11728240407442635,1.6224844490118977e-13
7803,0.015625,1,-2.9921300798397072e-11,8.070800971982095e-16
7804,0,0.984375,-2.6205394362431198e-11,2.4327328346229748e-15
7805,0.0078125,0.9921875,-0.0012657736848624989,8.255549022173625e-15
7806,0.171875,0,3.2420527751028482e-10,-5.149467057159163e-17
7807,0.50631838559856734,0.2259928247518781,0.98857628940117115,-1.8994324126853508e-13
7808,0.44536351128454782,0.089481040877456924,0.52521005046437919,-1.056841382556852e-14
7809,0,0.046875,8.2942563777808773e-11,6.6176894797365289e-16
7810,0.0079736578294007966,0.041583014426924775,0.0065330096333362118,-7.6133026426872377e-15
7811,0,0.0546875,1.1677616109110894e-10,7.2801992411124905e-16
7812,0.011916237459478072,0.69614738711728696,-0.035308227775687935,-2.44819381230575e-14
