vertex,x,y,solution,residual
0,0,0,-9.0837162178112575e-12,-8.6736173798840355e-19
1,1,0,-1.0003233133838453e-11,8.6736173798840355e-19
2,1,1,8.7468280648463021e-12,0
3,0,1,7.2446789823982917e-13,0
4,0.5,0.5,-3.3158387648820219e-05,2.7323011656305117e-17
5,0,0.5,2.7629574915857144e-12,3.0312386869726912e-19
6,0.5,0,6.3168715924444742e-10,3.2288718652541677e-18
7,1,0.5,7.1096127169498811e-12,-1.1207923598629634e-18
8,0.5,1,-6.3201264841516691e-10,-3.414763748295311e-18
9,0.75,0.25,0.70743085501133951,-8.741898274681558e-17
10,0.25,0.75,-0.70757260024893576,2.7685868707142268e-16
11,0.75,0.75,-0.70649941469852695,-3.8663036739947572e-17
12,0.5,0.25,0.99909550950762416,7.4096074288609375e-16
13,0.75,0,4.4436276953804479e-10,-1.6068196012737507e-17
14,1,0.25,3.1504429386118885e-10,3.1265302948625033e-18
15,0.875,0.375,0.27092872901798115,-5.4233879222428335e-17
16,0.875,0.125,0.2708873933017884,2.1700250834437188e-16
17,0.875,0.25,0.38195699457723675,-1.7384691536494514e-16
18,1,0.375,2.2329757926211459e-10,4.6124812944566841e-18
19,0.9375,0.4375,0.074639914924983217,4.0992707450961886e-17
20,1,0.75,-3.1478784405683519e-10,-2.3926361219852022e-18
21,0.765625,0.546875,-0.19460143850622097,-7.4243457820156122e-17
22,0.83940972222222221,0.47309027777777779,0.081493251425448568,-6.1529738246534952e-17
23,1,0.625,-2.191613057950436e-10,9.1319856803312215e-18
24,0.69431423611111109,0.40177951388888888,0.47359369729430106,-2.6948038791281971e-16
25,0.88172743055555558,0.58919270833333337,-0.19282716654496548,-1.6409832199660473e-17
26,0.78611893892370455,0.39825290163505112,0.37149685775486779,-2.0779020817057413e-16
27,0.90950290979323922,0.51330561452499801,-0.023344774967305019,1.0407761937644719e-17
28,0.74282842376155944,0.46800747896808659,0.14408242392133594,-8.13704957668251e-17
29,0.6292610401772426,0.54356243899562506,-0.24807294989269851,1.7001224807353631e-16
30,0.73758652960832194,0.33155059052242536,0.63980633506224749,-1.4036669749645711e-16
31,0.61425288756291063,0.30400306547048717,0.8822030476562307,-2.5523199277884531e-16
32,0.91652132708970435,0.6875,-0.23952132167657977,6.7344970898015656e-17
33,0.75,1,-4.4857852453517295e-10,-1.8875621981670915e-17
34,0.81434503289610238,0.66835230530610401,-0.47998560574742299,-1.735124342346212e-17
35,0.875,0.82995783517367827,-0.33512870217355056,6.3240168879680326e-17
36,0.8366992460419026,0.75214765628933955,-0.49084904296929865,1.3277644264078602e-16
37,0.92249482082657541,0.76652096137024162,-0.23960447480217492,1.8091217210098527e-17
38,0.8125,0.1875,0.51328380320484557,3.3509143124896573e-16
39,0.6875,0.125,0.58777463757779291,-1.3372570190633562e-16
40,0.78125,0.09375,0.35222137153468636,-5.4269291720349067e-17
41,1,0.125,2.2796734492846834e-10,-1.1588609508665317e-18
42,0.875,0,2.247108241744822e-10,-1.5399151840162103e-18
43,0.8125,0,3.6508253592584482e-10,1.7667386589167586e-18
44,0.9375,0.0625,0.074773361432709365,-4.3589737958775755e-17
45,0.9375,0.3125,0.17989842713796708,-6.1415760945689233e-17
46,0.59197607918131223,0.44063986253879389,0.3492779196531553,1.1412561790739118e-16
47,0.48446982449268355,0.375,0.70607582770555744,3.1591228554076545e-17
48,0.62599776350006331,0.37605227779338868,0.64785634593860653,2.5961862031370732e-16
49,0.69505289748116805,0.64360983826778217,-0.64158149452988444,3.1397675910462346e-16
50,0.69682183417801713,0.57079028495553996,-0.35018637585391155,-4.3143061492100137e-17
51,0.76243952159946504,0.61866112700870113,-0.46023602651271245,2.0059432309508263e-17
52,0.5407082044305459,0.7907082044305459,-0.95928542558391183,4.2368485557973898e-16
53,0.63939904463891561,0.73973755426603183,-0.90442450120101925,-7.2682371913970613e-16
54,0.68262490136697695,0.875,-0.59395283358603757,2.7465581464211193e-16
55,0.52904234833930353,0.64709108996602138,-0.79435078186920138,-1.2492310011195364e-16
56,0.68975249236689928,0.7981841615098465,-0.7909933039120598,-1.538403448513608e-16
57,0.61165849855170618,0.62679427972016821,-0.67136746065179709,2.3056886980512614e-16
58,0.56487078768827992,0.71646314567440283,-0.95769961830313355,3.1923747406571017e-16
59,0.81918619659115066,0.3125,0.49734276140026817,3.3940197303638138e-16
60,1,0.875,-2.2570224416178229e-10,2.1130578469174103e-18
61,0.65850434249868661,0.21762282875065669,0.85993478976902737,-2.698943279539467e-16
62,0.55920888428313098,0.13568832642469647,0.74018698816398509,2.4044705806448e-16
63,0.625,0,5.8028712986505614e-10,1.9594757509633343e-17
64,0.9375,0.1875,0.18047577532922232,-4.4665330569779955e-17
65,0.53767897714725299,0.31814603442941625,0.90329109641238992,1.0422244691774798e-16
66,0.25,0.46759560560948066,0.14326964862654859,1.0632893198491941e-17
67,0.77712666045661105,0.84527890705402786,-0.5321290877212429,-5.1713180214446873e-16
68,0.875,1,-2.409878862996454e-10,-1.16884087574641e-17
69,0.7487133873762879,0.92003586955616246,-0.34156113078850803,2.4313866637668486e-17
70,0.625,1,-5.8355594013746181e-10,3.7587062785295709e-18
71,0.40103697533424509,0.72977118131436058,-0.94459241567455698,-4.8421175736284944e-17
72,0.54951380189645527,0.56663643795291008,-0.40104780853063909,-1.6860256391074663e-16
73,0.5757681357186929,0.21675511391056781,0.95061243342025059,-1.5103104038990705e-16
74,0.25,0,4.5097109750532303e-10,2.1930818367446076e-17
75,0.5625,0,6.1796268631649586e-10,5.683730845783844e-18
76,0.6875,0,5.2449391282089854e-10,-8.8176538436218808e-19
77,0.61924369132285229,0.08100315433857383,0.4532547313481024,4.6512532265147607e-17
78,0.37918039379754609,0.45154605210723953,0.27878878462602469,1.9555553019339313e-16
79,0.9375,0.9375,-0.074742479869217532,-4.8239402171417763e-17
80,0.5719317421064819,0.89975305795513449,-0.57387081735642254,-5.5033811494156792e-16
81,0.61350434345646843,0.82885665040120515,-0.82381457241335898,-5.5130372900269032e-16
82,0.39862106130239761,0.125,0.67208822272565338,2.056221166403333e-16
83,0.45298361002745369,0.44237663689880041,0.35022223615250758,6.5729150143479195e-18
84,0.3936268894228464,0.59038223645881527,-0.5079154200066972,-4.9398637323395254e-17
85,0.48168303603016976,0.088755121906420015,0.5283974613215584,-1.2880426728762756e-16
86,0.46853045625265749,0.17191203472541791,0.87713083937153935,1.777949747039492e-16
87,0.35730069322482594,0.26212287734419693,0.89920098668248827,6.9465105607128599e-16
88,0.42299348692172162,0.51715681521609769,-0.10446289690220785,3.7632743353177604e-17
89,0.44508548891966843,0.65753807171624945,-0.82353403046171092,3.4767208762939903e-16
90,0.31541272112659424,0.6644316338327525,-0.71888995064973993,7.1830800438095535e-17
91,0,0.75,-3.1527385300493967e-10,-2.2440392154955856e-18
92,0.29311937933909982,0.56255315621036661,-0.30481870549255285,1.379733233360513e-16
93,0.31881976821681135,0.49361399949128154,0.034106480480638454,-2.6051271166059337e-17
94,0.13697538290307607,0.57618791785175805,-0.19198431817648517,1.7047941305867442e-16
95,0.21264233925625148,0.54182822582325252,-0.16089806640919113,-7.096567404332978e-17
96,0.21391773384181262,0.64513367988603942,-0.49172332079826669,1.1738836542979705e-16
97,0,0.25,3.1613267563628625e-10,8.874554321109734e-18
98,0.12611051847179536,0.45176452141439527,0.11476520983568693,5.0294840974305135e-17
99,0,0.625,-2.2155355584958495e-10,1.7673629846347328e-18
100,0.10363971422050022,0.69079607099476059,-0.29765815136818635,-4.7953062994553121e-17
101,0.079368255398513457,0.51853220353392515,-0.028986212474318838,-1.0147229290219376e-17
102,0.20664505068103525,0.31420173774000421,0.5558798276918806,-2.6631289553671853e-16
103,0,0.6875,-2.8937423926337025e-10,-3.22354527771568e-18
104,0.07557443901935755,0.62048063285819532,-0.16144687050071771,1.3022475204140711e-16
105,0.17863326387084374,0.71591504363899405,-0.52045423717366834,-1.8460327558533182e-16
106,0.25,1,-4.4256534109949925e-10,7.1265469532507915e-18
107,0,0.875,-2.2705359116347673e-10,1.1509585064057775e-18
108,0.10455560001215138,0.812569049319259,-0.29756007181898286,-1.5680023048878592e-16
109,0.19566493415104422,0.40012895076323807,0.33852498071419651,-1.0773566829126372e-16
110,0,0.8125,-2.833656506492389e-10,6.4136146931076008e-18
111,0.125,1,-2.3353112613527082e-10,6.0278358775004861e-18
112,0.0625,0.9375,-0.07486151235206942,-1.019560226385644e-17
113,0.43281789329794579,0.30511794614087889,0.91784447395552582,-3.0324567707616543e-16
114,0.35232911992478,0.35867234535564529,0.69371784432285677,-1.2687271574017641e-17
115,0.27688852468382241,0.39032759492133423,0.48625908775056126,-5.692963731540259e-17
116,0.28847841428674059,0.30698177964550477,0.73714686331945933,3.0726090720166141e-16
117,0.23408981679098825,0.1578966653233933,0.56095379560561409,-1.0246826572280887e-16
118,0,0.375,2.1834692711083149e-10,-4.8849369129666894e-18
119,0.10334180299593014,0.34466639100717583,0.26397653003431626,-2.7518153381618783e-17
120,0,0.3125,2.9182758717837679e-10,9.7264694710941073e-18
121,0.1226699420537937,0.21982766493504294,0.36900967505161342,-7.3277609724816982e-17
122,0.1875,0.89835220750884803,-0.33097072800253541,-1.744835536593092e-16
123,0.11487159066228464,0.88558580851298563,-0.23304959329022606,6.8895088291558999e-17
124,0.19063368769723776,0.81233085016210493,-0.52078470428308832,-3.7861655973689781e-17
125,0.3393873952357096,0.875,-0.61876145799125848,1.2759701163493897e-16
126,0.25901789249973062,0.85788978832972362,-0.56621703702455251,1.5674489797500494e-16
127,0.45712232592802376,0.87363455287266156,-0.70626429366553167,9.8877864830623361e-17
128,0.5051789059151417,0.92778548069837008,-0.43813061037923556,3.5218397017630009e-17
129,0.375,1,-5.7671259123097599e-10,-4.8202267912149228e-18
130,0.39755523804630188,0.81399270649413125,-0.87288155642820875,-4.6577348626448362e-16
131,0.39884999118863645,0.92563208704894806,-0.42782022447486145,-6.9291207618846794e-17
132,0.32349335098074605,0.17714828954721931,0.76228085970812831,-1.0545344760377474e-16
133,0.375,0,5.8716093774026966e-10,1.3240898723361371e-17
134,0.31075921904433984,0.07861208250440703,0.39297273183776688,-2.2706373769047091e-16
135,0,0.4375,1.1936339713677652e-10,-2.7061880394776827e-18
136,0.067161737138882932,0.40832749853579914,0.11448657080507063,-8.1660015022919468e-17
137,0.071392522673009412,0.27580424664910685,0.21937098218080645,-2.5530681652174546e-17
138,0,0.125,2.2606807151276131e-10,2.8921334244328965e-18
139,0.20290366411285754,0.23298283224952931,0.59090045556275994,1.5216116433821525e-16
140,0.27666890795521182,0.23415850746186506,0.76099035263810466,1.4079950902362035e-17
141,0.3125,1,-5.2371987494080012e-10,-8.4803176390125982e-19
142,0.125,0,2.2917993690791679e-10,-1.8242270569800154e-18
143,0,0.1875,2.8766001875698841e-10,-2.5755619570877937e-18
144,0.10976469492081653,0.10976469492081653,0.21511538982403244,-1.4916456008002176e-16
145,0.070154559282358198,0.17019719074101086,0.1915104730531704,-4.9194331934932321e-17
146,0,0.0625,1.2131319220296177e-10,6.4195365014584161e-18
147,0.1875,0.06461465554587692,0.2188600982278848,9.9541531801310266e-17
148,0.16201817815875746,0.15942587770106362,0.41036790218312674,2.6990149098181518e-16
149,0.84037520226889029,0.91497891758683914,-0.24472898076224969,-9.7402572161824101e-17
150,0.24025001921902839,0.20447471621992011,0.65677994529506389,2.6470511691563847e-16
151,0.19785244695919524,0.18764921540042925,0.53791211966891539,-3.4353149150387714e-17
152,0.27698327787654825,0.1759201557948081,0.68314099799469719,-4.3685673116067847e-16
153,0.16477435719012259,0.2142831022166567,0.48222482327926636,5.1685463512758019e-17
154,0.15180687380799146,0.27844932944333206,0.45176548262064886,-6.0058075920617511e-17
155,0.27495312961695906,0.12069958003875797,0.52281910173218149,-1.6816455632180895e-16
156,0.22330662396198028,0.10500666840097456,0.39539611827626059,4.1069799264806418e-17
157,0.32485748358912908,0.12688105986036186,0.60975467815702777,1.9805759767799593e-16
158,0.3608273792363787,0.09018169682015606,0.4865129442662256,-7.9824276773516252e-17
159,0.36243066869652385,0.15305283089854263,0.74490283753413689,3.8117770070857309e-16
160,0.3125,0,5.2712752642064791e-10,2.3049998435269699e-17
161,0.42094102730103966,0.062851881876164542,0.37300955686853976,2.8088311512977893e-16
162,0.41235181294210188,0.18008443042337222,0.87091068417634654,-4.1458548963531791e-16
163,0.34568333317827638,0.041597208099768468,0.22880934515196186,-1.9101919810779156e-16
164,0.38690110400987854,0.039517028035666035,0.23044618354311916,-9.9550106343998191e-17
165,0.4375,0,6.1965587910695695e-10,1.9491941632803375e-17
166,0.19761114527591031,0.13778968812906078,0.44292875009348948,-4.2061728985783569e-17
167,0.2406902707404478,0.05352955529536757,0.22675909333062216,7.1694246940095507e-18
168,0.43592520111185917,0.14495482426748263,0.77367573872193474,4.8038654606197612e-16
169,0.44767179654003908,0.22570321422103162,0.97424537960725455,4.4186987195805511e-16
170,0.46609391132485539,0.041140615617358399,0.25413979630103345,3.1463723163552722e-17
171,0.28125,0.033009263837783229,0.15924690814258921,-3.3931477456701942e-17
172,0.27050825872972661,0.08064326194813673,0.36434921321778585,-2.2547903694242039e-16
173,0.48679783216051925,0.20993537489663361,0.9673499602934803,1.7991454099246726e-16
174,0.52048205566233796,0.17035289539160936,0.87541816238448045,-1.6056253419055764e-16
175,0.53095751513673828,0.21759130985136957,0.97456472549213802,-1.1159989442338917e-16
176,0.49336850942273358,0.13322196474457834,0.74224893934118441,-2.6937576854020286e-17
177,0.56167570731594485,0.17740908263987093,0.88001523394260273,-2.1373393429931097e-17
178,0.62521853179391451,0.15271868021283486,0.75564475646639906,3.755574601085513e-17
179,0.55428393218492522,0.26653408939637419,0.97987789193238317,-3.3821616738685782e-16
180,0.45937818122759211,0.26898932079186882,0.98464264877815266,2.1662378876886262e-16
181,0.4968597264744487,0.29622596141419455,0.95780328279603022,-6.2743057999600227e-16
182,0.40874075287854261,0.25959008565823893,0.95760173500289814,1.2480061688863096e-16
183,0.50112082791258372,0.33725755126660478,0.85325291141962734,-3.1110128704416913e-16
184,0.54669074397884732,0.37990605601189731,0.67760428134234585,1.4081676304347204e-16
185,0.38093480882153941,0.21849233721486877,0.91195130835956739,3.2020779632627741e-16
186,0.3349535426688186,0.22180128470997823,0.85464383437806024,8.0605398279741853e-17
187,0.60164911339507121,0.25745082677388825,0.94805404782769565,7.5707388890447364e-16
188,0.61711686405052768,0.21903637412287721,0.91509577356674454,3.4219523518475023e-16
189,0.574181427965332,0.30141275406580098,0.92271869161391085,3.7341149171245021e-17
190,0.51153985922356404,0.42869560631414894,0.43263612463076717,2.0399934399388878e-16
191,0.47687914771510759,0.41249808375581903,0.52164084648475462,-3.0155105096405814e-15
192,0.41408942415826672,0.38677622659887811,0.62925729919585638,3.7711042017464572e-16
193,0.51430471448133031,0.39363040608667649,0.61891118838866344,1.8293198035205949e-16
194,0.55364317838107691,0.42197216784556785,0.46465975653797081,-3.6579259394731142e-17
195,0.58716282923404284,0.39482465697704722,0.59106243222849331,2.1057627578955352e-16
196,0.5504462554579781,0.4772277524631765,0.14052530335596136,1.4081070193559476e-17
197,0.58143263231171816,0.3480130187347884,0.7900744737810006,9.3257598265832615e-16
198,0.48833398233278408,0.46152598017214602,0.23897971695387066,-4.0150927621811244e-17
199,0.45244955341103732,0.48556622169968411,0.089452767349834386,-2.8921526698902684e-17
200,0.41180379156616642,0.47719501026920313,0.13729220891612537,1.3820931213839465e-16
201,0.3697464602875456,0.51051898786798788,-0.06048257592463073,-7.9198371657849576e-18
202,0.60289628406877271,0.4948986394703635,0.030573767655767161,-5.2440001580701555e-18
203,0.54021754481250384,0.52183028113037178,-0.1355737141149243,-1.4011106676206389e-17
204,0.39219759863575238,0.54730767251447587,-0.27577680861912213,2.0629139125252674e-18
205,0.34504396917977431,0.57043330914358226,-0.37827227562162147,-9.720652426752918e-17
206,0.35139296259868502,0.62410422900674101,-0.62761218211224523,6.933252789344716e-19
207,0.32389653751869463,0.53476671645391172,-0.18432267464117222,-2.0484651569283639e-17
208,0.65632450173487511,0.45591729713748791,0.24101284569825168,-3.6511980161897938e-17
209,0.58403257015391774,0.53659226205852228,-0.21985987759479661,1.4730571082683825e-17
210,0.60035164551790188,0.58092573098947986,-0.46275892818361408,4.5879505990149255e-16
211,0.65001889120968848,0.58948936781530181,-0.47460208258831199,-1.5368248454086867e-16
212,0.56472287251987385,0.6140362977325946,-0.64299103749305919,-7.9796096942852439e-18
213,0.68411696120014998,0.60691291967560757,-0.52025141279565179,-4.2754408947429007e-17
214,0.39857319495703636,0.6398852597989676,-0.73093946945460486,6.4189850591116838e-17
215,0.40820945535812436,0.68459785608953483,-0.87850394715337077,1.0024554835543317e-15
216,0.35637617425427204,0.69952400363645839,-0.85489514762384966,-1.4333791669354834e-16
217,0.36526038698810009,0.66106248172806725,-0.77222178835596533,-6.3907279022118954e-16
218,0.29996408447895279,0.61443376355344059,-0.53348658298005025,3.5026402035236377e-16
219,0.26508063078007976,0.65259789922397804,-0.6064013005273583,3.1463524682505139e-16
220,0.24465174510824886,0.59533940247107797,-0.39165430606617391,1.4222532616162214e-16
221,0.27939209957369449,0.70468223073769554,-0.73817943677453435,-3.8619396342362758e-16
222,0.62063119314630444,0.46310098731521027,0.2137166692808582,7.0095077308300325e-15
223,0.64869204590242646,0.50156147274816387,-0.0086155600862600108,6.0404550115411952e-18
224,0.69621027692059601,0.48604707763313082,0.071709568576923399,2.3787147861880914e-17
225,0.67101754030496785,0.53738515773899531,-0.19957284986962878,2.9700859046624187e-18
226,0.69674039836444657,0.44388003720762809,0.28139207406310385,1.3543975229074156e-17
227,0.73359606987308257,0.51340450544223326,-0.061910335144874727,-1.382705066267142e-17
228,0.34156028053277976,0.76949513152636895,-0.87169123448615204,-3.6869314890605587e-16
229,0.18909426104734803,0.59543018428525185,-0.3160139073350528,8.4367693902786506e-17
230,0.25230340329333012,0.55443301217976471,-0.23862512559464277,7.6777252274295988e-17
231,0.24421038654992974,0.51119843056160175,-0.048680814171615863,9.4318862335929959e-18
232,0.18501444109589707,0.48177161219294873,0.062367057994770943,-8.0914616176495691e-18
233,0.22827952223055609,0.70372216365330009,-0.62957869063168792,5.560115114658399e-16
234,0.36321210541478594,0.73752560847297854,-0.90542418688658088,-4.2791815345083377e-16
235,0.31778616235000401,0.73007699557219186,-0.83421345700614136,2.5012692049887189e-16
236,0.14973992717273413,0.64613551887138376,-0.35989929138546267,1.0734639154803889e-16
237,0.17377241540980995,0.55672560989930731,-0.18093626222238413,-1.2268045727207905e-16
238,0.13244563142530885,0.52310670410426074,-0.058073160611407756,3.452630701937944e-17
239,0.18158835011471477,0.63022942512705704,-0.39371556140589425,1.2458479680199883e-16
240,0.10862609324716052,0.48926948764034978,0.022703925402183613,7.5553453781591916e-19
241,0.055488702331091391,0.46539879289212355,0.03727361578318672,-2.8716455840713736e-17
242,0.17095182989851368,0.51798249224746296,-0.057573598006041317,7.8860624366561454e-15
243,0.087645966540912487,0.44224664011509346,0.096536069914260073,1.6238075332380939e-17
244,0.040944547915051428,0.50386807376594722,-0.0028665790208968608,-8.3164867476324854e-19
245,0,0.5625,-1.1583379873481195e-10,3.2010350299782983e-18
246,0,0.46875,6.3732494333220754e-11,8.2702408752765943e-15
247,0.037525547296792777,0.43199529738638448,0.048511958512966982,1.7183885108908506e-17
248,0.53125,0.052716918645418699,0.32340968356258115,2.5154137168060706e-16
249,0.53125,0,6.2962429111939729e-10,-6.8969611580898225e-18
250,0.58164141829945193,0.046967603403483278,0.28123361698142607,1.3108924607471676e-17
251,0.62172439155179426,0.040473332978567131,0.23325160302604303,-4.7930382099101531e-17
252,0.67833180644953694,0.064278919612577631,0.33333797320806685,8.2600847451480922e-17
253,0.57471234726252474,0.092411958215590909,0.5331340600359773,2.7579517631897794e-16
254,0.6050695313176323,0.11829070117423701,0.63924698099382338,-3.7111670553439036e-16
255,0.52779866896711192,0.10007627206317571,0.58565611809680318,1.579162981894145e-16
256,0.65615768808893982,0.098679646408123781,0.51226677341911453,-3.4864657466225416e-16
257,0.65625,0,5.55398379973466e-10,-1.8576184854793515e-14
258,0.72723270850005106,0.087948125500153268,0.39673734621177698,-2.0110334040773508e-16
259,0.7205964244643368,0.039309210692045307,0.18851490745918129,4.4711638382197896e-17
260,0.76981954959274923,0.045476816802416942,0.18655568559088137,2.7469968091334411e-17
261,0.84375,0.0625,0.17976444368596306,1.4412839312849381e-17
262,0.80478157655768456,0.062688153115369225,0.2205847692666025,-1.5517928194357708e-16
263,0.14260486861486971,0.94078614573694053,-0.15742566431576413,1.4368001502144173e-16
264,0.14926950653349497,0.90287082983631306,-0.2585910937300841,-1.3813968698027242e-16
265,0.15411222958272863,0.85036445149441042,-0.3758926424177067,-6.4053811244793572e-18
266,0.1875,1,-3.507720935480357e-10,5.4559549105751543e-18
267,0.0625,1,-9.0264628861801575e-11,1.7259722152887258e-18
268,0.1030886236402256,0.92607263123434924,-0.1423692181669941,5.619516517101532e-17
269,0.11665019462616708,0.84809740879199347,-0.29239389782118769,4.9708182346525124e-15
270,0.058923877269927226,0.86414502673402027,-0.13902059639130065,1.4928019022640555e-17
271,0.14758106078187574,0.80754143139368129,-0.41820544817148153,5.8745731457154378e-18
272,0.11923405376569789,0.75156871543695203,-0.3659294948267745,1.2427268094383421e-16
273,0.17405745617077623,0.7654392945237477,-0.51743552634037349,-4.2807478483420155e-16
274,0.20918073846298196,0.74371100351250563,-0.61010220664548642,4.9792882867929228e-17
275,0.15625,1,-3.1047376736113048e-10,-6.1920370326401294e-18
276,0.19303628195999079,0.94917610375442396,-0.17899387889236668,-9.1642790227995099e-17
277,0.2456680515235013,0.91772940528811398,-0.34454447594179988,4.1313136442820336e-17
278,0,0.9375,-1.1936130138458236e-10,4.2589845432558089e-18
279,0,0.84375,-2.5423302300276253e-10,-1.3362017613136665e-14
280,0.22533100929241262,0.88178339836236208,-0.43923163849204011,-1.4364654669450247e-16
281,0.29273574934587365,0.89682097056780397,-0.47999552927590861,-2.4805240331408524e-16
282,0.3392223285278862,0.93542649536037237,-0.34508552270864751,-1.4653359225358744e-16
283,0.23494104694604245,0.9595435809253412,-0.16925435640848258,8.8930652339402049e-17
284,0.28785654218998691,0.9508354767844962,-0.23885115512886604,1.4779174886738057e-16
285,0.03544573590266116,0.9020542640973388,-0.064092374658857615,2.5279655556292944e-17
286,0.19532045091688235,0.85338279471856127,-0.45833063743403218,-2.4282002184210397e-16
287,0.36488923982756594,0.9052831363774213,-0.51058531355630143,-3.3047698120006737e-16
288,0.38623222606268559,0.86143062008704696,-0.71615032602605666,-4.5844734587300837e-16
289,0.42543286409891601,0.84571715858530194,-0.80196959540625856,-3.0208989802657852e-16
290,0.46583798765231488,0.78210060291907491,-0.97348304170303002,-2.0425590255796988e-16
291,0.37363971670988821,0.95855541858881421,-0.2372314739073926,-3.0100217441145106e-17
292,0.4375,1,-6.1661611726905997e-10,4.2053973263967759e-17
293,0.67746544355710392,0.3429521500437504,0.70690110175210008,-4.3265657488456114e-16
294,0.71272749699426075,0.36467923701167665,0.59008664919467391,-2.1583923082238867e-16
295,0.75458004640131671,0.37019333280766731,0.50729774105284597,-4.2037239823607509e-16
296,0.78148626782111086,0.33530316151133754,0.54468886598667854,1.6165225990531705e-16
297,0.76293323361092635,0.29368874364409214,0.65230347580350845,-5.540495708013171e-17
298,0.66403088381787001,0.3786264731253266,0.6008857755611503,1.6757396381826202e-14
299,0.63739640113986262,0.33721228151479876,0.77501685876103166,1.1783870426760368e-16
300,0.69737206499775628,0.28370915158706583,0.79440577570921755,2.3210179820441151e-16
301,0.65703372377137748,0.29885805578661306,0.83929666937881864,3.4869001128493574e-16
302,0.66484175056237282,0.25836848118821604,0.86720650590001769,4.0777912518662068e-16
303,0.70516527127228179,0.23123105655716603,0.79396144123458789,7.4334767225624769e-17
304,0.69529056448180482,0.17828881535886787,0.73666503173618947,5.9800734025996666e-17
305,0.70404933802465874,0.31891880036248416,0.72750672047106335,6.692105288477716e-16
306,0.65566016177049935,0.1780941384848391,0.79308889732442933,-3.6142250623079681e-16
307,0.74829489563403051,0.14621247822227823,0.56480943092363856,-2.471144412613261e-16
308,0.74535198837437777,0.19816859395260417,0.67989546386203636,2.3286903253519409e-16
309,0.77590781939257014,0.17383793840294462,0.57431867646203938,-2.316114725025187e-16
310,0.78338231205598974,0.22088231205598971,0.61838534638240583,-8.2001826374001729e-17
311,0.83018456398072382,0.23231543601927618,0.50435565854494124,2.6158631221164062e-16
312,0.83946101521053895,0.27443439064146835,0.47772939160910621,8.8454922800018114e-17
313,0.88495641762463007,0.30254358237536993,0.33437330931494136,-2.9286522712929485e-18
314,0.90466391596934326,0.34216391596934331,0.24710064217995914,2.2404546098490802e-16
315,0.95149866536850636,0.36100133463149359,0.11635396223998409,-3.1604316070729126e-17
316,1,0.4375,1.2075138892225111e-10,-2.6670175297650528e-18
317,0.96561459788640924,0.40311459788640924,0.061476756435072846,-9.7226498137277794e-18
318,0.74815806110998773,0.68356701433467226,-0.64995700859503269,3.7494781938875419e-17
319,0.82294498025468732,0.60741427927614777,-0.32979417252197596,-9.0007054079497729e-18
320,0.86670787010370076,0.64466621788249789,-0.32061956419955079,4.2600742385053327e-17
321,0.79673585003313152,0.63479133796950349,-0.44608424048357509,-1.5098811738746133e-16
322,0.78725725307519501,0.58379866251183166,-0.31110740127738784,7.4548435361817793e-17
323,0.82778879265133576,0.53525407042911344,-0.11305680743971694,-5.6952025915532453e-17
324,0.92261368709201075,0.63003278405678353,-0.17531443039754188,-2.7337183683562757e-17
325,0.86060256236807464,0.70089152306075786,-0.4044630237265997,2.0014384890448185e-16
326,0.84437161814250528,0.57260988284216385,-0.20710232821901889,-2.5120465780638693e-17
327,0.8722926099044519,0.53785672767774839,-0.092173444028076826,-1.2268978314680689e-17
328,0.87216569672496247,0.49719037341987177,0.0069605907321459463,-5.570468871297087e-18
329,0.88491807006510692,0.44554739771331642,0.11868760425995425,1.4629535269132126e-18
330,1,0.5625,-1.0798599700492642e-10,-2.2756837657380216e-18
331,1,0.6875,-2.8976322177215641e-10,-3.963063813280387e-18
332,0.89683100132890492,0.72872472648740383,-0.31548620778308989,-8.1335934146253595e-17
333,0.91596825663492298,0.47262059076574353,0.044177505088234974,1.0686188214437495e-17
334,0.96126779367488147,0.47623220632511853,0.018691565546243474,4.8972982558059521e-18
335,0.83728440880199173,0.41821114089439598,0.24052526267258922,-1.882962109705843e-19
336,0.90586889976700802,0.40663110023299193,0.16112227222232656,5.2084469528420118e-17
337,0.93994867576886021,0.5717919108141456,-0.081248566356756424,5.5937133992323785e-17
338,0.95764341852591661,0.52558158951168521,-0.021563758497216614,-2.3842754550403256e-17
339,0.95826066354485218,0.6628684289006187,-0.11152406084132095,2.5391860036519689e-17
340,1,0.59375,-1.8355165290411694e-10,4.0430994622121765e-15
341,0.96013519081373322,0.60950054156945965,-0.078917576591009939,-2.5010691259158096e-17
342,0.73915948604723714,0.58166434486069341,-0.35834083366625957,3.8294411473506976e-16
343,0.29922674820583717,0.44141356124941528,0.29048898561808467,4.7779151438307127e-17
344,0.32516051601582452,0.39964670141747483,0.50264541599802293,1.7159676302495282e-16
345,0.37065332205337287,0.40031689087397299,0.53836689262309367,-1.101012076647527e-16
346,0.34028193339223611,0.43797064485397252,0.3330109552708424,-1.4586780841865822e-16
347,0.039791105543471469,0.65625,-0.10367485549801636,5.2571057188888245e-17
348,0.079129421283301554,0.65982033938581874,-0.20737838488300611,-5.1900265905945777e-17
349,0.051105339648358256,0.71161490155510199,-0.15515166718652085,7.4687699372560072e-18
350,0.087702664906833816,0.72727262467885279,-0.26927051119936085,3.9267082749439717e-15
351,0.11510759703460466,0.15646403667900566,0.29463264901994013,2.0095807211555911e-16
352,0.052298460545834792,0.78125,-0.16028860282710894,-6.2582284477799836e-17
353,0.063341938835968351,0.82207962862301931,-0.17776022696170174,5.9373538482912092e-17
354,0,0.78125,-3.0995834910760175e-10,-7.8692556159869246e-15
355,0.037471701701316147,0.74667626959105748,-0.11737254289143401,-1.9201106567955861e-17
356,0.090418606721323597,0.77690107944215225,-0.27588778590852769,1.2950465954355116e-16
357,0.12108730154585443,0.39686309828726768,0.22407324087887723,5.1634520049151729e-17
358,0.16030649442132577,0.35441475756634971,0.38223321264232407,-4.5352965851864941e-17
359,0.15738087716634036,0.42122292186375188,0.22538845254249099,-1.1994613515563191e-16
360,0.1371275677185006,0.31854998467740225,0.37954420635101993,-6.9532542166568196e-18
361,0.11129608790514767,0.28635698234054136,0.33335848712800598,2.6937711892172385e-16
362,0.20358031780127492,0.35747526184834139,0.46557793188234636,6.0374976244318167e-17
363,0.25007010659746359,0.3390224903131725,0.59969272050665356,-4.9257378987670296e-17
364,0.23508876889040209,0.38538367368956877,0.44360210521716448,1.0907565411974703e-17
365,0.25161371808768235,0.42484468463150094,0.32302218036130087,3.3531804453389355e-16
366,0.20993610156927783,0.44350668357205619,0.21314669787170853,-5.7062838345661421e-17
367,0.23917367473551052,0.27200766447977986,0.6763392387628866,-5.1674593507959716e-16
368,0.050817982116023619,0.35692743421547829,0.12485177570217813,-2.7351745652410045e-17
369,0.069541867455295434,0.31850554282736498,0.1967879047341724,1.5604876235213679e-16
370,0,0.28125,3.0958107309379543e-10,-7.5528030895005418e-14
371,0.51897480029805154,0.86714270750901068,-0.73988742558765352,1.8494441846641229e-16
372,0.5337816333170774,0.90240181115784057,-0.57200786379746504,-8.3546000403010604e-16
373,0.5625,1,-6.1277369829345845e-10,1.4504416161406336e-17
374,0.55082337393762359,0.95041156036152807,-0.30265553131100364,1.5424163425503824e-16
375,0.51526014375339024,0.96480142624983212,-0.21878097766764348,-1.0869385984469757e-16
376,0.46554357096330395,0.95846088321050016,-0.25620850611774215,2.803562775497654e-17
377,0.42327902955459018,0.96016340813765266,-0.24039965618508474,-8.4714295337551612e-17
378,0.46418713400996836,0.9157643650317614,-0.50191617635661168,6.4822778487073256e-17
379,0.48380883191170976,0.82999366531162622,-0.87513556618589783,4.0428624949447594e-16
380,0.50219563843665171,0.79577629250256665,-0.95885975721997807,-5.0931250752798043e-16
381,0.50487858948438902,0.73347614886933599,-0.99473421422214781,5.4494285699431355e-16
382,0.45355256235092017,0.7149533681773026,-0.96542574732800024,-1.5486724201091762e-16
383,0.56665313448553822,0.84902077873349113,-0.79557357555704367,3.6842113296510654e-16
384,0.53196110771192895,0.82952814504036931,-0.87328669529969294,2.6810795504364309e-16
385,0.57733907331101286,0.80933819188567524,-0.90369408392587669,-3.2091645681833385e-16
386,0.61586385629501417,0.78122066970959392,-0.91603146543740233,3.68264075299685e-16
387,0.6558427421743489,0.77648461342276043,-0.86909040545883531,1.8557900872143808e-14
388,0.69545700269285393,0.73670522088759061,-0.81520887807304898,9.2803291774177707e-17
389,0.5973827027467522,0.74331767251659187,-0.9528113893471738,-3.5512107927751636e-16
390,0.60833873648043424,0.94465007759709718,-0.32115219204967432,-2.6965278543686826e-16
391,0.54199343457333726,0.75007216534713883,-0.99067428679005121,-4.6699283475519142e-16
392,0.52573416079346447,0.6927378097323722,-0.93226139583419598,3.5283204366813013e-16
393,0.48890688956902395,0.66712556221208341,-0.86712639930579838,4.757821110040966e-16
394,0.48058299304191077,0.60023081430700831,-0.58793027200135584,-2.1102252133498849e-16
395,0.44027997194951102,0.56727320886875798,-0.4027303480337055,-1.8691409509199865e-17
396,0.52364679458529362,0.60107629530228879,-0.59145055967010296,-8.0515975235029136e-18
397,0.49801818460392455,0.55161224380306439,-0.31848306694689688,5.089826818369595e-17
398,0.46429319102684197,0.52613778305042946,-0.16228456525964324,4.1997755384550711e-17
399,0.43674145896419886,0.6127219414530507,-0.63728933851897129,-2.9468389406795993e-16
400,0.4712013941746272,0.74642179732781644,-0.99484679758653682,5.9850910459794698e-16
401,0.71631972977416469,0.76964515789061527,-0.77094783491760699,-2.5639837680499351e-16
402,0.75640636295037589,0.79967709887004235,-0.65956177803667659,4.2809497188088225e-16
403,0.79288771186899065,0.76972082897628402,-0.60085618208436897,-4.2991721539564688e-16
404,0.72412474062913446,0.84185333517010708,-0.63904218181462835,3.2064743199642617e-16
405,0.79140431745663498,0.71645156369575969,-0.59600388851801722,3.1378855517693616e-16
406,0.83165184414992299,0.80296369604881046,-0.47710085624323717,-2.9453270992565053e-16
407,0.82889316199244778,0.85569576721678398,-0.40323212831374927,8.2830443875968293e-18
408,0.79363828031726458,0.81026815729210877,-0.56044609213386987,2.8707366731136184e-16
409,0.66483525642563956,0.69028957433007387,-0.80842043807501374,1.4986811737460109e-16
410,0.61200662203175304,0.69250513182361062,-0.87797012768009197,2.0763413657191641e-16
411,0.57524341923150613,0.66117736454163289,-0.82438624773607916,-3.0114340904845219e-17
412,0.72906945350221919,0.71733829810104299,-0.73601652673382023,2.2510174971000322e-16
413,0.59375,1,-5.9922915362185327e-10,-8.2181938450871672e-15
414,0.62816908302536345,0.8913599229228556,-0.58002780829664269,5.596094807286741e-16
415,0.60117523037431253,0.86472133353373071,-0.71368077091133519,1.7046557914746086e-15
416,0.6875,1,-5.2428367677453103e-10,-2.1025978325522528e-19
417,0.74845452954379676,0.87715941155356081,-0.49479320708060742,-2.3400411272844392e-16
418,0.79348609420688876,0.89832655310792409,-0.36046359584522419,7.5578908455215338e-17
419,0.8125,1,-3.5175204521054462e-10,1.5937249213009504e-17
420,0.79152597700334093,0.95130772820059306,-0.18331658607359783,2.6224617764717892e-17
421,0.65076309637786989,0.64805970239009825,-0.71323519904429833,-3.5094724057034192e-16
422,0.70550737013175602,0.68349783794281471,-0.72986432316743899,-3.6695911097312857e-16
423,0.64664642295428376,0.85405272099282137,-0.71119026129904273,3.23072599522011e-16
424,0.65625,0.96041059868027212,-0.21714933347576271,-1.2546555331220358e-16
425,0.70761976071580179,0.95199007670144009,-0.23606219501527681,-2.0438779780033143e-16
426,0.7468639054668863,0.96005804342149303,-0.17734223554287606,-3.9573897360705815e-17
427,0.67595467358185191,0.91971782604978247,-0.41132372816056867,4.7239979715559421e-17
428,0.71241086543206811,0.9022993395612906,-0.45253692616416835,-4.5009698181546901e-17
429,0.31079302649762003,0.26599390351263297,0.82371643219086743,-1.3869856889561463e-16
430,0.044918498808291837,0.21875,0.13785802330303601,-4.0525187648211057e-17
431,0.083947897820809261,0.20820130566767198,0.2515945029964472,-7.0349322147736416e-17
432,0.037956049285468932,0.25664997558404945,0.11867413324825776,6.425941488015671e-18
433,0.054822399823064513,0.11695044707573851,0.11486944715596056,3.2150460328817988e-17
434,0,0.09375,1.7126003065082551e-10,4.5632938837175056e-15
435,0.0625,0,1.2020695333864979e-10,-9.1979660982577729e-19
436,0.075258136295527356,0.059564784500691637,0.085283605906931209,-2.0813871899804023e-17
437,0.038625486294113005,0.078850988855486762,0.05766943574005854,-2.8542320501321191e-17
438,0.034588945768129119,0.034588945768129126,0.023055859565159868,-1.2234073389029202e-17
439,0.09375,0,1.872811685061878e-10,-4.5303811090244747e-15
440,0.13157136500376959,0.057815599494366723,0.14320500694754015,-1.0482868148365773e-16
441,0.10269221506704841,0.035428895241797619,0.069567393872153424,-5.2033334958837147e-17
442,0,0.15625,2.6243842303835606e-10,-9.0192558839024512e-15
443,0.03755654499107336,0.15075285691172624,0.095449308079296261,3.8183408569372241e-15
444,0.19371503285868535,0.27410173791130993,0.56512284742320851,5.0435764553344747e-16
445,0.15942960895585881,0.10577943568512688,0.29613658029424472,-1.5540483104075836e-16
446,0.44024851339543092,0.10174698705210057,0.58510664365100096,-3.5514666249474823e-17
447,0.6005561334329339,0.18335952575197284,0.86799223000405734,6.8458330908993808e-18
448,0.41377586607079297,0.42839961092328316,0.4187337215178526,6.2474414595811315e-17
449,0.39804588118205758,0.34011976824598344,0.80189283737747408,-1.6685080999900149e-16
450,0.35945835272217114,0.31063671399193382,0.83843760802671574,-6.429609797082265e-16
451,0.32288977104908156,0.3297562292872161,0.74431698972735028,2.0713315702776341e-16
452,0.39523432199104308,0.29586333902414635,0.90693791644039345,1.286149586387522e-16
453,0.30676302214137718,0.36526231254752589,0.61504898125502694,3.3403362618947501e-19
454,0.44423053061848816,0.35071229819941518,0.79404811285943155,-5.7958960398436277e-16
455,0.63089156277569169,0.41988439907178943,0.44261768945611263,-5.3380607526290841e-17
456,0.34523939770532214,0.82234571303370707,-0.79402990130409257,-7.7847612621813987e-18
457,0.30389522600348534,0.84440305739119104,-0.67654175210363077,-4.0395497989455679e-16
458,0.2669586261313085,0.80290429637924188,-0.70335083481970762,-2.012729627632627e-16
459,0.2968246080214772,0.76959792929790949,-0.79640761163636797,-1.1180305463504986e-15
460,0.3100100646099147,0.80608835658507094,-0.77543656039933262,4.9009456504659033e-16
461,0.23103971154257069,0.82578319061320526,-0.589452828254594,2.3394116430574067e-16
462,0.22390828825111853,0.78373552706292082,-0.63219683492573386,-2.5140393550903122e-16
463,0.18226444177432488,0.67353985769733704,-0.48026572498452996,-1.0287665389603918e-16
464,0.14504269157565114,0.6916934564210615,-0.41096180271119392,-1.56085826073172e-16
465,0.11876554527290364,0.61564946446299296,-0.2418683111660741,6.3356427577375679e-17
466,0.036053592569138398,0.59375,-0.062674848103993763,-7.7963934715908559e-19
467,0.045654636719778048,0.54919840944744147,-0.043353103298282944,1.4425755397857768e-17
468,0.090681938010935867,0.56483520300587098,-0.11162258446811155,7.920395884157069e-17
469,0.84375,0,2.876324276170877e-10,-5.040578895802856e-16
470,0.890625,0.046875,0.098051073588142967,8.8970693776176388e-18
471,0.90234375,0.08984375,0.16156549010789251,-2.6273720451339447e-17
472,0.948974609375,0.113525390625,0.10483638059965077,-7.1242356656134321e-17
473,1,0.1875,2.8653002038318385e-10,-5.1026654765953356e-18
474,0.96664333343505859,0.15414333343505859,0.08629738369713931,2.1842718062357602e-17
475,0.828125,0.109375,0.32601625093914849,-1.4268692975721151e-16
476,0.83984375,0.15234375,0.39411750622372638,3.3576732874851376e-16
477,0.79360947759338418,0.13479656721984742,0.45254435614283978,-4.6727492888788007e-17
478,0.886474609375,0.176025390625,0.31196071008469783,-1.8425982093083782e-16
479,0.91561794281005859,0.14266872406005859,0.20482272933760401,7.6752041101135407e-17
480,0.90414333343505859,0.21664333343505859,0.29010472863964387,-2.7663040102785159e-16
481,0.85197783395666393,0.19781866060094017,0.42440723223413507,-1.3762944102844716e-16
482,0.95094732473080512,0.23655267526919488,0.15285572111462636,6.9278740710086457e-17
483,1,0.3125,2.9378095589517471e-10,-2.7564580809142608e-18
484,0.96585671132134843,0.27835671132134843,0.10515624896678648,2.8637012067797831e-17
485,0.91834861251989264,0.26994487016445745,0.25173119932785748,-1.3907279311543758e-16
486,0.03125,0.96875,-0.020195716717812728,4.3368086899420177e-18
487,0.09375,1,-1.9136190476843493e-10,2.3983744938767768e-14
488,0.41806508922493241,0.8885150259430844,-0.62352710790916144,-3.1483496896475389e-17
489,0.85630964205781646,0.33551943421352348,0.37473295281402313,8.6505581093211769e-17
490,0.82581960380009278,0.3720389227873796,0.37478236493968431,2.269199536990498e-16
491,0.73444402852983304,0.64652532712974364,-0.5892882168091127,4.2798617197827898e-16
492,0.72016884809265458,0.61288560705726214,-0.50168677821031049,-5.0674299118695203e-15
493,0.78856582844990197,0.49751555298361516,0.0099190919312666798,-1.375532000595707e-18
494,0.78821249477410993,0.44786277849976341,0.19840808023490197,1.5357655564761568e-16
495,0.95826066354485218,0.71875,-0.12812075068267437,3.1994506598052031e-17
496,0.84375,0.96316554061265491,-0.10795401163846177,-4.0386887835728152e-17
497,0.88668665203644959,0.93594693962560549,-0.13649135943254254,-3.490323907299246e-18
498,0.88287970735864507,0.88272785035631018,-0.2416699668409675,-3.0883422491922455e-19
499,0.9375,1,-1.2249308062899179e-10,-5.7239610012788732e-19
500,0.93935858429692409,0.8473210163622571,-0.15489535565225887,1.9813229211386233e-16
501,0.90338802027972986,0.85269220143771995,-0.23897617199023793,2.6328648986742907e-15
502,0.90625,1,-1.8106083130923931e-10,-8.5491758050052315e-15
503,0.91127643380320988,0.96345071690160489,-0.06266699541476202,-1.099932559052168e-17
504,1,0.9375,-1.1977382220787353e-10,-5.03202499639884e-18
505,0.96875,0.90625,-0.054778841083345922,-6.7428042351144003e-18
506,0.92579852712577482,0.89454852712577482,-0.14251143457038587,1.205255652767644e-16
507,1,0.8125,-3.0254272638124952e-10,-3.084543334695931e-18
508,0.96875,0.96875,-0.019030066424695031,1.0449263560685252e-18
509,0.96614784370783813,0.78125,-0.10403251344302578,-1.3897584911075647e-17
510,0.9333450710437825,0.8064162516594594,-0.19485306688360496,-4.89092916040297e-17
511,1,0.84375,-2.7255576994289689e-10,2.5337519785453067e-18
512,0.74092728292898791,0.41851701713770517,0.35670606231964092,5.0574576315083308e-18
513,0.87593997834537651,0.78116360568268117,-0.37246326962584148,-2.6606934679795957e-16
514,0.41987345186476732,0.77273261610268906,-0.95983397317442476,4.5523911231006975e-16
515,0.43658925881836858,0.80816334024304093,-0.91576427038343788,-2.5463933983851798e-14
516,0.38042958757316697,0.77806300351593394,-0.91574694923322753,-3.1707493165824315e-16
517,0.79608012933960026,0.26372370997372585,0.59544710383308663,4.876149658258107e-16
518,0.9375,0,1.1059452532276957e-10,5.5350533714879733e-19
519,1,0.0625,1.1629248080470754e-10,1.0264598889952071e-17
520,0.96875,0.03125,0.019082517790551794,5.5604697968722117e-18
521,0.1875,0,3.4278063155172641e-10,4.5603444845668633e-18
522,0.15625,0,2.9516805287981325e-10,-4.9473814046620069e-16
523,0.20851723100393624,0.03230732777293846,0.12277703088794281,-2.4692821837022671e-17
524,0.16249863181595847,0.036842080814270664,0.11207378215883004,5.3706138553246251e-17
525,0.546875,0.02635845932270935,0.16296562380466456,-2.6914990106904896e-14
526,0.51682991190825844,0.02635845932270935,0.16457168434318634,-2.2028822966475702e-14
527,0.546875,0,6.1816432831786652e-10,-8.1244942416965444e-15
528,0.57207070914972591,0.023483801701741643,0.14322435290137028,1.7889135109994543e-15
529,0.59375,0,6.0177922899360104e-10,-1.2503282100116363e-14
530,0.55644570914972602,0.049842261024451003,0.30301114800054335,-3.0551795010051702e-14
531,0.57135331476307638,0.068649365829130782,0.40730369162449975,4.3742190777810638e-14
532,0.59715931575000425,0.067612681740719716,0.39311932569811531,9.8716855455752801e-14
533,0.54923790618922108,0.08389426497040775,0.49677901073522618,-4.5545579414774371e-15
534,0.60230937465350864,0.0475870717820766,0.2794644736605818,1.4749227805707366e-13
535,0.60419572103083374,0.022684465914195234,0.13448871854161509,6.9571801680534069e-14
536,0.59807856943807713,0.091003271911100247,0.5154134884370033,3.083468578403715e-13
537,0.54544785011639141,0.065303180683168649,0.39444546160654537,-1.059574994425752e-13
538,0.49739529018374962,0.054114353836886363,0.33344832563821369,-9.8595136036774132e-15
539,0.515625,0,6.2389860525765092e-10,-1.3599277722105076e-14
540,0.55477568336561844,0.10968497360800027,0.62617100939064363,-1.5916060954977429e-14
541,0.51397703896785873,0.045042872258447761,0.27880924047738564,-2.1270930896487805e-13
542,0.57926819121951068,0.11781239547637716,0.65311256754482905,1.3070565692019002e-13
543,0.59158976521677209,0.14928984268142748,0.77280409868532651,1.3042628770614283e-15
544,0.59192869545221505,0.13100686107922357,0.7019508547800527,4.5225614441594303e-13
545,0.859375,0.03125,0.083149432950944221,2.8602362911687992e-17
546,0.578125,0.97015179820125286,-0.1806829169937291,1.9981469533106612e-17
547,0.62732892257368389,0.48768118147203054,0.070998550141012626,3.3250529113838716e-13
548,0.64075435705074979,0.47082034273890416,0.16462413295634926,5.3362551181274514e-13
549,0.62427551545740534,0.51576078493127275,-0.091410950206201422,1.7303490246663618e-13
550,0.6077257222652459,0.53307641351496848,-0.19443114848032109,7.7251098013999003e-14
551,0.60902286059228095,0.55776918564345312,-0.334009150591842,7.0563449152628702e-14
552,0.59301645293280014,0.51554277092467971,-0.093214867772451415,1.5117213836918684e-13
553,0.63253091390241045,0.56973902132676102,-0.38791455593180124,6.7960180591120854e-14
554,0.56636995509570442,0.51661199393866564,-0.101784146051442,1.4665270386720273e-14
555,0.65213986024939774,0.55399702943553009,-0.29511047805587498,9.8340889320215477e-14
556,0.67501825733060916,0.56096376501032008,-0.31845537228471088,7.7795378086902223e-14
557,0.67760494800692539,0.58432698221494794,-0.42840804967863777,6.5120181927326899e-14
558,0.65909009903189242,0.57222190746471979,-0.38421732542413117,1.1735362658012701e-13
559,0.62342445169607119,0.59541990611867956,-0.52212945221140217,6.5344178742896651e-14
560,0.55813456091053981,0.54168914189071216,-0.25453837721253797,6.5711212397842074e-16
561,0.54955788561831309,0.50049816325528229,-0.0029873784663386844,3.1857875779822295e-14
562,0.52475782125744086,0.50235027924289721,-0.014586640652534915,-1.5156041808375054e-14
563,0.57540132417700007,0.48983259827874509,0.062009744279308922,5.700810061691402e-14
564,0.51277539946359574,0.52773434718482304,-0.17330500942716698,-3.0777731036968358e-14
565,0.51491384436738685,0.47447216949948284,0.15960604358543257,-5.3392753401668026e-15
566,0.64261302587313973,0.61887336335708021,-0.61219382512723108,1.5493267088917221e-14
567,0.60130576578171091,0.6050184105504306,-0.58174742093763021,6.0089551156854059e-14
568,0.58688360985560961,0.6252239187573696,-0.68203810509994467,2.510511734849154e-14
569,0.57914502844597515,0.59383078952565571,-0.53908322967538802,1.8217045731993061e-14
570,0.59783714636807506,0.64863122744279311,-0.76672268345924299,-8.7925118816538503e-15
571,0.5663145515150021,0.63842555716412519,-0.74743498736134961,-4.5552857633856088e-14
572,0.55419733927472514,0.59127362090778313,-0.5346313167987542,-2.8560595780790158e-14
573,0.57699943004548171,0.56642824389544244,-0.39377126249532229,-1.3763079273548458e-14
574,0.62431906856715291,0.65010006560681144,-0.74798719217457998,2.5701194370402361e-14
575,0.59671086536828966,0.67322000269637949,-0.84521231468395597,-1.1929797936032665e-14
576,0.55111050572825582,0.65752028731888346,-0.82540755086864959,-9.8683060927855313e-14
577,0.54416001538854653,0.62762482745106241,-0.71174021701464807,-8.2927510554380912e-14
578,0.61872715077247342,0.67146644661325883,-0.82032171977509161,1.4387626055052735e-14
579,0.63833391452884858,0.68932230150859974,-0.84230284137178979,5.0113207960121703e-14
580,0.58518039731824201,0.69807363053719629,-0.91330408156252885,-4.7983750055152012e-14
581,0.53161009739704601,0.67022042250055869,-0.87250152377609125,-2.3273071793944738e-13
582,0.52040531786727107,0.62478011130264743,-0.70413821463143089,-1.07568818826143e-13
583,0.55924868875335365,0.68527135484751811,-0.90368340544808512,-1.3507919175514385e-13
584,0.50968938945285358,0.67652554963236389,-0.89480584171801791,-2.8946604636850749e-13
585,0.50266787820129288,0.64447390625743217,-0.78836819328581875,-1.6142874333251899e-13
586,0.50192786311495463,0.6101797924540332,-0.63839382621054452,-1.0296920530092604e-13
587,0.49792851200405164,0.70421056203184729,-0.95928861772878193,-1.6616249216855999e-13
588,0.57384017646131402,0.46191791744682231,0.23075645324202673,8.3398019677695775e-14
589,0.53128739126047209,0.54705054383183238,-0.28992340225523633,-3.5768072219619604e-14
590,0.48845955716590694,0.52920560572755615,-0.18236838563169525,-7.6048591278790218e-14
591,0.49562189535668655,0.48032183685945345,0.12311756666287391,-3.4355732735044893e-14
592,0.47551498299306172,0.49512144578274231,0.030458983612726084,-2.3142881649310308e-14
593,0.47073114107959552,0.47405267711715521,0.16149239466411919,-2.976473387488715e-14
594,0.457445832959675,0.50612218550878352,-0.037971838567770755,-4.3489057376547019e-14
595,0.50948488384667578,0.45185969157990502,0.29726601507491612,8.1815253624709958e-15
596,0.53532944809098648,0.44247926755892392,0.35162061146991092,4.8606784139059345e-14
597,0.53204010949988589,0.4841017995652388,0.099584632721691116,4.9488543899725204e-14
598,0.6619931178688242,0.60813259579493995,-0.54814991741499774,1.0602203390227668e-13
599,0.67428433362981088,0.62982106262293025,-0.62135184772286622,2.1492101585030533e-14
600,0.62483492431845244,0.61384226725546143,-0.60498416143222455,1.2918810491610734e-13
601,0.59080379435885777,0.5539353616537106,-0.31868515456332469,5.6411104656653528e-14
602,0.62952711914033277,0.63217911947728656,-0.67741921432444607,1.2117210428738238e-13
603,0.64034256181285731,0.66742408131246911,-0.78483519135264401,8.1807328577716133e-14
604,0.65069130260157104,0.71428010319432156,-0.86768644530671191,1.1799685481336987e-13
605,0.60320002267469219,0.71748124279905234,-0.92800294358647728,2.103068012962465e-15
606,0.57784769695938754,0.68026223178339551,-0.87732464585154057,-1.4623758430878421e-13
607,0.51457727171094036,0.65865984941793676,-0.83832257756779538,-3.1372014992612585e-13
608,0.47163543010640613,0.64112730754498859,-0.77189643400230101,-9.681159548198956e-14
609,0.48330881593775787,0.62225423053233075,-0.69306297941469508,-1.8153922717596528e-13
610,0.45940531130946616,0.62051607485803917,-0.68105583420680482,-9.8038272214622635e-14
611,0.44176173788294881,0.63497207372225417,-0.73715028513133019,-2.0394104479443233e-13
612,0.42153827927957765,0.64947856861761244,-0.78250380137295228,-1.0922507927649599e-13
613,0.4177050066097584,0.62637059720621335,-0.6891503038266803,-1.2645682289483121e-13
614,0.42709363860928451,0.67167598241143245,-0.85827019489208756,-2.6936211388829536e-13
615,0.40265409602841751,0.66240044229571482,-0.81251885410146574,-2.0856054961261299e-13
616,0.39547236141301778,0.61519646552857965,-0.62651552867722793,-5.7808515260944627e-14
617,0.4527012122919799,0.68574694654412049,-0.9098893954111843,-2.2428946952825735e-13
618,0.38333834774639164,0.67902848392548787,-0.84195274346264637,-1.2730769723695755e-13
619,0.38422985321936159,0.65411243103859029,-0.76968092461008675,-2.016380737552597e-13
620,0.37537038925528576,0.63083681000932013,-0.67692252362397864,-7.2790751169699855e-14
621,0.41534442630300861,0.60124280999632429,-0.57297530584249023,-5.935171189859067e-14
622,0.39059140895745093,0.70495659214304951,-0.90437581057478877,-2.1469999234870826e-13
623,0.36349956067341155,0.68091259057077536,-0.8253169960323542,-3.3352473279272196e-13
624,0.33651505490580164,0.68125338163561078,-0.79092432200928386,-6.4360796841427123e-14
625,0.36995850356494603,0.60404779317738622,-0.55785691506729107,-4.7383886005393483e-14
626,0.41497592283460932,0.5748354803837139,-0.43690341333508192,-1.8414564189472912e-14
627,0.43528953484367611,0.58974678292139293,-0.5231115847134985,-4.3854704235911519e-14
628,0.46057898287705917,0.58357163710674087,-0.49720306273094733,-4.5700493629386435e-14
629,0.4531604403553926,0.60182682250064246,-0.5898426033918589,-1.3081216875067586e-13
630,0.46672115286961574,0.55513182236741299,-0.3378065799953035,-3.9996266206738649e-14
631,0.48513330466520505,0.57442709191239816,-0.4500812860956151,-8.0104873159069075e-14
632,0.51309421818875423,0.57517240921640866,-0.45426695907002951,-3.1637659495888533e-14
633,0.51855513308168311,0.71477014732332278,-0.97268524707002524,-6.2317920599922293e-13
634,0.54191115117865962,0.71019470598702028,-0.96017779721012442,-3.0408510793536507e-13
635,0.52649675833395837,0.73492919373271171,-0.99170413923106748,-4.8074723135881814e-13
636,0.54880686388763678,0.73011929190313507,-0.97944673685851436,-3.0726934297174188e-13
637,0.57192221900104934,0.74103403401437351,-0.97315501451127573,-5.9528440822177849e-14
638,0.58384032723481549,0.72431647237833985,-0.95236487930121883,-5.239763785757606e-14
639,0.58176298949010918,0.77439082035823192,-0.9546876259064756,-7.220374555452441e-17
640,0.58343332893941136,0.7557680609514984,-0.96432697205116291,6.210926352973874e-14
641,0.48172348889561034,0.72351703431530046,-0.98466612578741475,-8.8689624824456395e-13
642,0.56889821997119849,0.43933783960149864,0.36285149050558013,2.6237514889816555e-13
643,0.57713892499619313,0.41671540793659145,0.48511572682519422,2.8432882655454767e-13
644,0.56087729177615853,0.39916897279177893,0.5813880770171439,2.9742308712726307e-13
645,0.6041597933865549,0.41584804528933705,0.47766617918941107,3.7609862175609081e-13
646,0.53668211332990323,0.40404234189117239,0.56352223893338649,1.4326414863961458e-13
647,0.51951607016466195,0.41168291928635214,0.52541258903288302,1.1885060054908883e-13
648,0.59721139864999506,0.46346998215080837,0.21664751929286488,3.3583777901964121e-13
649,0.55292494656094626,0.45548702241225875,0.27228183352884994,1.9444644016428787e-13
650,0.65621613418519453,0.630805888552188,-0.64561519916051791,1.1774722490484779e-13
651,0.67855837931734209,0.71454488242589853,-0.82566512200752973,1.4286643688864238e-13
652,0.62666482859321382,0.7117142916803334,-0.89531139402993409,1.4189207708515761e-13
653,0.6177781586933957,0.7343367774755355,-0.92702169603269158,1.6078080429575267e-13
654,0.6233409771510412,0.75804493855375321,-0.92456665931073345,1.3718820027596875e-13
655,0.64382025608552473,0.75981180580648888,-0.89900124083387845,3.6727117828486127e-13
656,0.66774164874698283,0.74401929283546542,-0.86370266241016036,1.4454686803175468e-13
657,0.6029672748447813,0.76426585516922596,-0.94420560155250899,1.799418635049837e-13
658,0.46683911206630624,0.66304976729274834,-0.8486646302719425,-3.8879511440047419e-13
659,0.43004596097279074,0.70102295282515159,-0.93022399492607089,-4.2917857374131018e-13
660,0.47336284518168736,0.69976029105893045,-0.94665456300070916,-5.1615305758444127e-13
661,0.48837967591260512,0.6868936562557606,-0.92078936338774531,-5.2598042115112779e-13
662,0.38013881709385489,0.72396235061848968,-0.91778509761418792,-4.9323648739408485e-13
663,0.33102519572898936,0.70715149245696285,-0.83111784740224459,-1.148059452452525e-13
664,0.33984218032719904,0.65543264283403191,-0.72623487771915973,-7.5574853193787446e-14
665,0.31881025716467981,0.63599620257985767,-0.63538905080226915,4.1852529456178974e-14
666,0.35581171463157185,0.64352701523545619,-0.70509309484050864,-1.3220895193516355e-13
667,0.34316464554955434,0.59786660999457875,-0.50830958596113229,-8.0823767790969104e-15
668,0.37047966505384322,0.57762114104771456,-0.43052693588436841,1.5320367492372288e-14
669,0.39424605034765964,0.5688006964162664,-0.39595062469504932,-1.5434477007959956e-14
670,0.420469537486861,0.54710165323350757,-0.28294494246037621,-6.6313041317367865e-15
671,0.49871206747148411,0.58986947978188675,-0.53460360900544845,-1.5951409392528634e-13
672,0.51569148891702687,0.55690680604020515,-0.3491814737575033,-1.5608970517870604e-13
673,0.53386096669997452,0.58181393746953558,-0.48913943340314553,-1.4053663912884533e-13
674,0.61042781891167819,0.39339794250798871,0.58387148940679789,5.2390114552841375e-13
675,0.59730606971064848,0.3698264914535126,0.69638420510069976,3.7948620835588755e-13
676,0.53459921572241886,0.42339611040784136,0.45996109002035401,1.916050673686595e-13
677,0.59128526496061051,0.48077039040685965,0.11556443808010479,3.4761609194305041e-13
678,0.68637663027639328,0.69411171154580487,-0.78209835117103454,1.7877709716183956e-13
679,0.68007162686297173,0.66703227440468693,-0.73266363733001694,3.0388212343337254e-14
680,0.70653798179514438,0.70790326554166205,-0.76924121650166122,1.0683393639923835e-13
681,0.66451367172862796,0.72611266077828229,-0.85925324828272598,4.9296706765439564e-13
682,0.68797477751368474,0.76452087934820123,-0.82704705216737351,9.1044784850614975e-14
683,0.42922560587721792,0.72920532502386615,-0.96789877393637858,-2.709445005321866e-13
684,0.41110985716147375,0.71092525971397114,-0.93200817274391667,-5.5846834228818869e-13
685,0.47070470894492134,0.6812094026673422,-0.90306803215996434,-4.0601800672521928e-13
686,0.3488617914438446,0.72049137513365524,-0.87357190340255764,-3.0206796551925526e-13
687,0.30513365310665047,0.70748502284445891,-0.78910233164786947,-5.6284402555698591e-14
688,0.29485496764363156,0.68227720287212501,-0.7281171022104721,-2.8610559770748524e-16
689,0.29287904953527133,0.64731856606148508,-0.63597589080723893,7.4568486535502915e-14
690,0.337564923602439,0.63679942565837977,-0.66083766672322397,-5.0844233163737026e-14
691,0.32398322825043041,0.61245762206062204,-0.55275350639679655,8.3978443698980752e-14
692,0.30977708301955709,0.58674729536276171,-0.42868373095096995,9.126851450379014e-14
693,0.3644488283920701,0.55036379120173218,-0.28343522906356972,1.5055599476923949e-14
694,0.40621418175674912,0.53082133075940907,-0.18396882335032688,6.4663493273171258e-15
695,0.38463602375271233,0.52667729366189775,-0.15613039701241524,7.8926020840817526e-15
696,0.39637327193459126,0.50092227452964966,-0.0053724052224640526,3.2801439684919008e-15
697,0.44101059100327655,0.53375420277567742,-0.20662494859773883,-5.7912363458564439e-15
698,0.57183556166765404,0.37404853387552023,0.69347061618725403,3.5604995259750818e-13
699,0.60970566544202165,0.34412123042981385,0.78107577922930249,1.9178442548267644e-13
700,0.66024094129493116,0.67066024587563489,-0.76934931120498173,1.1247984754636232e-13
701,0.67066493959398354,0.64943961257798066,-0.69342905830114032,6.7986244661444991e-14
702,0.70038912565561484,0.66352527181179188,-0.69165952829638777,7.0746271620299591e-14
703,0.7045029152454757,0.75405267394061326,-0.7994285353413797,5.2368543987086832e-13
704,0.699670748297615,0.78078181060211416,-0.79380052737781837,6.8086387429236789e-13
705,0.72471495937750285,0.80020899425029834,-0.72345869891308512,6.7669312482205644e-14
706,0.66908763788923942,0.76292581515459978,-0.85924074721825983,7.4710109217955363e-13
707,0.45037553439678352,0.73741850228525763,-0.98472838251207417,-8.8253056561051141e-13
708,0.4322973393529142,0.7526336438082768,-0.97735813828096019,-4.1267825174448773e-13
709,0.40878032767419409,0.75198625382443018,-0.95960067874255506,-5.489910326325646e-13
710,0.4436461980889308,0.77353808467746465,-0.97209060479094289,-6.2636905438516376e-13
711,0.39946354132604051,0.77030689910013417,-0.94335992437510918,-4.6496029472391888e-13
712,0.4071716451319029,0.79252819137372321,-0.92293632917266488,-6.2485001170411747e-13
713,0.38157874985416917,0.75364982342893128,-0.93197994235976633,-3.1648709707523697e-13
714,0.45433702780767277,0.75684320973315988,-0.98827954492462344,-9.8258982362781365e-13
715,0.44901442830808169,0.79266394010451502,-0.95069886883594179,-1.3655909135618709e-12
716,0.47022829813761358,0.80777135118543841,-0.93127571398796227,-3.7205863807803522e-13
717,0.36292885301658084,0.76500558326750745,-0.90471673150038801,-3.1843714044773305e-13
718,0.48270469564561636,0.79242679145281691,-0.96290480599492223,-1.0395657748653361e-12
719,0.49755971136491411,0.76436880428814902,-0.99582023375644235,-1.3007838740390782e-13
720,0.51979755145514572,0.75728568561378862,-0.99729235705887731,-6.2186537627525867e-13
721,0.48971924092864894,0.81112085223518815,-0.9259101457542086,-9.9428123487739679e-13
722,0.512376578168946,0.816798691372844,-0.91237768796514607,-3.6103083353816757e-13
723,0.53627436551205865,0.77022962761422953,-0.98420736560605626,-2.4468294978025668e-13
724,0.55959981175349127,0.76595747872428077,-0.97785336353174013,-1.3773094973875734e-13
725,0.52028960671754154,0.78440978115902193,-0.97444352532848721,-6.2767981787590264e-13
726,0.53137438362780931,0.80900050216482067,-0.92734526614530455,-2.2258415169464015e-13
727,0.55435650425928673,0.80919986542172728,-0.91832949776954198,-3.086139889428217e-14
728,0.50941089966281505,0.84279177960798579,-0.83419363715717476,-3.8554157532814725e-13
729,0.56374650043843266,0.78839935990519006,-0.95103013771040346,5.2740063036018456e-15
730,0.56573809536085218,0.82749429536325581,-0.86407802291126512,5.6724315940786538e-14
731,0.58957094542702093,0.82993815545237326,-0.84165863466899937,7.4098405160842855e-14
732,0.48752911815668126,0.86543950493446919,-0.74697666397963325,-2.1888557218299622e-13
733,0.60224438447596629,0.84503735812080549,-0.78393732588494092,2.6402112369657895e-13
734,0.62463512819002032,0.84861061755359812,-0.75264007755241191,2.7598919939093043e-13
735,0.63112537042766537,0.86959481232540292,-0.66949411933015968,2.7329035655519071e-13
736,0.65616347593451796,0.87907795782511577,-0.60729855738941418,1.9713622337666751e-13
737,0.31584846756096491,0.68841645644717842,-0.77471445422023688,-5.7741005119665218e-14
738,0.26750517934546914,0.67994007625899433,-0.67358044502403924,8.4600928061304007e-14
739,0.27445714956484313,0.6261439282353255,-0.54090383121454266,1.3314358536214898e-13
740,0.31975678112576561,0.56204475973110379,-0.32079485748407294,3.1191278917661596e-13
741,0.329520183894707,0.58315087134371513,-0.4290240963136886,1.645043095303156e-13
742,0.34203923062057723,0.54811221574499747,-0.26170458508491562,1.664023263394859e-13
743,0.34681016393194214,0.52262141891406833,-0.12543319490709331,6.3998926317349664e-14
744,0.32727857462375021,0.51345999026802092,-0.07226419463853391,2.2757640808997529e-13
745,0.28856191380004387,0.51823623761323767,-0.090001833599268347,-1.8063314827822466e-18
746,0.34721389388504764,0.4932374481597947,0.037906840580262509,9.2751867980391998e-14
747,0.3072331109973313,0.51027815458002657,-0.052421560671554408,3.8218961931801741e-13
748,0.28406839886048812,0.48181142933875337,0.089114156865654687,9.4698501277176895e-14
749,0.38555705623449643,0.47700709302520888,0.13495164992664307,-2.6148245602440153e-15
750,0.35993944301545411,0.46989393756247788,0.17008629377511272,1.6976272547110951e-15
751,0.41681963075184386,0.49733804077073851,0.016239563464628484,-2.702467068550917e-15
752,0.44867277068981126,0.55068868226862344,-0.30875685992439894,-3.6252162402545413e-14
753,0.59231890459928882,0.32245477546655721,0.86048379542852715,2.1570644604728444e-13
754,0.61962432085653807,0.32492868097421224,0.82803149272449306,7.0738522823985214e-13
755,0.63660390420646462,0.30941795254766952,0.84748035227544882,5.5331782441454279e-13
756,0.62720561342132586,0.35531413775524356,0.72620477615297652,7.7530918841747516e-13
757,0.65178356012643957,0.35723128703161333,0.69521303319415195,6.0602914996730931e-13
758,0.49124160198232469,0.84713169934790244,-0.81858017929583959,-1.1868622860473153e-12
759,0.67236653674131719,0.89632622285449071,-0.51940248188139826,3.2498247356643487e-13
760,0.693291377119446,0.89326115731852518,-0.5108665227690099,5.0327781696404749e-13
761,0.71246952648970086,0.86981329782302408,-0.57364768048159498,1.2776532046207746e-13
762,0.6482275849789978,0.91199999998150083,-0.46907353682216385,1.155587943601959e-13
763,0.28251906953407252,0.66543928814606024,-0.66832080494390445,2.4797821902763264e-13
764,0.25388259830561272,0.70171130377950242,-0.6828754897040582,1.0868484764408727e-13
765,0.26388655805922939,0.72681609699637428,-0.72901949990451997,4.3931587999057488e-14
766,0.29071834629548671,0.73039720585096957,-0.785357882487001,-1.9276963622822259e-14
767,0.23657576295480248,0.66890413468582355,-0.59002419899166481,4.6907636558289587e-14
768,0.24883511003799261,0.68340547565995546,-0.64412044999976037,2.9604353235162513e-13
769,0.24230459814924049,0.62963629013849332,-0.50100015161518874,-1.3016905400570968e-16
770,0.27566923413304567,0.59514954938046005,-0.42860806665804874,9.0470303319336985e-14
771,0.36509875854043938,0.53047202613818156,-0.17315572656538206,5.8774358781209178e-14
772,0.36832937641744257,0.48936482860917468,0.061263078242181697,2.492281068898679e-14
773,0.35828649470189478,0.44889784828968005,0.28431655400322625,7.4567637763120984e-15
774,0.36121358262092201,0.4237784353537743,0.41817623473254312,-2.2145472307322425e-14
775,0.34048875287730368,0.41574385190495117,0.4422070759925299,-1.1477201645386561e-14
776,0.3879503912214376,0.42090616628474647,0.4476555262275696,-3.4667023471871229e-14
777,0.31866104904020492,0.42665510462762146,0.3744020882903884,3.8130803303302866e-15
778,0.29338220985867858,0.41354231614521542,0.41192820501697547,-1.1771771151331002e-15
779,0.73282913970438046,0.86189103715941617,-0.56743397567738663,3.2702898443075865e-13
780,0.75071317078736988,0.84221274391163881,-0.59042579301979059,1.1453576537870522e-13
781,0.64604335382877698,0.89405599061762298,-0.55324057940368154,5.389905132033083e-13
782,0.65663028578070737,0.93547755824337719,-0.3474230915386875,2.6582850433592328e-13
783,0.68136529799169021,0.94607979467906755,-0.28000537992376273,2.03316279286539e-13
784,0.63391603857766909,0.94760053445583137,-0.29503887564710557,9.6776476319490859e-14
785,0.63334959490364151,0.97446243883499606,-0.14603054655379932,6.747775242721538e-14
786,0.62381098919319156,0.92286135276134307,-0.43126450487056495,1.7904428164060175e-13
787,0.23831312012423819,0.72724906533423406,-0.67354583355512077,9.8431922595586081e-14
788,0.22971560029647456,0.74604267897851895,-0.65997886144435758,1.3415855200163852e-13
789,0.21649704871735964,0.72265005743896893,-0.61936831254735569,1.7383072901872846e-13
790,0.19612578370506251,0.72737460434079493,-0.57137471739813606,2.6930009626036495e-13
791,0.18739052497619269,0.74773975915989543,-0.55526718619078608,1.9367495143146667e-13
792,0.20256433092267714,0.7688674572626687,-0.59038501020348011,1.2029002768117762e-13
793,0.2217313755903878,0.7641063431813373,-0.63899889517925057,1.2887632267831364e-13
794,0.20220474969959215,0.79213792195254495,-0.57213301544709627,6.6071017779092954e-14
795,0.22005635063495738,0.80601741677155048,-0.5980235169831406,2.0678387615530488e-14
796,0.17664173765900809,0.79090138586129477,-0.50929415945903622,8.5164513520249692e-14
797,0.24311379918720585,0.79852953468597299,-0.65951349168226858,1.4245697140804131e-14
798,0.16896734877651171,0.81119484549982623,-0.46943650071069748,1.2517006227052051e-13
799,0.17860851404582784,0.83449723234162687,-0.45889787049244019,-1.3361376519932526e-14
800,0.1550377331790633,0.82831373610304726,-0.41220550523385618,7.3760501664525784e-14
801,0.13602693484208542,0.83856060278508238,-0.35194611073109439,7.604573597843181e-14
802,0.1186020837682679,0.82761013914154946,-0.32128616237802449,1.9420384210488255e-13
803,0.24650946857595335,0.77425803701856855,-0.69183811336837575,5.274601658075103e-14
804,0.27106344611442806,0.76541100399357187,-0.74814767797520432,7.6376180386097979e-17
805,0.28660804247897126,0.75111340940499494,-0.7823972586813559,-4.2297916684524808e-14
806,0.28102365766728982,0.78547280940096653,-0.75293604635110256,-3.5513558442200431e-14
807,0.25922184620388189,0.63563255036872068,-0.54715380025848381,5.9135241225805793e-13
808,0.26025121893800057,0.61006749300741847,-0.46475620415040469,6.1514480480258154e-13
809,0.26004912842671751,0.57705069988945323,-0.33909867678961819,3.8083782647750909e-13
810,0.27237277372242302,0.56019514853589536,-0.278650231835601,4.6968112347806796e-13
811,0.26882413319915172,0.53472335610494826,-0.16172578058895254,1.8668400201617444e-13
812,0.29035772882648347,0.54044435923134049,-0.19842271852078738,4.4231457596977438e-13
813,0.24684594229353937,0.53307983548526239,-0.14481514700433901,3.4674234692406713e-13
814,0.26678231716073897,0.51222073099283805,-0.057502870230714744,3.7992655124097005e-13
815,0.25645070382265656,0.49063792148168817,0.042360855160264201,8.3994195357154313e-14
816,0.29055566685490847,0.58214977382560018,-0.39056112390398245,6.2513866430392101e-13
817,0.39387467501550272,0.39836889048595209,0.56338217866745088,-9.3027073537849567e-14
818,0.37991876144307402,0.37138623388803771,0.67282469965090308,-3.1189760270867139e-14
819,0.41258717860584415,0.40757778306663695,0.52800235321834599,-1.9948634742182139e-13
820,0.44553944543530632,0.39950250511500279,0.58146833113099605,-4.0549512490086244e-14
821,0.39643614609107791,0.4399100810099868,0.34889728240062606,-6.3335427931009874e-14
822,0.41761059915962828,0.45299214286342149,0.28117078254664468,-2.1921626760867984e-14
823,0.39828444556270259,0.46059582421758932,0.23242663636000305,-2.6947642418307439e-14
824,0.43241723712193669,0.4380880895530378,0.37075114370324341,-1.3993391768289665e-13
825,0.44662805506537712,0.42139681651040251,0.46713760276151223,-3.1928392954891223e-13
826,0.43450290427177463,0.46984300856057964,0.18440865044822016,-4.2600543458229073e-14
827,0.27589764699252189,0.43175720616291879,0.31671149919421954,-8.296920561511851e-15
828,0.27914484429224162,0.45692114036453518,0.20527533791579777,5.3086969916679369e-14
829,0.2585714781379575,0.44651323602916604,0.2393537887941134,-3.0523494344176234e-14
830,0.26872063414934999,0.41085889746333337,0.39676448246811968,-6.0608858706108737e-14
831,0.24812065096228325,0.40311691111506043,0.4013949011408347,-9.4684261207320588e-14
832,0.22362155298386532,0.41820017878003796,0.31839142083982658,-7.9336924442096576e-14
833,0.23401860647942757,0.44881439432473841,0.2120447133501536,-1.0237616558132188e-13
834,0.21831140075458458,0.47837012667193901,0.085881151299607023,-2.9539349579094821e-15
835,0.23503105865182539,0.49180991082432796,0.034548370344067589,5.9456042017007033e-14
836,0.21532242519066838,0.51300799059857527,-0.051268044405426011,3.8780099764580973e-14
837,0.30199582950293818,0.38995586893257361,0.51793271950964681,-5.5446673572092492e-14
838,0.76197654245138546,0.8604870309508702,-0.52225834202094035,2.4056007416609772e-13
839,0.78777850097237989,0.8710403486007442,-0.44788990282487978,7.7897175871684332e-14
840,0.73770030397879371,0.82121938651297444,-0.66181922380813385,2.925306262376001e-13
841,0.76636771867148124,0.82265920433530892,-0.6013265552834256,1.4965367341691038e-13
842,0.68921102937426992,0.9724962432579235,-0.14241269433617318,7.4344142688898333e-14
843,0.65625,1,-5.5255252539728916e-10,-1.3701231273567796e-14
844,0.59464914925206858,0.91854123807543198,-0.46820294633076742,-1.9252551491414726e-15
845,0.26846364347440332,0.74530844873282498,-0.74574118126718059,2.2795848246362186e-14
846,0.30570907942414444,0.52922885138157783,-0.14958093113894616,4.4373864341105957e-13
847,0.35894088618156528,0.38061680230308065,0.6154525067164297,-1.2235137034252171e-13
848,0.34526926423690296,0.39584509030505377,0.53831675623760744,-3.9177013371787858e-14
849,0.3743167914945556,0.34725047896904959,0.7556408780316104,-1.9632938890234648e-13
850,0.35363932934112624,0.33431994070845383,0.77376191591809995,-1.5425082083330722e-13
851,0.3801358148756005,0.32356725225252958,0.83266521262010429,-2.1019993828498177e-13
852,0.20110318717542391,0.42237623478879732,0.27631134160718418,-1.8481962128185705e-13
853,0.17865187150914824,0.44417268006401744,0.18315873038495983,-6.8888368545518332e-14
854,0.17939781826506554,0.41589369818128075,0.26965452001508083,-2.5086191705417413e-13
855,0.16097137967854835,0.38791201422460236,0.31391579224565652,-2.1262178758055163e-14
856,0.22749870222415269,0.52867503407694283,-0.11730271984991834,2.3743528612051699e-13
857,0.19426829755620725,0.52558483236792675,-0.091936359387995506,1.0399897574417823e-13
858,0.19214378008144264,0.54650180352164468,-0.16265223627380884,3.0345512626469495e-13
859,0.20876136452901825,0.5720967368869635,-0.26715685451513466,9.6355415368477539e-14
860,0.18842991982789756,0.5039340943601448,-0.013445849354106466,3.2504459938712644e-14
861,0.77042123646349814,0.88891110060735956,-0.42423370483959538,1.4467661340811697e-13
862,0.77354347722763817,0.91422110723495631,-0.33492370020094903,1.3321000157909813e-13
863,0.75112055366812258,0.89858232638088231,-0.41864857001401828,2.1282509821539583e-13
864,0.73242884629565119,0.90734686623823713,-0.40932432772611144,2.7463831401370646e-13
865,0.72567486703513162,0.93280859765522883,-0.31110923173839372,1.1139273567894407e-13
866,0.79846992803385131,0.92503778370585621,-0.26878367058036151,1.1188212972606922e-13
867,0.76659952619712779,0.94049105172969316,-0.24483113042913823,1.1237643077795422e-13
868,0.8031915951374422,0.84958446041344848,-0.46989696089473115,1.219346457172125e-13
869,0.81443299018019322,0.87970493975467734,-0.37784985297567153,1.1197835223056107e-13
870,0.71875,1,-4.8567598003149108e-10,-3.3307096537795349e-14
871,0.66768818690118303,0.980205299340136,-0.10729399271598115,1.2422704872064533e-13
872,0.58066780306422339,0.94251537938166008,-0.3416975232591189,2.9840176128685196e-14
873,0.59778909062555896,0.89161635907270753,-0.59975302143500731,-5.6642652311891953e-15
874,0.18713271388735611,0.57382170501525631,-0.24808531467797004,5.6066730938912915e-13
875,0.1626171204990681,0.58694042155498438,-0.25423949580938593,1.423391684475841e-13
876,0.22892347441802116,0.55929882543101439,-0.23990432994490488,3.5621705584140957e-13
877,0.24009393488024142,0.57587621872842143,-0.31392220322682718,4.3154918776678059e-13
878,0.21687873682965203,0.59889378722361386,-0.36644965658279416,1.8169841988528176e-13
879,0.20648967657545003,0.49479789925835893,0.019981692798616443,-6.3537872760439871e-15
880,0.74466782008536025,0.93990273863922624,-0.26469762544455272,2.4841961802998512e-13
881,0.72787095241665767,0.95296390243749562,-0.2196718919298892,2.1891938688002307e-13
882,0.7294623999513169,0.97767489465237634,-0.10454594412123727,3.809956021554499e-14
883,0.7085290775337092,0.98136297573510312,-0.092776814118248813,9.1060633482939648e-14
884,0.70055454713737642,0.92725156813881482,-0.3566838053554694,3.7539444516072293e-13
885,0.816504641437929,0.90785226943779795,-0.29840237298447803,9.2664101626391474e-14
886,0.82043961088597006,0.94489776558822458,-0.18138622050828646,5.2082432743657164e-14
887,0.82415391086471357,0.92577149882547805,-0.23597634169399248,8.9809807075951441e-14
888,0.8445867087917851,0.9388954507272409,-0.17595852727312422,5.4451092372932791e-14
889,0.86462927232948317,0.92303704611766968,-0.19196406989517775,5.442779767910061e-14
890,0.86664408849875152,0.95180534423517671,-0.12148641479586858,4.4646839153445871e-14
891,0.85993808210735589,0.896626916540748,-0.25770564496833054,8.7587524097059641e-14
892,0.88757089758077234,0.90913797993323175,-0.18681288874978549,8.1025639389440881e-14
893,0.8886096368205999,0.95897184210915976,-0.088331797450586197,5.2126005534680544e-14
894,0.86484961130957116,0.97693816288518864,-0.059750787070159836,2.1572772275446672e-14
895,0.8962301092076389,0.98000174499434622,-0.040282581385681165,2.1080578605626263e-14
896,0.84375,1,-2.9737179821651349e-10,-1.3391870025179389e-14
897,0.79282645515595118,0.83128423238915261,-0.52831194735549347,1.5719297856340803e-13
898,0.8201111151064745,0.82791585449986327,-0.47290080973939597,4.6550873085468184e-14
899,0.56808156143152544,0.95529252011078603,-0.27094194224242707,-1.4939175430712204e-13
900,0.5599288958675408,0.92447868108688891,-0.44876510057434987,-9.2912819683060833e-14
901,0.61288089854996719,0.87985577533879844,-0.6419705965966398,3.2259782442098479e-13
902,0.61309589821126309,0.9053267866603395,-0.52453114780376731,2.4088941521953152e-13
903,0.15579637718360287,0.56725553541572016,-0.19269505959748159,4.1701901779547776e-13
904,0.13586276754965562,0.54954898140309327,-0.12659259187209052,7.0341607792648562e-14
905,0.16997802184574301,0.60951607036711919,-0.3230824165071714,4.57796420589073e-13
906,0.16073291181258026,0.62830878457693051,-0.34880288091438461,4.9132619428466767e-13
907,0.13830135509125022,0.62677902177312639,-0.30139778335468159,4.2513279087071346e-13
908,0.11460212122529334,0.65384191687143045,-0.29005404061465861,5.6981487078506495e-14
909,0.13980645122043336,0.60142664526213785,-0.2529643961566152,3.6336560661937485e-13
910,0.22342697985226817,0.58228220718613422,-0.31879139427131953,6.4538812121364493e-13
911,0.23263750363647037,0.6117459527207838,-0.4302451437623771,6.1401343167074896e-13
912,0.200622473153618,0.61612582726216059,-0.39301478865581091,5.8646682068530971e-13
913,0.81754074875089711,0.97260319365349079,-0.092665255069486016,4.2123275241378814e-14
914,0.83617090354865342,0.8908943889000811,-0.31145145799219731,8.1389064472047347e-14
915,0.8572998133868539,0.86638910979129113,-0.32244033555253282,4.6226248813794213e-14
916,0.90320985393223241,0.89273834725275802,-0.18711069453830481,1.2261135648560985e-13
917,0.90044575813075811,0.87270258047754146,-0.22017117950024184,1.5865218784745212e-13
918,0.91250117683719778,0.92337932304080528,-0.12600624301695423,5.0763753701306031e-14
919,0.81321486829634315,0.80958128693688991,-0.51552237953719782,1.4802631986325782e-13
920,0.81439168044471688,0.78386793601994365,-0.53814796482081206,3.5472964256558199e-14
921,0.79497642681116376,0.78996277595112474,-0.58123001509413175,8.0972590231287639e-14
922,0.77247658195556179,0.78205573954926955,-0.64175825538705733,6.3459531336969778e-14
923,0.81452089825510909,0.7602546739015158,-0.54929138077125883,3.3466969485781553e-14
924,0.839935630585949,0.77812780785304703,-0.47434968051801524,3.4415072584425693e-14
925,0.77602895461304144,0.80143389999483783,-0.61289496031452484,1.6708397091013663e-13
926,0.74765158786760821,0.77555448342497058,-0.70277381764700819,1.0433048635957801e-13
927,0.77211460757720907,0.75840170282734143,-0.65506527079259413,1.2472465744013727e-13
928,0.79409694586960433,0.74303186856491776,-0.60181406905228607,3.2057509623110108e-14
929,0.85938233745899739,0.76251364753312456,-0.42669332961632361,4.0341206195072111e-14
930,0.85643814944569863,0.79743150934367923,-0.41690328068014132,6.393086773037472e-14
931,0.73409358488924492,0.76142337758297729,-0.73829722850389967,2.5811076604561421e-13
932,0.76956109773191583,0.73181752390989574,-0.65764678908405028,4.1339886122177021e-14
933,0.85975476396631301,0.73169787870307057,-0.4233004643665822,-7.737408668591129e-15
934,0.8865960246893394,0.75502804065489626,-0.3483153766718099,1.125446056054151e-14
935,0.87982534804824308,0.80564462262464986,-0.34665219705369499,1.319607083914086e-13
936,0.84916587979056146,0.82314111057253103,-0.40922477375856475,1.0630537851586785e-13
937,0.90406319605149665,0.78924901514778567,-0.28798858932546861,3.2303723831084102e-14
938,0.53317038016064844,0.92964826235643072,-0.42546358353276265,-3.1975669103843193e-13
939,0.55319381118085742,0.90593303869795327,-0.54917622897767326,-5.3329695491121658e-13
940,0.5487227792071302,0.87538880456302759,-0.69743359509387259,-2.4061529091988e-14
941,0.11548862783598168,0.56374264132668428,-0.13811878082443982,1.2751639140624039e-13
942,0.11471562875480842,0.58984829006973316,-0.18833157328901518,1.9619018613559242e-13
943,0.10190799570082019,0.53755853291381483,-0.073479494399605633,1.3891826613993759e-14
944,0.095824035986778425,0.60603207221768562,-0.18300644240754885,2.2232052826691419e-13
945,0.068224853175386249,0.5887660763994802,-0.11263369260740329,2.9811134943606466e-14
946,0.094430044491975118,0.58528672001661608,-0.14930194156851662,1.1988212847340922e-13
947,0.15346695872702784,0.53383205441773152,-0.097525301958637498,1.5784162701413445e-13
948,0.8355780134323193,0.98158277030632746,-0.056929216797614292,3.5913763128976517e-14
949,0.78125,1,-3.9399799895753304e-10,-2.8769648499475133e-14
950,0.83898650005286501,0.87196053873509416,-0.34864646831350626,2.384204794503168e-13
951,0.88013378249487295,0.85883358255726161,-0.28532123029657752,1.960036258386231e-13
952,0.91757327183201465,0.94358876014072512,-0.088810527121475441,8.9629600529308554e-14
953,0.93341488242377535,0.91554324766693895,-0.10513353836035243,8.1740740197009422e-14
954,0.94780715718083408,0.89844322212929117,-0.097347747281483182,6.520512008095831e-14
955,0.95427125846247107,0.92302125846247107,-0.066758536850279784,5.2541334324048878e-14
956,0.94090321667266708,0.87332496501782919,-0.13225716733965423,9.7828202566959097e-14
957,0.92079049982099537,0.86547250631244965,-0.18452263659794793,2.3731283619105105e-13
958,0.97766671339166189,0.92858328660833811,-0.031012530017213803,2.3449675499238224e-14
959,0.95983328660833811,0.94641671339166189,-0.042031369497491249,3.2686611734439009e-14
960,0.97044405618431284,0.85852239177621703,-0.071591048151986539,5.054118175659481e-14
961,1,0.96875,-6.3342837107834858e-11,-8.9858676055598607e-16
962,0.93990061014458226,0.96732163910023794,-0.038322438238493309,2.6458357801505636e-14
963,0.96576977944668196,0.88225035052568501,-0.072017882442488371,8.4275928654350777e-14
964,0.98183075111331064,0.95058075111331064,-0.017436179718648245,1.4801998549842517e-14
965,1,0.90625,-1.7038523369756736e-10,1.1226886956852168e-14
966,0.81980351129835682,0.72700121511964477,-0.53089309172639865,9.7742287425659923e-15
967,0.72364553875075865,0.74028525740774442,-0.76184591287393955,1.0245869833078213e-13
968,0.74800545633849758,0.7282408648769827,-0.70445154533038257,1.4754215075598333e-13
969,0.74825915980428492,0.70590454560354099,-0.68348044603488534,8.2116767903656717e-14
970,0.77387952494046008,0.69461959452746402,-0.61308188641758887,1.1859160710464564e-14
971,0.87721450269925527,0.7167635313302686,-0.36810929868862219,-5.2577858494862533e-14
972,0.88742492465543288,0.68944792532960308,-0.3219355556585356,-2.8427626259085205e-14
973,0.8698145551967108,0.74722959204753236,-0.39711023662342804,9.1124263654696731e-15
974,0.90850396249339682,0.74840977541466691,-0.2830980359781527,6.5979509084704407e-14
975,0.92755729218384375,0.72380793845055524,-0.22258330092813958,1.1965774660113915e-14
976,0.85748761851459809,0.8439648874447272,-0.35971668075489788,1.814405955417635e-13
977,0.83668075202412473,0.83795579319878299,-0.4171825795764888,1.9469740821796639e-13
978,0.89348837253464819,0.7730783379819266,-0.32453332278658542,1.5815262664426056e-13
979,0.92488222060009639,0.78729477120090374,-0.22676598064296252,1.5826894975608677e-13
980,0.94409274957761702,0.7745629400651759,-0.17273436556916075,1.0891644417752338e-13
981,0.9419942465321921,0.74717556900533599,-0.18113649287994038,3.7100429596681912e-14
982,0.90640084054687842,0.81881815937320857,-0.26274540308989625,2.0262048440212435e-14
983,0.53004233249149624,0.9501936869128812,-0.3064324431799163,-3.4196883228600801e-13
984,0.53059576128053243,0.88300112875156167,-0.66709287835994024,-7.9343684455853865e-13
985,0.50375231561773592,0.89737113421294989,-0.60066840933489396,-8.8194719537091987e-14
986,0.53891786223366644,0.85297896408246443,-0.79234223283622485,-3.6666549060076141e-13
987,0.54936806746478495,0.83712159955129162,-0.84345559312653617,-5.6644028897428354e-14
988,0.077592733886868867,0.54349972804022717,-0.065191526837735186,4.4183282450303511e-15
989,0.10322823307050834,0.51313036553302871,-0.025740845114375299,-4.875038652910514e-14
990,0.1208289720315025,0.53804986221479867,-0.087463130498765779,8.5014643577736483e-14
991,0.796875,0.98296302253962753,-0.063699156562307555,3.682790393449319e-14
992,0.77051393241164501,0.97447019754106323,-0.10571713991346357,2.1253299919169251e-14
993,0.96875,1,-6.3695214516867386e-11,-2.4492519834611715e-15
994,0.92327048088157038,0.98252731739574273,-0.026226882821310027,2.2912203305045139e-14
995,0.81444696672130423,0.69792128461573555,-0.52128596044976427,-3.1289035363501616e-14
996,0.84137469948571109,0.71577721122682336,-0.46678317741171793,-6.4711379952705908e-14
997,0.71111330177692111,0.72619609960738696,-0.77811612254316875,3.2670826283836527e-13
998,0.76650982105349696,0.71261365665070908,-0.65045516817881999,7.9978241772577502e-14
999,0.77344559505839017,0.66017376406591566,-0.55201402984908376,-6.953233894789123e-15
1000,0.90317593937854634,0.70644053730266798,-0.28835912963767873,-7.5078252390015349e-14
1001,0.86449995689824244,0.67287059788305092,-0.36569382562633873,-9.9507150162384233e-14
1002,0.89984430128739867,0.65667544559602964,-0.2577210350933033,1.9524287333567316e-16
1003,0.93946256429352415,0.7003580907363337,-0.17972657753902213,3.4371344723681087e-15
1004,0.9250179513669442,0.74152031415671371,-0.23285688362311577,1.1224931526909543e-13
1005,0.91554674648484935,0.80321813695930644,-0.24713152434041977,2.7378246326110272e-13
1006,0.92706127641858849,0.82823446152477764,-0.20050921521922163,2.4112012160184688e-13
1007,0.51673719613216562,0.91200270657517013,-0.52389067293522762,-1.1798238773513586e-12
1008,0.48714169492793735,0.91339088878993679,-0.51764349953789601,-7.7166478096697902e-13
1009,0.48182384145487595,0.93855255197568366,-0.37632617250820966,-2.6834418777195859e-13
1010,0.47338824605364033,0.89256415754126195,-0.62268740334715555,-5.0635375461889142e-13
1011,0.50074193573446357,0.94887466080042659,-0.31525634584550699,-4.9859451382528064e-13
1012,0.75103461120293136,0.97982467060486911,-0.088808984838540786,1.3822448796795343e-13
1013,0.77432553262350456,0.95681605703005812,-0.17423209642962159,2.3431550653406282e-13
1014,0.95351633661210089,0.984375,-0.014250777307205489,1.5441436397511783e-14
1015,0.7941617803935952,0.69628844521120614,-0.56809004668407326,2.4583066201389994e-15
1016,0.76600340315304838,0.67749316519883152,-0.6018156366598324,6.0433702432934643e-14
1017,0.83854567227501309,0.68354215412710118,-0.4440269608694411,-9.4416602021830479e-14
1018,0.90113151335386721,0.67590269200790887,-0.27299625340325229,-2.1510073112291679e-13
1019,0.87993479943282604,0.65989026740580725,-0.31088694004105988,-3.8567948523852909e-13
1020,0.93795877947866901,0.67614635097219722,-0.17323935555604777,-5.5491178622166816e-14
1021,0.9361055627331446,0.65115308430622409,-0.16230954284965676,-1.1756128099903625e-13
1022,0.94670684974268826,0.62951133982145957,-0.12089839390964835,-1.4215534830192292e-13
1023,0.91965382275874197,0.66493829854369757,-0.21502102480581864,-1.8777320913121616e-13
1024,0.97385835715481306,0.63322051253346379,-0.061074408678723574,-2.8974889501937223e-14
1025,0.96720140587340109,0.69080921445030929,-0.095884441230569648,-1.7363463372709372e-14
1026,0.49028671968503351,0.88412547372116346,-0.66420791607119301,-1.562100226381276e-12
1027,0.83222831078360449,0.70033825088829749,-0.47845024796016011,-1.0935324428867472e-13
1028,0.8397387890278124,0.65476797604287484,-0.39875737316683857,-1.433939793664521e-13
1029,1,0.65625,-2.6530228973075123e-10,1.8696706098622248e-15
1030,0.95854426686366412,0.64409072017855917,-0.10202696410833151,-1.0168251215142678e-13
1031,1,0.71875,-3.1053326220034324e-10,-1.32045918435856e-14
1032,0.81815733654786449,0.64495183329075967,-0.42683039189709032,-9.0430664378611412e-14
1033,0.81431641654806375,0.62538786002251523,-0.39017670624378703,-1.8166105083742887e-13
1034,0.79418586588292017,0.60888804712533739,-0.38109496095786466,-5.2041429995868735e-14
1035,0.78122689448232174,0.62324091918986102,-0.44384072105510164,-1.3418383286318925e-13
1036,0.77433924414611721,0.60086744823835303,-0.38548068052950818,-9.7094073105346579e-14
1037,0.75246504105996548,0.59911470516470144,-0.4088269449151784,-4.7751584535519939e-14
1038,0.76346585262158784,0.5769290120820707,-0.31475424072112135,-5.4383521071412701e-14
1039,0.84449887195471296,0.62642505206120691,-0.33506296664132273,-1.339727662983006e-13
1040,0.98094606779671523,0.67101021256021576,-0.052498389769709573,-1.8589716003962758e-14
1041,0.98102650729265573,0.65143560184683713,-0.048117029483419671,-3.3220447946587747e-14
1042,0.97913033177242603,0.71002720089611759,-0.063348483377326167,2.2264157577611203e-14
1043,0.97779473187573185,0.73615890571064269,-0.06941375439018288,8.5022712167808698e-15
1044,1,0.78125,-3.0136784004200243e-10,-8.6403373527755812e-16
1045,0.95873094146097027,0.73788609484639511,-0.12886387510746958,9.3960332324588597e-14
1046,0.97018544054225386,0.75824317411440734,-0.093308540864972409,8.3725981611527976e-14
1047,0.84908054739689764,0.59950648295714126,-0.26735872773934033,-1.1597413770531798e-13
1048,1,0.765625,-3.1953111582468034e-10,-8.8926246898719108e-15
1049,0.86194293481445317,0.58339408857371611,-0.2101785208533804,-4.4291476777898099e-13
1050,0.86422541745227566,0.55996803727803135,-0.15307602390161251,-1.6393356862618151e-13
1051,0.84414939468425787,0.55034993814782407,-0.14623962254453973,-2.6881929370263251e-13
1052,0.70172165566689793,0.34306332522169142,0.67184401222797341,3.112982375353094e-13
1053,0.71809742993250525,0.33245758774877626,0.67358926451469625,2.0655551094313983e-13
1054,0.52022137133077373,0.36251859968307348,0.75854396769558596,-8.8227813954150898e-15
1055,0.70479511786306637,0.5938901731877535,-0.444395564328946,3.733022333940478e-14
1056,0.71793930645736836,0.57642725800182071,-0.35799909063350349,4.3519889150113716e-15
1057,0.7157068595117585,0.54241646670767263,-0.20522902866475262,2.0387156840234894e-14
1058,0.69382954522829987,0.54832702960643931,-0.24532850691417363,1.2483787932650651e-13
1059,0.69474091870621058,0.51717638877577143,-0.088360908888294426,1.0875552245291062e-13
1060,0.67055039253072612,0.51280776575582943,-0.068788578972744305,2.2414685427637875e-13
1061,0.67014294203965452,0.4867345505549624,0.071376043185329863,3.4929636658053861e-13
1062,0.6826069109746018,0.46478920441160898,0.18436242643533049,2.8927181162897869e-13
1063,0.71292056142838245,0.50243516615707473,-0.012006756876957531,2.4520109592220116e-13
1064,0.72006485038302726,0.47843696603976177,0.10427383591496021,1.4571516371055113e-13
1065,0.70408262258771814,0.46407431844490737,0.17934178336843423,4.4576940022872845e-13
1066,0.73958500905587443,0.49098516967063294,0.04134956507591947,1.5630783228949444e-13
1067,0.76558374132016005,0.4829372619706731,0.071994619144021041,1.6378687573164115e-14
1068,0.76559786528700713,0.4581095170439643,0.17480543368878659,3.1296975067870587e-14
1069,0.74554638004287987,0.44312132421338712,0.25060510661215257,1.3958183250766773e-13
1070,0.72118881774266463,0.44642297736156183,0.25395837182695358,2.5670786379903091e-13
1071,0.7690485305477841,0.42597340345785928,0.29793063131124026,4.8062317448139743e-14
1072,0.71138137563838832,0.42191614039549508,0.37046112386527563,3.8255812158889094e-13
1073,0.78819837080726296,0.47269052342647222,0.10535736435162184,-3.4180859148978631e-14
1074,0.81390239497417627,0.4602912694088534,0.13629213373784033,-6.2123104994281977e-14
1075,0.76306265171975818,0.51231596962074255,-0.052384498298655498,-5.9573742321371094e-15
1076,0.7604689593614038,0.40157379771191332,0.39552972634222711,3.9281907239124549e-14
1077,0.77114654839829,0.38332722835935484,0.4406096505839226,-2.2610621066585048e-14
1078,0.7766387171313327,0.35938458899273973,0.49876413108764556,-7.8094722541951046e-14
1079,0.75653738447122509,0.34627467241093196,0.56949278949563231,-5.4181477331076492e-14
1080,0.80463094684707726,0.35249076194377327,0.46079154535627131,-1.0958762952268111e-13
1081,0.73508689536091565,0.35655873015970724,0.57993940137278566,1.4377570091683183e-13
1082,0.79483140566681687,0.42273434505620444,0.28011405990358246,-4.4843777313319739e-14
1083,0.81409891273230917,0.40208639631391357,0.31848937208940209,-1.1468829796972812e-13
1084,0.81561610325847567,0.48869245884401491,0.038668523285305872,-9.4165535223045013e-14
1085,0.83719102936368317,0.44569547933940779,0.16402379445511631,-1.2311926375504942e-13
1086,0.78907272923183691,0.52776198247156048,-0.10685619020617226,-1.8444737181216815e-14
1087,0.74898963859316925,0.53073390724021408,-0.135906686126024,3.1650579729368709e-15
1088,0.74100443849362096,0.55560655730452824,-0.24922019257461323,-5.8250373057632859e-14
1089,0.8010245864638178,0.37765726353263124,0.40664171470353577,-2.14201472594504e-13
1090,0.80373484575909571,0.32952042833520134,0.50722380664193611,-2.8231525899466276e-13
1091,0.78631900893464324,0.30820559544126408,0.58061539850825217,-1.4185253017494813e-13
1092,0.82947003253444007,0.33735946653930327,0.43581674860170633,-2.1627295491284178e-13
1093,0.83709787808347147,0.39374796266037504,0.30266502825328107,-2.0336895776787014e-13
1094,0.85043910488894137,0.37303276938932339,0.32388484958650104,-2.0653820404525178e-13
1095,0.8666249378273686,0.40575512031705674,0.22715296642443167,-1.3692589276339813e-13
1096,0.83880197955300617,0.35587361972424514,0.38172582179928055,-2.9900600150946408e-13
1097,0.86416541197319974,0.35596481309054462,0.32544776708177864,-2.6955391429382874e-13
1098,0.8806144370747111,0.33791266165113809,0.31192120516083865,-1.5061453417653781e-13
1099,0.88942601692572343,0.35821523333352562,0.26462996047938281,-3.364318224177721e-13
1100,0.87023724406878955,0.31868768135553716,0.36016781195089081,-3.2422060692278925e-13
1101,0.84513575771008653,0.31209534888726181,0.43248467248549932,-2.1490491881435228e-13
1102,0.89585737121416908,0.32183286059202076,0.28927275458040347,-2.9635968590559971e-13
1103,0.91991078406170201,0.37189664158240326,0.17917195991514173,-5.031315168357945e-14
1104,0.83188864363103687,0.29483340685938841,0.48344986151032554,-3.0662645334184986e-13
1105,0.81575572497479576,0.2772396764612447,0.53943317294192694,-2.7242068087901389e-13
1106,0.91273499565841776,0.29956993724229952,0.25768442476086795,-1.5313685064298342e-13
1107,0.91825584924122505,0.32420363385256828,0.22663266714425193,-3.1660395851095648e-13
1108,0.81783804595484377,0.25312922067306542,0.54165499362187142,-2.5616089167536282e-13
1109,0.79474726443378607,0.28674316019625939,0.58507350888747733,-3.1844975772675547e-13
1110,0.93987856562124816,0.33808433312829173,0.16009934441599713,-1.2721639632251345e-13
1111,0.79792555255000075,0.23987428240940062,0.5910498120208566,-2.5111472537767917e-13
1112,0.96875,0.32249743323659841,0.087798715975369424,-3.6488200031328286e-14
1113,0.93222766455501049,0.35636822910414778,0.16566038211770132,-3.1553345629966673e-13
1114,0.77505371570342219,0.25010061474994671,0.64935207660781114,-2.2296636242773037e-13
1115,0.96062040813568983,0.34197164618034237,0.10324975385220747,-2.2897517633357104e-13
1116,1,0.34375,2.5517245719207302e-10,4.8654360958658769e-15
1117,0.97754342990071175,0.36178463834682417,0.053941084548304118,-4.52929229046568e-14
1118,0.7748115057096292,0.2735124898939667,0.64290370797273644,-2.2623786036939891e-13
1119,1,0.40625,1.7674485986739852e-10,2.2229046937521101e-14
1120,0.96395395247145865,0.38024883984786778,0.077571704589630669,-1.1195397517855883e-13
1121,0.98382258985569027,0.39029904483013295,0.032324547519548462,-5.7112413497765611e-14
1122,0.93861187413914515,0.39358251208430256,0.11889122791470476,-2.7657936243408868e-14
1123,0.84231053207324647,0.50345801553046021,-0.010503155395544949,-2.9794506175014561e-14
1124,0.81497532606644163,0.43612596639143203,0.21478314150296859,-1.6364253111203928e-13
1125,0.86109155098500045,0.45754703115255807,0.11116516187475287,-1.5176472911688907e-13
1126,0.7706711791614792,0.52912634888054588,-0.11982259973005195,-1.6882400313491612e-13
1127,0.80835590149302705,0.51231135290651963,-0.044001025062497624,-8.0576238320051387e-14
1128,0.79251252484919543,0.55592117387259565,-0.20946331212476507,-6.6249525593034275e-14
1129,0.81917930693282914,0.56099844215523509,-0.20106565908043939,-1.0712406511906801e-13
1130,0.72314404993599801,0.5590069580603424,-0.27712084139835924,4.2635167729610416e-14
1131,0.89671908292717151,0.28119070984185529,0.31217935725232526,-2.6962216511258479e-13
1132,0.86792124494380918,0.27924312179046945,0.396633291749798,-1.9867716231091337e-13
1133,0.85240056806951681,0.2928062035492176,0.43119682481447097,-3.6013409656487174e-13
1134,0.89796586257752087,0.2571653386260217,0.3145825627776101,-2.839004767932791e-13
1135,0.89211190916130645,0.23554104713435708,0.33075271372761694,-3.1893453727507016e-13
1136,0.92222370946597154,0.24111974525874205,0.24162843846741242,-1.7948137452768496e-13
1137,0.86649738072145144,0.22258200998583091,0.40172329926730338,-1.7186553758508611e-13
1138,0.934364525251139,0.28832409756490168,0.19848845199707987,-2.480326196172859e-13
1139,0.93855832291525954,0.37472219432775083,0.13578945453188418,-2.7481599989200628e-13
1140,0.94597337415029636,0.41574170451851367,0.084817646926566542,-1.8953899319019595e-13
1141,0.97062190354359801,0.43249269434281123,0.037807663104720661,-3.6149310183955175e-14
1142,0.92398529466581381,0.41970789394866648,0.11462558855760087,-2.2621438941640972e-13
1143,0.91147197502778876,0.44324175640756863,0.095667267188117161,-8.4052314384478391e-14
1144,0.91888519084981901,0.39168757345924649,0.15826341719842668,-3.1968494996717383e-13
1145,0.89626514484175246,0.38512535480515991,0.21172338651334296,-2.4259351298756798e-13
1146,0.88633026541453186,0.40245917594693248,0.20095940943444721,-2.7886680848230514e-13
1147,0.89190091858164866,0.42420900426252139,0.1525172114808403,-3.0108736109423616e-13
1148,0.85443614092519815,0.48697732847082087,0.036269575726418486,-3.3504710769499948e-13
1149,0.86085631131569496,0.51755904336748704,-0.046417002279695412,-2.8637761454041725e-13
1150,0.86293493512263453,0.43155243045683611,0.17412244817715128,-2.7269079133396469e-13
1151,0.88361888753026763,0.47262256723958351,0.060944878852228795,-1.5022355345596925e-13
1152,0.82741510797329676,0.51586922646142452,-0.051683340215594779,-2.5379119539282412e-13
1153,0.775275416940441,0.56267287254215759,-0.24862630105747388,-1.932162004107045e-13
1154,0.80680970057827583,0.53988500709823428,-0.14132848929538216,-1.9096700613674773e-13
1155,0.82385916927540515,0.58397944064609342,-0.26483366825376115,-1.9842933025602189e-13
1156,0.80551687901133173,0.59225752162718304,-0.31439446299460871,-1.9927826841196984e-13
1157,0.85637249357527057,0.26096924328424986,0.43502446122982602,-4.1379734366564736e-13
1158,0.83829614921183648,0.25119594762732239,0.48621430549205258,-4.5879213833261275e-13
1159,0.93965420089745733,0.25813604429664672,0.18798882672132808,-1.9065804484355869e-13
1160,0.93206159131228039,0.21493657861093585,0.20660582520306092,-1.7410895994456839e-13
1161,0.84582552731270944,0.21806426840392246,0.45635377540608607,-4.6447510317071572e-13
1162,0.82335658845719661,0.20911285501702542,0.50915893430330417,-1.3686858292261962e-13
1163,0.81150379712233911,0.22520680062340456,0.55092686131691249,-3.6041975167991275e-13
1164,0.87725744506123138,0.19963472591501036,0.35752552413320021,-2.3894545236448221e-13
1165,0.98182384947418655,0.41546761585805969,0.028698156773209544,-8.4943861200145745e-14
1166,1,0.46875,5.9776916300043136e-11,2.4597627903942864e-14
1167,0.89979280476192891,0.46006267791507327,0.076604316822620783,-4.0229496818933607e-13
1168,0.89597542439044842,0.49333659073380232,0.013492850764771193,-2.6657342764841977e-13
1169,0.94749202084853368,0.27506688561519022,0.16197986340986451,-2.2695165623011134e-13
1170,0.80005832499280827,0.20603785451726619,0.56486044988162043,-2.4592444044658568e-13
1171,0.77766823314963751,0.19767420785887885,0.60804422793094937,-1.1936461926678071e-13
1172,0.79274457854972979,0.18457761128315542,0.55480435925522065,-2.4293450626626278e-13
1173,0.79673840091925996,0.15974896477115019,0.50304267792662305,-7.8103425069539261e-14
1174,0.81632812360163487,0.14462012226850474,0.43008499281569246,-7.7822703745833039e-14
1175,0.81195197639949079,0.12355856004069654,0.3900735489739558,-7.3740271612767289e-14
1176,0.79268055279990068,0.11269221794681746,0.39396556303585822,-5.0311986301386131e-14
1177,0.83386314817815455,0.13089243686050331,0.36511174924812406,-1.063690647902737e-13
1178,0.82208746001477806,0.16674510778927187,0.45903386826800824,-2.1176323659420684e-13
1179,0.76700660682967658,0.12484284679677071,0.47190634067515064,-3.2707355711243315e-15
1180,0.85249135122197983,0.1144009463340605,0.29420045131593664,-7.1413506683234735e-14
1181,0.84398383326282644,0.17559537626916433,0.41989891645983002,-1.4928552465332583e-13
1182,0.85579638536153535,0.13658195975054538,0.33093975914247448,-1.5671732091117611e-13
1183,0.84503534713583461,0.088970115711944867,0.2484020329481591,-3.8429900748276605e-14
1184,0.87465950047166996,0.096523361477965489,0.21854623237851445,-6.2175026465374701e-14
1185,0.86518156222720788,0.18051969551510472,0.37224967321324665,-3.0258524587539904e-13
1186,0.87118329012583229,0.15626650304300022,0.3274100162582988,-1.4769697355938243e-13
1187,0.83192098084538468,0.1912776087851509,0.47005241539488507,-4.1446544225810378e-13
1188,0.89473703544392236,0.15383474682473819,0.26730932771016219,-1.6781049497720963e-13
1189,0.91674122605354036,0.16987638413409265,0.22660379365335515,-1.5381944501873287e-13
1190,0.89627736760351562,0.13160815365901779,0.23512696723294271,-1.7239596454003703e-13
1191,0.91938500467913586,0.11364181448814906,0.16412072811154468,-7.2071949633769121e-14
1192,0.98222104068785432,0.453125,0.016444951663755914,-4.1976367953506847e-14
1193,0.77311701581991377,0.14903884695030226,0.52660452509260469,-6.9064948359171289e-14
1194,0.73692805279633256,0.11738241982381793,0.49565895626854695,2.8015808125740745e-16
1195,0.81911669606890536,0.084699872662653108,0.27305121031520879,-1.9812658453413533e-14
1196,0.80957286586354216,0.10216602153715136,0.33697592112836755,-4.2203704480914367e-14
1197,0.79855607158867792,0.08241623847599816,0.29225592137871953,-1.4726885097166522e-14
1198,0.77750212522300877,0.069147565877559616,0.2702489991688542,-1.6886950205289506e-14
1199,0.82428060683348703,0.065663149908210483,0.21072278832315774,-1.6954942902023958e-14
1200,0.81933928146715695,0.032661319075105263,0.10923960046521151,2.08132303097623e-16
1201,0.75484971110835708,0.08518506747521204,0.35511283659669102,-3.1655245557697265e-15
1202,0.88337474236808311,0.071934729354159149,0.15643126322776579,-5.3845993207868207e-14
1203,0.86763074627927694,0.053801007441446107,0.1338273896027741,-5.4006504297015143e-14
1204,0.93957885700430821,0.15530650223084233,0.15637704849983022,-9.5656619573330628e-14
1205,0.91394795521030392,0.19420420353521894,0.25070852129003474,-1.9620264693064405e-13
1206,0.89501730991775985,0.19296436349674881,0.302961268884686,-3.309555097961228e-13
1207,0.89249537984585847,0.10973603031681345,0.21058477442986115,-1.6534667380607802e-13
1208,0.92945585355992433,0.088429847434188483,0.11677352241436735,-1.0560558785333659e-13
1209,0.93424569107419042,0.130328304693999,0.14987821563062834,-1.5776715787417518e-13
1210,0.95606153939182104,0.13459449146837801,0.10287494974098833,-8.6708970002742673e-14
1211,0.97511800497909173,0.11645809188818805,0.051826184730506736,-1.3503269093488473e-14
1212,0.71549620194586672,0.14248820219901637,0.60842049280269461,5.9067325062479574e-15
1213,0.71045661278092587,0.10978791240155827,0.50269041177567086,6.0719116963694596e-14
1214,0.76323568173604139,0.10430659746701369,0.41240491611440688,-1.1119735774390397e-14
1215,0.74231459887249263,0.099294229748682239,0.42243952873937141,5.8577073145270772e-14
1216,0.73854655256058122,0.061632282773649447,0.27653529842556424,-2.7488587283607708e-15
1217,0.75864232229747774,0.062186598897754061,0.2616774224376478,-4.0652221857778186e-14
1218,0.86173479879914239,0.074892951563812121,0.19057479896898336,-5.9766224690716567e-14
1219,0.95387043866630317,0.1723932329462676,0.12768516331853275,-1.6664962498459251e-13
1220,1,0.15625,2.6147569563681085e-10,1.2647913779713159e-14
1221,0.96875,0.20494075161239836,0.094234096376718104,-2.2993428098594789e-14
1222,0.97826875225171706,0.17587458118334154,0.060726641805933207,-6.7185970319671867e-14
1223,0.98171980749123688,0.13773822222791809,0.043733330950793896,-5.0637303909169229e-14
1224,0.9656378371808676,0.082975254991024983,0.054277892589228514,1.444902568119083e-17
1225,1,0.09375,1.7548253489242839e-10,2.6431580653748873e-15
1226,0.73288549915976409,0.13563211450899121,0.56028417199576752,2.3620039343519943e-13
1227,0.7055327161623739,0.12728523812823075,0.57288123092656962,3.1064727541893072e-13
1228,0.68494679310064766,0.096218952096957092,0.47536951544813705,5.5302215557185307e-14
1229,0.74583440463002637,0.037393629637957206,0.16668609061299319,-3.3257969295533209e-14
1230,0.71875,0,4.8498266374687741e-10,7.5981751702425075e-16
1231,0.78125,0,4.0451182047546851e-10,3.416239946146411e-15
1232,0.73175324504146111,0.019087184435849478,0.089402761940930317,-2.577489274685262e-14
1233,0.79138406619884472,0.026722076390837245,0.10169231191558702,-6.9485676669607182e-15
1234,0.76485415355459796,0.020583566288364389,0.086909212910383463,-1.3237865482070638e-14
1235,0.95217270993992298,0.21642389873656642,0.14632243392426555,-2.3650504052619532e-13
1236,0.96354273120554312,0.10165195589913643,0.068097580282754908,-1.1323448691682856e-13
1237,0.94661801548822555,0.079541337898594175,0.080230891696341511,-9.8970479478457255e-14
1238,0.67178654833745344,0.11189018898798572,0.55411647249297991,2.9756541670793931e-13
1239,0.65854690766625745,0.14373125117375901,0.68915097396853475,1.8987174726391096e-16
1240,0.66930049399300984,0.082804382082915073,0.42780988427262301,2.3897168065571758e-13
1241,0.64449719106663972,0.075648197996765046,0.41116041956859295,8.4723331301797083e-14
1242,0.62824174530644261,0.06121306780332178,0.34505289918355631,3.2199586115840814e-13
1243,0.65458466217662747,0.041541053580290366,0.22821421249841475,2.3136714343608661e-14
1244,0.796875,0,3.5572379577653838e-10,1.6099251643232617e-15
1245,0.80784089243404322,0.018022349741361673,0.063732977621319437,7.4574220690101792e-15
1246,0.80252342058907522,0.043050973424818978,0.15521329253592631,1.9208668740557262e-15
1247,0.021458586529413619,0.453125,0.019854610389974471,-1.4532979401218641e-14
1248,0.041267937824656195,0.45151448465321309,0.038466786963787587,-1.041310070526964e-13
1249,0.062545752010889744,0.43731655900774086,0.074718245468051281,-1.3787247854504404e-13
1250,0.025194522325111202,0.48080331564547046,0.0089390342401538744,-1.3510205393470666e-14
1251,0.020572872139201445,0.50086917945805831,-0.00073853080870251526,-5.833983135503246e-14
1252,0,0.53125,-6.8484590675308267e-11,1.0405161951345211e-14
1253,0.045727215458000486,0.48369225746738287,0.014777517191896697,-1.2422166725593746e-13
1254,0.076018699302601078,0.48810482707734004,0.017814468417692336,-4.8527220181307264e-14
1255,0.062527190689781437,0.50498807521690003,-0.0062748540007828996,-9.6058751978750946e-14
1256,0.05755355862812922,0.52841473569712727,-0.031683046645498238,-4.5473913152040157e-14
1257,0.079274137152041013,0.46452710730213997,0.055329491686575201,-1.5032548840675423e-13
1258,0.10344141248973551,0.46089481960842837,0.077195964202175699,-1.4775154599741389e-13
1259,0.020269191396902156,0.765625,-0.06335066167990494,1.6823303910940128e-14
1260,0.039853018461357456,0.7661211078780028,-0.12419952845938806,2.0763822214699979e-13
1261,0.068670932008987315,0.75272368181384031,-0.21397278245263096,5.4053542038978438e-14
1262,0.026149230272917396,0.79421213637384347,-0.078907458514724652,4.7207639165448571e-14
1263,0.04751275525091516,0.80445274167550174,-0.14000762457549634,2.0200254454879084e-13
1264,0.032111933967512732,0.83420374236166472,-0.086940307974768816,2.1064071273752676e-14
1265,0,0.796875,-3.0398840966569873e-10,2.8887837556087546e-15
1266,0.140625,0.97242148959845265,-0.073217770871838242,1.4780975851800533e-17
1267,0.016823037956650147,0.265625,0.052717472671159248,1.7252268314920102e-13
1268,0.04024692995172352,0.29141208966408483,0.12192660415033084,6.5434201189912821e-15
1269,0.49205742841128364,0.39605327257929218,0.60730935510975348,-3.7604275062617582e-14
1270,0.49660275362416983,0.41547558325648998,0.50651898607821433,-2.8916304361281029e-14
1271,0.48328911250187273,0.43685256217127566,0.38576961946984223,-7.6323333613669372e-14
1272,0.63530799510573377,0.44375922612903634,0.31534913041522022,4.248181436469954e-13
1273,0.61361755881678626,0.44253957933318411,0.33120948265246453,5.302051802615985e-13
1274,0.17258029358595259,0.65203053748109996,-0.42099902615169338,4.5426638984504394e-13
1275,0.19311049535202673,0.64775187630184594,-0.45662384450168958,5.4869885777058245e-13
1276,0.15820196340264905,0.67143880641517872,-0.41997266844084091,4.8596324464199397e-13
1277,0.13351232511446173,0.66980021870341577,-0.35667320169887817,4.523367087114466e-13
1278,0.12439889818465205,0.68858285660132146,-0.35278507834215866,4.2001138409362363e-13
1279,0.13010736291256711,0.72075563927379371,-0.39106838394935556,8.7029517868167428e-14
1280,0.078125,0.96875,-0.04795423398342781,6.8748034519229958e-15
1281,0.73054139187498923,0.29941907694067382,0.71417035490006398,-3.9171526280810253e-15
1282,0.68228223245458053,0.30480881115884056,0.79120964143631856,2.579178555558482e-13
1283,0.68495993118432386,0.32452275885668269,0.74512353441942492,4.0183301062676275e-13
1284,0.98312950476122563,0.609375,-0.033736829745556529,-5.9856998144658871e-14
1285,0.97167315642820351,0.578125,-0.042103344673222534,-3.4996270936492593e-14
1286,0.74014500128830341,0.62425735983646513,-0.51285328750529635,-1.9926227034200759e-14
1287,0.025707943330231384,0.10937500000000001,0.051308862060474733,2.2376712155879444e-16
1288,0.036208522145395647,0.12875350546691569,0.082058700739771478,3.1131012344929857e-14
1289,0.016944764313646072,0.14097487940685527,0.041159111716022746,3.3175211731536669e-14
1290,0,0.109375,2.0046037882087791e-10,2.1336394527384535e-15
1291,0.020406551326869759,0.089136177443748396,0.034146127616855218,-1.2094071954760874e-15
1292,0.043926878297474631,0.099089811411738379,0.08056547276548906,8.5321348125626288e-15
1293,0.064186787257629038,0.082969156849855785,0.099586906471042375,6.9819031552658362e-15
1294,0.094767082478549453,0.083114232937925261,0.14607209747256261,1.9717977913045107e-14
1295,0.081601771117045238,0.10806824646848003,0.15902873201377757,2.8059899124800397e-14
1296,0.099437867712625888,0.059389267544864351,0.11214747749948839,2.4147310722451863e-14
1297,0.12300229415756432,0.084770001212264315,0.19161675718596699,2.4813386820770811e-14
1298,0.094099252528631716,0.1352123017253615,0.2190246059983845,3.382828942029749e-14
1299,0.06450686555706403,0.10133830209937941,0.11970276795225517,4.1754083050497027e-14
1300,0.11594959059308908,0.067688579970252502,0.14697807986429129,5.8123952429291381e-14
1301,0.1507461427483287,0.078750747988025227,0.21671106102106646,2.1497775580069382e-14
1302,0.13452520865645928,0.10687549705017385,0.25550479089527678,4.1440302906170253e-14
1303,0.14816047963807549,0.13320887147887606,0.33337468371287099,2.7820777342305002e-14
1304,0.1181340977430807,0.13246245942638882,0.26837781443344938,1.3038599662356779e-13
1305,0.091303676169963252,0.15898559934310819,0.2379767850345155,1.5534263913379034e-13
1306,0.10624063283276849,0.18637562694134072,0.30185156259132118,3.4584129946395498e-14
1307,0.073441101395253575,0.12827455689904588,0.16497897216950216,5.5845402919048303e-14
1308,0.054955143396554482,0.13864577168269474,0.13155036161788303,6.0652228025491834e-14
1309,0.072737429042732463,0.14951617939276354,0.18305443688048006,2.0382226092149842e-13
1310,0.15354920316813353,0.05693459833448631,0.16228904358923796,3.8985335745967742e-14
1311,0.17462524178218594,0.085988351406581093,0.26830601991293979,8.6383625120993558e-15
1312,0.16889626534881816,0.06797292132461652,0.20973411841224696,-4.5445366844554983e-16
1313,0.20194235970308827,0.087878719443345854,0.3108738957925582,-2.3590431244368877e-14
1314,0.1736141595873375,0.1276366532983878,0.37277453407227223,2.0267254368712225e-14
1315,0.19422712778871926,0.11235261396331693,0.37180252671680936,-2.2781613174320667e-14
1316,0.17926811188403013,0.147708672183021,0.42703896180190937,4.9070525323160934e-14
1317,0.19923460780243374,0.16271217871164831,0.49952752246114424,3.8177883999461723e-14
1318,0.17947363127893443,0.17412372849936567,0.47468859233938088,1.0264754742036519e-13
1319,0.2151229511808582,0.14916308285898794,0.50411236144429583,-1.6609886523819989e-14
1320,0.21724941368475195,0.12672062556623703,0.45045380369923771,-4.3407087648097249e-14
1321,0.2188731580708986,0.1763074876947186,0.56729727639767413,3.7551277845235706e-14
1322,0.17743272857310852,0.19614653682342079,0.49831691321556604,3.1355645141462672e-13
1323,0.24603217354551718,0.12304788933413896,0.48791754690869132,-3.8360921132711444e-14
1324,0.24264527266610858,0.18046154511874779,0.6252414480496743,4.0151666614476943e-14
1325,0.2177418414470422,0.19936142342256022,0.60006257762296811,1.038156358285502e-13
1326,0.19553169975616647,0.21085602034741568,0.55894455959304212,2.0912039056911333e-13
1327,0.14604632966106312,0.18772619894104464,0.40999272213534732,8.4489422478828212e-14
1328,0.25765524918286847,0.16186618771883465,0.6161471721563242,-3.8437557689311931e-14
1329,0.2619733013597883,0.19451551319472127,0.68903157396043901,-3.8742453700542526e-15
1330,0.22435127542493477,0.22236335283242087,0.63771718731457794,2.0875240144136862e-13
1331,0.24864635135150479,0.14341440035876041,0.55172962320771268,-7.6598003407562295e-14
1332,0.28245950664661529,0.14807121942201112,0.62225290463428062,-2.9913737961494782e-14
1333,0.29415033271794616,0.20513284766627193,0.76720701020464865,-7.4230631264399486e-15
1334,0.25957276609319474,0.21795070679972139,0.71351026015123609,3.3485340013886032e-14
1335,0.2243801246720275,0.24938967146891441,0.64796380760465311,1.1555116890085206e-13
1336,0.25115762595315938,0.24394756305684107,0.70874035996185036,5.7375751033604533e-14
1337,0.13875179286515135,0.15495301540269402,0.34897679515412794,1.3757591049010294e-13
1338,0.084520425907633756,0.186488353135707,0.24188496390788697,4.3282338775714185e-13
1339,0.059900009575086961,0.19670318540444481,0.17690757369081475,2.9368886349916929e-13
1340,0.10522429069824014,0.20763526807419164,0.31320317808385406,5.6100884937504626e-13
1341,0.095445060648023744,0.24020537621042834,0.29497095845625532,9.8426123017826692e-14
1342,0.21504495193669215,0.063629664593069804,0.24336631790304264,-1.5902196403556572e-14
1343,0.24871746101830355,0.096331695141352799,0.40061641881837085,-4.554069047745705e-14
1344,0.12651450863639302,0.17611554349494285,0.34569220637599252,2.6693134825222167e-13
1345,0.12493997548038857,0.19800218951959958,0.36230209991866591,3.0770780749867271e-13
1346,0.14291186220958396,0.21090220625183631,0.42119317690071656,5.6009683317633713e-13
1347,0.14891330499467695,0.24447113607557677,0.45057216307250719,5.0722642880243538e-14
1348,0.26666220368548832,0.13768836827955969,0.56535529053283007,-1.4472489871988013e-13
1349,0.29929221432395176,0.12873993961935096,0.5846472822399007,-9.1796062192706981e-14
1350,0.29484385530606982,0.10134685798803002,0.47512379776862323,-3.3786413032787283e-14
1351,0.31381431741230587,0.1517334991887877,0.6795547658604425,-6.1296816894438446e-14
1352,0.2163402674043686,0.27079516913707435,0.6230723372389998,1.8990056291771008e-13
1353,0.22645916645658223,0.29584134686778746,0.62639578468547941,8.2012408168333253e-14
1354,0.20239813787229319,0.25445598590353374,0.59336151023859651,4.0258555168474755e-13
1355,0.17480818999526765,0.25400344672771252,0.52143125306705362,7.7112325770820543e-14
1356,0.2428047097917628,0.22688332593895821,0.68300280026514126,1.6248246447946233e-13
1357,0.27560021533376933,0.26951042034234396,0.75596190483855386,-1.182284928499887e-15
1358,0.029899473463026342,0.19243048174328817,0.087790034032016892,5.4723989394464128e-14
1359,0.20077683901313098,0.050261833666940439,0.18295385262170932,-3.0031741051134047e-14
1360,0.22278534392749741,0.045675158699067825,0.18235911504912899,-5.3935717074745564e-14
1361,0.21875,0,4.112039515406666e-10,-5.0173746013350998e-16
1362,0.24201043592466867,0.026184814880782475,0.11291770283288073,-1.0661497798851976e-14
1363,0.22971180797837204,0.08221445830355624,0.32629459368814917,-6.5901678697191005e-14
1364,0.26870628392744317,0.10111799184151707,0.44373026242030056,-1.3901373615449657e-13
1365,0.29072966610947432,0.08152861841568261,0.38795178854188839,-5.9832698055153964e-14
1366,0.2816244019012033,0.058121854981820514,0.27645817772245151,-2.136985390049223e-14
1367,0.26049847538861026,0.061698557882842633,0.27569577833789322,-4.575898456891821e-14
1368,0.31242701016559299,0.045103534466956606,0.23224141744879612,-1.9565719897845946e-15
1369,0.2484021828481083,0.076904129581479325,0.32617743261537013,-8.3286166142377668e-14
1370,0.32008796720302285,0.10208074750875668,0.50553996590328842,-4.7453061171077482e-14
1371,0.33633970136466818,0.082032303138533241,0.42944026584394407,-3.0517772969262384e-14
1372,0.34457564507473337,0.11023014119037951,0.56386689038469218,-4.7470686442532466e-14
1373,0.32592286704320383,0.062571030492780955,0.32744824783356968,-1.5442559323277353e-14
1374,0.3555498728592435,0.065174239296813,0.35760684943462479,-3.4516270307974052e-14
1375,0.37206614531507781,0.11590333993403297,0.61247525111276524,-6.1164676788894396e-14
1376,0.34778145918587861,0.13402716168235324,0.66222766866448535,-9.6690856918281122e-14
1377,0.36660204203985208,0.046696121131235703,0.26378059982564739,-3.9228172392911089e-14
1378,0.34375,0,5.4957808294541749e-10,3.1521747252230303e-15
1379,0.36969319072047946,0.02314882533887206,0.13287677075661566,-1.6409263204652045e-14
1380,0.38671143264534591,0.071268322168764289,0.40593568902429017,-1.821853007532751e-14
1381,0.33800542620346719,0.15670698779750863,0.7274429717018307,-1.0956017242180926e-13
1382,0.30037381609516595,0.17140270307621733,0.71238489228809543,-8.874517766430679e-14
1383,0.30796548429603132,0.19024264071310149,0.7658841818933384,-8.5812312117338001e-14
1384,0.32906919964290193,0.19951437466948491,0.81618130158139912,-7.3511907628402228e-14
1385,0.35434329304706336,0.18245401928301727,0.81767203282198309,-4.808393373001505e-14
1386,0.31372748679840429,0.21548526638732599,0.81403880987112187,-7.671175582007891e-14
1387,0.31767198778592542,0.24105399672361982,0.8391308943393615,-5.4464992278241881e-14
1388,0.34113259045385036,0.24473016260695157,0.87626941436413475,-1.2232749737163551e-13
1389,0.29536856996363176,0.24832087158654897,0.79922132692900494,-4.7983251546643571e-14
1390,0.35849168878526289,0.22775507396913167,0.89461085024691012,-8.7740056035443309e-14
1391,0.33431492573322208,0.26727901402882548,0.86248304665137743,-1.0907692136702384e-13
1392,0.29649850252114285,0.22740244915903507,0.79345198083830881,-4.177332887340284e-14
1393,0.35158701888562133,0.20554689194725601,0.85781469980240699,-9.9237799691212964e-14
1394,0.35074692754819053,0.2867192563899289,0.86882971762083117,-1.1725864351774014e-13
1395,0.37529330922155552,0.28008837713111406,0.90745723642143872,-1.0658758979849218e-13
1396,0.33395126446060514,0.30638192386125113,0.81344040403245754,-1.4054486134959077e-13
1397,0.3827157267676915,0.25466212010555639,0.93184227911250062,-1.2925296318932839e-13
1398,0.39533214250183835,0.27524856044276241,0.93379055511028908,-3.3548741981160659e-13
1399,0.41997426071991267,0.28277976838349317,0.94911332830906558,-2.694663350668539e-13
1400,0.37591765913919939,0.29979026540994758,0.87905561822980949,-3.5082913370165447e-13
1401,0.31125791380865947,0.30994716548358719,0.7710998798633607,-8.2836316164177603e-14
1402,0.32145712438546609,0.28671258105228725,0.82414177491674967,-8.4901854510496117e-14
1403,0.37539643717012855,0.23689376967641174,0.92032709424175052,-2.0138783517802607e-13
1404,0.43459970319971658,0.26137923564140575,0.97688301628483065,-1.5847502737423106e-13
1405,0.44271462789825344,0.28456628926112704,0.96103204511514817,-3.6732117088523277e-13
1406,0.29808031677275421,0.28564104901810827,0.785131389722446,-7.1840667611692616e-14
1407,0.42329481948744907,0.237004108460487,0.96925168052206034,-1.923063709693647e-13
1408,0.39934454192421909,0.23742055040500562,0.94757047219372936,-1.9661895079212333e-13
1409,0.45237164127421831,0.24765818123272451,0.98854314414145361,-3.0735515941381382e-13
1410,0.46866182904815229,0.29562200862797949,0.95387295828577123,-1.0271234805700347e-13
1411,0.41084453612242527,0.20988596424525105,0.93052505022455612,-1.013948444578666e-13
1412,0.47286528080199819,0.23179063371428718,0.99058162252161464,-1.4239522521970968e-13
1413,0.49387005802696909,0.22981243590058284,0.99071575878051621,-2.798236011187306e-13
1414,0.50896770399557822,0.21324404439105998,0.9728117868316829,-1.6695620079458572e-13
1415,0.51619426562723014,0.23447912443528429,0.99383924118544187,-2.3437680194548208e-13
1416,0.50137144785454091,0.18821367173837394,0.92554645975256611,-1.1772282190540632e-13
1417,0.54216068351855462,0.24228195746573178,0.98958434523043259,-8.3666097765669077e-14
1418,0.52483773298569059,0.19416770411280176,0.93594348852612874,-1.8713761628939257e-13
1419,0.48015347435320377,0.18972776754348869,0.92739275976094893,-2.6735071401938329e-13
1420,0.46273416791272215,0.20665147066056586,0.95657431393049974,-1.9936500407171647e-13
1421,0.49421420899304214,0.16140125850293999,0.84939641665016674,-1.5903432954169352e-13
1422,0.54019285611917622,0.1790535587283133,0.89493318612884432,-1.0936448320883187e-13
1423,0.5398876898074142,0.15306777838638125,0.81358957084831418,-5.0782129817967886e-14
1424,0.55278798007670127,0.20244737727074258,0.94254132407967983,-8.6183908113220077e-14
1425,0.43635339209668472,0.20127479423804517,0.93633668931728742,-1.7955834154033138e-13
1426,0.51566304484048997,0.14540698880341482,0.79065103606340592,-1.5221398899370554e-13
1427,0.560493109742495,0.15654570005642454,0.81714087392481671,3.1796061905475112e-15
1428,0.51461482838843664,0.12083657678431715,0.68746296456331901,-1.1012700075813195e-13
1429,0.4936956650588713,0.10936715291224493,0.63316348830778091,-1.5239015535577028e-13
1430,0.5364093824699433,0.12977118614430763,0.72329453911872588,-5.5740126470868853e-14
1431,0.46478454564681548,0.12090030209213218,0.6852127868134531,-8.1332050838399769e-14
1432,0.50625695588083042,0.088239993447662798,0.52647852892578662,-8.7464236183844155e-14
1433,0.52456043293001753,0.074564067527560229,0.4506088948954457,-1.2973507458563585e-13
1434,0.49365141779749477,0.073299961838750052,0.44400430949667247,-1.6981866941121462e-13
1435,0.4689787745103885,0.066555318225236013,0.40403223034576308,-7.3106448061045906e-14
1436,0.45847341129007935,0.087302242857931103,0.51713452314719599,-1.6898518399756425e-13
1437,0.44560488401041543,0.056337441592026624,0.34180426972859163,-6.1778739973827226e-14
1438,0.43710867793241337,0.079065938127439797,0.46748221323112987,-1.3013758620493418e-13
1439,0.42557940329743049,0.030466653083352606,0.1851311294895836,-2.1212381839474687e-14
1440,0.4089146661250771,0.094526811776231762,0.53658140365767637,-2.7407011360715192e-14
1441,0.44594634516266846,0.035387298867915612,0.21720702770088876,-5.653924603700996e-14
1442,0.20503053593419854,0.29258772345508294,0.57844898950137691,3.0487423781982028e-13
1443,0.17301883117983577,0.30584622792852034,0.48622067490906457,2.1447502149265693e-14
1444,0.2581795188659336,0.29745490847440226,0.69352556499110074,2.9727783691156795e-14
1445,0.23148633163264765,0.32113821579217766,0.59941478308933394,3.94767820595095e-14
1446,0.25248248901453801,0.31791829874713923,0.64919986560096288,-5.880214907073713e-14
1447,0.22579394293251515,0.34565070320918195,0.53702840212431879,-3.8436284727492814e-14
1448,0.24343141582964864,0.36247839359808931,0.52630538013024675,-5.6304547361189683e-14
1449,0.20636398762435573,0.33592712004639558,0.51762899899809567,2.8701101909397948e-15
1450,0.18279974355493006,0.34383687592451895,0.45136763318793172,-4.3940131374094971e-14
1451,0.22251947052387114,0.36783370163283874,0.47475592515198461,-9.1049371393339686e-14
1452,0.21345022011613218,0.38760515787923383,0.40310071142207654,-1.8234187434474061e-13
1453,0.27488472749281623,0.35871315820370842,0.59054596390398839,-2.6216829850455591e-14
1454,0.25687669106159872,0.38034741723096044,0.49289882081579528,-1.1595555925894925e-13
1455,0.16205278096292339,0.3289239013440256,0.42884505243254767,1.0699441175130426e-13
1456,0.17262824640373128,0.27499631895069782,0.50914377854256032,6.8134337613956674e-13
1457,0.15758787300722327,0.26084471771411261,0.4739180624601787,8.3074218172932047e-13
1458,0.167173679200525,0.23480451003814024,0.49872545246017241,7.3301989924096504e-13
1459,0.18467519547187014,0.22676452971122477,0.54238794864972772,5.0878055522231412e-13
1460,0.25685289522318067,0.26296902026345259,0.71960491470749011,1.2923588122662408e-13
1461,0,0.21875,3.0357568945070589e-10,1.259449352540584e-18
1462,0.017932852887709815,0.171875,0.049759915850663874,5.8069162924307753e-14
1463,0.047451403397855876,0.17665049057151516,0.13308589606355045,2.0533555691460377e-13
1464,0.234375,0,4.0826592826985755e-10,1.4705723003504183e-15
1465,0.28125,0,4.8233678107640914e-10,9.6343881454884073e-16
1466,0.37945422354212005,0.13764391237091336,0.70697963532906183,-1.4535284251794879e-13
1467,0.40338216609487365,0.15306674133708048,0.78326355397069791,-9.727473375198928e-14
1468,0.34865424702198672,0.020615595255767585,0.11492859224479936,-1.0012020171888466e-14
1469,0.38435816596294858,0.095216343537073714,0.52631892520357426,-1.696640017737261e-13
1470,0.48227772175927336,0.31847734334182753,0.90792415866427156,-1.8798470199565129e-13
1471,0.39005023783051113,0.19389536398222537,0.8821002408254911,-1.2895537765152664e-13
1472,0.37117170397375315,0.20088667678812472,0.87565224480146642,-1.3056233539766942e-13
1473,0.5697105474885964,0.24366639983832367,0.97468104394554156,-4.2357046825264195e-14
1474,0.52474237688291347,0.26614526132083377,0.99254474649868119,-9.254504358715375e-14
1475,0.55506975759211996,0.22439101839310921,0.97125696326638,-1.2630313715022897e-13
1476,0.45296670259682231,0.18716849084504025,0.91261774760070979,-1.5514285005503597e-13
1477,0.44665996146839482,0.16516787004182448,0.84804322180423986,-1.6175011298892012e-13
1478,0.46036220816428408,0.14493383461310075,0.78343774399966548,-1.6401926480723427e-13
1479,0.42551267715145324,0.16344175114071652,0.83306499479271079,-3.1253147048096572e-13
1480,0.44276259887886116,0.12381875345097676,0.69028922361856504,-2.074863300913613e-13
1481,0.42079828338979369,0.12838738818218665,0.69945615743600398,-2.0697926478676089e-13
1482,0,0.203125,3.0888720276219765e-10,-8.0245605468010328e-15
1483,0.022459249404145919,0.21412119013468328,0.068684215831398887,1.4416893077686682e-13
1484,0.029748862209319459,0.2355527574530365,0.092885203465773919,2.1414246050329467e-13
1485,0.26356864116775003,0.018451394919230216,0.085139465633270392,-1.2902039528380618e-14
1486,0.26067795404354749,0.039978740499164014,0.18140854682850666,-4.1409805096894801e-14
1487,0.47324334897753867,0.34638518531330642,0.81963207047094577,-4.6662438101091808e-14
1488,0.45563926301735092,0.31886355368303509,0.89909064204222477,-2.5032150926052303e-13
1489,0.3770916154560181,0.17289850304784624,0.8192145729624114,-9.4590749908457408e-14
1490,0.59253834615996714,0.23466740815785053,0.95440027639368907,7.8543837047551648e-14
1491,0.57882131472370046,0.26644981845436139,0.96448630979623173,8.982217923222998e-14
1492,0.59863182701718265,0.28325006339929804,0.93130740968783199,1.5383057127401054e-13
1493,0.56660800779015319,0.28261835055405898,0.95743520648053582,1.7532349266639517e-13
1494,0.55131201370612815,0.29970514653833857,0.93889829744347697,1.0889451921103605e-13
1495,0.63235883779262869,0.27411846516594751,0.90486443056366628,4.6584622590379566e-14
1496,0.52433775629150348,0.29402331483438243,0.95977497125838562,-6.1624888299897045e-14
1497,0.61732343071328988,0.28543623581814931,0.90921092091745503,9.3999111093801537e-13
1498,0.50238165897021392,0.27338143849875896,0.98908770207555086,-2.3575135936176446e-13
1499,0.48164631686215226,0.26368154474154881,0.99459295874674725,-3.0340768498865779e-13
1500,0.47993455104727256,0.14772747359701402,0.79855531169466409,-2.6019455395572817e-13
1501,0.49170981310093342,0.35564987500614825,0.78621169728912577,-2.1074069495859581e-13
1502,0.46156021506143946,0.36747849342943079,0.7335393599572535,-2.8206251525810657e-13
1503,0.46681416842078327,0.39012629831544071,0.63322344696992705,-2.8642473630442414e-13
1504,0.43720466734921154,0.37531344475824213,0.69177040763002451,-3.6288061344506825e-13
1505,0.41533973251788858,0.3602596497259406,0.7419711551293503,-1.6340785810162142e-13
1506,0.45706554755739986,0.33734223969367599,0.84518011634637835,-5.2228149622719472e-13
1507,0.43394705150972296,0.32906082267466408,0.85989782121274083,-2.8563758260534068e-13
1508,0.41093165924260772,0.31814817615346264,0.87491974916607862,-3.6911509102461405e-13
1509,0.38474722491014113,0.15570508727009474,0.77575770733733085,-1.9240312137180148e-13
1510,0.5940517501584176,0.30262318231635899,0.90309234534167893,7.3751851132125513e-13
1511,0.51323715247200363,0.31591315575381551,0.91456759950544519,-1.4005818180546266e-13
1512,0.53932942168882736,0.28029893999385042,0.97383812949896364,-1.3394801558525824e-13
1513,0.48304063332642783,0.28285783365999506,0.97641187323879552,-3.7129329232474e-13
1514,0.39982590696037179,0.37281590824442973,0.6814022124317467,-3.0842016875063544e-13
1515,0.4178504058047206,0.34060882551451482,0.81398952550674286,-3.4899858139112382e-13
1516,0.13111287551158843,0.028586458839792467,0.071220453823127014,7.1548317131596333e-15
1517,0.11964159585087326,0.043384564070035769,0.098775158080934455,5.7126402860255325e-14
1518,0.11339262434184762,0.017428912171893473,0.038111085598520437,2.8211756613618383e-14
1519,0.140625,0,2.8625199594838275e-10,-2.1420186356567862e-15
1520,0.078125,0.022786683555687366,0.034912489522263376,6.7322568046345563e-15
1521,0.08390896969335615,0.041738332585483262,0.067470528856774903,3.6230132408123849e-14
1522,0.058894134977285253,0.04061138289760393,0.046725063095139227,7.5634048450102707e-15
1523,0.053188368812161824,0.062078513669372899,0.062841767685550942,1.2256907398437654e-14
1524,0.03125,0,6.3030896088665995e-11,2.0498689214466018e-15
1525,0.05123500538204389,0.019465559536058066,0.019426149603546664,3.4411046715999967e-15
1526,0.70011789366256638,0.62212248254404823,-0.56117506722175536,3.6428483468780565e-14
1527,0.7176516024353945,0.63380254411798853,-0.57767649154440603,1.6653897605275923e-14
1528,0.171875,0.016300851465244993,0.052661472898910509,5.7124982307799089e-15
1529,0.19206840988152826,0.02001800929482702,0.071699198262327693,-1.1107155136843421e-14
1530,0.48906781426053991,0.02553240578569551,0.15972335157411691,-7.1389864607088873e-14
1531,0.46875,0,6.2394900508419552e-10,9.448901468329269e-15
1532,0.4611876432316086,0.020167812940862364,0.12521853594796345,-2.8146674103062227e-14
1533,0.60713900189956449,0.16341235004914076,0.80752495485191689,4.7587966853466485e-13
1534,0.62817380539969825,0.18141396280357827,0.83587102125889168,2.079278464032535e-13
1535,0.64421546985797951,0.1987842783743875,0.85323556049529103,3.4627033249492907e-13
1536,0.61547312977879842,0.19811731182526282,0.88466961796308596,3.6715663136970395e-13
1537,0.59687243580421145,0.21010298830925772,0.92415833757281696,1.5191753924310206e-13
1538,0.58273025503991238,0.16983617887037028,0.84599928618572917,1.7580051217148748e-13
1539,0.859375,0,2.837081464289405e-10,-3.0084086010038821e-15
1540,0.8828125,0.0234375,0.052422288938611887,-2.794921193398172e-14
1541,0.90625,0,1.9680702967832851e-10,4.0214199002577963e-16
1542,0.578125,1,-6.1489141884636692e-10,-1.1349815498745322e-14
1543,0.54259834065654233,0.60763225641497243,-0.62030509323936411,-1.2142489169387956e-13
1544,0.59559101176577223,0.79389497438175738,-0.9192134947404258,1.271200520461719e-13
1545,0.61671923618665325,0.80513946474513343,-0.87779202223589348,1.3370112510116094e-13
1546,0.5989867516035855,0.81298648098187398,-0.87760884609707746,2.1619174145666892e-13
1547,0.63746089881715673,0.79242301243066926,-0.87617213858576126,2.8686073162465124e-13
1548,0.66275581925840532,0.80302664339310015,-0.82379270571295249,2.8080127493520148e-13
1549,0.68265031265304166,0.83626376102330346,-0.71882415289629886,-1.9457280823585365e-16
1550,0.64054310831709693,0.82054269632295518,-0.81751800168576982,2.0100966513585765e-13
1551,0.67899395843976518,0.81587970965368484,-0.77394546626333816,4.125531056902475e-13
1552,0.70574015867365725,0.82160210772640674,-0.71957012918335617,3.7399432513742465e-13
1553,0.66114972167231878,0.82960044079795126,-0.7671835831422682,3.2813365088594217e-13
1554,0.70204008607400181,0.84905650595251814,-0.65450638409220807,4.9518938553890581e-13
1555,0.4774317064725262,0.76560089638245099,-0.99191427831334611,-1.3027325069255841e-12
1556,0.4905145723937272,0.74638642065002381,-0.99917245087565865,-1.3596584567409143e-12
1557,0.30819917395176055,0.46782309385376303,0.16546074407109951,1.2116257252546472e-13
1558,0.32069363055883487,0.44908495157806705,0.26559589968348496,3.0849266035350506e-14
1559,0.33371691692450123,0.47130346135224377,0.15547865121672272,9.3857625986668997e-14
1560,0.2102573060392261,0.6810305282274971,-0.55672583049359492,4.3454589356942875e-14
1561,0.20135531498196707,0.7036426517086507,-0.56605057964678152,2.9075940689400552e-13
1562,0.18193360767977834,0.69485468100143066,-0.50872852672019442,4.3115275131490916e-13
1563,0.22817759349793468,0.68530047178874853,-0.60266473052679537,4.4845919653100846e-13
1564,0.19939571724725774,0.66557018777449373,-0.5052008693664205,4.7910231543808866e-13
1565,0.21830901972633907,0.66363195947830744,-0.54177253204498432,4.21203977259524e-13
1566,0.2341808388047652,0.64850292043449609,-0.53866157405608317,5.6202189935647736e-13
1567,0.60554166019972344,0.97481347172942256,-0.14886150851101559,1.0147192177692814e-14
1568,0.59420220858434736,0.95855057042432745,-0.24612325659810066,5.6123662891678627e-14
1569,0.61927189499247826,0.96087530300944102,-0.22624910293310815,1.3118558527391265e-13
1570,0.45368044815032127,0.46279604634828336,0.22923245554234353,-9.9734249699696771e-14
1571,0.47064544663502539,0.45229021990473611,0.29372879401914143,-1.0169878332452731e-13
1572,0.2000537182923996,0.46431847101198492,0.13046437646832854,-1.4596917270193147e-13
1573,0.15228188758999808,0.44728131751677025,0.14947532742899225,-1.5710637772946764e-13
1574,0.1677801720004809,0.4653502213944673,0.10831389454211318,-8.708350074404118e-14
1575,0.1585232617725415,0.49231974795894118,0.023359884135238557,-9.3146742526189626e-15
1576,0.1505637284444537,0.51201555568614332,-0.034214042928445085,4.3234906794938292e-14
1577,0.13032443131307014,0.49929748202107888,0.0011291659171332191,-1.1575704878616245e-14
1578,0.12813858291112937,0.47553799568421518,0.06028189806488015,-1.0129179543833077e-13
1579,0.14716463551011555,0.46735169279208605,0.090740990694406248,-9.5426919733945252e-14
1580,0.14338074969084649,0.40286492221049874,0.24937612105148191,-3.677758242386339e-13
1581,0.13174585078071988,0.42625526627391774,0.18009913863083726,-1.5876442837240082e-13
1582,0.10989705691577706,0.43480566568180756,0.13469829222009988,-1.5345213492020983e-13
1583,0.091497885425561032,0.41677549138666747,0.1409324658341963,-1.3607740518755363e-13
1584,0.11158361396809599,0.41468164498106458,0.17540448028350314,-3.1587402972347473e-13
1585,0.13637414420369132,0.37164501647190279,0.30004646281915442,-8.5039605089474647e-14
1586,0.15428686095933691,0.37128946791432565,0.33662675526567543,-3.2012944156010618e-13
1587,0.10853922518267335,0.37201425855170062,0.24107911458212417,-1.3280056176299002e-13
1588,0.087311972323648165,0.38955726921063671,0.17357989212115857,-1.5632452711576089e-13
1589,0.13541613947782494,0.34507856082172061,0.34121936562973382,-4.9381546537943885e-15
1590,0.061342452122927091,0.38187940903518436,0.12941426023619149,-6.6084494078758377e-14
1591,0.11923837943396785,0.35581308494012842,0.28777288557233616,-1.4695363770545533e-13
1592,0.11956062897130187,0.3307361876835897,0.32053630862838361,3.2406042969375773e-14
1593,0.095806706569000324,0.31948651029502245,0.26855219365865202,3.3909185598283185e-14
1594,0.11697777786385755,0.30825804355728159,0.33543445505229585,2.9609194849063759e-13
1595,0.13348120786414738,0.29228911809476799,0.3929016036955128,3.9462230999068017e-13
1596,0.037102666168125797,0.40107705207664784,0.067548616160883868,-1.3498793977572298e-14
1597,0.0791517015495877,0.35967212189238623,0.19017905769237214,-5.7632830584308009e-14
1598,0.083468987199116801,0.29771838663678996,0.24773514070250857,2.2498371466267668e-13
1599,0.061361782971399999,0.29796592328381133,0.18271588942189709,4.1567596021141222e-13
1600,0.15186025619387877,0.30312074476799161,0.43348124202697702,4.8468665148455778e-13
1601,0.049317386712971513,0.41637200110086492,0.077276058667539005,-1.4161027335240965e-13
1602,0,0.40625,1.7846452143611499e-10,-9.4691709861152961e-15
1603,0.037834558065737302,0.37709924100855702,0.083025419851680771,-3.2069223870728294e-14
1604,0.01822642824817048,0.38850080358515299,0.036913728722283941,-1.1025842307133551e-14
1605,0.066672261430842261,0.34088035585164789,0.17512721870590867,6.0197383698854371e-14
1606,0.035369897293205575,0.32580951426507221,0.098958302963497433,9.0099389912606365e-14
1607,0.020378365848378845,0.41676781159020992,0.031900996940498458,-4.197406748669723e-14
1608,0.085682242244678741,0.33623364485042728,0.22775811939790261,5.8568191838430502e-14
1609,0.18089553563366462,0.37076131375275689,0.39044959262991885,-4.8302420229715103e-14
1610,0.19899669006156415,0.37565829045041499,0.41190964389584306,-1.4823655735049102e-13
1611,0.17984381700165433,0.38968792570584726,0.34152135982269566,-3.1588204075376313e-13
1612,0.72798129237554843,0.88563826015824487,-0.49596847267888505,3.5751093420543857e-13
1613,0.093803921538146068,0.63866378114250688,-0.22238783812622287,1.6859362873169067e-13
1614,0.11290162216806972,0.63433338541905715,-0.25856677463880706,5.7007550088729031e-13
1615,0.098968449761983338,0.66930727607536245,-0.26757543997380384,4.6218767741512388e-13
1616,0.21822680370726605,0.62560793457021902,-0.44888784567411283,5.1278023324418149e-13
1617,0.73016024023968329,0.78227837967690339,-0.73393542271019041,4.0384122741548889e-13
1618,0.57476533582306866,0.87381747263759102,-0.69217147919581457,-1.6026491506578077e-14
1619,0.054822833733227674,0.60858076448809428,-0.1079575436847082,9.315065734057285e-14
1620,0.053773472316102328,0.63445449005742993,-0.12575196305706526,5.5085023029335776e-14
1621,0.073052421223644623,0.64053901667626667,-0.17583541967810659,2.6097333807415948e-13
1622,0.026434620278214617,0.632298704790202,-0.061181307381684827,2.3742569274434719e-14
1623,0.035273270021228896,0.61402974059715298,-0.072464517744057766,3.6138576398192255e-14
1624,0,0.65625,-2.6518839513550421e-10,-7.7235536327407378e-15
1625,0.019895552771735735,0.671875,-0.054966182619525045,1.5102357843844679e-14
1626,0.019790728461241268,0.65152931776350353,-0.050274743771257333,4.3253333658702451e-14
1627,0.045448222595914856,0.68393245077755105,-0.13010984735160602,2.814468455406385e-14
1628,0.058663632494269813,0.666812519753466,-0.1587756501610674,1.5491923305442718e-13
1629,0.076907326730380046,0.68676367048291487,-0.22051518668759709,1.0685789054392086e-13
1630,0,0.71875,-3.1122579676890041e-10,-1.1903443833970705e-14
1631,0.087740915791910054,0.70556951491245934,-0.2616085970600433,2.716276947547859e-13
1632,0.10911500509096678,0.71263009737449856,-0.32674549172337913,2.5997174522151028e-13
1633,0.10784153848726782,0.7337451721462166,-0.33018854177826878,3.0006580922431202e-13
1634,0.095815288308019747,0.75398487886041465,-0.29653314150106863,3.3517638246104454e-13
1635,0.060280271173231099,0.69532067268037978,-0.17700007405180335,1.7546883028483185e-13
1636,0.024059072271042984,0.70272274714322613,-0.072229062849600942,4.46882100640053e-14
1637,0.031935987107576558,0.72434229409249595,-0.098781951119526659,7.8962701969707758e-14
1638,0.017965921116970911,0.73965795506913556,-0.056243878760899771,6.9523692929634933e-14
1639,0.049358256425696828,0.57330688094677607,-0.068136716713144307,1.724306389727839e-14
1640,0.023933089847557175,0.57131082074516182,-0.032650827928266034,1.3052004133173939e-15
1641,0.068883270287354789,0.56352575632685975,-0.082704506450822154,3.5365288332442452e-14
1642,0,0.59375,-1.8315208703797899e-10,2.027657000135593e-15
1643,0.018026796284569203,0.58899412897250736,-0.029636988349936628,8.7079788357218363e-15
1644,0.020480344717741582,0.54619410580809846,-0.018182582123102191,-1.0083536035979197e-14
1645,0.027641185256923377,0.52354616650551955,-0.012114381486852215,-4.4485123338209462e-14
1646,0,0.609375,-1.9312197755127116e-10,-2.3963803014930723e-15
1647,0.018214553446915083,0.60732294836766443,-0.03568756242441689,9.9487203438380761e-15
1648,0.96569408226772979,0.82297019470700961,-0.096444835109013374,-3.2642290759550402e-17
1649,0.94684010575621702,0.82899593076819122,-0.1459270302192712,2.2182825546550754e-13
1650,1,0.859375,-2.4598345931657037e-10,2.0687345170523991e-15
1651,0.984375,0.984375,-0.0047865757094305329,1.0593755181288438e-14
1652,1,0.890625,-1.9986717972606578e-10,1.5887328021689263e-15
1653,0.8944019438820886,0.83482195914967716,-0.2804404206643501,3.5877205513642695e-13
1654,0.79536558017746428,0.65691049353047704,-0.49945111170466461,-1.0350486092898286e-13
1655,0.89191111638573073,0.6268446451551013,-0.23842695329213973,-6.0429382142182698e-14
1656,0.90616315436605444,0.63902474025550826,-0.22262375837505391,-5.1568541535236026e-13
1657,0.86826253623727978,0.62013283847473,-0.27552317718189029,-2.6529402808063848e-13
1658,0.88428274107394111,0.60870473040324558,-0.22458471809159111,-4.8638421095796338e-13
1659,0.91509804587593246,0.59474579882439937,-0.14775196697106449,-4.5644139033323133e-14
1660,0.93579648605057275,0.60767891341515734,-0.12549043555150519,-2.3722435140688923e-13
1661,0.94927821868922191,0.59105506459287871,-0.085806863931906757,-2.4341111870260666e-13
1662,0.90870445297027302,0.61455140252212948,-0.18682236463873778,-4.2647499026307213e-13
1663,0.48875339507265175,0.97426873509035372,-0.16108653267119463,-1.1001764625932323e-13
1664,0.46875,1,-6.2559967679187534e-10,1.3726797865595264e-14
1665,0.46845465919106261,0.9791294860587122,-0.12997878962382256,-9.7460658758160424e-14
1666,0.44491857852456257,0.97190513795331779,-0.17315733465611602,-1.35786758246084e-13
1667,0.484375,1,-6.2831356388037499e-10,4.3082301970889677e-15
1668,0.98307392185391906,0.796875,-0.050822021710642977,6.7450067803324676e-14
1669,0.5276507047295631,0.38004996614407877,0.68185595317700354,3.2380414710563987e-13
1670,0.50476810333633082,0.37569829017547696,0.70371327444348208,7.7182947343526885e-14
1671,0.52523959316415247,0.33887245415707046,0.84503285473884204,5.4964471226935255e-14
1672,0.55360340882936521,0.34179949224563927,0.82628650152856986,8.9427303525322852e-14
1673,0.56127476464675929,0.32027236530850056,0.88624003339136692,2.1345699892772779e-13
1674,0.55574341327844357,0.36186796934395959,0.7507974749489158,3.5497334243485327e-13
1675,0.53783049185740317,0.35390007447838345,0.78872172025956433,2.8680384038623899e-13
1676,0.57614312222242514,0.33066243622078167,0.84888655731730045,6.2861428234555542e-13
1677,0.95839982011308855,0.30101067167386464,0.12347365084269557,-2.336183820091706e-13
1678,1,0.28125,3.0849421650036583e-10,3.0555127623415245e-14
1679,1,0.328125,2.8587592065489091e-10,-1.8023037869359144e-14
1680,0.95668944682922386,0.45238309479921629,0.039699211934504416,-1.5177114100863275e-13
1681,0.93912083588133644,0.46811977682677375,0.03788321287149652,-1.5208793618279352e-13
1682,0.94018851302460926,0.499491861522249,0.00041928735538809754,-4.4236161072186307e-14
1683,0.92735791588994165,0.45338965123839564,0.06527605090324709,-3.2305852129061209e-13
1684,0.98292960308607991,0.484375,0.0050653344161856861,-5.8907586905415171e-14
1685,0.97635081037787741,0.50869961700113964,-0.0044446417865786746,-4.34358887529897e-14
1686,1,0.53125,-7.1994258844103982e-11,2.0264550359526111e-14
1687,0.97860867124600182,0.53000769818995319,-0.012041292220801209,-9.3687229186986228e-14
1688,0.96295060595110904,0.55230926676083836,-0.037423106271397159,-9.8567293730703774e-14
1689,0.98348942466141409,0.55008209963818888,-0.01589603446884327,-4.7271586211146373e-14
1690,0.83900283403551223,0.021904832982243889,0.066548294916231585,-2.8337312444796541e-15
1691,0.83757547552052924,0.042646895512497875,0.1289543102723282,-8.4944019335407957e-15
1692,0.72884990805612049,0.17117247608056974,0.66156757885309347,8.215832951544254e-14
1693,0.69020800996962994,0.15181798108549516,0.67370441300533412,2.4870637166136913e-13
1694,0.67552365437219397,0.16836082015987278,0.74244180343134392,6.1076115148269749e-13
1695,0.67644966028375608,0.13966154900380795,0.65367775803022821,5.4885578300367534e-13
1696,1,0.21875,3.1207935925397151e-10,7.9808556150034861e-15
1697,0.9631173519707068,0.056867351970706824,0.040657162457401287,-3.6211384241096057e-14
1698,1,0.03125,6.5627595948576772e-11,6.6599597236439042e-15
1699,0.98022890992990908,0.068391000343131475,0.02630847831524552,-3.846429745720499e-14
1700,0.70291321051849454,0.075842971782772439,0.36891797573725638,7.5640714414409564e-14
1701,0.69932596720646367,0.051560230506731634,0.25803153768177839,6.5957027880211445e-15
1702,0.71774218749065377,0.061245976177223022,0.29096822630505514,-4.8225187421877942e-14
1703,0.69803081317663163,0.024720959765437311,0.12593904525788741,-1.7985073192125828e-14
1704,0.67862188959918812,0.039108440269318909,0.20597261232842415,4.6428537593109605e-14
1705,0.6646618572541102,0.021141130271669837,0.11504064497008398,3.6023864788821013e-14
1706,0.6391502582243902,0.021227797541240694,0.12045018498864762,9.7736758932210234e-14
1707,0.64503063397696614,0.15989847863874254,0.75687665968940487,6.6912308472998705e-13
1708,0.63527539197737837,0.12372279695332039,0.63849418010040837,1.2707607865379921e-14
1709,0.64010716759110065,0.14164062785744236,0.70237593693725631,6.0877958741935759e-13
1710,0.61785001453388111,0.13392101213216648,0.69564773525411228,6.8134357994671904e-13
1711,0.62325502192213234,0.10386577992085945,0.56177035756071825,4.7377235257360612e-13
1712,0.6384318045695363,0.093186514186876415,0.5009103300858293,4.7290327616756655e-13
1713,0.65546593340528192,0.12377709099103949,0.61904859556436931,5.7061985304283362e-13
1714,0.65848292823373755,0.061239296999524559,0.32981763827247895,2.0612924694367176e-13
1715,0.056160598146185625,0.73376205135837402,-0.174455044199433,2.5162954567872023e-13
1716,0.070644653319968193,0.77281807386381918,-0.2177803222211914,3.3334134816798128e-13
1717,0.075603740279867299,0.79872529523497104,-0.22432953103257439,1.1872231281132997e-13
1718,0.094785431704288672,0.79580587144647508,-0.28115835869173617,3.1163399955504811e-13
1719,0.11892576806937516,0.78027294284041726,-0.35862233001873822,1.6110071134929008e-13
1720,0.084126918681419749,0.81809634064392012,-0.23753746420236546,2.2843903253164556e-13
1721,0.078496364395126972,0.84493598376080825,-0.2022005160057071,1.1148859586199714e-13
1722,0.14469964724056278,0.76619598715429438,-0.43693282609717055,9.594236521765671e-14
1723,0.098007319294300649,0.83501866480801956,-0.26077292954696735,2.0313889532864847e-13
1724,0.087391951020881334,0.87357580447323457,-0.1935074061769351,1.0229245100553161e-13
1725,0.097470262864154028,0.85561066116656392,-0.2376064083629375,2.8221084027118899e-13
1726,0.14158814512651516,0.74213199741448688,-0.42932522433852738,2.603124921571405e-13
1727,0.15466954187959522,0.72133504088653144,-0.45922595236897129,2.5110760141570448e-13
1728,0.16455389362854586,0.74440858475915905,-0.49394494180785309,2.8103305021903591e-13
1729,0.13951165246346903,0.78733067142610358,-0.41255037343513457,1.7134536355161628e-13
1730,0.12543856525805011,0.80466582221020189,-0.36162684544894458,2.7428385349892408e-13
1731,0.15886890264801787,0.78087825558075941,-0.46983359263265445,2.5741497286219644e-13
1732,0.09184002368397351,0.90084090454845056,-0.1663362373893372,7.0803357878753291e-14
1733,0.16271134919874131,0.70233918848567289,-0.46730731398386804,4.7391698207639578e-13
1734,0.079845237732481505,0.92131156323237295,-0.11753477144816055,5.3066501851628094e-14
1735,0.087036210665148439,0.94532273457340543,-0.090387516081834166,4.3769304053639656e-14
1736,0.056689295492169466,0.91388750207593805,-0.091248609609893144,7.7273630391950222e-14
1737,0.1156194182600476,0.95283990107758243,-0.10370815493348147,-5.7315280689707067e-15
1738,0.05665457867785087,0.8889645127500061,-0.11333721081206034,1.4461985668123321e-13
1739,0.072052677736976892,0.90140458260271705,-0.13012890196984295,1.7984427813561919e-13
1740,0.12297733444350302,0.9330786660336291,-0.15295193959227638,-1.9289667676074028e-13
1741,0.12024324881387509,0.90910715619603044,-0.19981649684799618,-9.2538188681987217e-15
1742,0.13325166346492018,0.95608041012924105,-0.11050771592986551,-3.7111478777538895e-13
1743,0,0.828125,-2.9156673332991473e-10,-6.4226423216950816e-15
1744,0.021463517004613526,0.81535109019559093,-0.061733726224272159,1.1013031323177838e-13
1745,0.053216036140209248,0.84228083126836717,-0.13911185631826492,3.2858467646268011e-13
1746,0.022119936635809332,0.859375,-0.053613709092020859,4.9316948566255615e-14
1747,0.038829092869351406,0.87482120411254805,-0.08613243144527212,1.8054713264490554e-13
1748,0,0.90625,-1.652135606939198e-10,-1.3352339506316764e-14
1749,0.019466725738848164,0.8862423786225273,-0.039973088959641495,6.3654263560124849e-14
1750,0.16563687107606448,0.95810720827046025,-0.12940014350395393,-1.0470229549632842e-13
1751,0.18601317693248362,0.97412455571818424,-0.089534135000570128,-1.0014538907306732e-13
1752,0.2107095234411161,0.96761394757633112,-0.12416138683476576,-1.0588542897289062e-13
1753,0.171875,1,-3.1053242431129408e-10,1.4972608648735381e-14
1754,0.21875,1,-4.0938474303734022e-10,1.8766964432658942e-14
1755,0.22842954683953523,0.98040573180689894,-0.08065607230591651,-7.2986458652602444e-14
1756,0.16103415244198055,0.97907393097062656,-0.063391767225602705,-1.6711320585530014e-13
1757,0.140625,1,-2.6839920771312222e-10,-2.4020066191083498e-14
1758,0.050639344417035395,0.27327066895841262,0.15662382302329378,5.1126654878429232e-13
1759,0.01746118445013219,0.296875,0.052480201572160955,1.8716201403556093e-13
1760,0.078125,1,-1.6069205886989583e-10,-2.8037491027281774e-16
1761,0.0546875,0.9765625,-0.025136000999712228,2.9602039556821047e-15
1762,0.048828125,0.955078125,-0.042996858740497475,7.7309026058530159e-14
1763,0.0255126953125,0.9432373046875,-0.027719274368659799,1.8454307114491561e-14
1764,0.037015097586552949,0.92422219011815754,-0.05321813135478469,1.1201025400328223e-13
1765,0.74948804320909368,0.31210295801888172,0.65387545090952315,-5.4826149550168481e-14
1766,0.76884688629338926,0.31906924609556603,0.60230897215902746,-2.4259462695886499e-13
1767,0.71019038910858723,0.29951621699395731,0.75192211723454316,2.998017178746262e-13
1768,0.72482077810887335,0.26862618128922927,0.75599829719341161,-5.4976787717982034e-16
1769,1,0.578125,-1.507993782712537e-10,-6.5345417695885289e-15
1770,0.069311854994337591,0.23152632642449542,0.21465994879892306,3.6476421674262942e-13
1771,0.063524871532991078,0.25398610960996054,0.19801882934936238,2.2334471327339795e-13
1772,0.050007475478458838,0.23859336166038364,0.15591307388260967,3.7918984866852561e-13
1773,0.084514210207875987,0.25874493593046721,0.26201367217959504,3.92666050486364e-13
1774,0.092114759877247779,0.27816725763491851,0.28063380628367451,4.3991911813975927e-13
1775,0.12783783770799401,0.26337821834509517,0.38967098899719255,3.5094746011512963e-13
1776,0.10613084667404238,0.26148400850364212,0.32634010566303195,3.5024732436880068e-13
1777,0.11873435438054644,0.24237657771450463,0.36347183616543915,6.7840840773861806e-13
1778,0.22343822849996611,0.019259099922821189,0.077563305498735122,-2.2308970942413035e-14
1779,0.3032468127286374,0.022536852108607036,0.11485975128507098,-9.7628638277405126e-15
1780,0.32582627350135412,0.018639519447308343,0.099781343634871636,-9.5252049173301673e-18
1781,0.32833657246478459,0.036534700165786048,0.19515433714674935,-9.4594189815984866e-15
1782,0.30113569225108061,0.061337320515462632,0.30485700040536495,-1.9656849069328379e-14
1783,0.40097823600944715,0.055477333586907408,0.32477565856338031,-9.3789111513800644e-14
1784,0.40625,0,5.9421657784901578e-10,3.3687704152985101e-15
1785,0.39161642337275671,0.017330354085888473,0.10237676215558808,-1.3827190419671808e-14
1786,0.4055116194861878,0.031877899916286499,0.1904090879978777,-5.3084595944051175e-14
1787,0.40583695656610425,0.075237710826901491,0.43548894694226087,-1.7319669895760866e-13
1788,0.27719921625911564,0.2899095505132735,0.73968795412872679,-6.5842503644980916e-14
1789,0.18671325955877294,0.32257491829168872,0.49655768855638982,2.4360000168495801e-13
1790,0.27630982676205013,0.3314359115827259,0.66510984429334608,-7.478779865037007e-14
1791,0.29958272049200574,0.33012246208994839,0.70796596524637023,-7.7801654079272859e-14
1792,0.31148850645097437,0.34599321194113142,0.68262080981056328,-1.1712011986285209e-13
1793,0.33295952285226948,0.34894834961260607,0.70330883276579714,-1.1445604501245032e-13
1794,0.33083349133795087,0.37457034147473917,0.61132874699941719,-7.1339089682648126e-14
1795,0.28841223986701542,0.37372647376648049,0.56012888951113649,-1.1345710870286523e-13
1796,0.42209786360023732,0.10891568153313357,0.61316802133506343,-2.4409889538178633e-13
1797,0,0.234375,3.1553620919890137e-10,-8.9749815858207343e-15
1798,0.62790419772935324,0.24570124784358593,0.91969950161083758,1.4937384863533233e-13
1799,0.61123669872144282,0.23692966473841781,0.93579946826691518,4.8887281476694827e-13
1800,0.6380750419209581,0.22607215359801575,0.89687556947737601,4.7365174365355632e-13
1801,0.65537361655753357,0.23897544191403544,0.88029658557166801,3.8383657328006931e-13
1802,0.6797309240662055,0.23164089643056687,0.83965626523917491,3.2727725933758591e-13
1803,0.68297863879702614,0.20364310929869248,0.80375495350705384,2.4294761737750211e-13
1804,0.69284745072268272,0.25621951972183471,0.82177500616851951,2.1324712013092437e-13
1805,0.66420881145840216,0.19633316899750972,0.82063757517486169,6.3646472648761062e-13
1806,0.64444163867410242,0.25766662356585052,0.89656816985183641,5.7211609756786459e-13
1807,0.65397927391139676,0.27727139547289581,0.87092514227043705,6.241299317756078e-13
1808,0.67613002785555054,0.27742773453003294,0.83781287282781403,4.2466962451766336e-13
1809,0.71273638269020068,0.20242687601130471,0.75050661827703991,6.8811096714094351e-14
1810,0.71334644053808027,0.25079409126212754,0.78289088363996429,1.7833661735036943e-13
1811,0.70664447293636634,0.2680657967162679,0.79064651913486661,2.6127772645482791e-13
1812,0.69830694027348816,0.21403124558338787,0.79035256226753015,5.7150464490497738e-13
1813,0.71387294699574555,0.18323189703438056,0.71531804403996258,6.5885161773793987e-13
1814,0.73199325104313007,0.22288561350020908,0.73488758415945343,1.7331267180409508e-13
1815,0.75764478216079545,0.22078093446495706,0.67950102024154801,-1.4302017876405767e-13
1816,0.15015406515922031,0.019984848718350302,0.056820901595760566,2.4253606112048113e-14
1817,0,0.03125,6.4156699503243542e-11,7.0857913468615958e-15
1818,0.18325792087412041,0.038930575952861091,0.13240036609929839,4.626039558362028e-15
1819,0.921875,0.03125,0.047950919715632159,-1.1342137207580907e-17
1820,0.9017857142857143,0.030133928571428572,0.057234229525531158,-7.250653896648112e-14
1821,1,0.828125,-2.5996491255168133e-10,-7.9965142990276203e-15
1822,0.97928037439151083,0.83924839967955689,-0.055023889199875747,1.1020761901577587e-13
1823,0.95601387336329635,0.80200234485410105,-0.13021915730745043,1.8158440360488594e-13
1824,0.78710811271516978,0.67636543559830531,-0.55447223872944384,-3.7997237475843512e-15
1825,0.90397063734754579,0.55856974132254633,-0.10678270181447494,5.0640502107375537e-17
1826,0.88393488202896076,0.55463163878270982,-0.11990123798980173,-3.897328451239187e-13
1827,0.89623367872700554,0.53366842728414765,-0.067106922418562504,-2.3825842336859686e-13
1828,0.8827456691812271,0.51638875230362569,-0.036802177886143803,-2.9747061261281412e-13
1829,0.98192870648751152,0.296875,0.054225746463933015,-9.2158692997006731e-14
1830,0.98412982387016668,0.265625,0.049621656392431344,-7.0570477898239504e-14
1831,0.96357884885506628,0.25560837941191944,0.11399274908951873,-1.655504576329862e-13
1832,0.97733365514725001,0.23277627647392371,0.070769641548453055,-8.1409369794957825e-14
1833,0.93254073200485466,0.52349230765795474,-0.030998924496580801,-2.2753328483702649e-13
1834,0.91776480934221727,0.5406312131787695,-0.064461578247153845,-2.2954277423470828e-13
1835,0.94063244221790598,0.54540721175449658,-0.052304173028920334,-1.6778495383133346e-13
1836,0.92397999465811242,0.55968340737100064,-0.086407823575792325,-3.6604870667070419e-13
1837,0.91926444378289407,0.49400061827540076,0.0092828504875486044,-4.0035167809340256e-13
1838,0.9602141912883787,0.49645884476515534,0.0026268292210628913,-2.435521902533765e-13
1839,0.75254469340534769,0.16957753561044048,0.61334141582414659,7.2787683388307913e-14
1840,0.76134289621157647,0.18699118581615551,0.62853854046047153,-9.3940989007117021e-14
1841,1,0.203125,3.0448373997427265e-10,-1.0595755199861527e-14
1842,0.96875,0,6.6684714157966801e-11,4.9561049708657379e-15
1843,0.953125,0.015625,0.014255091154436206,-1.8177568726788088e-14
1844,0.984375,0.046765243715977789,0.014337012998509731,-2.0592118913570608e-14
1845,0.11677312861673378,0.97712340925374042,-0.051020186408965613,-1.0061196605557264e-13
1846,0.098995531653330124,0.96579886303349305,-0.064882681617840318,-1.1286609208695154e-13
1847,0.203125,1,-3.682429734029025e-10,-7.4231455922095725e-18
1848,0,0.921875,-1.6999160165200461e-10,-1.1010553532908931e-14
1849,0.019058895927062162,0.91435387203546481,-0.030594863096233615,6.1883977455318644e-14
1850,0.74843840718427013,0.27422097279171981,0.70201882291102446,-8.4337629733689047e-14
1851,0.421875,0,6.1581023843431429e-10,-2.7666715950694523e-15
1852,0.73150743194106249,0.24274460991310692,0.74637109862118145,5.4238347917240756e-15
1853,0.015625,0.015625,0.0047241811853847935,1.7789225301589115e-16
1854,0.015947315658801597,0.046874999999999993,0.014746814384514162,1.8871953083913609e-16
1855,0.032716380958700761,0.059011916885148091,0.037669762013350219,-3.4797783111832036e-15
1856,0.921875,0,1.5423235075283772e-10,-9.18629434473355e-15
1857,0.9453125,0.0390625,0.041758255535582101,-8.1482379179817932e-14
1858,0.9140625,0.0546875,0.090126228623049781,-8.4494074944404624e-14
1859,0.90272498202681883,0.070439577342272935,0.12897678482008373,-1.3549038047848364e-13
1860,0.90049815203030492,0.57943721537392934,-0.14690240312592479,-6.5426930385771955e-13
1861,0.984375,0.015625,0.0047995270259925948,-1.5388772692386828e-14
1862,0.017378014108109151,0.070321366504982885,0.023801589753296448,-4.7662131387064527e-15
1863,0.73074047763022354,0.38954848397387948,0.47902729271027072,4.1018353203926809e-14
1864,0.74886175440214997,0.38750923179930336,0.46041095842419155,1.6581716000491176e-13
1865,0.72474121581873252,0.4079334939061165,0.41565761358908876,3.2831950693622142e-13
1866,0.70931824432948565,0.38610667552531147,0.51899602650416266,4.1051031573678905e-13
1867,0.68709087185922346,0.37984612370651816,0.57110291267015179,5.3416254570443975e-13
1868,0.67642350422733855,0.36292658273468148,0.64502928070473065,5.8115592643994392e-13
1869,0.72685402371317798,0.6703949259616282,-0.66380225507300017,4.7310268630195726e-14
1870,0.72703887841957116,0.69391016518609883,-0.70959528736460764,1.2972822179836786e-13
1871,0.66281980968644039,0.41159180816392588,0.46057799944285299,2.8656022763839932e-13
1872,0.65546855926305037,0.43315322544026014,0.36020276503268206,5.1867205772352606e-13
1873,0.67857830714647216,0.42899847745615233,0.36550420166055159,5.1101257406128363e-13
1874,0.67374904676918901,0.44766415222929751,0.27591356910126352,5.8633701192229017e-13
1875,0.64185164265770844,0.39647146662376687,0.54606598943970486,8.661975752808468e-13
1876,0.53125,1,-6.302991728632401e-10,-1.5188584943217478e-14
1877,0.54017532708531735,0.97486578724657569,-0.15591014011424975,-7.254822711193299e-14
1878,0.515625,1,-6.222713482290583e-10,9.9726844572279082e-15
1879,0.52267158600192831,0.98232577966371559,-0.11036265904712786,-1.270380575749948e-13
1880,0.5600434627200741,0.97970024167976377,-0.12501753947673241,-9.2244117109379793e-15
1881,0.16570154924349206,0.87790986174124874,-0.34544854572656114,-5.153943190940781e-15
1882,0.1679943437269418,0.89730839920847261,-0.30253342513473314,-2.9307456968541343e-13
1883,0.17627781814768534,0.92528813111625274,-0.23798254003912081,-6.1553550430065879e-14
1884,0.13983722799601636,0.87877230211004376,-0.29323019702242042,-7.4157888738732327e-14
1885,0.13406754838503251,0.85903263950281938,-0.31594666392388709,1.6020745177727196e-13
1886,0.17426041962492106,0.85809812331266422,-0.40457470360500652,-9.8605012461329856e-14
1887,0.18921124545612611,0.87548508528685121,-0.394656347996659,-1.7870893911935902e-13
1888,0.20894345406673209,0.86904373013287517,-0.44694340038319563,-1.995835115564978e-13
1889,0.2187343548065841,0.846771303944582,-0.52067377034780571,-5.9218173374670831e-14
1890,0.20187790587172955,0.83184064369688793,-0.51575484811466132,-5.9893108919976927e-14
1891,0.24074134179100679,0.84557264797772302,-0.56577810229221226,-1.0256477574228254e-13
1892,0.25623524198507147,0.82570407807829327,-0.64062248679050293,-3.0379324564512367e-14
1893,0.23986867916706023,0.86658575503270974,-0.50862797329939835,-2.5844106422732883e-13
1894,0.26183223798219651,0.8895192339692648,-0.46886017832643601,-9.8610538754942045e-14
1895,0.2840608274834524,0.82486959359093637,-0.6942017826930541,-1.0746451717190734e-14
1896,0.1759734506645699,0.94332404446195728,-0.18288675346247468,-3.8072051596536272e-13
1897,0.30373231801309619,0.82473175852328684,-0.72711872217017448,-1.19225365132348e-13
1898,0.32510970576553327,0.83439104554237509,-0.73529390136826767,-9.3058366335474511e-14
1899,0.34768147596253757,0.84926946538299386,-0.71997892947762376,-1.2288846969463957e-13
1900,0.32322048946985427,0.85786969589720585,-0.66139343451991661,-1.6931207778284222e-13
1901,0.31440972119315908,0.88237894793866622,-0.56215625375090694,-1.9815194578484308e-13
1902,0.33463596767388731,0.90488053711523964,-0.48875410927025564,-6.8697555973394964e-14
1903,0.28969804006632782,0.86877740821963867,-0.57970402427670731,-1.393081670138113e-13
1904,0.27060950748675233,0.84067447901329728,-0.6320815052174874,-1.2245412686760508e-13
1905,0.3738173614189757,0.83332622071830076,-0.79960394265588197,-1.8664075090386916e-13
1906,0.36285221520982941,0.86836170099740884,-0.66877726906124568,-2.0557666969406798e-13
1907,0.38076599479454976,0.88589027520464081,-0.61102122667403402,-1.434249507048599e-13
1908,0.35553354998776915,0.88728239635887185,-0.58394544319492847,-4.4963825262926056e-13
1909,0.40010732540816424,0.87737204307074501,-0.66201512309166921,-4.1145258082065454e-13
1910,0.40726074106038546,0.85713683398934848,-0.74917929558852459,-4.4797010607119905e-13
1911,0.4058869063115727,0.83478216924728288,-0.82276851926019523,-4.3982907095855524e-13
1912,0.38688177876731955,0.90709271698347349,-0.51655609341605035,-2.5645325954334216e-13
1913,0.40779005423418857,0.90672800628220218,-0.53019700427645322,-4.1600934978936736e-13
1914,0.4360789008168765,0.91068256993388297,-0.52164379469591093,-2.4600298091941878e-13
1915,0.41808075239202447,0.81783106697840524,-0.88065346443543158,-7.2603018136800359e-13
1916,0.45148432643972097,0.89493253038589338,-0.60608239724452651,-8.2153800475278361e-13
1917,0.34958732764580841,0.91825293814227449,-0.43735926231409988,-5.0690412972556626e-13
1918,0.36259512323881171,0.93781836204946623,-0.34547235432666129,-2.685976682897682e-13
1919,0.37864456234588184,0.92554307048401241,-0.41830875181022825,-2.8550665710408988e-13
1920,0.3091712739179735,0.92432125674609489,-0.37775384855999833,-3.7918365291874359e-14
1921,0.31282059865792594,0.90347875835742253,-0.47377891105622461,-5.488138303615903e-13
1922,0.2794327865362502,0.88407565685153944,-0.51202870291210534,-5.8453858009488967e-13
1923,0.28635935070859564,0.85051088985559964,-0.63127064769147045,-2.0679994312573817e-13
1924,0.36843517669262532,0.80465506008088727,-0.86308164571889767,-1.3393347004871203e-13
1925,0.35621437077170798,0.78614514136312741,-0.87611330860425141,-2.5850270281290093e-13
1926,0.33173196803615396,0.7929189959080174,-0.8318353055152673,-1.0228675334279929e-13
1927,0.3119354984877985,0.78476518891673575,-0.8107251702143532,-1.5399463905611067e-13
1928,0.34779845653987962,0.80335761207185385,-0.83773926855418579,-2.5873194376145266e-13
1929,0.32856110883793471,0.8121879250148667,-0.79321847603669693,-1.9823030240820612e-13
1930,0.38943595782179163,0.8432211236509487,-0.78281287074011108,-4.2892241282941845e-13
1931,0.44570394821374781,0.93772136783003801,-0.37617171760157814,-1.9061044604628992e-13
1932,0.3272519717375974,0.92160650790674159,-0.40490196115636301,-7.3247796475550702e-13
1933,0.38694592962896085,0.79700329740360587,-0.89643901518775782,-6.159886862241111e-13
1934,0.4638535357888065,0.93424152743661326,-0.39846539602581721,-6.2339409020650242e-13
1935,0.42251805319789115,0.93074236947409039,-0.40918591587090025,-3.5412186042089322e-13
1936,0.15501713007295145,0.92342453222510212,-0.21683267025726838,-3.5114642864318178e-13
1937,0.27230226508747551,0.91425452562437881,-0.3873214093569447,-2.5804011007562566e-13
1938,0.29158861616261667,0.91616803612543063,-0.39854306947528745,-5.7812764639732666e-13
1939,0.26213996382796428,0.94017287880278477,-0.26971680481705124,-1.6770198883834293e-13
1940,0.28039120111903904,0.9324972002340769,-0.31721600823964996,-5.5411417359221093e-13
1941,0.26412801426242005,0.97172155436726437,-0.13032905479641094,-8.1195603374011164e-15
1942,0.24060307818237733,0.9387130776940994,-0.25737300033307248,-2.4528573778552127e-13
1943,0.21670003161711721,0.94340064735643403,-0.2192208619046343,-1.4722180507383642e-13
1944,0.24749966648116858,0.98108239781761764,-0.0830483780158216,-1.33634980271042e-13
1945,0.20269711727835571,0.92048939112559702,-0.2847078530431269,-1.7616389211340216e-13
1946,0.21031613222883838,0.89897397579450911,-0.36413676389649413,-2.1381382403105678e-13
1947,0.23128809288333188,0.90213909159016248,-0.38230015654477884,-3.4259953347729124e-13
1948,0.22442876286608401,0.92294221448261393,-0.30153342247612547,-1.9680518060884704e-13
1949,0.28920333890787581,0.80465768545296479,-0.74234852732670331,-7.8825938268444434e-14
1950,0.31611943929871639,0.95173142029154456,-0.25023422543497315,-4.1948589839611771e-13
1951,0.34357763348498543,0.96611766161650348,-0.1862781467503489,-1.6424012161958674e-13
1952,0.30123979268408757,0.97488565629759227,-0.12739161981145405,-6.8850744843778154e-14
1953,0.34375,1,-5.6627317275568656e-10,9.7817535627669771e-16
1954,0.32279801405780983,0.97238146879151666,-0.14652292838508341,-1.358631607094859e-13
1955,0.28125,1,-4.9257597356724649e-10,-6.1352574945782307e-15
1956,0.28302768472430884,0.96927139211818569,-0.14888005808820695,-4.5224618672731914e-13
1957,0.36296405578396496,0.97965042649789036,-0.11565759102442968,-1.1214005767690008e-13
1958,0.328125,1,-5.2581052657442107e-10,1.4722775292531754e-14
1959,0.25331754852217636,0.95656580289641202,-0.19249211998978311,-3.6294704197944337e-13
1960,0.265625,1,-4.5403519231838118e-10,-2.2592380175945705e-14
1961,0.45347866296475547,0.83361486845069932,-0.8554141046916286,-1.6009273925433564e-13
1962,0.43459021509923174,0.82839061099541078,-0.86233758470042943,-1.1470457719369474e-12
1963,0.45349393478097966,0.81527514211558605,-0.9062371892282709,-1.4495910541383625e-12
1964,0.44585047999990379,0.85448510394409505,-0.78030213341457699,-8.9314902299705457e-13
1965,0.46875565037174094,0.85210227917445869,-0.79708708811990003,-1.1530087230076194e-12
1966,0.43484350739781313,0.87385625416032731,-0.69722319943951416,-7.8282421822433207e-13
1967,0.40625,1,-6.0367375927314279e-10,2.4103779864904472e-14
1968,0.390625,0.97874254616891609,-0.12528271669527316,-5.1567911036853214e-14
1969,0.39860749138081725,0.95478694080923832,-0.26607954949212109,-1.5193466351538566e-13
1970,0.38409872708214771,0.94325550506571387,-0.32560286520055426,-2.5046253968565824e-13
1971,0.4124321621717334,0.97908468852118413,-0.12609478860492201,-8.6497159949724005e-14
1972,0.43035299376096942,0.98308591383777566,-0.10345872229430129,-5.8005071308528708e-14
1973,0.57913098953151843,0.19335391932064488,0.90793522099819102,2.9550680727907493e-14
1974,0.64811491675318078,0.52678966317978604,-0.14951854969103651,2.3926610707893804e-13
1975,0.3387785530219562,0.74429439775003159,-0.87344352294051841,-2.4999637223636314e-13
1976,0.31916869866427888,0.75921288266764764,-0.84123511418523822,-1.3594577465981142e-13
1977,0.30534982569943053,0.74526786130199196,-0.81743195360728949,-1.2680854799381581e-13
1978,0.75788737581195698,0.64208333441524579,-0.53626583201559386,-1.4317823558377376e-14
1979,0.74951930202400985,0.66200350568227162,-0.60220598465373532,4.1569920536480846e-14
1980,0.65942204356126177,0.32428512994642128,0.78406897410103293,5.6477954725744742e-13
1981,0.66981907482938807,0.85562347145086581,-0.67796469460663245,5.7098547208868794e-13
1982,0,0.34375,2.6577724752751076e-10,-4.9118058840681783e-14
1983,0.024409306294624237,0.35419394124293674,0.060407706278352999,4.9501464951354102e-16
1984,0.018006116164250706,0.33541294300503482,0.048578747407245305,5.9698391947545735e-14
1985,0,0.96875,-5.59323025422967e-11,3.0878077872387166e-16
1986,0.03125,1,-4.4423872560516957e-11,3.62383734131555e-15
1987,0.046875,1,-1.275310725138015e-10,3.1832117901694059e-15
1988,0.015625,0.984375,-0.0050682207061325006,1.8783585797876867e-14
