method,fine,iteration,residual
mg-v,2,0,0.063005365012945971
mg-v,2,1,0.0028796879033121925
mg-v,2,2,0.00014072922017073811
mg-v,2,3,7.2761058113936023e-06
mg-v,2,4,3.9371553575179718e-07
mg-v,2,5,2.2122783595119435e-08
mg-v,2,6,1.2830076468550312e-09
mg-v,2,7,7.6370834804326524e-11
mg-w,2,0,0.063005365012945971
mg-w,2,1,0.0028796879033122264
mg-w,2,2,0.00014072922017058459
mg-w,2,3,7.2761058113254729e-06
mg-w,2,4,3.9371553557490637e-07
mg-w,2,5,2.2122783999774834e-08
mg-w,2,6,1.2830076844607467e-09
mg-w,2,7,7.637077999114356e-11
gs,2,0,1.1197186639939107
gs,2,1,1.2703513830249458
gs,2,2,1.1926788666889607
gs,2,3,1.1161379471506183
gs,2,4,1.0438987583796386
gs,2,5,0.97614972478997819
gs,2,6,0.91272327417041066
gs,2,7,0.85338412469924896
gs,2,8,0.79788631190685322
gs,2,9,0.74598937887180583
gs,2,10,0.69746379597978836
gs,2,11,0.65209269876891163
gs,2,12,0.60967218158539871
gs,2,13,0.57001099290105162
gs,2,14,0.53292998479641596
gs,2,15,0.49826147108092017
gs,2,16,0.46584856346699638
gs,2,17,0.43554451729229787
gs,2,18,0.40721210096734195
gs,2,19,0.38072299525797743
gs,2,20,0.35595722466861329
gs,2,21,0.33280262131038207
gs,2,22,0.31115432068787696
gs,2,23,0.29091428834445782
gs,2,24,0.27199087604782812
gs,2,25,0.25429840606822129
gs,2,26,0.23775678204778966
gs,2,27,0.22229112495311176
gs,2,28,0.20783143262639903
gs,2,29,0.19431226149459016
gs,2,30,0.18167242905190134
gs,2,31,0.16985473579559199
gs,2,32,0.15880570536304489
gs,2,33,0.14847534168826459
gs,2,34,0.13881690206563246
gs,2,35,0.12978668507697044
gs,2,36,0.12134383240384931
gs,2,37,0.11345014361003593
gs,2,38,0.10606990303869859
gs,2,39,0.099169718025396703
gs,2,40,0.092718367680892103
gs,2,41,0.086686661547474633
gs,2,42,0.081047307478998451
gs,2,43,0.075774788138195506
gs,2,44,0.070845245545328214
gs,2,45,0.066236373149989744
gs,2,46,0.06192731493302462
gs,2,47,0.057898571078341274
gs,2,48,0.054131909784900636
gs,2,49,0.050610284817640842
gs,2,50,0.047317758422611371
gs,2,51,0.044239429256311205
gs,2,52,0.041361365002274289
gs,2,53,0.038670539369441044
gs,2,54,0.036154773186898956
gs,2,55,0.033802679328297211
gs,2,56,0.031603611216677131
gs,2,57,0.029547614676777263
gs,2,58,0.027625382917079194
gs,2,59,0.025828214438064573
gs,2,60,0.024147973676442117
gs,2,61,0.022577054207471071
gs,2,62,0.021108344339128331
gs,2,63,0.019735194942653748
gs,2,64,0.0184513893741464
gs,2,65,0.017251115351322795
gs,2,66,0.01612893865838913
gs,2,67,0.015079778560239796
gs,2,68,0.014098884814904481
gs,2,69,0.013181816180401243
gs,2,70,0.012324420318878308
gs,2,71,0.011522815007249183
gs,2,72,0.01077337056943139
gs,2,73,0.01007269345078139
gs,2,74,0.0094176108605245872
gs,2,75,0.0088051564127493119
gs,2,76,0.0082325567010762182
gs,2,77,0.0076972187463220064
gs,2,78,0.0071967182604065231
gs,2,79,0.006728788673453669
gs,2,80,0.0062913108744725998
gs,2,81,0.0058823036192380412
gs,2,82,0.005499914561985543
gs,2,83,0.0051424118703818373
gs,2,84,0.004808176385833314
gs,2,85,0.0044956942936878767
gs,2,86,0.0042035502701738446
gs,2,87,0.0039304210750767121
gs,2,88,0.0036750695611712731
gs,2,89,0.0034363390733092281
gs,2,90,0.0032131482118225589
gs,2,91,0.003004485936552575
gs,2,92,0.0028094069893511465
gs,2,93,0.0026270276143430414
gs,2,94,0.002456521556584353
gs,2,95,0.0022971163210056731
gs,2,96,0.002148089674726684
gs,2,97,0.0020087663768823647
gs,2,98,0.0018785151211983399
gs,2,99,0.0017567456774500558
gs,2,100,0.0016429062188798851
gs,2,101,0.0015364808234715819
gs,2,102,0.0014369871377791998
gs,2,103,0.0013439741927269452
gs,2,104,0.0012570203614952588
gs,2,105,0.0011757314502567463
gs,2,106,0.0010997389131056812
gs,2,107,0.0010286981831151714
gs,2,108,0.00096228711195157966
gs,2,109,0.00090020451099885959
gs,2,110,0.00084216878736960356
gs,2,111,0.00078791666864086245
gs,2,112,0.00073720201054406048
gs,2,113,0.0006897946821920383
gs,2,114,0.00064547952381893584
gs,2,115,0.00060405537229715181
gs,2,116,0.00056533415003249231
gs,2,117,0.00052914001310232065
gs,2,118,0.00049530855478201695
gs,2,119,0.00046368606086560942
gs,2,120,0.00043412881339022392
gs,2,121,0.00040650243963251056
gs,2,122,0.00038068130341267477
gs,2,123,0.00035654793596754059
gs,2,124,0.00033399250381282265
gs,2,125,0.00031291231117190762
gs,2,126,0.0002932113347526679
gs,2,127,0.00027479978874163363
gs,2,128,0.00025759371806204393
gs,2,129,0.00024151461805844486
gs,2,130,0.00022648907889069554
gs,2,131,0.00021244845303156155
gs,2,132,0.00019932854437675713
gs,2,133,0.00018706931756275611
gs,2,134,0.00017561462618078741
gs,2,135,0.00016491195868674851
gs,2,136,0.00015491220084323646
gs,2,137,0.00014556941365077109
gs,2,138,0.00013684062576861997
gs,2,139,0.00012868563949814868
gs,2,140,0.00012106684946990468
gs,2,141,0.00011394907322886667
gs,2,142,0.00010729939296644754
gs,2,143,0.00010108700768920003
gs,2,144,9.5283095190778155e-05
gs,2,145,8.9860683184450849e-05
gs,2,146,8.4794529053083394e-05
gs,2,147,8.0061007657457274e-05
gs,2,148,7.5638006710170203e-05
gs,2,149,7.150482924029374e-05
gs,2,150,6.764210268783221e-05
gs,2,151,6.4031694226291007e-05
gs,2,152,6.0656631893265743e-05
gs,2,153,5.7501031152952177e-05
gs,2,154,5.4550026527737151e-05
gs,2,155,5.1789707945941075e-05
gs,2,156,4.9207061477610232e-05
gs,2,157,4.6789914136672543e-05
gs,2,158,4.4526882436396497e-05
gs,2,159,4.2407324429854132e-05
gs,2,160,4.0421294926035767e-05
gs,2,161,3.8559503650086752e-05
gs,2,162,3.6813276080467306e-05
gs,2,163,3.5174516739712948e-05
gs,2,164,3.363567472722884e-05
gs,2,165,3.2189711294199484e-05
gs,2,166,3.0830069280699133e-05
gs,2,167,2.9550644262548729e-05
gs,2,168,2.834575725617092e-05
gs,2,169,2.7210128862021509e-05
gs,2,170,2.6138854741204585e-05
gs,2,171,2.5127382322554161e-05
gs,2,172,2.4171488671380585e-05
gs,2,173,2.326725945415019e-05
gs,2,174,2.2411068932495531e-05
gs,2,175,2.1599560956094778e-05
gs,2,176,2.0829630906758968e-05
gs,2,177,2.0098408560918187e-05
gs,2,178,1.9403241848297127e-05
gs,2,179,1.8741681477465966e-05
gs,2,180,1.8111466398974553e-05
gs,2,181,1.7510510101322764e-05
gs,2,182,1.6936887691264728e-05
gs,2,183,1.6388823760344774e-05
gs,2,184,1.586468099465477e-05
gs,2,185,1.5362949511507072e-05
gs,2,186,1.4882236898983666e-05
gs,2,187,1.4421258920186933e-05
gs,2,188,1.3978830867184896e-05
gs,2,189,1.3553859523502594e-05
gs,2,190,1.3145335711172264e-05
gs,2,191,1.2752327392856572e-05
gs,2,192,1.2373973295426444e-05
gs,2,193,1.2009477024239382e-05
gs,2,194,1.1658101644648311e-05
gs,2,195,1.1319164692390738e-05
gs,2,196,1.0992033588218799e-05
gs,2,197,1.0676121436889249e-05
gs,2,198,1.0370883166015128e-05
gs,2,199,1.0075811995162229e-05
gs,2,200,9.79043621092495e-06
gs,2,201,9.5143162059753973e-06
gs,2,202,9.2470417885752549e-06
gs,2,203,8.9882297171998463e-06
gs,2,204,8.7375214562682406e-06
gs,2,205,8.4945811279030385e-06
gs,2,206,8.2590936490667966e-06
gs,2,207,8.0307630285615189e-06
gs,2,208,7.8093108216916076e-06
gs,2,209,7.5944747200230864e-06
gs,2,210,7.3860072715388806e-06
gs,2,211,7.1836747082696679e-06
gs,2,212,6.9872558869727626e-06
gs,2,213,6.7965413225002372e-06
gs,2,214,6.6113323018250362e-06
gs,2,215,6.43144008825805e-06
gs,2,216,6.2566851863269251e-06
gs,2,217,6.0868966766757226e-06
gs,2,218,5.9219116104662997e-06
gs,2,219,5.7615744548671592e-06
gs,2,220,5.6057365862362865e-06
gs,2,221,5.4542558327936829e-06
gs,2,222,5.3069960478966563e-06
gs,2,223,5.163826727737208e-06
gs,2,224,5.0246226572491662e-06
gs,2,225,4.8892635893283056e-06
gs,2,226,4.7576339423875672e-06
gs,2,227,4.6296225350170277e-06
gs,2,228,4.5051223307485296e-06
gs,2,229,4.3840302122760919e-06
gs,2,230,4.2662467646828709e-06
gs,2,231,4.1516760845978135e-06
gs,2,232,4.0402255963887144e-06
gs,2,233,3.9318058867096236e-06
gs,2,234,3.8263305504729885e-06
gs,2,235,3.7237160460451291e-06
gs,2,236,3.623881562488004e-06
gs,2,237,3.5267488965804852e-06
gs,2,238,3.4322423368364935e-06
gs,2,239,3.3402885556786234e-06
gs,2,240,3.2508165085986867e-06
gs,2,241,3.1637573408351397e-06
gs,2,242,3.0790442990124335e-06
gs,2,243,2.9966126475494915e-06
gs,2,244,2.9163995906639757e-06
gs,2,245,2.8383442009283903e-06
gs,2,246,2.7623873463426943e-06
gs,2,247,2.6884716292188247e-06
gs,2,248,2.6165413206204099e-06
gs,2,249,2.5465423035406793e-06
gs,2,250,2.4784220177866763e-06
gs,2,251,2.4121294045103976e-06
gs,2,252,2.3476148604583764e-06
gs,2,253,2.2848301837044659e-06
gs,2,254,2.2237285340846749e-06
gs,2,255,2.1642643869556678e-06
gs,2,256,2.1063934894829852e-06
gs,2,257,2.0500728249979452e-06
gs,2,258,1.9952605697604706e-06
gs,2,259,1.941916061941797e-06
gs,2,260,1.8899997605877399e-06
gs,2,261,1.8394732169222009e-06
gs,2,262,1.7902990367989828e-06
gs,2,263,1.7424408545308614e-06
gs,2,264,1.6958632975156799e-06
gs,2,265,1.6505319631883525e-06
gs,2,266,1.606413383531537e-06
gs,2,267,1.5634750054607974e-06
gs,2,268,1.5216851594429832e-06
gs,2,269,1.4810130359767934e-06
gs,2,270,1.4414286620838178e-06
gs,2,271,1.402902876915977e-06
gs,2,272,1.3654073070219593e-06
gs,2,273,1.3289143476918814e-06
gs,2,274,1.2933971396438266e-06
gs,2,275,1.2588295485036436e-06
gs,2,276,1.2251861447220196e-06
gs,2,277,1.1924421825410426e-06
gs,2,278,1.1605735849393168e-06
gs,2,279,1.1295569205346044e-06
gs,2,280,1.0993693901657484e-06
gs,2,281,1.0699888058646403e-06
gs,2,282,1.0413935779644465e-06
gs,2,283,1.0135626940853976e-06
gs,2,284,9.8647570829029447e-07
gs,2,285,9.6011272175126466e-07
gs,2,286,9.3445437017828231e-07
gs,2,287,9.0948180770714472e-07
gs,2,288,8.8517669602185998e-07
gs,2,289,8.615211855464666e-07
gs,2,290,8.3849790770119105e-07
gs,2,291,8.1608995651287389e-07
gs,2,292,7.9428088074658167e-07
gs,2,293,7.7305466864915848e-07
gs,2,294,7.5239573899777388e-07
gs,2,295,7.3228892540288415e-07
gs,2,296,7.1271946817482535e-07
gs,2,297,6.9367300333204764e-07
gs,2,298,6.7513555111456788e-07
gs,2,299,6.5709350483350093e-07
gs,2,300,6.3953362334115287e-07
gs,2,301,6.2244301778661297e-07
gs,2,302,6.0580914596472523e-07
gs,2,303,5.8961980065716731e-07
gs,2,304,5.738630998970496e-07
gs,2,305,5.5852748099384184e-07
gs,2,306,5.4360168957240629e-07
gs,2,307,5.2907477221067807e-07
gs,2,308,5.1493606899812489e-07
gs,2,309,5.0117520455784225e-07
gs,2,310,4.8778208162306793e-07
gs,2,311,4.7474687017970721e-07
gs,2,312,4.6206000653993466e-07
gs,2,313,4.4971218134898927e-07
gs,2,314,4.3769433375393163e-07
gs,2,315,4.2599764468652349e-07
gs,2,316,4.1461353197080842e-07
gs,2,317,4.035336418712269e-07
gs,2,318,3.9274984457033607e-07
gs,2,319,3.8225422708273511e-07
gs,2,320,3.7203908812666543e-07
gs,2,321,3.620969322826814e-07
gs,2,322,3.5242046455315711e-07
gs,2,323,3.4300258482039338e-07
gs,2,324,3.3383638230522645e-07
gs,2,325,3.2491513156502576e-07
gs,2,326,3.1623228675693903e-07
gs,2,327,3.0778147641614281e-07
gs,2,328,2.9955649990998509e-07
gs,2,329,2.9155132254741327e-07
gs,2,330,2.8376007026770543e-07
gs,2,331,2.7617702636891306e-07
gs,2,332,2.6879662677195794e-07
gs,2,333,2.6161345644560864e-07
gs,2,334,2.5462224423426922e-07
gs,2,335,2.4781786040786116e-07
gs,2,336,2.411953130850716e-07
gs,2,337,2.3474974230639058e-07
gs,2,338,2.2847641807086844e-07
gs,2,339,2.2237073896210367e-07
gs,2,340,2.164282239836479e-07
gs,2,341,2.1064451303419924e-07
gs,2,342,2.0501536248297205e-07
gs,2,343,1.9953664162803747e-07
gs,2,344,1.9420433051991509e-07
gs,2,345,1.8901451740957881e-07
gs,2,346,1.8396339304406134e-07
gs,2,347,1.7904725213929662e-07
gs,2,348,1.7426248748251163e-07
gs,2,349,1.6960558763731527e-07
gs,2,350,1.6507313596934789e-07
gs,2,351,1.6066180686921745e-07
gs,2,352,1.5636836396371839e-07
gs,2,353,1.5218965608097358e-07
gs,2,354,1.4812261792561124e-07
gs,2,355,1.4416426453570869e-07
gs,2,356,1.4031169208124879e-07
gs,2,357,1.3656207348672107e-07
gs,2,358,1.3291265798107651e-07
gs,2,359,1.2936076679889587e-07
gs,2,360,1.2590379453293861e-07
gs,2,361,1.2253920509848972e-07
gs,2,362,1.1926452816837396e-07
gs,2,363,1.1607736217384515e-07
gs,2,364,1.1297536865251304e-07
gs,2,365,1.0995627094744887e-07
gs,2,366,1.0701785389925787e-07
gs,2,367,1.0415796127376535e-07
gs,2,368,1.0137449525289016e-07
gs,2,369,9.8665413261880121e-08
gs,2,370,9.6028726600803386e-08
gs,2,371,9.3462502031704365e-08
gs,2,372,9.0964855847697853e-08
gs,2,373,8.8533955492467867e-08
gs,2,374,8.6168016819850124e-08
gs,2,375,8.3865304164271116e-08
gs,2,376,8.1624128682825252e-08
gs,2,377,7.9442844811183742e-08
gs,2,378,7.7319852549657255e-08
gs,2,379,7.5253593770616731e-08
gs,2,380,7.3242552800800267e-08
gs,2,381,7.1285253610543834e-08
gs,2,382,6.9380261211933623e-08
gs,2,383,6.7526176068406005e-08
gs,2,384,6.5721638402122812e-08
gs,2,385,6.3965325068613671e-08
gs,2,386,6.2255945687881502e-08
gs,2,387,6.0592247954713149e-08
gs,2,388,5.8973009037099991e-08
gs,2,389,5.7397042914491003e-08
gs,2,390,5.5863190807249586e-08
gs,2,391,5.4370329483377336e-08
gs,2,392,5.2917362900570657e-08
gs,2,393,5.1503224131071619e-08
gs,2,394,5.0126875970801785e-08
gs,2,395,4.8787309216502887e-08
gs,2,396,4.7483540424936639e-08
gs,2,397,4.6214612509629677e-08
gs,2,398,4.4979594689946868e-08
gs,2,399,4.3777580986655187e-08
gs,2,400,4.2607689556939671e-08
gs,2,401,4.1469061773738857e-08
gs,2,402,4.0360862082958614e-08
gs,2,403,3.9282277241897211e-08
gs,2,404,3.8232516049124655e-08
gs,2,405,3.7210807916206405e-08
gs,2,406,3.6216403849089925e-08
gs,2,407,3.5248573471890585e-08
gs,2,408,3.4306607095587246e-08
gs,2,409,3.3389813625396248e-08
gs,2,410,3.249751955502616e-08
gs,2,411,3.1629070975753812e-08
gs,2,412,3.0783830842151574e-08
gs,2,413,2.9961177884876235e-08
gs,2,414,2.9160509402025959e-08
gs,2,415,2.8381237112840873e-08
gs,2,416,2.7622790351466916e-08
gs,2,417,2.6884611670732112e-08
gs,2,418,2.6166159580538083e-08
gs,2,419,2.5466907251147313e-08
gs,2,420,2.4786341897820583e-08
gs,2,421,2.4123962667513747e-08
gs,2,422,2.3479285356124887e-08
gs,2,423,2.2851835714661387e-08
gs,2,424,2.2241154062823649e-08
gs,2,425,2.1646791526419636e-08
gs,2,426,2.106831279443511e-08
gs,2,427,2.0505292924552709e-08
gs,2,428,1.9957319380416447e-08
gs,2,429,1.9423988875564913e-08
gs,2,430,1.8904911454279044e-08
gs,2,431,1.839970525561992e-08
gs,2,432,1.7908000242728816e-08
gs,2,433,1.7429435078253155e-08
gs,2,434,1.6963658681067693e-08
gs,2,435,1.6510329493676463e-08
gs,2,436,1.6069115504422616e-08
gs,2,437,1.563969172177083e-08
gs,2,438,1.5221743682594315e-08
gs,2,439,1.481496529693518e-08
gs,2,440,1.4419056753275462e-08
gs,2,441,1.4033728649896573e-08
gs,2,442,1.3658697394865981e-08
gs,2,443,1.3293689003871387e-08
gs,2,444,1.2938434294124684e-08
gs,2,445,1.2592673524932935e-08
gs,2,446,1.2256153000392881e-08
gs,2,447,1.1928625057469285e-08
gs,2,448,1.160985016798099e-08
gs,2,449,1.1299593986869024e-08
gs,2,450,1.099762885293484e-08
gs,2,451,1.0703733255436325e-08
gs,2,452,1.0417691348317769e-08
gs,2,453,1.0139293804719907e-08
gs,2,454,9.8683357387836259e-09
gs,2,455,9.6046193846154664e-09
gs,2,456,9.3479500111127126e-09
gs,2,457,9.0981394906402756e-09
gs,2,458,8.8550052304810354e-09
gs,2,459,8.6183681160006556e-09
gs,2,460,8.3880545510097944e-09
gs,2,461,8.1638963554186538e-09
gs,2,462,7.9457280832821718e-09
gs,2,463,7.7333901470318112e-09
gs,2,464,7.52672678778901e-09
gs,2,465,7.3255858380531876e-09
gs,2,466,7.1298198443255539e-09
gs,2,467,6.9392861283689155e-09
gs,2,468,6.7538438826524488e-09
gs,2,469,6.5733572937201425e-09
gs,2,470,6.397694126704108e-09
gs,2,471,6.2267246742787023e-09
gs,2,472,6.0603245592788946e-09
gs,2,473,5.8983713202217736e-09
gs,2,474,5.7407462237003161e-09
gs,2,475,5.5873327836755402e-09
gs,2,476,5.4380195986667041e-09
gs,2,477,5.292696231104603e-09
gs,2,478,5.1512565727267038e-09
gs,2,479,5.0135972615766211e-09
gs,2,480,4.8796160301374204e-09
gs,2,481,4.7492155557460656e-09
gs,2,482,4.6222999210633582e-09
gs,2,483,4.4987755611170062e-09
gs,2,484,4.3785519189892769e-09
gs,2,485,4.2615416355072041e-09
gs,2,486,4.1476583412467132e-09
gs,2,487,4.0368182990202343e-09
gs,2,488,3.9289397977599186e-09
gs,2,489,3.8239443183782356e-09
gs,2,490,3.7217557427324007e-09
gs,2,491,3.6222972931010827e-09
gs,2,492,3.5254967188602458e-09
gs,2,493,3.4312828025775914e-09
gs,2,494,3.3395867850658135e-09
gs,2,495,3.250341475781659e-09
gs,2,496,3.1634805010924463e-09
gs,2,497,3.0789412685433041e-09
gs,2,498,2.9966605788913976e-09
gs,2,499,2.916579573999969e-09
gs,2,500,2.8386382272885543e-09
gs,2,501,2.7627796396323702e-09
gs,2,502,2.6889482905464739e-09
gs,2,503,2.6170902402961972e-09
gs,2,504,2.5471521560665444e-09
gs,2,505,2.4790833628315374e-09
gs,2,506,2.412833667725814e-09
gs,2,507,2.3483540524521224e-09
gs,2,508,2.2855978726067673e-09
gs,2,509,2.2245184956186063e-09
gs,2,510,2.1650717238264102e-09
gs,2,511,2.1072132776075045e-09
gs,2,512,2.0509011693647307e-09
gs,2,513,1.9960934804164615e-09
gs,2,514,1.9427505674200146e-09
gs,2,515,1.8908334519397361e-09
gs,2,516,1.8403037772209033e-09
gs,2,517,1.7911248509399485e-09
gs,2,518,1.7432587432564994e-09
gs,2,519,1.6966730715688875e-09
gs,2,520,1.6513322744013804e-09
gs,2,521,1.6072029856326066e-09
gs,2,522,1.5642525029509516e-09
gs,2,523,1.5224500470133077e-09
gs,2,524,1.4817648857946735e-09
gs,2,525,1.442167334730712e-09
gs,2,526,1.4036273225161752e-09
gs,2,527,1.3661172864643616e-09
gs,2,528,1.3296095352084162e-09
gs,2,529,1.2940780397557659e-09
gs,2,530,1.2594952166972745e-09
gs,2,531,1.2258370136419425e-09
gs,2,532,1.1930786238010869e-09
gs,2,533,1.161195157866939e-09
gs,2,534,1.1301642228556605e-09
gs,2,535,1.0999620603744579e-09
gs,2,536,1.070567262512912e-09
gs,2,537,1.0419579732593832e-09
gs,2,538,1.014112881330393e-09
gs,2,539,9.8701243233918029e-10
gs,2,540,9.6063610262365302e-10
gs,2,541,9.3496438461949551e-10
gs,2,542,9.0997854304670969e-10
gs,2,543,8.8566124549426304e-10
gs,2,544,8.6199272705420832e-10
gs,2,545,8.3895723707948621e-10
gs,2,546,8.1653796635239014e-10
gs,2,547,7.9471708253258141e-10
gs,2,548,7.7347894779761981e-10
gs,2,549,7.5280852258379122e-10
gs,2,550,7.3269123967987534e-10
gs,2,551,7.1311085216522693e-10
gs,2,552,6.9405462914137106e-10
gs,2,553,6.7550638504889837e-10
gs,2,554,6.5745444465541898e-10
gs,2,555,6.3988539967693358e-10
gs,2,556,6.2278526377345264e-10
gs,2,557,6.0614240279219746e-10
gs,2,558,5.8994428324015949e-10
gs,2,559,5.7417843666963991e-10
gs,2,560,5.5883488592973081e-10
gs,2,561,5.4390052602847017e-10
gs,2,562,5.293652854034136e-10
gs,2,563,5.1521906240895917e-10
gs,2,564,5.0145062047497014e-10
gs,2,565,4.8804997096413686e-10
gs,2,566,4.7500742260155084e-10
gs,2,567,4.6231351250485603e-10
gs,2,568,4.4995879944105084e-10
gs,2,569,4.3793478366581968e-10
gs,2,570,4.2623115549771236e-10
gs,2,571,4.1484092172769565e-10
gs,2,572,4.0375483852693353e-10
gs,2,573,3.9296518694726582e-10
gs,2,574,3.8246374456449672e-10
gs,2,575,3.7224287706110815e-10
gs,2,576,3.622950758302855e-10
gs,2,577,3.5261383932718264e-10
gs,2,578,3.4319025841360469e-10
gs,2,579,3.34019499005633e-10
gs,2,580,3.2509282515640888e-10
gs,2,581,3.1640519454705636e-10
gs,2,582,3.0794998283218382e-10
gs,2,583,2.9972047196718718e-10
gs,2,584,2.9171059742159402e-10
gs,2,585,2.83915303194918e-10
gs,2,586,2.7632768635272402e-10
gs,2,587,2.6894345607008896e-10
gs,2,588,2.6175656214678972e-10
gs,2,589,2.547612894026703e-10
gs,2,590,2.47953498406367e-10
gs,2,591,2.413270081667177e-10
gs,2,592,2.3487787227823283e-10
gs,2,593,2.2860099323296729e-10
gs,2,594,2.2249203614230656e-10
gs,2,595,2.1654643058420348e-10
gs,2,596,2.1075962185686271e-10
gs,2,597,2.051271629093775e-10
gs,2,598,1.9964544893068139e-10
gs,2,599,1.943104232029288e-10
gs,2,600,1.8911736305394489e-10
gs,2,601,1.8406377020221557e-10
gs,2,602,1.791449700940312e-10
gs,2,603,1.7435687001799223e-10
gs,2,604,1.696983261031191e-10
gs,2,605,1.6516350873475012e-10
gs,2,606,1.6074892740672506e-10
gs,2,607,1.5645343951612608e-10
gs,2,608,1.5227269190231138e-10
gs,2,609,1.4820323296151975e-10
gs,2,610,1.4424269158775708e-10
gs,2,611,1.4038766072920454e-10
gs,2,612,1.3663681164786629e-10
gs,2,613,1.3298498195152461e-10
gs,2,614,1.294316080657253e-10
gs,2,615,1.2597241344236867e-10
gs,2,616,1.2260612002986397e-10
gs,2,617,1.1932947713275953e-10
gs,2,618,1.1614068406106294e-10
gs,2,619,1.1303708999712391e-10
gs,2,620,1.1001599680988273e-10
gs,2,621,1.0707607114186827e-10
gs,2,622,1.0421441312358976e-10
gs,2,623,1.0142976396095401e-10
gs,2,624,9.8719154491440564e-11
pcg-gs,2,0,0.12752041024504138
pcg-gs,2,1,0.60976067857317928
pcg-gs,2,2,0.1517531188224378
pcg-gs,2,3,0.075648950578468377
pcg-gs,2,4,0.034434953842951498
pcg-gs,2,5,0.015846141052151409
pcg-gs,2,6,0.0073682401240013715
pcg-gs,2,7,0.0046235677714514898
pcg-gs,2,8,0.0019139110804372015
pcg-gs,2,9,0.00074686327976820975
pcg-gs,2,10,0.0004599413163446407
pcg-gs,2,11,0.00034916438317476682
pcg-gs,2,12,0.00023718123705296929
pcg-gs,2,13,0.00018190681205809274
pcg-gs,2,14,0.00017943698308344285
pcg-gs,2,15,0.00019736226888014441
pcg-gs,2,16,0.00014549283885239008
pcg-gs,2,17,0.00010027229575412325
pcg-gs,2,18,4.41800185577985e-05
pcg-gs,2,19,2.6755210025563209e-05
pcg-gs,2,20,9.2165703861284618e-06
pcg-gs,2,21,5.5831189066243291e-06
pcg-gs,2,22,3.640151021740613e-06
pcg-gs,2,23,1.8752883674006378e-06
pcg-gs,2,24,2.6603784002505837e-06
pcg-gs,2,25,1.7277362635853615e-06
pcg-gs,2,26,4.1575534602191721e-07
pcg-gs,2,27,1.9587053882392847e-07
pcg-gs,2,28,8.4144523549106042e-08
pcg-gs,2,29,3.3509493158280938e-08
pcg-gs,2,30,2.6558017416682017e-08
pcg-gs,2,31,1.4171694235977638e-08
pcg-gs,2,32,3.771427177832089e-09
pcg-gs,2,33,4.2018181702183391e-09
pcg-gs,2,34,2.3214301961242316e-09
pcg-gs,2,35,6.7103250753406884e-10
pcg-gs,2,36,5.6218625542194314e-10
pcg-gs,2,37,2.0117664954363137e-10
pcg-gs,2,38,6.6379876319655599e-11
pcg-gs,2,39,3.2847942108375914e-11
pcg-gs,2,40,1.1891407159658985e-11
pcg-mg-v,2,0,0.12752041024504138
pcg-mg-v,2,1,0.0078573438736407337
pcg-mg-v,2,2,0.00015082867500528692
pcg-mg-v,2,3,2.0110224408085497e-06
pcg-mg-v,2,4,3.5463507746664504e-08
pcg-mg-v,2,5,5.536743123465812e-10
pcg-mg-v,2,6,9.4469255765699988e-12
mg-v,3,0,0.037221221961463484
mg-v,3,1,0.002043500090352771
mg-v,3,2,0.0001193534349798357
mg-v,3,3,7.4214939387219929e-06
mg-v,3,4,4.8442583178085751e-07
mg-v,3,5,3.2668095853998436e-08
mg-v,3,6,2.2498328926797349e-09
mg-v,3,7,1.571608691905208e-10
mg-v,3,8,1.1094133149954294e-11
mg-w,3,0,0.018673439360336757
mg-w,3,1,0.00059060152900093687
mg-w,3,2,2.4392301728680282e-05
mg-w,3,3,1.1748685589061347e-06
mg-w,3,4,6.1158120133755339e-08
mg-w,3,5,3.3253621545315916e-09
mg-w,3,6,1.8560078112474668e-10
mg-w,3,7,1.0529398902921542e-11
gs,3,0,0.56933030707939347
gs,3,1,0.67224611552032787
gs,3,2,0.66425751531317656
gs,3,3,0.65360465059131767
gs,3,4,0.64256483481448157
gs,3,5,0.63152797829249663
gs,3,6,0.62060283137862049
gs,3,7,0.60982726157711753
gs,3,8,0.59921588898773182
gs,3,9,0.58877439910393026
gs,3,10,0.578504600714429
gs,3,11,0.56840643269515867
gs,3,12,0.55847884372206258
gs,3,13,0.54872021590859499
gs,3,14,0.53912858785673168
gs,3,15,0.52970178207940954
gs,3,16,0.52043748311434224
gs,3,17,0.51133328825071045
gs,3,18,0.50238674197765287
gs,3,19,0.49359536016833611
gs,3,20,0.48495664746434303
gs,3,21,0.47646810997356787
gs,3,22,0.46812726463708365
gs,3,23,0.45993164617250232
gs,3,24,0.45187881222327331
gs,3,25,0.44396634716295569
gs,3,26,0.43619186488186601
gs,3,27,0.42855301079884717
gs,3,28,0.4210474632804112
gs,3,29,0.4136729346053688
gs,3,30,0.40642717158034036
gs,3,31,0.3993079558870048
gs,3,32,0.39231310422330523
gs,3,33,0.38544046828668582
gs,3,34,0.37868793463650852
gs,3,35,0.37205342446444067
gs,3,36,0.36553489329512567
gs,3,37,0.35913033063442906
gs,3,38,0.35283775957868252
gs,3,39,0.34665523639532508
gs,3,40,0.34058085008298938
gs,3,41,0.33461272191728592
gs,3,42,0.32874900498708126
gs,3,43,0.32298788372502518
gs,3,44,0.31732757343515916
gs,3,45,0.31176631981982966
gs,3,46,0.30630239850758978
gs,3,47,0.3009341145833645
gs,3,48,0.29565980212187765
gs,3,49,0.29047782372505904
gs,3,50,0.28538657006399853
gs,3,51,0.28038445942584639
gs,3,52,0.2754699372659723
gs,3,53,0.27064147576558845
gs,3,54,0.2658975733949942
gs,3,55,0.26123675448254202
gs,3,56,0.25665756878939017
gs,3,57,0.25215859109007516
gs,3,58,0.24773842075891767
gs,3,59,0.24339568136226633
gs,3,60,0.23912902025655136
gs,3,61,0.23493710819213037
gs,3,62,0.2308186389228998
gs,3,63,0.22677232882162068
gs,3,64,0.22279691650092937
gs,3,65,0.21889116243998158
gs,3,66,0.21505384861668841
gs,3,67,0.21128377814548877
gs,3,68,0.20757977492061055
gs,3,69,0.20394068326477355
gs,3,70,0.20036536758327039
gs,3,71,0.19685271202338486
gs,3,72,0.19340162013908019
gs,3,73,0.19001101456091554
gs,3,74,0.18667983667112031
gs,3,75,0.18340704628378438
gs,3,76,0.18019162133009667
gs,3,77,0.17703255754858019
gs,3,78,0.17392886818026365
gs,3,79,0.17087958366873635
gs,3,80,0.1678837513650136
gs,3,81,0.16494043523717961
gs,3,82,0.16204871558471864
gs,3,83,0.15920768875749969
gs,3,84,0.15641646687934432
gs,3,85,0.1536741775761109
gs,3,86,0.15097996370826139
gs,3,87,0.14833298310781409
gs,3,88,0.14573240831965845
gs,3,89,0.14317742634714797
gs,3,90,0.1406672384019238
gs,3,91,0.13820105965790139
gs,3,92,0.13577811900937531
gs,3,93,0.13339765883316312
gs,3,94,0.13105893475474542
gs,3,95,0.12876121541833888
gs,3,96,0.12650378226084388
gs,3,97,0.12428592928960387
gs,3,98,0.12210696286393208
gs,3,99,0.11996620148033391
gs,3,100,0.11786297556138003
gs,3,101,0.11579662724816321
gs,3,102,0.11376651019629849
gs,3,103,0.11177198937539419
gs,3,104,0.10981244087194961
gs,3,105,0.10788725169562942
gs,3,106,0.10599581958884473
gs,3,107,0.10413755283960942
gs,3,108,0.1023118700976
gs,3,109,0.10051820019338112
gs,3,110,0.098755981960736483
gs,3,111,0.097024664062063531
gs,3,112,0.095323704816770646
gs,3,113,0.09365257203264199
gs,3,114,0.092010742840103341
gs,3,115,0.090397703529361023
gs,3,116,0.088812949390351642
gs,3,117,0.087255984555458854
gs,3,118,0.085726321844961012
gs,3,119,0.084223482615144549
gs,3,120,0.082746996609062706
gs,3,121,0.081296401809874255
gs,3,122,0.079871244296731383
gs,3,123,0.078471078103167169
gs,3,124,0.077095465077948094
gs,3,125,0.075743974748339341
gs,3,126,0.07441618418574987
gs,3,127,0.073111677873717848
gs,3,128,0.071830047578186507
gs,3,129,0.070570892220046588
gs,3,130,0.069333817749891183
gs,3,131,0.068118437024957817
gs,3,132,0.066924369688211402
gs,3,133,0.065751242049539693
gs,3,134,0.064598686969012706
gs,3,135,0.063466343742188375
gs,3,136,0.062353857987409361
gs,3,137,0.061260881535074523
gs,3,138,0.06018707231884031
gs,3,139,0.059132094268717371
gs,3,140,0.058095617206042692
gs,3,141,0.057077316740278605
gs,3,142,0.056076874167619833
gs,3,143,0.055093976371368744
gs,3,144,0.054128315724052696
gs,3,145,0.053179589991254689
gs,3,146,0.052247502237119485
gs,3,147,0.051331760731520217
gs,3,148,0.050432078858838367
gs,3,149,0.049548175028349149
gs,3,150,0.04867977258616648
gs,3,151,0.047826599728730997
gs,3,152,0.046988389417815454
gs,3,153,0.046164879297010276
gs,3,154,0.045355811609675625
gs,3,155,0.044560933118328483
gs,3,156,0.043779995025438292
gs,3,157,0.043012752895611156
gs,3,158,0.042258966579135797
gs,3,159,0.041518400136869527
gs,3,160,0.040790821766433297
gs,3,161,0.040076003729708522
gs,3,162,0.039373722281594276
gs,3,163,0.038683757600018923
gs,3,164,0.03800589371717128
gs,3,165,0.037339918451941775
gs,3,166,0.036685623343543444
gs,3,167,0.036042803586297988
gs,3,168,0.0354112579655603
gs,3,169,0.034790788794769656
gs,3,170,0.034181201853601073
gs,3,171,0.033582306327200433
gs,3,172,0.032993914746486407
gs,3,173,0.032415842929492678
gs,3,174,0.031847909923746996
gs,3,175,0.031289937949650057
gs,3,176,0.030741752344851585
gs,3,177,0.030203181509601704
gs,3,178,0.029674056853059055
gs,3,179,0.029154212740537006
gs,3,180,0.028643486441676597
gs,3,181,0.028141718079532509
gs,3,182,0.027648750580538485
gs,3,183,0.02716442962536458
gs,3,184,0.026688603600623983
gs,3,185,0.02622112355143642
gs,3,186,0.025761843134807765
gs,3,187,0.025310618573848236
gs,3,188,0.024867308612770967
gs,3,189,0.024431774472698311
gs,3,190,0.02400387980822467
gs,3,191,0.02358349066475748
gs,3,192,0.023170475436594333
gs,3,193,0.022764704825741378
gs,3,194,0.022366051801448888
gs,3,195,0.021974391560461413
gs,3,196,0.0215896014879568
gs,3,197,0.021211561119180138
gs,3,198,0.020840152101742011
gs,3,199,0.020475258158581092
gs,3,200,0.020116765051575024
gs,3,201,0.019764560545790583
gs,3,202,0.019418534374360367
gs,3,203,0.019078578203969011
gs,3,204,0.018744585600959894
gs,3,205,0.018416451998014498
gs,3,206,0.018094074661436473
gs,3,207,0.017777352658994633
gs,3,208,0.017466186828339392
gs,3,209,0.017160479745963277
gs,3,210,0.016860135696718175
gs,3,211,0.01656506064385263
gs,3,212,0.016275162199586718
gs,3,213,0.015990349596195885
gs,3,214,0.01571053365760304
gs,3,215,0.015435626771470293
gs,3,216,0.015165542861779463
gs,3,217,0.014900197361889897
gs,3,218,0.01463950718807459
gs,3,219,0.014383390713517212
gs,3,220,0.014131767742760783
gs,3,221,0.013884559486614843
gs,3,222,0.013641688537491651
gs,3,223,0.013403078845179472
gs,3,224,0.013168655693044809
gs,3,225,0.012938345674642837
gs,3,226,0.012712076670744135
gs,3,227,0.012489777826765745
gs,3,228,0.012271379530589085
gs,3,229,0.012056813390778704
gs,3,230,0.011846012215174102
gs,3,231,0.011638909989858132
gs,3,232,0.011435441858499247
gs,3,233,0.011235544102049242
gs,3,234,0.011039154118803298
gs,3,235,0.010846210404801524
gs,3,236,0.010656652534584502
gs,3,237,0.010470421142277886
gs,3,238,0.010287457903012588
gs,3,239,0.010107705514668339
gs,3,240,0.0099311076799386191
gs,3,241,0.009757609088713903
gs,3,242,0.0095871554007645882
gs,3,243,0.0094196932287373605
gs,3,244,0.0092551701214410448
gs,3,245,0.009093534547435847
gs,3,246,0.0089347358788988175
gs,3,247,0.0087787243757788402
gs,3,248,0.0086254511702297636
gs,3,249,0.0084748682513140772
gs,3,250,0.0083269284499763001
gs,3,251,0.00818158542427775
gs,3,252,0.0080387936448926643
gs,3,253,0.0078985083808573667
gs,3,254,0.0077606856855714666
gs,3,255,0.0076252823830377072
gs,3,256,0.0074922560543545114
gs,3,257,0.0073615650244308831
gs,3,258,0.0072331683489511491
gs,3,259,0.0071070258015517897
gs,3,260,0.0069830978612341384
gs,3,261,0.0068613456999932904
gs,3,262,0.0067417311706668252
gs,3,263,0.0066242167949888313
gs,3,264,0.0065087657518676286
gs,3,265,0.006395341865852229
gs,3,266,0.0062839095958156857
gs,3,267,0.0061744340238255131
gs,3,268,0.0060668808442181921
gs,3,269,0.0059612163528588212
gs,3,270,0.005857407436590893
gs,3,271,0.0057554215628753741
gs,3,272,0.0056552267696032719
gs,3,273,0.0055567916550936219
gs,3,274,0.0054600853682633486
gs,3,275,0.0053650775989725541
gs,3,276,0.0052717385685345638
gs,3,277,0.0051800390203959696
gs,3,278,0.0050899502109791987
gs,3,279,0.0050014439006853132
gs,3,280,0.0049144923450524297
gs,3,281,0.0048290682860771296
gs,3,282,0.0047451449436747119
gs,3,283,0.0046626960073020696
gs,3,284,0.0045816956277209961
gs,3,285,0.0045021184089029621
gs,3,286,0.004423939400086555
gs,3,287,0.0043471340879630638
gs,3,288,0.0042716783890021821
gs,3,289,0.0041975486419166394
gs,3,290,0.0041247216002540405
gs,3,291,0.0040531744251204437
gs,3,292,0.0039828846780300044
gs,3,293,0.0039138303138853145
gs,3,294,0.003845989674071109
gs,3,295,0.0037793414796784635
gs,3,296,0.0037138648248426637
gs,3,297,0.0036495391701987408
gs,3,298,0.0035863443364534601
gs,3,299,0.0035242604980663802
gs,3,300,0.003463268177046409
gs,3,301,0.0034033482368514101
gs,3,302,0.0033444818764021456
gs,3,303,0.0032866506241920595
gs,3,304,0.0032298363325088315
gs,3,305,0.0031740211717515622
gs,3,306,0.0031191876248497985
gs,3,307,0.003065318481782132
gs,3,308,0.0030123968341828175
gs,3,309,0.0029604060700567001
gs,3,310,0.0029093298685730897
gs,3,311,0.0028591521949592694
gs,3,312,0.0028098572954792568
gs,3,313,0.0027614296925042013
gs,3,314,0.0027138541796670329
gs,3,315,0.0026671158170982518
gs,3,316,0.0026211999267555974
gs,3,317,0.0025760920878221392
gs,3,318,0.0025317781321977134
gs,3,319,0.0024882441400595921
gs,3,320,0.0024454764355071015
gs,3,321,0.0024034615822799981
gs,3,322,0.0023621863795497801
gs,3,323,0.002321637857790573
gs,3,324,0.0022818032747180189
gs,3,325,0.0022426701112973698
gs,3,326,0.0022042260678277444
gs,3,327,0.0021664590600911364
gs,3,328,0.0021293572155661696
gs,3,329,0.0020929088697166417
gs,3,330,0.002057102562333114
gs,3,331,0.0020219270339526404
gs,3,332,0.0019873712223275365
gs,3,333,0.0019534242589644537
gs,3,334,0.00192007546572365
gs,3,335,0.0018873143514732374
gs,3,336,0.0018551306088066318
gs,3,337,0.001823514110815363
gs,3,338,0.0017924549079165123
gs,3,339,0.0017619432247421383
gs,3,340,0.0017319694570757222
gs,3,341,0.0017025241688455916
gs,3,342,0.0016735980891733543
gs,3,343,0.0016451821094674362
gs,3,344,0.0016172672805767402
gs,3,345,0.0015898448099841325
gs,3,346,0.0015629060590577853
gs,3,347,0.0015364425403446445
gs,3,348,0.0015104459149140829
gs,3,349,0.001484907989746655
gs,3,350,0.0014598207151719498
gs,3,351,0.0014351761823454821
gs,3,352,0.0014109666207755367
gs,3,353,0.0013871843958897004
gs,3,354,0.0013638220066451319
gs,3,355,0.0013408720831808555
gs,3,356,0.0013183273845109296
gs,3,357,0.0012961807962586724
gs,3,358,0.0012744253284290201
gs,3,359,0.0012530541132204803
gs,3,360,0.0012320604028779058
gs,3,361,0.0012114375675801768
gs,3,362,0.0011911790933617358
gs,3,363,0.0011712785800800482
gs,3,364,0.0011517297394088206
gs,3,365,0.0011325263928727628
gs,3,366,0.0011136624699119094
gs,3,367,0.0010951320059855061
gs,3,368,0.0010769291407029659
gs,3,369,0.001059048115995119
gs,3,370,0.0010414832743073749
gs,3,371,0.0010242290568341476
gs,3,372,0.0010072800017792232
gs,3,373,0.00099063074264870788
gs,3,374,0.00097427600657152072
gs,3,375,0.00095821061265191447
gs,3,376,0.00094242947034928019
gs,3,377,0.00092692757788784329
gs,3,378,0.00091170002069192722
gs,3,379,0.00089674196985211826
gs,3,380,0.00088204868061343244
gs,3,381,0.00086761549089692919
gs,3,382,0.00085343781984130169
gs,3,383,0.00083951116637232307
gs,3,384,0.00082583110779626905
gs,3,385,0.00081239329842160265
gs,3,386,0.00079919346820310879
gs,3,387,0.00078622742140500737
gs,3,388,0.00077349103529527295
gs,3,389,0.00076098025886055525
gs,3,390,0.00074869111154040973
gs,3,391,0.00073661968198706826
gs,3,392,0.00072476212684858047
gs,3,393,0.00071311466956690956
gs,3,394,0.00070167359920575933
gs,3,395,0.00069043526929299457
gs,3,396,0.00067939609668558551
gs,3,397,0.00066855256045658857
gs,3,398,0.0006579012007966765
gs,3,399,0.0006474386179412771
gs,3,400,0.00063716147111230587
gs,3,401,0.00062706647748063827
gs,3,402,0.00061715041114727281
gs,3,403,0.00060741010214123098
gs,3,404,0.00059784243543654979
gs,3,405,0.00058844434998686981
gs,3,406,0.0005792128377743415
gs,3,407,0.00057014494288258534
gs,3,408,0.00056123776057628405
gs,3,409,0.00055248843640713359
gs,3,410,0.00054389416532692821
gs,3,411,0.00053545219082556364
gs,3,412,0.00052715980407752269
gs,3,413,0.00051901434310265809
gs,3,414,0.00051101319195163573
gs,3,415,0.00050315377989696211
gs,3,416,0.00049543358064113141
gs,3,417,0.00048785011153959414
gs,3,418,0.00048040093283775216
gs,3,419,0.00047308364692418155
gs,3,420,0.00046589589758966912
gs,3,421,0.00045883536931131525
gs,3,422,0.00045189978653651877
gs,3,423,0.00044508691299324332
gs,3,424,0.00043839455100212901
gs,3,425,0.00043182054080758835
gs,3,426,0.00042536275991751502
gs,3,427,0.00041901912245755692
gs,3,428,0.00041278757853627023
gs,3,429,0.00040666611362058633
gs,3,430,0.00040065274792453322
gs,3,431,0.00039474553581233889
gs,3,432,0.00038894256520177989
gs,3,433,0.00038324195699195745
gs,3,434,0.00037764186449116269
gs,3,435,0.00037214047286366123
gs,3,436,0.00036673599857845211
gs,3,437,0.00036142668887263404
gs,3,438,0.00035621082122920994
gs,3,439,0.00035108670285273312
gs,3,440,0.00034605267016822632
gs,3,441,0.00034110708831728561
gs,3,442,0.00033624835067311997
gs,3,443,0.00033147487835752019
gs,3,444,0.00032678511977514419
gs,3,445,0.00032217755014347541
gs,3,446,0.00031765067104593605
gs,3,447,0.00031320300998322374
gs,3,448,0.00030883311993858798
gs,3,449,0.00030453957894476284
gs,3,450,0.00030032098966935593
gs,3,451,0.00029617597899703825
gs,3,452,0.00029210319762656956
gs,3,453,0.00028810131967078672
gs,3,454,0.00028416904226907856
gs,3,455,0.00028030508520050193
gs,3,456,0.00027650819051183462
gs,3,457,0.00027277712214404134
gs,3,458,0.00026911066557376486
gs,3,459,0.00026550762745400233
gs,3,460,0.00026196683526741158
gs,3,461,0.00025848713698188152
gs,3,462,0.00025506740071531232
gs,3,463,0.00025170651440173652
gs,3,464,0.00024840338547370283
gs,3,465,0.0002451569405332457
gs,3,466,0.00024196612504980814
gs,3,467,0.00023882990304505835
gs,3,468,0.0002357472567936274
gs,3,469,0.0002327171865283334
gs,3,470,0.00022973871014619275
gs,3,471,0.00022681086292225709
gs,3,472,0.00022393269723165705
gs,3,473,0.00022110328226878319
gs,3,474,0.00021832170377987842
gs,3,475,0.00021558706379373201
gs,3,476,0.00021289848035995883
gs,3,477,0.00021025508729257157
gs,3,478,0.00020765603391345521
gs,3,479,0.00020510048480718485
gs,3,480,0.00020258761957203742
gs,3,481,0.00020011663258108421
gs,3,482,0.00019768673274604042
gs,3,483,0.00019529714328149497
gs,3,484,0.00019294710147795552
gs,3,485,0.00019063585847427843
gs,3,486,0.00018836267903736794
gs,3,487,0.00018612684134161695
gs,3,488,0.00018392763675478506
gs,3,489,0.00018176436962657506
gs,3,490,0.0001796363570783591
gs,3,491,0.00017754292880008303
gs,3,492,0.00017548342684591046
gs,3,493,0.00017345720543756932
gs,3,494,0.0001714636307633876
gs,3,495,0.00016950208079121902
gs,3,496,0.00016757194507386125
gs,3,497,0.00016567262456091038
gs,3,498,0.00016380353141651012
gs,3,499,0.0001619640888354691
gs,3,500,0.00016015373086249716
gs,3,501,0.00015837190221913309
gs,3,502,0.00015661805812192529
gs,3,503,0.00015489166411800984
gs,3,504,0.000153192195910463
gs,3,505,0.00015151913919190469
gs,3,506,0.00014987198947896308
gs,3,507,0.00014825025195097069
gs,3,508,0.0001466534412873634
gs,3,509,0.00014508108151031456
gs,3,510,0.00014353270582704723
gs,3,511,0.00014200785647731305
gs,3,512,0.00014050608458059842
gs,3,513,0.0001390269499835578
gs,3,514,0.00013757002111640482
gs,3,515,0.00013613487484333866
gs,3,516,0.00013472109631772439
gs,3,517,0.00013332827884277271
gs,3,518,0.00013195602372923588
gs,3,519,0.00013060394015548894
gs,3,520,0.0001292716450351989
gs,3,521,0.00012795876287707963
gs,3,522,0.00012666492565478957
gs,3,523,0.00012538977267405427
gs,3,524,0.00012413295044678914
gs,3,525,0.00012289411255662921
gs,3,526,0.00012167291953952765
gs,3,527,0.00012046903875463215
gs,3,528,0.0001192821442636511
gs,3,529,0.00011811191670836949
gs,3,530,0.00011695804319341152
gs,3,531,0.00011582021716573083
gs,3,532,0.00011469813830151215
gs,3,533,0.00011359151238711951
gs,3,534,0.00011250005121077435
gs,3,535,0.00011142347244897861
gs,3,536,0.0001103614995559279
gs,3,537,0.00010931386165638755
gs,3,538,0.00010828029343928478
gs,3,539,0.00010726053505104056
gs,3,540,0.00010625433199349703
gs,3,541,0.00010526143501960266
gs,3,542,0.00010428160003594163
gs,3,543,0.00010331458799999058
gs,3,544,0.00010236016482621327
gs,3,545,0.00010141810128447021
gs,3,546,0.00010048817291158372
gs,3,547,9.9570159913729337e-05
gs,3,548,9.8663847074869152e-05
gs,3,549,9.7769023668503401e-05
gs,3,550,9.6885483366212092e-05
gs,3,551,9.6013024151615905e-05
gs,3,552,9.5151448233405969e-05
gs,3,553,9.4300561959207563e-05
gs,3,554,9.346017573576561e-05
gs,3,555,9.2630103941460269e-05
gs,3,556,9.1810164850898154e-05
gs,3,557,9.1000180551850763e-05
gs,3,558,9.0199976868733726e-05
gs,3,559,8.9409383283170404e-05
gs,3,560,8.8628232863658714e-05
gs,3,561,8.7856362185772605e-05
gs,3,562,8.7093611261944681e-05
gs,3,563,8.6339823470416694e-05
gs,3,564,8.559484548262504e-05
gs,3,565,8.4858527195623182e-05
gs,3,566,8.4130721661848819e-05
gs,3,567,8.3411285026818979e-05
gs,3,568,8.2700076458886007e-05
gs,3,569,8.1996958087465313e-05
gs,3,570,8.1301794938061842e-05
gs,3,571,8.0614454871550417e-05
gs,3,572,7.9934808524366704e-05
gs,3,573,7.9262729245172645e-05
gs,3,574,7.859809303870369e-05
gs,3,575,7.7940778510021534e-05
gs,3,576,7.7290666803511062e-05
gs,3,577,7.6647641549471967e-05
gs,3,578,7.6011588812570087e-05
gs,3,579,7.5382397035092389e-05
gs,3,580,7.4759956984969507e-05
gs,3,581,7.4144161707077836e-05
gs,3,582,7.3534906470532836e-05
gs,3,583,7.2932088721080544e-05
gs,3,584,7.2335608031739369e-05
gs,3,585,7.1745366056566567e-05
gs,3,586,7.1161266484465711e-05
gs,3,587,7.05832149918823e-05
gs,3,588,7.0011119201857509e-05
gs,3,589,6.9444888636826228e-05
gs,3,590,6.8884434679327864e-05
gs,3,591,6.8329670527225624e-05
gs,3,592,6.7780511156024359e-05
gs,3,593,6.7236873275164575e-05
gs,3,594,6.6698675293899986e-05
gs,3,595,6.6165837277384483e-05
gs,3,596,6.5638280913463766e-05
gs,3,597,6.5115929474009019e-05
gs,3,598,6.459870777984517e-05
gs,3,599,6.4086542163549335e-05
gs,3,600,6.357936043926388e-05
gs,3,601,6.3077091864433533e-05
gs,3,602,6.2579667110211661e-05
gs,3,603,6.2087018227945307e-05
gs,3,604,6.1599078617345426e-05
gs,3,605,6.1115782996177715e-05
gs,3,606,6.0637067371940718e-05
gs,3,607,6.0162869009505893e-05
gs,3,608,5.969312640219079e-05
gs,3,609,5.922777924885325e-05
gs,3,610,5.8766768418959999e-05
gs,3,611,5.8310035931067192e-05
gs,3,612,5.7857524926090644e-05
gs,3,613,5.7409179638261093e-05
gs,3,614,5.6964945373226593e-05
gs,3,615,5.6524768483722671e-05
gs,3,616,5.6088596342631515e-05
gs,3,617,5.5656377322573655e-05
gs,3,618,5.5228060773072793e-05
gs,3,619,5.4803596994520134e-05
gs,3,620,5.4382937222028957e-05
gs,3,621,5.3966033598476518e-05
gs,3,622,5.3552839157710704e-05
gs,3,623,5.3143307802975961e-05
gs,3,624,5.2737394287500409e-05
gs,3,625,5.233505419207204e-05
gs,3,626,5.193624391252005e-05
gs,3,627,5.154092063399416e-05
gs,3,628,5.1149042318553753e-05
gs,3,629,5.0760567684162497e-05
gs,3,630,5.0375456188032666e-05
gs,3,631,4.9993668012683689e-05
gs,3,632,4.9615164045781955e-05
gs,3,633,4.9239905866002965e-05
gs,3,634,4.8867855726472936e-05
gs,3,635,4.8498976541835482e-05
gs,3,636,4.8133231870139877e-05
gs,3,637,4.7770585900335442e-05
gs,3,638,4.7411003438378587e-05
gs,3,639,4.7054449891103037e-05
gs,3,640,4.6700891256633508e-05
gs,3,641,4.6350294106446833e-05
gs,3,642,4.6002625576830027e-05
gs,3,643,4.5657853352885947e-05
gs,3,644,4.5315945659140068e-05
gs,3,645,4.4976871246114171e-05
gs,3,646,4.4640599377727985e-05
gs,3,647,4.4307099823275149e-05
gs,3,648,4.3976342841824504e-05
gs,3,649,4.3648299175052414e-05
gs,3,650,4.3322940034315461e-05
gs,3,651,4.3000237092365545e-05
gs,3,652,4.2680162472368761e-05
gs,3,653,4.2362688736722919e-05
gs,3,654,4.2047788879353524e-05
gs,3,655,4.1735436316650283e-05
gs,3,656,4.1425604875894094e-05
gs,3,657,4.1118268789671403e-05
gs,3,658,4.0813402683107281e-05
gs,3,659,4.051098157046309e-05
gs,3,660,4.0210980843100624e-05
gs,3,661,3.9913376261372478e-05
gs,3,662,3.9618143948776787e-05
gs,3,663,3.9325260384429533e-05
gs,3,664,3.9034702392912075e-05
gs,3,665,3.8746447139819147e-05
gs,3,666,3.8460472121461034e-05
gs,3,667,3.817675516334077e-05
gs,3,668,3.7895274406517076e-05
gs,3,669,3.7616008306407679e-05
gs,3,670,3.733893562375834e-05
gs,3,671,3.7064035419387661e-05
gs,3,672,3.6791287045911116e-05
gs,3,673,3.6520670145574052e-05
gs,3,674,3.6252164640698859e-05
gs,3,675,3.5985750730931083e-05
gs,3,676,3.5721408885085227e-05
gs,3,677,3.5459119837018476e-05
gs,3,678,3.5198864581148513e-05
gs,3,679,3.4940624365162667e-05
gs,3,680,3.468438068722821e-05
gs,3,681,3.4430115288603866e-05
gs,3,682,3.4177810152206261e-05
gs,3,683,3.3927447493947838e-05
gs,3,684,3.3679009761924952e-05
gs,3,685,3.3432479628952976e-05
gs,3,686,3.3187839989613828e-05
gs,3,687,3.2945073956310406e-05
gs,3,688,3.2704164854508778e-05
gs,3,689,3.2465096218452485e-05
gs,3,690,3.2227851787563926e-05
gs,3,691,3.199241550348254e-05
gs,3,692,3.1758771503885744e-05
gs,3,693,3.1526904121743194e-05
gs,3,694,3.1296797879528614e-05
gs,3,695,3.1068437486923276e-05
gs,3,696,3.0841807836868985e-05
gs,3,697,3.0616894001015035e-05
gs,3,698,3.0393681229558432e-05
gs,3,699,3.0172154946355187e-05
gs,3,700,2.9952300743519048e-05
gs,3,701,2.9734104382927934e-05
gs,3,702,2.9517551789549208e-05
gs,3,703,2.9302629050566558e-05
gs,3,704,2.9089322411220543e-05
gs,3,705,2.8877618273440415e-05
gs,3,706,2.8667503191133138e-05
gs,3,707,2.8458963870429788e-05
gs,3,708,2.8251987164626662e-05
gs,3,709,2.8046560071527823e-05
gs,3,710,2.7842669734370307e-05
gs,3,711,2.7640303434591821e-05
gs,3,712,2.7439448593936336e-05
gs,3,713,2.7240092768608317e-05
gs,3,714,2.704222364918934e-05
gs,3,715,2.6845829057071293e-05
gs,3,716,2.6650896945520858e-05
gs,3,717,2.6457415390978682e-05
gs,3,718,2.6265372599359071e-05
gs,3,719,2.6074756896826493e-05
gs,3,720,2.5885556732874205e-05
gs,3,721,2.5697760674126686e-05
gs,3,722,2.5511357407645329e-05
gs,3,723,2.5326335733107908e-05
gs,3,724,2.5142684566646273e-05
gs,3,725,2.4960392934573457e-05
gs,3,726,2.4779449975156143e-05
gs,3,727,2.4599844934093025e-05
gs,3,728,2.442156716536468e-05
gs,3,729,2.4244606128224842e-05
gs,3,730,2.4068951384642058e-05
gs,3,731,2.3894592601045128e-05
gs,3,732,2.3721519542734099e-05
gs,3,733,2.3549722075498452e-05
gs,3,734,2.3379190163089344e-05
gs,3,735,2.3209913866283917e-05
gs,3,736,2.3041883339752061e-05
gs,3,737,2.2875088833400682e-05
gs,3,738,2.270952068838962e-05
gs,3,739,2.2545169337874582e-05
gs,3,740,2.2382025305239424e-05
gs,3,741,2.2220079202279078e-05
gs,3,742,2.2059321727304842e-05
gs,3,743,2.1899743666764384e-05
gs,3,744,2.1741335891932717e-05
gs,3,745,2.1584089355621198e-05
gs,3,746,2.1427995097452318e-05
gs,3,747,2.127304423506496e-05
gs,3,748,2.1119227970302668e-05
gs,3,749,2.096653758152156e-05
gs,3,750,2.0814964427924255e-05
gs,3,751,2.0664499945158867e-05
gs,3,752,2.0515135645767584e-05
gs,3,753,2.0366863117966067e-05
gs,3,754,2.021967402509507e-05
gs,3,755,2.0073560103053644e-05
gs,3,756,1.9928513161768198e-05
gs,3,757,1.978452508260896e-05
gs,3,758,1.9641587818042052e-05
gs,3,759,1.9499693391031876e-05
gs,3,760,1.9358833892573991e-05
gs,3,761,1.9219001483826791e-05
gs,3,762,1.9080188392970719e-05
gs,3,763,1.8942386913941715e-05
gs,3,764,1.8805589409028925e-05
gs,3,765,1.8669788303789294e-05
gs,3,766,1.8534976088222099e-05
gs,3,767,1.8401145318699499e-05
gs,3,768,1.8268288611446735e-05
gs,3,769,1.8136398646635844e-05
gs,3,770,1.8005468166156478e-05
gs,3,771,1.7875489971829468e-05
gs,3,772,1.7746456926447687e-05
gs,3,773,1.7618361952194399e-05
gs,3,774,1.7491198030561326e-05
gs,3,775,1.7364958200547619e-05
gs,3,776,1.7239635559114122e-05
gs,3,777,1.7115223260042101e-05
gs,3,778,1.6991714513841021e-05
gs,3,779,1.6869102585705949e-05
gs,3,780,1.6747380798165852e-05
gs,3,781,1.6626542525271869e-05
gs,3,782,1.6506581197110069e-05
gs,3,783,1.6387490297474405e-05
gs,3,784,1.6269263361765633e-05
gs,3,785,1.6151893978523409e-05
gs,3,786,1.6035375786673492e-05
gs,3,787,1.5919702478854659e-05
gs,3,788,1.5804867795515331e-05
gs,3,789,1.5690865530175943e-05
gs,3,790,1.5577689523438746e-05
gs,3,791,1.5465333667080607e-05
gs,3,792,1.5353791899468194e-05
gs,3,793,1.524305821033432e-05
gs,3,794,1.5133126633293614e-05
gs,3,795,1.5023991251802223e-05
gs,3,796,1.491564619571657e-05
gs,3,797,1.4808085640680846e-05
gs,3,798,1.4701303808013149e-05
gs,3,799,1.4595294965914236e-05
gs,3,800,1.4490053425309568e-05
gs,3,801,1.438557354329484e-05
gs,3,802,1.4281849721092463e-05
gs,3,803,1.4178876403286051e-05
gs,3,804,1.4076648077468506e-05
gs,3,805,1.3975159274385889e-05
gs,3,806,1.387440456697697e-05
gs,3,807,1.3774378571359223e-05
gs,3,808,1.3675075944387491e-05
gs,3,809,1.3576491383626256e-05
gs,3,810,1.3478619629723284e-05
gs,3,811,1.3381455461388076e-05
gs,3,812,1.3284993699061572e-05
gs,3,813,1.3189229202991309e-05
gs,3,814,1.3094156872280648e-05
gs,3,815,1.2999771645417387e-05
gs,3,816,1.2906068499244866e-05
gs,3,817,1.2813042450325892e-05
gs,3,818,1.2720688552041952e-05
gs,3,819,1.2629001895321703e-05
gs,3,820,1.2537977609845046e-05
gs,3,821,1.244761086080132e-05
gs,3,822,1.2357896850981406e-05
gs,3,823,1.2268830820451184e-05
gs,3,824,1.2180408042996585e-05
gs,3,825,1.209262383189244e-05
gs,3,826,1.2005473530171955e-05
gs,3,827,1.1918952522874002e-05
gs,3,828,1.1833056224534016e-05
gs,3,829,1.1747780087137771e-05
gs,3,830,1.1663119595307177e-05
gs,3,831,1.1579070269506877e-05
gs,3,832,1.1495627662255686e-05
gs,3,833,1.141278736025638e-05
gs,3,834,1.133054498296461e-05
gs,3,835,1.1248896182889059e-05
gs,3,836,1.1167836645054382e-05
gs,3,837,1.108736208730511e-05
gs,3,838,1.1007468258442973e-05
gs,3,839,1.0928150940685043e-05
gs,3,840,1.0849405945071492e-05
gs,3,841,1.0771229117578826e-05
gs,3,842,1.069361633184901e-05
gs,3,843,1.0616563493601219e-05
gs,3,844,1.0540066539876135e-05
gs,3,845,1.0464121436386021e-05
gs,3,846,1.038872417946062e-05
gs,3,847,1.0313870795402985e-05
gs,3,848,1.0239557340113342e-05
gs,3,849,1.0165779898229918e-05
gs,3,850,1.0092534584158874e-05
gs,3,851,1.0019817540028954e-05
gs,3,852,9.9476249371223162e-06
gs,3,853,9.8759529760073968e-06
gs,3,854,9.8047978829030272e-06
gs,3,855,9.734155915065508e-06
gs,3,856,9.6640233548142044e-06
gs,3,857,9.5943965128791322e-06
gs,3,858,9.525271726835112e-06
gs,3,859,9.4566453630302507e-06
gs,3,860,9.3885138116076837e-06
gs,3,861,9.3208734923512789e-06
gs,3,862,9.2537208483273328e-06
gs,3,863,9.1870523514197422e-06
gs,3,864,9.1208644989110212e-06
gs,3,865,9.0551538117474003e-06
gs,3,866,8.9899168395069245e-06
gs,3,867,8.9251501551761568e-06
gs,3,868,8.8608503572975402e-06
gs,3,869,8.7970140694728196e-06
gs,3,870,8.7336379394921653e-06
gs,3,871,8.6707186412056223e-06
gs,3,872,8.6082528718688721e-06
gs,3,873,8.5462373520872025e-06
gs,3,874,8.4846688282747871e-06
gs,3,875,8.4235440693497522e-06
gs,3,876,8.3628598682548872e-06
gs,3,877,8.3026130414309544e-06
gs,3,878,8.2428004287591723e-06
gs,3,879,8.1834188926136091e-06
gs,3,880,8.1244653196237923e-06
gs,3,881,8.0659366176171604e-06
gs,3,882,8.0078297172577207e-06
gs,3,883,7.9501415724677417e-06
gs,3,884,7.8928691590609414e-06
gs,3,885,7.8360094745958897e-06
gs,3,886,7.7795595385249694e-06
gs,3,887,7.7235163922099786e-06
gs,3,888,7.6678770988331886e-06
gs,3,889,7.612638742738245e-06
gs,3,890,7.5577984293240714e-06
gs,3,891,7.5033532852782299e-06
gs,3,892,7.4493004581023315e-06
gs,3,893,7.3956371155812891e-06
gs,3,894,7.3423604479756765e-06
gs,3,895,7.2894676635900867e-06
gs,3,896,7.2369559923023179e-06
gs,3,897,7.1848226840711524e-06
gs,3,898,7.133065007899002e-06
gs,3,899,7.0816802552763965e-06
gs,3,900,7.0306657334142673e-06
gs,3,901,6.9800187724945232e-06
gs,3,902,6.9297367201999778e-06
gs,3,903,6.8798169442858942e-06
gs,3,904,6.8302568311936777e-06
gs,3,905,6.7810537871264234e-06
gs,3,906,6.7322052354580637e-06
gs,3,907,6.6837086209219958e-06
gs,3,908,6.6355614033733801e-06
gs,3,909,6.5877610640167713e-06
gs,3,910,6.5403051008300501e-06
gs,3,911,6.4931910302631306e-06
gs,3,912,6.4464163867156367e-06
gs,3,913,6.399978723556115e-06
gs,3,914,6.3538756090701269e-06
gs,3,915,6.3081046327923431e-06
gs,3,916,6.2626633985723035e-06
gs,3,917,6.2175495293679678e-06
gs,3,918,6.1727606651589105e-06
gs,3,919,6.1282944625636562e-06
gs,3,920,6.0841485953900181e-06
gs,3,921,6.0403207545897222e-06
gs,3,922,5.9968086467979602e-06
gs,3,923,5.9536099963329249e-06
gs,3,924,5.9107225435683906e-06
gs,3,925,5.8681440455516296e-06
gs,3,926,5.8258722751737492e-06
gs,3,927,5.7839050207818569e-06
gs,3,928,5.7422400884787604e-06
gs,3,929,5.7008752983697806e-06
gs,3,930,5.6598084882625869e-06
gs,3,931,5.6190375093985954e-06
gs,3,932,5.5785602307482488e-06
gs,3,933,5.5383745339198456e-06
gs,3,934,5.4984783191689151e-06
gs,3,935,5.4588695001492695e-06
gs,3,936,5.4195460047389371e-06
gs,3,937,5.38050577762815e-06
gs,3,938,5.3417467766618015e-06
gs,3,939,5.3032669760080224e-06
gs,3,940,5.2650643633795862e-06
gs,3,941,5.2271369414577311e-06
gs,3,942,5.1894827273250139e-06
gs,3,943,5.1520997527615175e-06
gs,3,944,5.1149860623579152e-06
gs,3,945,5.0781397161971539e-06
gs,3,946,5.0415587880159167e-06
gs,3,947,5.0052413650769902e-06
gs,3,948,4.9691855496051227e-06
gs,3,949,4.9333894567772594e-06
gs,3,950,4.8978512139982284e-06
gs,3,951,4.8625689644399992e-06
gs,3,952,4.8275408634486366e-06
gs,3,953,4.7927650802681643e-06
gs,3,954,4.7582397966470506e-06
gs,3,955,4.7239632084471762e-06
gs,3,956,4.6899335229267532e-06
gs,3,957,4.6561489624751234e-06
gs,3,958,4.6226077601084022e-06
gs,3,959,4.589308163173222e-06
gs,3,960,4.5562484319027928e-06
gs,3,961,4.5234268361489339e-06
gs,3,962,4.490841662043014e-06
gs,3,963,4.4584912065233997e-06
gs,3,964,4.4263737774179995e-06
gs,3,965,4.3944876976920155e-06
gs,3,966,4.362831298871545e-06
gs,3,967,4.331402927879946e-06
gs,3,968,4.3002009415868903e-06
gs,3,969,4.2692237097858027e-06
gs,3,970,4.2384696116284867e-06
gs,3,971,4.2079370422886488e-06
gs,3,972,4.1776244038772417e-06
gs,3,973,4.1475301135033561e-06
gs,3,974,4.117652597578866e-06
gs,3,975,4.0879902947198224e-06
gs,3,976,4.0585416545692679e-06
gs,3,977,4.0293051392721193e-06
gs,3,978,4.0002792191179033e-06
gs,3,979,3.9714623777899423e-06
gs,3,980,3.9428531096981305e-06
gs,3,981,3.9144499193198156e-06
gs,3,982,3.8862513222602667e-06
gs,3,983,3.8582558445141112e-06
gs,3,984,3.8304620239282609e-06
gs,3,985,3.8028684064588797e-06
gs,3,986,3.7754735514124462e-06
gs,3,987,3.7482760269909538e-06
gs,3,988,3.7212744113750047e-06
gs,3,989,3.6944672927753594e-06
gs,3,990,3.667853272278421e-06
gs,3,991,3.6414309570645815e-06
gs,3,992,3.6151989677058091e-06
gs,3,993,3.5891559316696839e-06
gs,3,994,3.5633004898782925e-06
gs,3,995,3.5376312902978151e-06
gs,3,996,3.5121469911569642e-06
gs,3,997,3.4868462609475689e-06
gs,3,998,3.4617277775490918e-06
gs,3,999,3.4367902279071461e-06
gs,3,1000,3.4120323094501162e-06
gs,3,1001,3.3874527276581741e-06
gs,3,1002,3.3630501985480214e-06
gs,3,1003,3.3388234470717506e-06
gs,3,1004,3.3147712066187927e-06
gs,3,1005,3.2908922199374867e-06
gs,3,1006,3.2671852405262189e-06
gs,3,1007,3.243649028036448e-06
gs,3,1008,3.2202823531371106e-06
gs,3,1009,3.1970839949101505e-06
gs,3,1010,3.1740527400933154e-06
gs,3,1011,3.1511873862867259e-06
gs,3,1012,3.1284867386881657e-06
gs,3,1013,3.1059496093036296e-06
gs,3,1014,3.0835748220128685e-06
gs,3,1015,3.0613612067566369e-06
gs,3,1016,3.0393076031435861e-06
gs,3,1017,3.0174128588131639e-06
gs,3,1018,2.995675828945445e-06
gs,3,1019,2.9740953778879939e-06
gs,3,1020,2.9526703775048563e-06
gs,3,1021,2.9313997088261546e-06
gs,3,1022,2.9102822602760031e-06
gs,3,1023,2.8893169269738768e-06
gs,3,1024,2.8685026152992889e-06
gs,3,1025,2.8478382362053414e-06
gs,3,1026,2.827322710179239e-06
gs,3,1027,2.8069549645081711e-06
gs,3,1028,2.7867339359090746e-06
gs,3,1029,2.7666585664924476e-06
gs,3,1030,2.7467278084786219e-06
gs,3,1031,2.7269406189913736e-06
gs,3,1032,2.7072959641482245e-06
gs,3,1033,2.6877928184854023e-06
gs,3,1034,2.6684301610699486e-06
gs,3,1035,2.649206981834924e-06
gs,3,1036,2.6301222745726046e-06
gs,3,1037,2.6111750428441509e-06
gs,3,1038,2.5923642966431013e-06
gs,3,1039,2.573689051926852e-06
gs,3,1040,2.5551483336649228e-06
gs,3,1041,2.5367411725044958e-06
gs,3,1042,2.5184666064183588e-06
gs,3,1043,2.5003236806952073e-06
gs,3,1044,2.4823114473443452e-06
gs,3,1045,2.4644289640119979e-06
gs,3,1046,2.4466752973491837e-06
gs,3,1047,2.429049518649749e-06
gs,3,1048,2.4115507076834103e-06
gs,3,1049,2.3941779491465429e-06
gs,3,1050,2.3769303348350252e-06
gs,3,1051,2.3598069651237934e-06
gs,3,1052,2.3428069436919494e-06
gs,3,1053,2.3259293817877794e-06
gs,3,1054,2.3091733986640731e-06
gs,3,1055,2.2925381173273826e-06
gs,3,1056,2.2760226694745031e-06
gs,3,1057,2.2596261911386472e-06
gs,3,1058,2.2433478259020934e-06
gs,3,1059,2.2271867230437072e-06
gs,3,1060,2.2111420376234711e-06
gs,3,1061,2.1952129314093881e-06
gs,3,1062,2.1793985716267598e-06
gs,3,1063,2.1636981317736115e-06
gs,3,1064,2.1481107922503414e-06
gs,3,1065,2.1326357375725558e-06
gs,3,1066,2.1172721586449305e-06
gs,3,1067,2.1020192530009298e-06
gs,3,1068,2.0868762241062722e-06
gs,3,1069,2.0718422791248814e-06
gs,3,1070,2.0569166332972466e-06
gs,3,1071,2.0420985068493045e-06
gs,3,1072,2.0273871243511957e-06
gs,3,1073,2.0127817181858932e-06
gs,3,1074,1.9982815239604761e-06
gs,3,1075,1.9838857838368905e-06
gs,3,1076,1.9695937459822772e-06
gs,3,1077,1.9554046627362602e-06
gs,3,1078,1.9413177942176476e-06
gs,3,1079,1.9273324021892455e-06
gs,3,1080,1.9134477566339946e-06
gs,3,1081,1.8996631323958108e-06
gs,3,1082,1.8859778078410657e-06
gs,3,1083,1.8723910682240742e-06
gs,3,1084,1.8589022041556781e-06
gs,3,1085,1.8455105098587519e-06
gs,3,1086,1.8322152853437068e-06
gs,3,1087,1.8190158359145447e-06
gs,3,1088,1.8059114719295161e-06
gs,3,1089,1.7929015083142617e-06
gs,3,1090,1.7799852654477307e-06
gs,3,1091,1.7671620675837081e-06
gs,3,1092,1.7544312445377174e-06
gs,3,1093,1.7417921319765055e-06
gs,3,1094,1.7292440683064289e-06
gs,3,1095,1.7167863980235221e-06
gs,3,1096,1.7044184699164991e-06
gs,3,1097,1.6921396379455649e-06
gs,3,1098,1.6799492596865717e-06
gs,3,1099,1.6678466985786494e-06
gs,3,1100,1.6558313217365421e-06
gs,3,1101,1.6439025010503554e-06
gs,3,1102,1.6320596134870039e-06
gs,3,1103,1.6203020398212311e-06
gs,3,1104,1.6086291654537365e-06
gs,3,1105,1.5970403804521251e-06
gs,3,1106,1.5855350789548262e-06
gs,3,1107,1.574112660291872e-06
gs,3,1108,1.5627725263101449e-06
gs,3,1109,1.5515140847443473e-06
gs,3,1110,1.5403367470137934e-06
gs,3,1111,1.5292399296114761e-06
gs,3,1112,1.5182230516939165e-06
gs,3,1113,1.5072855382715755e-06
gs,3,1114,1.4964268169495331e-06
gs,3,1115,1.4856463202857291e-06
gs,3,1116,1.4749434849256465e-06
gs,3,1117,1.4643177513643665e-06
gs,3,1118,1.4537685649906241e-06
gs,3,1119,1.4432953727181962e-06
gs,3,1120,1.4328976290040586e-06
gs,3,1121,1.4225747891917042e-06
gs,3,1122,1.4123263143689823e-06
gs,3,1123,1.402151667995042e-06
gs,3,1124,1.3920503196893396e-06
gs,3,1125,1.3820217396949319e-06
gs,3,1126,1.3720654048202576e-06
gs,3,1127,1.3621807953456864e-06
gs,3,1128,1.3523673928791317e-06
gs,3,1129,1.3426246864948896e-06
gs,3,1130,1.3329521652038412e-06
gs,3,1131,1.3233493242115072e-06
gs,3,1132,1.3138156615712716e-06
gs,3,1133,1.3043506791420621e-06
gs,3,1134,1.2949538817247555e-06
gs,3,1135,1.2856247785016994e-06
gs,3,1136,1.2763628815958488e-06
gs,3,1137,1.2671677072418844e-06
gs,3,1138,1.2580387739210943e-06
gs,3,1139,1.2489756065641147e-06
gs,3,1140,1.2399777286617204e-06
gs,3,1141,1.2310446718300865e-06
gs,3,1142,1.2221759680742278e-06
gs,3,1143,1.2133711547752123e-06
gs,3,1144,1.2046297712519866e-06
gs,3,1145,1.1959513601123475e-06
gs,3,1146,1.1873354684981419e-06
gs,3,1147,1.1787816455571739e-06
gs,3,1148,1.1702894446958889e-06
gs,3,1149,1.1618584215991213e-06
gs,3,1150,1.1534881356958417e-06
gs,3,1151,1.1451781488377639e-06
gs,3,1152,1.1369280280867151e-06
gs,3,1153,1.1287373409751562e-06
gs,3,1154,1.1206056600920836e-06
gs,3,1155,1.1125325595124138e-06
gs,3,1156,1.1045176180925798e-06
gs,3,1157,1.0965604163505943e-06
gs,3,1158,1.0886605385801793e-06
gs,3,1159,1.0808175718301435e-06
gs,3,1160,1.0730311062664028e-06
gs,3,1161,1.065300735280801e-06
gs,3,1162,1.0576260532395339e-06
gs,3,1163,1.0500066606305579e-06
gs,3,1164,1.0424421587207952e-06
gs,3,1165,1.0349321511014797e-06
gs,3,1166,1.0274762462629005e-06
gs,3,1167,1.02007405455281e-06
gs,3,1168,1.0127251884443001e-06
gs,3,1169,1.0054292642335331e-06
gs,3,1170,9.9818590084955956e-07
gs,3,1171,9.9099471821971486e-07
gs,3,1172,9.8385534239557118e-07
gs,3,1173,9.7676739887075836e-07
gs,3,1174,9.6973051668787753e-07
gs,3,1175,9.6274433002137253e-07
gs,3,1176,9.5580847193382391e-07
gs,3,1177,9.4892258046441598e-07
gs,3,1178,9.4208629563959108e-07
gs,3,1179,9.3529925999217938e-07
gs,3,1180,9.2856111893917285e-07
gs,3,1181,9.2187151986330131e-07
gs,3,1182,9.1523011371346984e-07
gs,3,1183,9.0863655270354006e-07
gs,3,1184,9.0209049235509795e-07
gs,3,1185,8.9559159080954977e-07
gs,3,1186,8.8913950825199193e-07
gs,3,1187,8.8273390700470993e-07
gs,3,1188,8.7637445305139527e-07
gs,3,1189,8.7006081270482234e-07
gs,3,1190,8.6379265686452823e-07
gs,3,1191,8.5756965691671336e-07
gs,3,1192,8.5139148934980677e-07
gs,3,1193,8.4525782993776479e-07
gs,3,1194,8.3916835775946555e-07
gs,3,1195,8.3312275529204148e-07
gs,3,1196,8.2712070626040496e-07
gs,3,1197,8.2116189675783331e-07
gs,3,1198,8.1524601487959087e-07
gs,3,1199,8.0937275257913673e-07
gs,3,1200,8.0354180243529259e-07
gs,3,1201,7.977528585509602e-07
gs,3,1202,7.9200561938390079e-07
gs,3,1203,7.8629978411635464e-07
gs,3,1204,7.8063505466664763e-07
gs,3,1205,7.7501113478911097e-07
gs,3,1206,7.6942773089899778e-07
gs,3,1207,7.6388454996252596e-07
gs,3,1208,7.5838130406546078e-07
gs,3,1209,7.529177041550033e-07
gs,3,1210,7.4749346431628173e-07
gs,3,1211,7.4210830227326765e-07
gs,3,1212,7.3676193547411776e-07
gs,3,1213,7.3145408529469737e-07
gs,3,1214,7.261844737721558e-07
gs,3,1215,7.2095282495930127e-07
gs,3,1216,7.157588664180751e-07
gs,3,1217,7.106023263695286e-07
gs,3,1218,7.0548293445044925e-07
gs,3,1219,7.0040042364115137e-07
gs,3,1220,6.9535452819026441e-07
gs,3,1221,6.9034498427062089e-07
gs,3,1222,6.8537153067389612e-07
gs,3,1223,6.8043390623635072e-07
gs,3,1224,6.7553185347266753e-07
gs,3,1225,6.7066511606884385e-07
gs,3,1226,6.6583344019461642e-07
gs,3,1227,6.6103657191520131e-07
gs,3,1228,6.5627426150389374e-07
gs,3,1229,6.515462603910008e-07
gs,3,1230,6.4685232004519445e-07
gs,3,1231,6.4219219579185884e-07
gs,3,1232,6.3756564423399225e-07
gs,3,1233,6.3297242362019629e-07
gs,3,1234,6.2841229351596653e-07
gs,3,1235,6.238850155850909e-07
gs,3,1236,6.1939035253070521e-07
gs,3,1237,6.1492807077152356e-07
gs,3,1238,6.1049793592428536e-07
gs,3,1239,6.0609971703593562e-07
gs,3,1240,6.0173318322647393e-07
gs,3,1241,5.9739810763893909e-07
gs,3,1242,5.9309426258319163e-07
gs,3,1243,5.888214232908209e-07
gs,3,1244,5.8457936701423057e-07
gs,3,1245,5.8036787095610613e-07
gs,3,1246,5.7618671577975108e-07
gs,3,1247,5.7203568257753421e-07
gs,3,1248,5.6791455398459539e-07
gs,3,1249,5.6382311574616318e-07
gs,3,1250,5.5976115298027337e-07
gs,3,1251,5.5572845343198862e-07
gs,3,1252,5.5172480639223262e-07
gs,3,1253,5.4775000268178653e-07
gs,3,1254,5.4380383416511427e-07
gs,3,1255,5.3988609536097047e-07
gs,3,1256,5.3599658081406771e-07
gs,3,1257,5.3213508690976692e-07
gs,3,1258,5.2830141226713611e-07
gs,3,1259,5.2449535639530054e-07
gs,3,1260,5.207167205006073e-07
gs,3,1261,5.1696530679323028e-07
gs,3,1262,5.1324091922971704e-07
gs,3,1263,5.0954336332848405e-07
gs,3,1264,5.0587244480904499e-07
gs,3,1265,5.0222797316901629e-07
gs,3,1266,4.9860975715854721e-07
gs,3,1267,4.9501760780758233e-07
gs,3,1268,4.9145133707922273e-07
gs,3,1269,4.8791075836686943e-07
gs,3,1270,4.843956876467483e-07
gs,3,1271,4.809059400015204e-07
gs,3,1272,4.7744133374147791e-07
gs,3,1273,4.740016869555625e-07
gs,3,1274,4.7058682086558105e-07
gs,3,1275,4.6719655620037528e-07
gs,3,1276,4.6383071573360782e-07
gs,3,1277,4.6048912360513867e-07
gs,3,1278,4.5717160520699427e-07
gs,3,1279,4.5387798761801651e-07
gs,3,1280,4.5060809799974496e-07
gs,3,1281,4.4736176511001222e-07
gs,3,1282,4.4413881974575407e-07
gs,3,1283,4.4093909397539869e-07
gs,3,1284,4.3776241962457225e-07
gs,3,1285,4.3460863138760975e-07
gs,3,1286,4.3147756317009702e-07
gs,3,1287,4.2836905189692919e-07
gs,3,1288,4.2528293613327271e-07
gs,3,1289,4.2221905290455753e-07
gs,3,1290,4.191772430218142e-07
gs,3,1291,4.1615734740278037e-07
gs,3,1292,4.1315920800254445e-07
gs,3,1293,4.1018266754726722e-07
gs,3,1294,4.0722757071794703e-07
gs,3,1295,4.042937643896725e-07
gs,3,1296,4.0138109359793687e-07
gs,3,1297,3.9848940606208405e-07
gs,3,1298,3.9561855116040112e-07
gs,3,1299,3.9276837943519445e-07
gs,3,1300,3.8993874061253785e-07
gs,3,1301,3.8712948732969767e-07
gs,3,1302,3.8434047325698549e-07
gs,3,1303,3.8157155198322103e-07
gs,3,1304,3.7882257796395412e-07
gs,3,1305,3.7609340917822193e-07
gs,3,1306,3.7338390184869471e-07
gs,3,1307,3.706939151909557e-07
gs,3,1308,3.6802330720145748e-07
gs,3,1309,3.653719389047137e-07
gs,3,1310,3.6273967299491421e-07
gs,3,1311,3.60126370022157e-07
gs,3,1312,3.57531894307365e-07
gs,3,1313,3.5495610986162978e-07
gs,3,1314,3.5239888202694129e-07
gs,3,1315,3.4986007769650656e-07
gs,3,1316,3.4733956320925244e-07
gs,3,1317,3.4483720727764881e-07
gs,3,1318,3.4235287929951319e-07
gs,3,1319,3.3988644937253535e-07
gs,3,1320,3.3743778809469559e-07
gs,3,1321,3.3500676763023815e-07
gs,3,1322,3.3259326159042184e-07
gs,3,1323,3.3019714224104174e-07
gs,3,1324,3.2781828601687058e-07
gs,3,1325,3.2545656746207669e-07
gs,3,1326,3.2311186373873954e-07
gs,3,1327,3.2078405198759629e-07
gs,3,1328,3.1847301054001022e-07
gs,3,1329,3.1617861789632145e-07
gs,3,1330,3.1390075600014994e-07
gs,3,1331,3.1163930355666499e-07
gs,3,1332,3.0939414400326483e-07
gs,3,1333,3.0716515865485698e-07
gs,3,1334,3.0495223145047995e-07
gs,3,1335,3.0275524791990558e-07
gs,3,1336,3.005740916992192e-07
gs,3,1337,2.9840864887419211e-07
gs,3,1338,2.9625880690536651e-07
gs,3,1339,2.9412445302803753e-07
gs,3,1340,2.9200547529653123e-07
gs,3,1341,2.8990176460094035e-07
gs,3,1342,2.8781320854467625e-07
gs,3,1343,2.8573969967433715e-07
gs,3,1344,2.8368112886468678e-07
gs,3,1345,2.8163738841893283e-07
gs,3,1346,2.7960837227297905e-07
gs,3,1347,2.7759397324233443e-07
gs,3,1348,2.7559408717366155e-07
gs,3,1349,2.7360860853814307e-07
gs,3,1350,2.7163743406197028e-07
gs,3,1351,2.6968046060508798e-07
gs,3,1352,2.6773758582787752e-07
gs,3,1353,2.6580870825957181e-07
gs,3,1354,2.6389372664107559e-07
gs,3,1355,2.6199254154065069e-07
gs,3,1356,2.6010505300861779e-07
gs,3,1357,2.5823116255449396e-07
gs,3,1358,2.5637077275200904e-07
gs,3,1359,2.5452378538675757e-07
gs,3,1360,2.5269010400592513e-07
gs,3,1361,2.508696332145452e-07
gs,3,1362,2.4906227779137868e-07
gs,3,1363,2.4726794380462033e-07
gs,3,1364,2.4548653602314247e-07
gs,3,1365,2.4371796243315384e-07
gs,3,1366,2.4196213002196073e-07
gs,3,1367,2.4021894706931933e-07
gs,3,1368,2.3848832281468779e-07
gs,3,1369,2.3677016658897733e-07
gs,3,1370,2.3506438877849549e-07
gs,3,1371,2.333708995381594e-07
gs,3,1372,2.3168961137211867e-07
gs,3,1373,2.3002043505538146e-07
gs,3,1374,2.2836328468568266e-07
gs,3,1375,2.2671807247585808e-07
gs,3,1376,2.2508471355718407e-07
gs,3,1377,2.2346312107644733e-07
gs,3,1378,2.2185321154117522e-07
gs,3,1379,2.2025490034314066e-07
gs,3,1380,2.1866810406792568e-07
gs,3,1381,2.1709273927250318e-07
gs,3,1382,2.1552872423928054e-07
gs,3,1383,2.1397597679340838e-07
gs,3,1384,2.1243441571374885e-07
gs,3,1385,2.109039605672751e-07
gs,3,1386,2.0938453165116702e-07
gs,3,1387,2.0787604911018326e-07
gs,3,1388,2.0637843422437565e-07
gs,3,1389,2.0489160858126467e-07
gs,3,1390,2.0341549443247855e-07
gs,3,1391,2.0195001460911175e-07
gs,3,1392,2.0049509319640414e-07
gs,3,1393,1.9905065350131035e-07
gs,3,1394,1.9761661937937222e-07
gs,3,1395,1.9619291696259754e-07
gs,3,1396,1.9477947167493903e-07
gs,3,1397,1.9337620876007812e-07
gs,3,1398,1.9198305586072197e-07
gs,3,1399,1.9059993965192327e-07
gs,3,1400,1.8922678787567333e-07
gs,3,1401,1.8786352825875822e-07
gs,3,1402,1.8651009061096675e-07
gs,3,1403,1.8516640360653807e-07
gs,3,1404,1.8383239662349673e-07
gs,3,1405,1.825080008418452e-07
gs,3,1406,1.8119314573096727e-07
gs,3,1407,1.798877634984657e-07
gs,3,1408,1.7859178635958773e-07
gs,3,1409,1.773051449797826e-07
gs,3,1410,1.7602777417309298e-07
gs,3,1411,1.7475960505431044e-07
gs,3,1412,1.7350057270256785e-07
gs,3,1413,1.7225061018064406e-07
gs,3,1414,1.7100965376005953e-07
gs,3,1415,1.6977763687130553e-07
gs,3,1416,1.6855449621167484e-07
gs,3,1417,1.673401674008218e-07
gs,3,1418,1.6613458727937244e-07
gs,3,1419,1.6493769243168e-07
gs,3,1420,1.6374942044511548e-07
gs,3,1421,1.6256970915736311e-07
gs,3,1422,1.6139849736840269e-07
gs,3,1423,1.602357223248188e-07
gs,3,1424,1.5908132551705777e-07
gs,3,1425,1.579352447853689e-07
gs,3,1426,1.5679742054296412e-07
gs,3,1427,1.5566779433959987e-07
gs,3,1428,1.5454630579953399e-07
gs,3,1429,1.5343289684439925e-07
gs,3,1430,1.5232750942133934e-07
gs,3,1431,1.5123008592069117e-07
gs,3,1432,1.501405684943903e-07
gs,3,1433,1.4905889990967417e-07
gs,3,1434,1.4798502495219692e-07
gs,3,1435,1.4691888561496794e-07
gs,3,1436,1.4586042761705934e-07
gs,3,1437,1.4480959502262184e-07
gs,3,1438,1.4376633306989955e-07
gs,3,1439,1.4273058684595188e-07
gs,3,1440,1.4170230332115918e-07
gs,3,1441,1.4068142724893835e-07
gs,3,1442,1.396679055182515e-07
gs,3,1443,1.3866168592235506e-07
gs,3,1444,1.3766271603459363e-07
gs,3,1445,1.3667094270258728e-07
gs,3,1446,1.3568631453744957e-07
gs,3,1447,1.347087799798163e-07
gs,3,1448,1.3373828818176553e-07
gs,3,1449,1.3277478719396066e-07
gs,3,1450,1.318182286344262e-07
gs,3,1451,1.3086856096078264e-07
gs,3,1452,1.2992573518063905e-07
gs,3,1453,1.289897018038007e-07
gs,3,1454,1.2806041232158636e-07
gs,3,1455,1.2713781734013901e-07
gs,3,1456,1.2622186897805553e-07
gs,3,1457,1.2531251963814087e-07
gs,3,1458,1.2440972148347728e-07
gs,3,1459,1.235134276052649e-07
gs,3,1460,1.226235910970669e-07
gs,3,1461,1.2174016512818474e-07
gs,3,1462,1.2086310338971376e-07
gs,3,1463,1.1999236073271846e-07
gs,3,1464,1.1912789084590844e-07
gs,3,1465,1.1826964898159176e-07
gs,3,1466,1.1741759049046168e-07
gs,3,1467,1.1657167028163996e-07
gs,3,1468,1.1573184497137382e-07
gs,3,1469,1.1489806932650104e-07
gs,3,1470,1.1407030077482315e-07
gs,3,1471,1.132484955346776e-07
gs,3,1472,1.1243261130667515e-07
gs,3,1473,1.1162260441860859e-07
gs,3,1474,1.1081843391189851e-07
gs,3,1475,1.100200567978254e-07
gs,3,1476,1.0922743095351871e-07
gs,3,1477,1.0844051561357424e-07
gs,3,1478,1.0765926955651568e-07
gs,3,1479,1.0688365197222407e-07
gs,3,1480,1.0611362230984662e-07
gs,3,1481,1.0534914023335627e-07
gs,3,1482,1.0459016541324715e-07
gs,3,1483,1.0383665907726282e-07
gs,3,1484,1.0308858041932321e-07
gs,3,1485,1.0234589191805598e-07
gs,3,1486,1.0160855410602612e-07
gs,3,1487,1.0087652815797471e-07
gs,3,1488,1.0014977582662553e-07
gs,3,1489,9.9428259028805773e-08
gs,3,1490,9.8711941171149335e-08
gs,3,1491,9.8000783213266444e-08
gs,3,1492,9.7294749024680675e-08
gs,3,1493,9.6593801116323303e-08
gs,3,1494,9.5897903095537794e-08
gs,3,1495,9.5207018774780904e-08
gs,3,1496,9.4521111839835664e-08
gs,3,1497,9.3840146110874626e-08
gs,3,1498,9.316408665928388e-08
gs,3,1499,9.2492897368193923e-08
gs,3,1500,9.1826544085483153e-08
gs,3,1501,9.116499150829525e-08
gs,3,1502,9.0508204596301763e-08
gs,3,1503,8.9856149485178201e-08
gs,3,1504,8.920879190705951e-08
gs,3,1505,8.8566098572789141e-08
gs,3,1506,8.7928035104012946e-08
gs,3,1507,8.7294568235086751e-08
gs,3,1508,8.6665665598107546e-08
gs,3,1509,8.6041293997941687e-08
gs,3,1510,8.542142035502119e-08
gs,3,1511,8.4806012173687285e-08
gs,3,1512,8.4195037786821725e-08
gs,3,1513,8.358846472443395e-08
gs,3,1514,8.2986262622041115e-08
gs,3,1515,8.2388398313415754e-08
gs,3,1516,8.1794841147071209e-08
gs,3,1517,8.1205560786285939e-08
gs,3,1518,8.0620525169162871e-08
gs,3,1519,8.0039704761896374e-08
gs,3,1520,7.9463068565072246e-08
gs,3,1521,7.8890586968939618e-08
gs,3,1522,7.8322229538210719e-08
gs,3,1523,7.7757967269092282e-08
gs,3,1524,7.7197768952773635e-08
gs,3,1525,7.6641607375204821e-08
gs,3,1526,7.6089452670495464e-08
gs,3,1527,7.5541275606505534e-08
gs,3,1528,7.499704761263555e-08
gs,3,1529,7.4456740831454793e-08
gs,3,1530,7.3920326407540818e-08
gs,3,1531,7.3387776727750144e-08
gs,3,1532,7.2859063391820204e-08
gs,3,1533,7.2334159028066793e-08
gs,3,1534,7.1813036814290049e-08
gs,3,1535,7.1295668844852425e-08
gs,3,1536,7.0782027865865756e-08
gs,3,1537,7.0272087474867456e-08
gs,3,1538,6.9765821155089195e-08
gs,3,1539,6.9263201963723373e-08
gs,3,1540,6.8764203784633381e-08
gs,3,1541,6.8268800216414102e-08
gs,3,1542,6.7776966255858605e-08
gs,3,1543,6.7288675651019081e-08
gs,3,1544,6.6803902698488934e-08
gs,3,1545,6.6322622392963025e-08
gs,3,1546,6.5844808962064783e-08
gs,3,1547,6.5370438355163942e-08
gs,3,1548,6.4899484834144758e-08
gs,3,1549,6.4431924757245e-08
gs,3,1550,6.3967733291824958e-08
gs,3,1551,6.3506884952924417e-08
gs,3,1552,6.3049357374151032e-08
gs,3,1553,6.2595125942964857e-08
gs,3,1554,6.2144167487846152e-08
gs,3,1555,6.1696457606919795e-08
gs,3,1556,6.1251973101485128e-08
gs,3,1557,6.0810690801105221e-08
gs,3,1558,6.0372587736162864e-08
gs,3,1559,5.9937640943654652e-08
gs,3,1560,5.9505827281035544e-08
gs,3,1561,5.9077125275750488e-08
gs,3,1562,5.8651510941945799e-08
gs,3,1563,5.8228963635014046e-08
gs,3,1564,5.7809460082390901e-08
gs,3,1565,5.739297882267626e-08
gs,3,1566,5.6979498449484965e-08
gs,3,1567,5.6568996879902061e-08
gs,3,1568,5.616145215974831e-08
gs,3,1569,5.5756843576842447e-08
gs,3,1570,5.5355150434276098e-08
gs,3,1571,5.495635089767774e-08
gs,3,1572,5.456042503058088e-08
gs,3,1573,5.4167351282224755e-08
gs,3,1574,5.3777109226865523e-08
gs,3,1575,5.3389678259476784e-08
gs,3,1576,5.3005039400605814e-08
gs,3,1577,5.2623170969682731e-08
gs,3,1578,5.2244053479779401e-08
gs,3,1579,5.186766805154143e-08
gs,3,1580,5.1493993385657627e-08
gs,3,1581,5.1123011230036117e-08
gs,3,1582,5.0754702129372707e-08
gs,3,1583,5.0389045999809732e-08
gs,3,1584,5.0026024122471927e-08
gs,3,1585,4.9665617345524356e-08
gs,3,1586,4.9307807928191285e-08
gs,3,1587,4.8952575919518561e-08
gs,3,1588,4.859990305734524e-08
gs,3,1589,4.8249770629626547e-08
gs,3,1590,4.7902161638637255e-08
gs,3,1591,4.7557056540450806e-08
gs,3,1592,4.7214437150598427e-08
gs,3,1593,4.6874287017508147e-08
gs,3,1594,4.6536586329981341e-08
gs,3,1595,4.6201319342173289e-08
gs,3,1596,4.5868468108948224e-08
gs,3,1597,4.5538013789785089e-08
gs,3,1598,4.5209940790302856e-08
gs,3,1599,4.4884231146396461e-08
gs,3,1600,4.4560868681552497e-08
gs,3,1601,4.4239835049107445e-08
gs,3,1602,4.3921114667615729e-08
gs,3,1603,4.3604690283391177e-08
gs,3,1604,4.3290546174889283e-08
gs,3,1605,4.2978664076553312e-08
gs,3,1606,4.2669029590242623e-08
gs,3,1607,4.2361625886494236e-08
gs,3,1608,4.205643700030433e-08
gs,3,1609,4.1753446119925651e-08
gs,3,1610,4.1452638495318389e-08
gs,3,1611,4.1153998250920023e-08
gs,3,1612,4.0857509320323383e-08
gs,3,1613,4.0563156276926683e-08
gs,3,1614,4.0270923982811444e-08
gs,3,1615,3.9980797057768246e-08
gs,3,1616,3.969276041656312e-08
gs,3,1617,3.9406799064613965e-08
gs,3,1618,3.9122897241523222e-08
gs,3,1619,3.8841041066552034e-08
gs,3,1620,3.8561215576143978e-08
gs,3,1621,3.8283406123701211e-08
gs,3,1622,3.8007597708466985e-08
gs,3,1623,3.7733776918741361e-08
gs,3,1624,3.7461928538368654e-08
gs,3,1625,3.7192038365828473e-08
gs,3,1626,3.692409277146255e-08
gs,3,1627,3.6658077740166961e-08
gs,3,1628,3.6393979244624106e-08
gs,3,1629,3.6131783215673907e-08
gs,3,1630,3.5871476289843647e-08
gs,3,1631,3.5613044556686607e-08
gs,3,1632,3.5356474922487914e-08
gs,3,1633,3.510175320018374e-08
gs,3,1634,3.4848867180023734e-08
gs,3,1635,3.459780274503134e-08
gs,3,1636,3.4348546905575258e-08
gs,3,1637,3.4101086903173619e-08
gs,3,1638,3.3855410075804055e-08
gs,3,1639,3.3611502676443652e-08
gs,3,1640,3.3369353135057487e-08
gs,3,1641,3.3128947326627741e-08
gs,3,1642,3.2890274261687752e-08
gs,3,1643,3.2653320062444762e-08
gs,3,1644,3.2418073101482236e-08
gs,3,1645,3.2184521254529327e-08
gs,3,1646,3.1952651724132278e-08
gs,3,1647,3.1722452668657982e-08
gs,3,1648,3.1493911943133757e-08
gs,3,1649,3.1267018040447945e-08
gs,3,1650,3.104175849008117e-08
gs,3,1651,3.081812199697253e-08
gs,3,1652,3.0596096829134303e-08
gs,3,1653,3.0375670585368913e-08
gs,3,1654,3.0156832953881094e-08
gs,3,1655,2.9939571827457891e-08
gs,3,1656,2.9723875577664276e-08
gs,3,1657,2.9509733667361343e-08
gs,3,1658,2.9297134065331407e-08
gs,3,1659,2.9086066325128962e-08
gs,3,1660,2.8876519541334597e-08
gs,3,1661,2.8668482526812211e-08
gs,3,1662,2.8461943661852383e-08
gs,3,1663,2.8256893082815167e-08
gs,3,1664,2.8053319688235838e-08
gs,3,1665,2.7851212621840428e-08
gs,3,1666,2.765056235485371e-08
gs,3,1667,2.7451357414635022e-08
gs,3,1668,2.725358707411094e-08
gs,3,1669,2.7057242183550339e-08
gs,3,1670,2.6862311811346906e-08
gs,3,1671,2.6668785392219585e-08
gs,3,1672,2.6476653326914425e-08
gs,3,1673,2.6285905294478344e-08
gs,3,1674,2.6096531752153592e-08
gs,3,1675,2.5908522509780219e-08
gs,3,1676,2.5721867946221886e-08
gs,3,1677,2.5536557753304335e-08
gs,3,1678,2.5352582502286135e-08
gs,3,1679,2.51699330335837e-08
gs,3,1680,2.4988599361410252e-08
gs,3,1681,2.4808572016341168e-08
gs,3,1682,2.4629841527631112e-08
gs,3,1683,2.4452398975916436e-08
gs,3,1684,2.4276234776844628e-08
gs,3,1685,2.4101339455238646e-08
gs,3,1686,2.3927704113902528e-08
gs,3,1687,2.3755320239612753e-08
gs,3,1688,2.3584177705094301e-08
gs,3,1689,2.3414268408317288e-08
gs,3,1690,2.324558320403255e-08
gs,3,1691,2.3078112814246568e-08
gs,3,1692,2.2911849696479933e-08
gs,3,1693,2.2746783765600241e-08
gs,3,1694,2.2582907272868297e-08
gs,3,1695,2.2420211531494456e-08
gs,3,1696,2.2258688064409273e-08
gs,3,1697,2.209832826764499e-08
gs,3,1698,2.1939123498752059e-08
gs,3,1699,2.1781065556862636e-08
gs,3,1700,2.1624146595991648e-08
gs,3,1701,2.1468358034940985e-08
gs,3,1702,2.131369158046333e-08
gs,3,1703,2.116013987020852e-08
gs,3,1704,2.1007694737910193e-08
gs,3,1705,2.0856346692452852e-08
gs,3,1706,2.0706089859301619e-08
gs,3,1707,2.0556915075897199e-08
gs,3,1708,2.0408815336017072e-08
gs,3,1709,2.0261782853093147e-08
gs,3,1710,2.0115809157872259e-08
gs,3,1711,1.9970887590800261e-08
gs,3,1712,1.9827009499689176e-08
gs,3,1713,1.9684168280324538e-08
gs,3,1714,1.9542355738995153e-08
gs,3,1715,1.9401565897658532e-08
gs,3,1716,1.9261789388542284e-08
gs,3,1717,1.9123020098237993e-08
gs,3,1718,1.8985250599602673e-08
gs,3,1719,1.8848473407779127e-08
gs,3,1720,1.8712681699397203e-08
gs,3,1721,1.8577868466953597e-08
gs,3,1722,1.8444027083376485e-08
gs,3,1723,1.8311149058916861e-08
gs,3,1724,1.8179228690107888e-08
gs,3,1725,1.8048258546264326e-08
gs,3,1726,1.7918232101733127e-08
gs,3,1727,1.7789142433290354e-08
gs,3,1728,1.7660981949309084e-08
gs,3,1729,1.7533746203513905e-08
gs,3,1730,1.7407426819566847e-08
gs,3,1731,1.7282016597198879e-08
gs,3,1732,1.7157510622765648e-08
gs,3,1733,1.7033901368462261e-08
gs,3,1734,1.6911182648084777e-08
gs,3,1735,1.6789347766810461e-08
gs,3,1736,1.6668391073034727e-08
gs,3,1737,1.6548305955894993e-08
gs,3,1738,1.6429085494051053e-08
gs,3,1739,1.6310724227819018e-08
gs,3,1740,1.6193215884068004e-08
gs,3,1741,1.607655359839686e-08
gs,3,1742,1.5960732095189414e-08
gs,3,1743,1.5845744690193408e-08
gs,3,1744,1.5731586046708737e-08
gs,3,1745,1.5618249673993815e-08
gs,3,1746,1.5505729896220299e-08
gs,3,1747,1.5394020983246938e-08
gs,3,1748,1.5283116433834251e-08
gs,3,1749,1.5173010842442253e-08
gs,3,1750,1.5063699365654513e-08
gs,3,1751,1.4955174289996771e-08
gs,3,1752,1.4847431539789195e-08
gs,3,1753,1.474046514283117e-08
gs,3,1754,1.4634269113885767e-08
gs,3,1755,1.4528838161683434e-08
gs,3,1756,1.4424167083770511e-08
gs,3,1757,1.4320249669365189e-08
gs,3,1758,1.4217081399957222e-08
gs,3,1759,1.4114656721073606e-08
gs,3,1760,1.4012969030171156e-08
gs,3,1761,1.3912014767987305e-08
gs,3,1762,1.3811786771543814e-08
gs,3,1763,1.3712281578286184e-08
gs,3,1764,1.3613492573146231e-08
gs,3,1765,1.3515416529657554e-08
gs,3,1766,1.3418046156842706e-08
gs,3,1767,1.3321377048557204e-08
gs,3,1768,1.3225405194093753e-08
gs,3,1769,1.3130124016895575e-08
gs,3,1770,1.3035530045227795e-08
gs,3,1771,1.2941616840263532e-08
gs,3,1772,1.2848380701946875e-08
gs,3,1773,1.2755815756661213e-08
gs,3,1774,1.2663918603627765e-08
gs,3,1775,1.2572683017324143e-08
gs,3,1776,1.2482103876620568e-08
gs,3,1777,1.239217794953248e-08
gs,3,1778,1.2302900655991853e-08
gs,3,1779,1.2214265709688902e-08
gs,3,1780,1.2126269660591854e-08
gs,3,1781,1.2038907105589767e-08
gs,3,1782,1.1952174302272827e-08
gs,3,1783,1.1866066478934762e-08
gs,3,1784,1.1780578921610599e-08
gs,3,1785,1.1695707389550807e-08
gs,3,1786,1.1611446539299616e-08
gs,3,1787,1.1527793371704991e-08
gs,3,1788,1.1444742714600246e-08
gs,3,1789,1.1362290389025447e-08
gs,3,1790,1.1280432447098497e-08
gs,3,1791,1.1199164235648501e-08
gs,3,1792,1.1118481038034302e-08
gs,3,1793,1.1038379279818859e-08
gs,3,1794,1.095885399955035e-08
gs,3,1795,1.0879902476047436e-08
gs,3,1796,1.0801520066711624e-08
gs,3,1797,1.0723701751041103e-08
gs,3,1798,1.0646443973045832e-08
gs,3,1799,1.0569742847238429e-08
gs,3,1800,1.0493594629334338e-08
gs,3,1801,1.0417994930329806e-08
gs,3,1802,1.0342939499340197e-08
gs,3,1803,1.0268424714978308e-08
gs,3,1804,1.0194447275616379e-08
gs,3,1805,1.0121002707141905e-08
gs,3,1806,1.0048087284493794e-08
gs,3,1807,9.9756967302654736e-09
gs,3,1808,9.9038279930610617e-09
gs,3,1809,9.8324772361593103e-09
gs,3,1810,9.7616405837702577e-09
gs,3,1811,9.6913137303585356e-09
gs,3,1812,9.6214941110767136e-09
gs,3,1813,9.5521773275966944e-09
gs,3,1814,9.4833593745564654e-09
gs,3,1815,9.415037968436266e-09
gs,3,1816,9.347208441243516e-09
gs,3,1817,9.2798673771872274e-09
gs,3,1818,9.2130118715970298e-09
gs,3,1819,9.1466377650058441e-09
gs,3,1820,9.0807420736150652e-09
gs,3,1821,9.0153209551481212e-09
gs,3,1822,8.9503712561063209e-09
gs,3,1823,8.8858892074319618e-09
gs,3,1824,8.8218720980585146e-09
gs,3,1825,8.7583158514845083e-09
gs,3,1826,8.6952176917326038e-09
gs,3,1827,8.6325739511830595e-09
gs,3,1828,8.5703814701681572e-09
gs,3,1829,8.5086374092359915e-09
gs,3,1830,8.4473375371093534e-09
gs,3,1831,8.3864797876850547e-09
gs,3,1832,8.3260605574632055e-09
gs,3,1833,8.2660765806050356e-09
gs,3,1834,8.2065249714617852e-09
gs,3,1835,8.1474019274584565e-09
gs,3,1836,8.0887044040624616e-09
gs,3,1837,8.030430576910995e-09
gs,3,1838,7.972576262269404e-09
gs,3,1839,7.9151386531156589e-09
gs,3,1840,7.8581156851058145e-09
gs,3,1841,7.8015023906052593e-09
gs,3,1842,7.7452973283587686e-09
gs,3,1843,7.6894973941722263e-09
gs,3,1844,7.6340993778864374e-09
gs,3,1845,7.5791003807021527e-09
gs,3,1846,7.5244973561564032e-09
gs,3,1847,7.4702885062205134e-09
gs,3,1848,7.4164696716582478e-09
gs,3,1849,7.3630384171533239e-09
gs,3,1850,7.3099927764971427e-09
gs,3,1851,7.2573284074312042e-09
gs,3,1852,7.20504395889069e-09
gs,3,1853,7.1531358498022698e-09
gs,3,1854,7.1016021665956694e-09
gs,3,1855,7.0504396214547686e-09
gs,3,1856,6.9996454585152438e-09
gs,3,1857,6.9492173418157548e-09
gs,3,1858,6.8991521829979866e-09
gs,3,1859,6.849448399681105e-09
gs,3,1860,6.8001025400659497e-09
gs,3,1861,6.7511119599609888e-09
gs,3,1862,6.7024745438395345e-09
gs,3,1863,6.6541872427847141e-09
gs,3,1864,6.6062478350111649e-09
gs,3,1865,6.5586540686296202e-09
gs,3,1866,6.5114030333000339e-09
gs,3,1867,6.464492407087821e-09
gs,3,1868,6.4179195456910416e-09
gs,3,1869,6.3716823910776399e-09
gs,3,1870,6.3257784600981543e-09
gs,3,1871,6.2802049917366293e-09
gs,3,1872,6.2349601327357958e-09
gs,3,1873,6.1900413792925106e-09
gs,3,1874,6.1454458547840963e-09
gs,3,1875,6.1011716067672089e-09
gs,3,1876,6.0572164385129375e-09
gs,3,1877,6.013578180992984e-09
gs,3,1878,5.9702539334000813e-09
gs,3,1879,5.9272415525898669e-09
gs,3,1880,5.8845399840692484e-09
gs,3,1881,5.8421450622654525e-09
gs,3,1882,5.8000564638802078e-09
gs,3,1883,5.7582704370439258e-09
gs,3,1884,5.7167864093569113e-09
gs,3,1885,5.6756000072586138e-09
gs,3,1886,5.6347108835344688e-09
gs,3,1887,5.5941160980053839e-09
gs,3,1888,5.5538141300073308e-09
gs,3,1889,5.5138021846120745e-09
gs,3,1890,5.4740785273944667e-09
gs,3,1891,5.4346416591580121e-09
gs,3,1892,5.3954881689110724e-09
gs,3,1893,5.3566169415945057e-09
gs,3,1894,5.3180257971682572e-09
gs,3,1895,5.279712420485769e-09
gs,3,1896,5.2416756083343591e-09
gs,3,1897,5.2039127688093875e-09
gs,3,1898,5.1664219186844734e-09
gs,3,1899,5.1292008843639864e-09
gs,3,1900,5.0922482468347974e-09
gs,3,1901,5.0555616252870114e-09
gs,3,1902,5.0191394562486017e-09
gs,3,1903,4.9829801138952133e-09
gs,3,1904,4.9470800582688906e-09
gs,3,1905,4.9114394793453683e-09
gs,3,1906,4.8760559452583805e-09
gs,3,1907,4.840927249697994e-09
gs,3,1908,4.8060514276845679e-09
gs,3,1909,4.7714264976174002e-09
gs,3,1910,4.7370517686872256e-09
gs,3,1911,4.7029237654132539e-09
gs,3,1912,4.6690422664108495e-09
gs,3,1913,4.6354046447270881e-09
gs,3,1914,4.6020093241342981e-09
gs,3,1915,4.5688544457738343e-09
gs,3,1916,4.5359388910691845e-09
gs,3,1917,4.5032605454049515e-09
gs,3,1918,4.4708173193462603e-09
gs,3,1919,4.4386079645238771e-09
gs,3,1920,4.4066303408667058e-09
gs,3,1921,4.3748830905160983e-09
gs,3,1922,4.3433652236799941e-09
gs,3,1923,4.3120734778391989e-09
gs,3,1924,4.2810078645412731e-09
gs,3,1925,4.2501658368704028e-09
gs,3,1926,4.2195459060320995e-09
gs,3,1927,4.1891470498438077e-09
gs,3,1928,4.1589666868577027e-09
gs,3,1929,4.1290038863945537e-09
gs,3,1930,4.0992572068829874e-09
gs,3,1931,4.0697246995006891e-09
gs,3,1932,4.0404045780447555e-09
gs,3,1933,4.0112960465263042e-09
gs,3,1934,3.982397094450493e-09
gs,3,1935,3.9537061034147116e-09
gs,3,1936,3.9252225628673455e-09
gs,3,1937,3.8969437532589207e-09
gs,3,1938,3.868868478868993e-09
gs,3,1939,3.8409960561837606e-09
gs,3,1940,3.8133240637366351e-09
gs,3,1941,3.7858509334959886e-09
gs,3,1942,3.7585764101967164e-09
gs,3,1943,3.7314981972828503e-09
gs,3,1944,3.7046150958938825e-09
gs,3,1945,3.6779260130935828e-09
gs,3,1946,3.6514284967252416e-09
gs,3,1947,3.6251220529288925e-09
gs,3,1948,3.599005606193987e-09
gs,3,1949,3.5730771269567418e-09
gs,3,1950,3.5473349631340035e-09
gs,3,1951,3.5217785524545457e-09
gs,3,1952,3.4964064355645477e-09
gs,3,1953,3.4712170251892563e-09
gs,3,1954,3.446209218026439e-09
gs,3,1955,3.4213813378032306e-09
gs,3,1956,3.3967325781649631e-09
gs,3,1957,3.3722613169952505e-09
gs,3,1958,3.3479659564024792e-09
gs,3,1959,3.3238459787466664e-09
gs,3,1960,3.2998993852701814e-09
gs,3,1961,3.276126018781819e-09
gs,3,1962,3.2525236578959437e-09
gs,3,1963,3.2290910839195651e-09
gs,3,1964,3.2058277270978723e-09
gs,3,1965,3.1827315402986946e-09
gs,3,1966,3.1598019357474109e-09
gs,3,1967,3.1370374492145148e-09
gs,3,1968,3.1144375957935619e-09
gs,3,1969,3.091999628602489e-09
gs,3,1970,3.0697236838195365e-09
gs,3,1971,3.0476082132522757e-09
gs,3,1972,3.0256520461955296e-09
gs,3,1973,3.0038543165013018e-09
gs,3,1974,2.9822134675803413e-09
gs,3,1975,2.9607280237758639e-09
gs,3,1976,2.9393978781845413e-09
gs,3,1977,2.9182215209660345e-09
gs,3,1978,2.8971971232574396e-09
gs,3,1979,2.8763250222992108e-09
gs,3,1980,2.8556023612812437e-09
gs,3,1981,2.8350300714056594e-09
gs,3,1982,2.814605490242462e-09
gs,3,1983,2.7943277784778126e-09
gs,3,1984,2.7741967361582322e-09
gs,3,1985,2.7542099622515236e-09
gs,3,1986,2.7343677267160081e-09
gs,3,1987,2.7146681759072239e-09
gs,3,1988,2.6951111815275078e-09
gs,3,1989,2.6756941506813722e-09
gs,3,1990,2.6564172013239404e-09
gs,3,1991,2.6372796406220314e-09
gs,3,1992,2.6182794288484379e-09
gs,3,1993,2.5994161827385738e-09
gs,3,1994,2.5806894319603625e-09
gs,3,1995,2.5620968750109522e-09
gs,3,1996,2.5436388996332362e-09
gs,3,1997,2.5253132218362621e-09
gs,3,1998,2.5071203680618026e-09
gs,3,1999,2.4890577663318141e-09
pcg-gs,3,0,0.036517077426325713
pcg-gs,3,1,0.20954095087233754
pcg-gs,3,2,0.19461766752292961
pcg-gs,3,3,0.092602749331109416
pcg-gs,3,4,0.05207766825035174
pcg-gs,3,5,0.029678708705588659
pcg-gs,3,6,0.018060614453830889
pcg-gs,3,7,0.012652382145267206
pcg-gs,3,8,0.0068730918338798111
pcg-gs,3,9,0.0055960798733200676
pcg-gs,3,10,0.0041287194350058207
pcg-gs,3,11,0.003014919260859649
pcg-gs,3,12,0.0021109073936027454
pcg-gs,3,13,0.0020681882117831096
pcg-gs,3,14,0.0012711666674467212
pcg-gs,3,15,0.00089357511427398694
pcg-gs,3,16,0.00098374355357179737
pcg-gs,3,17,0.00059248606445101097
pcg-gs,3,18,0.00059288245042781362
pcg-gs,3,19,0.00047195399043852893
pcg-gs,3,20,0.0004866373193515194
pcg-gs,3,21,0.00036723048299854645
pcg-gs,3,22,0.00035963118284176946
pcg-gs,3,23,0.00034749487555605615
pcg-gs,3,24,0.00026623895963689243
pcg-gs,3,25,0.00024148121100670938
pcg-gs,3,26,0.00024898167487120076
pcg-gs,3,27,0.00024981132704886418
pcg-gs,3,28,0.00021135274919363277
pcg-gs,3,29,0.00018739080155557024
pcg-gs,3,30,0.00013694894998415906
pcg-gs,3,31,0.00010665402332498025
pcg-gs,3,32,8.8237815833176774e-05
pcg-gs,3,33,6.8165711706924862e-05
pcg-gs,3,34,5.8491022225470345e-05
pcg-gs,3,35,4.4062007301399624e-05
pcg-gs,3,36,2.9203234296651956e-05
pcg-gs,3,37,2.7533020720784909e-05
pcg-gs,3,38,1.9107778389285125e-05
pcg-gs,3,39,1.4308100968336044e-05
pcg-gs,3,40,1.0041815598327164e-05
pcg-gs,3,41,7.6176024875475788e-06
pcg-gs,3,42,4.2899890079973517e-06
pcg-gs,3,43,3.7533485103834528e-06
pcg-gs,3,44,3.0570153733508867e-06
pcg-gs,3,45,1.7244887628032217e-06
pcg-gs,3,46,8.5985918217580706e-07
pcg-gs,3,47,5.7986990757472546e-07
pcg-gs,3,48,4.9755278870799668e-07
pcg-gs,3,49,2.9911129278691792e-07
pcg-gs,3,50,1.3306268995439632e-07
pcg-gs,3,51,8.9339097684771886e-08
pcg-gs,3,52,4.7216876410435074e-08
pcg-gs,3,53,2.57650664908032e-08
pcg-gs,3,54,1.6301028906831403e-08
pcg-gs,3,55,1.4605891410066199e-08
pcg-gs,3,56,1.039808596852843e-08
pcg-gs,3,57,7.0864639716474965e-09
pcg-gs,3,58,5.3603712851317335e-09
pcg-gs,3,59,3.2497283247968775e-09
pcg-gs,3,60,2.6690810088278402e-09
pcg-gs,3,61,2.5956716712273216e-09
pcg-gs,3,62,1.2159007837438555e-09
pcg-gs,3,63,8.2932362331774356e-10
pcg-gs,3,64,7.8634060262069531e-10
pcg-gs,3,65,4.209245559938983e-10
pcg-gs,3,66,2.9553879956165479e-10
pcg-gs,3,67,1.9688588564253296e-10
pcg-gs,3,68,1.794263865249194e-10
pcg-gs,3,69,1.914862975788846e-10
pcg-gs,3,70,9.1545460799798646e-11
pcg-gs,3,71,4.5476654711423008e-11
pcg-gs,3,72,3.7748998464973766e-11
pcg-gs,3,73,2.9820277590259656e-11
pcg-gs,3,74,1.2036006268671401e-11
pcg-gs,3,75,9.8392978020514518e-12
pcg-gs,3,76,6.4288588097643609e-12
pcg-gs,3,77,2.3162277988647714e-12
pcg-mg-v,3,0,0.036517077426325713
pcg-mg-v,3,1,0.0032525397744774449
pcg-mg-v,3,2,9.271335874643896e-05
pcg-mg-v,3,3,1.0399434329056874e-06
pcg-mg-v,3,4,2.2168072887807807e-08
pcg-mg-v,3,5,4.5009981082431351e-10
pcg-mg-v,3,6,1.0007629283964914e-11
pcg-mg-v,3,7,2.0299098273815158e-13
mg-v,4,0,0.020058049130202409
mg-v,4,1,0.0012022802270695145
mg-v,4,2,7.6887969097446439e-05
mg-v,4,3,5.2103603363803155e-06
mg-v,4,4,3.6762021150721871e-07
mg-v,4,5,2.6621484871166322e-08
mg-v,4,6,1.9611776993771972e-09
mg-v,4,7,1.462446857419537e-10
mg-v,4,8,1.100718971994543e-11
mg-w,4,0,0.0086635024030985181
mg-w,4,1,0.00025132967200211336
mg-w,4,2,1.0997331710286709e-05
mg-w,4,3,5.4579764219405943e-07
mg-w,4,4,2.8722961072189441e-08
mg-w,4,5,1.5679363449706696e-09
mg-w,4,6,8.7817188296748737e-11
gs,4,0,0.28679542407683789
gs,4,1,0.34471797626358336
gs,4,2,0.3453599739743351
gs,4,3,0.34450138093478788
gs,4,4,0.34330725649251276
gs,4,5,0.34198629388673363
gs,4,6,0.3406049732687953
gs,4,7,0.33919169332083271
gs,4,8,0.33776078946359733
gs,4,9,0.33632030921093192
gs,4,10,0.33487511572904266
gs,4,11,0.33342831117841237
gs,4,12,0.33198195758154742
gs,4,13,0.33053747048126408
gs,4,14,0.32909584706063161
gs,4,15,0.32765780479557616
gs,4,16,0.32622386906284395
gs,4,17,0.32479443028796723
gs,4,18,0.3233697822242248
gs,4,19,0.32195014817142215
gs,4,20,0.32053569928095121
gs,4,21,0.31912656755085156
gs,4,22,0.3177228551892976
gs,4,23,0.31632464145291922
gs,4,24,0.31493198770354436
gs,4,25,0.31354494119149373
gs,4,26,0.31216353791781681
gs,4,27,0.3107878048230191
gs,4,28,0.30941776147822098
gs,4,29,0.30805342140513048
gs,4,30,0.30669479311649378
gs,4,31,0.3053418809441123
gs,4,32,0.30399468570399157
gs,4,33,0.30265320523547745
gs,4,34,0.30131743484206785
gs,4,35,0.29998736765485873
gs,4,36,0.29866299493455445
gs,4,37,0.29734430632433556
gs,4,38,0.29603129006305512
gs,4,39,0.29472393316619777
gs,4,40,0.29342222158038384
gs,4,41,0.29212614031606737
gs,4,42,0.29083567356208617
gs,4,43,0.28955080478501416
gs,4,44,0.28827151681574137
gs,4,45,0.28699779192519609
gs,4,46,0.2857296118908329
gs,4,47,0.28446695805521494
gs,4,48,0.28320981137777851
gs,4,49,0.28195815248070938
gs,4,50,0.28071196168970808
gs,4,51,0.27947121907030009
gs,4,52,0.27823590446024304
gs,4,53,0.27700599749852156
gs,4,54,0.27578147765132877
gs,4,55,0.27456232423538945
gs,4,56,0.27334851643893615
gs,4,57,0.27214003334060061
gs,4,58,0.27093685392644656
gs,4,59,0.26973895710536128
gs,4,60,0.26854632172296405
gs,4,61,0.2673589265742069
gs,4,62,0.26617675041478389
gs,4,63,0.26499977197149338
gs,4,64,0.26382796995164265
gs,4,65,0.26266132305159889
gs,4,66,0.26149980996456623
gs,4,67,0.26034340938767192
gs,4,68,0.25919210002842008
gs,4,69,0.25804586061057783
gs,4,70,0.2569046698795458
gs,4,71,0.25576850660726036
gs,4,72,0.25463734959667728
gs,4,73,0.25351117768586195
gs,4,74,0.2523899697517355
gs,4,75,0.25127370471349769
gs,4,76,0.25016236153576182
gs,4,77,0.24905591923142115
gs,4,78,0.24795435686427361
gs,4,79,0.24685765355142422
gs,4,80,0.24576578846548611
gs,4,81,0.24467874083659116
gs,4,82,0.24359648995423711
gs,4,83,0.24251901516896818
gs,4,84,0.24144629589392422
gs,4,85,0.2403783116062419
gs,4,86,0.2393150418483522
gs,4,87,0.23825646622914814
gs,4,88,0.23720256442506379
gs,4,89,0.23615331618104785
gs,4,90,0.23510870131145442
gs,4,91,0.23406869970085123
gs,4,92,0.23303329130475214
gs,4,93,0.2320024561502817
gs,4,94,0.23097617433677187
gs,4,95,0.22995442603630331
gs,4,96,0.22893719149418984
gs,4,97,0.22792445102940936
gs,4,98,0.22691618503499067
gs,4,99,0.22591237397835423
gs,4,100,0.224912998401611
gs,4,101,0.22391803892182574
gs,4,102,0.22292747623124318
gs,4,103,0.22194129109747848
gs,4,104,0.22095946436368158
gs,4,105,0.21998197694867069
gs,4,106,0.21900880984703888
gs,4,107,0.21803994412923408
gs,4,108,0.21707536094162022
gs,4,109,0.21611504150651198
gs,4,110,0.21515896712219018
gs,4,111,0.2142071191629035
gs,4,112,0.21325947907884155
gs,4,113,0.21231602839610361
gs,4,114,0.21137674871664444
gs,4,115,0.21044162171820524
gs,4,116,0.20951062915423316
gs,4,117,0.20858375285379516
gs,4,118,0.20766097472146031
gs,4,119,0.20674227673719625
gs,4,120,0.20582764095623338
gs,4,121,0.20491704950893386
gs,4,122,0.20401048460064439
gs,4,123,0.20310792851154089
gs,4,124,0.20220936359646957
gs,4,125,0.20131477228477437
gs,4,126,0.20042413708012258
gs,4,127,0.19953744056032233
gs,4,128,0.19865466537713081
gs,4,129,0.19777579425606187
gs,4,130,0.19690080999618553
gs,4,131,0.19602969546992197
gs,4,132,0.19516243362283187
gs,4,133,0.19429900747340431
gs,4,134,0.19343940011283406
gs,4,135,0.19258359470480538
gs,4,136,0.19173157448525968
gs,4,137,0.19088332276217279
gs,4,138,0.19003882291532093
gs,4,139,0.18919805839604334
gs,4,140,0.18836101272700842
gs,4,141,0.18752766950197181
gs,4,142,0.18669801238553521
gs,4,143,0.1858720251129016
gs,4,144,0.18504969148962933
gs,4,145,0.18423099539138296
gs,4,146,0.1834159207636861
gs,4,147,0.1826044516216685
gs,4,148,0.18179657204981278
gs,4,149,0.18099226620170392
gs,4,150,0.1801915182997707
gs,4,151,0.17939431263503225
gs,4,152,0.17860063356683989
gs,4,153,0.17781046552262
gs,4,154,0.17702379299761689
gs,4,155,0.17624060055463106
gs,4,156,0.1754608728237626
gs,4,157,0.17468459450214946
gs,4,158,0.17391175035370615
gs,4,159,0.17314232520886597
gs,4,160,0.17237630396431702
gs,4,161,0.17161367158274268
gs,4,162,0.17085441309255966
gs,4,163,0.17009851358765651
gs,4,164,0.16934595822713325
gs,4,165,0.16859673223503632
gs,4,166,0.16785082090010431
gs,4,167,0.16710820957549827
gs,4,168,0.16636888367854652
gs,4,169,0.16563282869048029
gs,4,170,0.16490003015617843
gs,4,171,0.16417047368389859
gs,4,172,0.16344414494502568
gs,4,173,0.16272102967380689
gs,4,174,0.16200111366709433
gs,4,175,0.16128438278408486
gs,4,176,0.16057082294606428
gs,4,177,0.15986042013614749
gs,4,178,0.15915316039902044
gs,4,179,0.1584490298406846
gs,4,180,0.15774801462819893
gs,4,181,0.15705010098942751
gs,4,182,0.15635527521278011
gs,4,183,0.15566352364696007
gs,4,184,0.154974832700709
gs,4,185,0.1542891888425553
gs,4,186,0.15360657860055935
gs,4,187,0.15292698856206244
gs,4,188,0.15225040537343595
gs,4,189,0.15157681573982987
gs,4,190,0.15090620642492264
gs,4,191,0.1502385642506737
gs,4,192,0.14957387609707312
gs,4,193,0.14891212890189473
gs,4,194,0.14825330966044986
gs,4,195,0.14759740542534039
gs,4,196,0.14694440330621245
gs,4,197,0.14629429046951442
gs,4,198,0.14564705413825099
gs,4,199,0.14500268159173987
gs,4,200,0.14436116016537398
gs,4,201,0.14372247725037268
gs,4,202,0.14308662029354843
gs,4,203,0.14245357679706319
gs,4,204,0.14182333431819105
gs,4,205,0.14119588046907766
gs,4,206,0.14057120291650779
gs,4,207,0.13994928938166473
gs,4,208,0.13933012763989794
gs,4,209,0.13871370552048579
gs,4,210,0.1381000109064032
gs,4,211,0.13748903173409044
gs,4,212,0.13688075599321708
gs,4,213,0.1362751717264549
gs,4,214,0.13567226702924534
gs,4,215,0.13507203004957083
gs,4,216,0.13447444898772698
gs,4,217,0.13387951209609311
gs,4,218,0.13328720767890725
gs,4,219,0.13269752409204039
gs,4,220,0.13211044974276881
gs,4,221,0.13152597308955449
gs,4,222,0.1309440826418177
gs,4,223,0.13036476695971666
gs,4,224,0.12978801465392564
gs,4,225,0.12921381438541563
gs,4,226,0.12864215486523176
gs,4,227,0.12807302485427696
gs,4,228,0.12750641316309469
gs,4,229,0.12694230865164777
gs,4,230,0.12638070022910744
gs,4,231,0.12582157685363335
gs,4,232,0.1252649275321637
gs,4,233,0.12471074132019672
gs,4,234,0.12415900732158243
gs,4,235,0.12360971468830903
gs,4,236,0.12306285262028924
gs,4,237,0.12251841036515633
gs,4,238,0.12197637721805019
gs,4,239,0.12143674252140844
gs,4,240,0.12089949566476342
gs,4,241,0.1203646260845308
gs,4,242,0.11983212326380857
gs,4,243,0.11930197673216669
gs,4,244,0.11877417606544728
gs,4,245,0.11824871088555934
gs,4,246,0.11772557086027896
gs,4,247,0.11720474570304319
gs,4,248,0.1166862251727553
gs,4,249,0.11616999907357894
gs,4,250,0.11565605725474454
gs,4,251,0.11514438961034749
gs,4,252,0.11463498607915225
gs,4,253,0.11412783664439698
gs,4,254,0.11362293133359634
gs,4,255,0.11312026021834608
gs,4,256,0.11261981341413264
gs,4,257,0.1121215810801352
gs,4,258,0.11162555341903826
gs,4,259,0.11113172067683504
gs,4,260,0.11064007314264221
gs,4,261,0.11015060114850669
gs,4,262,0.10966329506921722
gs,4,263,0.10917814532211503
gs,4,264,0.1086951423669094
gs,4,265,0.10821427670548933
gs,4,266,0.10773553888173792
gs,4,267,0.10725891948134612
gs,4,268,0.10678440913163018
gs,4,269,0.10631199850134834
gs,4,270,0.10584167830051727
gs,4,271,0.10537343928023088
gs,4,272,0.10490727223247814
gs,4,273,0.10444316798996571
gs,4,274,0.10398111742593354
gs,4,275,0.1035211114539808
gs,4,276,0.10306314102788752
gs,4,277,0.10260719714143304
gs,4,278,0.10215327082822537
gs,4,279,0.10170135316152144
gs,4,280,0.10125143525405493
gs,4,281,0.10080350825785919
gs,4,282,0.10035756336409757
gs,4,283,0.099913591802887336
gs,4,284,0.099471584843130845
gs,4,285,0.099031533792341933
gs,4,286,0.098593429996476953
gs,4,287,0.098157264839765113
gs,4,288,0.097723029744538226
gs,4,289,0.097290716171065356
gs,4,290,0.096860315617383647
gs,4,291,0.096431819619128681
gs,4,292,0.096005219749376355
gs,4,293,0.095580507618468397
gs,4,294,0.095157674873855624
gs,4,295,0.094736713199929434
gs,4,296,0.094317614317859844
gs,4,297,0.093900369985434565
gs,4,298,0.093484971996895733
gs,4,299,0.093071412182778757
gs,4,300,0.092659682409753988
gs,4,301,0.092249774580465724
gs,4,302,0.091841680633373307
gs,4,303,0.091435392542592919
gs,4,304,0.091030902317741483
gs,4,305,0.090628202003779107
gs,4,306,0.090227283680851561
gs,4,307,0.089828139464136966
gs,4,308,0.089430761503690615
gs,4,309,0.08903514198429073
gs,4,310,0.088641273125282943
gs,4,311,0.08824914718043228
gs,4,312,0.087858756437767832
gs,4,313,0.0874700932194305
gs,4,314,0.08708314988152617
gs,4,315,0.086697918813971139
gs,4,316,0.086314392440347262
gs,4,317,0.085932563217750182
gs,4,318,0.085552423636640465
gs,4,319,0.085173966220701072
gs,4,320,0.084797183526683376
gs,4,321,0.084422068144268711
gs,4,322,0.0840486126959165
gs,4,323,0.083676809836724014
gs,4,324,0.083306652254278732
gs,4,325,0.082938132668516878
gs,4,326,0.082571243831581334
gs,4,327,0.082205978527674764
gs,4,328,0.081842329572923644
gs,4,329,0.081480289815234558
gs,4,330,0.081119852134152209
gs,4,331,0.080761009440722356
gs,4,332,0.080403754677351419
gs,4,333,0.080048080817667608
gs,4,334,0.079693980866384545
gs,4,335,0.079341447859160377
gs,4,336,0.078990474862464771
gs,4,337,0.078641054973440455
gs,4,338,0.078293181319769534
gs,4,339,0.077946847059535612
gs,4,340,0.07760204538109329
gs,4,341,0.077258769502930355
gs,4,342,0.076917012673537913
gs,4,343,0.076576768171274623
gs,4,344,0.076238029304238814
gs,4,345,0.075900789410133715
gs,4,346,0.075565041856134593
gs,4,347,0.075230780038766418
gs,4,348,0.074897997383764917
gs,4,349,0.074566687345953814
gs,4,350,0.074236843409113601
gs,4,351,0.07390845908585314
gs,4,352,0.073581527917483791
gs,4,353,0.073256043473891905
gs,4,354,0.072931999353411089
gs,4,355,0.072609389182700421
gs,4,356,0.072288206616612338
gs,4,357,0.071968445338076947
gs,4,358,0.071650099057968583
gs,4,359,0.071333161514989626
gs,4,360,0.071017626475543966
gs,4,361,0.070703487733615178
gs,4,362,0.070390739110643974
gs,4,363,0.070079374455407781
gs,4,364,0.069769387643899991
gs,4,365,0.069460772579208505
gs,4,366,0.069153523191395408
gs,4,367,0.068847633437382566
gs,4,368,0.068543097300824404
gs,4,369,0.068239908791998219
gs,4,370,0.067938061947680164
gs,4,371,0.067637550831031262
gs,4,372,0.067338369531482187
gs,4,373,0.067040512164611377
gs,4,374,0.066743972872035512
gs,4,375,0.066448745821289679
gs,4,376,0.066154825205718248
gs,4,377,0.065862205244354835
gs,4,378,0.065570880181811148
gs,4,379,0.065280844288165038
gs,4,380,0.064992091858847439
gs,4,381,0.064704617214527776
gs,4,382,0.064418414701005539
gs,4,383,0.064133478689098272
gs,4,384,0.06384980357452931
gs,4,385,0.063567383777818856
gs,4,386,0.063286213744175715
gs,4,387,0.063006287943385225
gs,4,388,0.062727600869702096
gs,4,389,0.062450147041743863
gs,4,390,0.062173921002378618
gs,4,391,0.061898917318622994
gs,4,392,0.061625130581531906
gs,4,393,0.061352555406093447
gs,4,394,0.061081186431121613
gs,4,395,0.060811018319153691
gs,4,396,0.060542045756344004
gs,4,397,0.06027426345235698
gs,4,398,0.060007666140268222
gs,4,399,0.059742248576455992
gs,4,400,0.059478005540501415
gs,4,401,0.059214931835085902
gs,4,402,0.058953022285883262
gs,4,403,0.058692271741468516
gs,4,404,0.058432675073207326
gs,4,405,0.058174227175157855
gs,4,406,0.057916922963973397
gs,4,407,0.057660757378798305
gs,4,408,0.057405725381170572
gs,4,409,0.057151821954923562
gs,4,410,0.056899042106085485
gs,4,411,0.056647380862782017
gs,4,412,0.056396833275138343
gs,4,413,0.056147394415183245
gs,4,414,0.055899059376750111
gs,4,415,0.05565182327538163
gs,4,416,0.055405681248233633
gs,4,417,0.055160628453979316
gs,4,418,0.054916660072714188
gs,4,419,0.054673771305861665
gs,4,420,0.054431957376078567
gs,4,421,0.054191213527159429
gs,4,422,0.053951535023946541
gs,4,423,0.053712917152233385
gs,4,424,0.053475355218674525
gs,4,425,0.053238844550691555
gs,4,426,0.05300338049638096
gs,4,427,0.052768958424426173
gs,4,428,0.052535573724002013
gs,4,429,0.052303221804686065
gs,4,430,0.052071898096367954
gs,4,431,0.051841598049161566
gs,4,432,0.05161231713331222
gs,4,433,0.051384050839109775
gs,4,434,0.05115679467679967
gs,4,435,0.050930544176494098
gs,4,436,0.050705294888084382
gs,4,437,0.050481042381152905
gs,4,438,0.050257782244888985
gs,4,439,0.050035510087997108
gs,4,440,0.049814221538613743
gs,4,441,0.049593912244222299
gs,4,442,0.049374577871564747
gs,4,443,0.049156214106557815
gs,4,444,0.048938816654209218
gs,4,445,0.048722381238530496
gs,4,446,0.048506903602456582
gs,4,447,0.04829237950775777
gs,4,448,0.048078804734960609
gs,4,449,0.047866175083261658
gs,4,450,0.047654486370447266
gs,4,451,0.047443734432809533
gs,4,452,0.047233915125064904
gs,4,453,0.04702502432027373
gs,4,454,0.046817057909758319
gs,4,455,0.046610011803021073
gs,4,456,0.046403881927666361
gs,4,457,0.046198664229318544
gs,4,458,0.04599435467154353
gs,4,459,0.045790949235766876
gs,4,460,0.04558844392119879
gs,4,461,0.045386834744752504
gs,4,462,0.045186117740967535
gs,4,463,0.044986288961928925
gs,4,464,0.044787344477193326
gs,4,465,0.044589280373709364
gs,4,466,0.044392092755741908
gs,4,467,0.044195777744793281
gs,4,468,0.044000331479531279
gs,4,469,0.043805750115707295
gs,4,470,0.043612029826087369
gs,4,471,0.043419166800369884
gs,4,472,0.043227157245116624
gs,4,473,0.043035997383675799
gs,4,474,0.042845683456106384
gs,4,475,0.042656211719107329
gs,4,476,0.042467578445940436
gs,4,477,0.042279779926360013
gs,4,478,0.042092812466538836
gs,4,479,0.041906672388992615
gs,4,480,0.041721356032516067
gs,4,481,0.041536859752099448
gs,4,482,0.04135317991886598
gs,4,483,0.041170312919996357
gs,4,484,0.04098825515865779
gs,4,485,0.040807003053936065
gs,4,486,0.040626553040761321
gs,4,487,0.040446901569839384
gs,4,488,0.040268045107584083
gs,4,489,0.040089980136044576
gs,4,490,0.039912703152837417
gs,4,491,0.039736210671078541
gs,4,492,0.039560499219314323
gs,4,493,0.039385565341451684
gs,4,494,0.039211405596691319
gs,4,495,0.039038016559461923
gs,4,496,0.038865394819348309
gs,4,497,0.03869353698102955
gs,4,498,0.03852243966420784
gs,4,499,0.038352099503544734
gs,4,500,0.038182513148592681
gs,4,501,0.038013677263733232
gs,4,502,0.037845588528105642
gs,4,503,0.037678243635546366
gs,4,504,0.037511639294521885
gs,4,505,0.03734577222806422
gs,4,506,0.037180639173707057
gs,4,507,0.037016236883420477
gs,4,508,0.036852562123547615
gs,4,509,0.036689611674742668
gs,4,510,0.036527382331904272
gs,4,511,0.036365870904115513
gs,4,512,0.036205074214579802
gs,4,513,0.036044989100557409
gs,4,514,0.035885612413305769
gs,4,515,0.035726941018015636
gs,4,516,0.035568971793749425
gs,4,517,0.035411701633382094
gs,4,518,0.035255127443536136
gs,4,519,0.035099246144523893
gs,4,520,0.034944054670286488
gs,4,521,0.034789549968332327
gs,4,522,0.034635728999677505
gs,4,523,0.034482588738786998
gs,4,524,0.034330126173515413
gs,4,525,0.034178338305043861
gs,4,526,0.034027222147826629
gs,4,527,0.033876774729528214
gs,4,528,0.033726993090967265
gs,4,529,0.033577874286056526
gs,4,530,0.033429415381747603
gs,4,531,0.03328161345796965
gs,4,532,0.033134465607573785
gs,4,533,0.032987968936278422
gs,4,534,0.032842120562606353
gs,4,535,0.032696917617834567
gs,4,536,0.032552357245933201
gs,4,537,0.032408436603510775
gs,4,538,0.032265152859760636
gs,4,539,0.032122503196400164
gs,4,540,0.031980484807620543
gs,4,541,0.031839094900029043
gs,4,542,0.031698330692592896
gs,4,543,0.031558189416587439
gs,4,544,0.031418668315540237
gs,4,545,0.031279764645176428
gs,4,546,0.031141475673366188
gs,4,547,0.031003798680068161
gs,4,548,0.030866730957280451
gs,4,549,0.030730269808981803
gs,4,550,0.030594412551083833
gs,4,551,0.030459156511375308
gs,4,552,0.030324499029469432
gs,4,553,0.030190437456753462
gs,4,554,0.030056969156334691
gs,4,555,0.029924091502989122
gs,4,556,0.029791801883110775
gs,4,557,0.029660097694659143
gs,4,558,0.029528976347108545
gs,4,559,0.029398435261397071
gs,4,560,0.029268471869875565
gs,4,561,0.029139083616257458
gs,4,562,0.029010267955568231
gs,4,563,0.028882022354095985
gs,4,564,0.028754344289341382
gs,4,565,0.028627231249967272
gs,4,566,0.028500680735748997
gs,4,567,0.028374690257527604
gs,4,568,0.028249257337159554
gs,4,569,0.028124379507465595
gs,4,570,0.028000054312185614
gs,4,571,0.027876279305929719
gs,4,572,0.02775305205412916
gs,4,573,0.027630370132987966
gs,4,574,0.027508231129436744
gs,4,575,0.027386632641085294
gs,4,576,0.027265572276172819
gs,4,577,0.027145047653525121
gs,4,578,0.027025056402501673
gs,4,579,0.026905596162957329
gs,4,580,0.026786664585187487
gs,4,581,0.026668259329887832
gs,4,582,0.026550378068104334
gs,4,583,0.026433018481190416
gs,4,584,0.02631617826076026
gs,4,585,0.026199855108641611
gs,4,586,0.026084046736834825
gs,4,587,0.025968750867463222
gs,4,588,0.025853965232730813
gs,4,589,0.025739687574877719
gs,4,590,0.025625915646135051
gs,4,591,0.025512647208680617
gs,4,592,0.025399880034595562
gs,4,593,0.025287611905819334
gs,4,594,0.025175840614107801
gs,4,595,0.025064563960989304
gs,4,596,0.024953779757720146
gs,4,597,0.024843485825241728
gs,4,598,0.024733679994140004
gs,4,599,0.024624360104600587
gs,4,600,0.024515524006366158
gs,4,601,0.02440716955869536
gs,4,602,0.024299294630320746
gs,4,603,0.024191897099405536
gs,4,604,0.024084974853502632
gs,4,605,0.023978525789514003
gs,4,606,0.023872547813647328
gs,4,607,0.023767038841376251
gs,4,608,0.023661996797399189
gs,4,609,0.023557419615598305
gs,4,610,0.02345330523899905
gs,4,611,0.023349651619728531
gs,4,612,0.023246456718976957
gs,4,613,0.023143718506957706
gs,4,614,0.023041434962865023
gs,4,615,0.022939604074836469
gs,4,616,0.022838223839913137
gs,4,617,0.022737292263998947
gs,4,618,0.022636807361821477
gs,4,619,0.022536767156896648
gs,4,620,0.022437169681482787
gs,4,621,0.022338012976549405
gs,4,622,0.022239295091733773
gs,4,623,0.022141014085304035
gs,4,624,0.022043168024121134
gs,4,625,0.021945754983600265
gs,4,626,0.021848773047675886
gs,4,627,0.021752220308756835
gs,4,628,0.02165609486769831
gs,4,629,0.021560394833756925
gs,4,630,0.021465118324557442
gs,4,631,0.021370263466053991
gs,4,632,0.021275828392494357
gs,4,633,0.021181811246383055
gs,4,634,0.021088210178443027
gs,4,635,0.020995023347582648
gs,4,636,0.020902248920857208
gs,4,637,0.020809885073431657
gs,4,638,0.020717929988548659
gs,4,639,0.020626381857488173
gs,4,640,0.020535238879536441
gs,4,641,0.020444499261947045
gs,4,642,0.020354161219906713
gs,4,643,0.020264222976502114
gs,4,644,0.020174682762680213
gs,4,645,0.020085538817220597
gs,4,646,0.019996789386692939
gs,4,647,0.01990843272542811
gs,4,648,0.019820467095481936
gs,4,649,0.019732890766601577
gs,4,650,0.019645702016189006
gs,4,651,0.019558899129271848
gs,4,652,0.019472480398464973
gs,4,653,0.019386444123939025
gs,4,654,0.019300788613388048
gs,4,655,0.019215512181994417
gs,4,656,0.019130613152394865
gs,4,657,0.019046089854651466
gs,4,658,0.018961940626214938
gs,4,659,0.018878163811892182
gs,4,660,0.018794757763815395
gs,4,661,0.018711720841411088
gs,4,662,0.01862905141136257
gs,4,663,0.018546747847582888
gs,4,664,0.018464808531181185
gs,4,665,0.01838323185042812
gs,4,666,0.018302016200730003
gs,4,667,0.018221159984590871
gs,4,668,0.01814066161158755
gs,4,669,0.018060519498332133
gs,4,670,0.017980732068443191
gs,4,671,0.017901297752517763
gs,4,672,0.017822214988095265
gs,4,673,0.017743482219632178
gs,4,674,0.017665097898466067
gs,4,675,0.017587060482789307
gs,4,676,0.017509368437616638
gs,4,677,0.01743202023475493
gs,4,678,0.01735501435277393
gs,4,679,0.017278349276977079
gs,4,680,0.017202023499370632
gs,4,681,0.01712603551863244
gs,4,682,0.017050383840085462
gs,4,683,0.016975066975667551
gs,4,684,0.016900083443899643
gs,4,685,0.01682543176985998
gs,4,686,0.016751110485153736
gs,4,687,0.016677118127883465
gs,4,688,0.016603453242621389
gs,4,689,0.016530114380379931
gs,4,690,0.016457100098584289
gs,4,691,0.016384408961043425
gs,4,692,0.016312039537920237
gs,4,693,0.016239990405707627
gs,4,694,0.016168260147196016
gs,4,695,0.016096847351446987
gs,4,696,0.016025750613767226
gs,4,697,0.015954968535679945
gs,4,698,0.015884499724893697
gs,4,699,0.015814342795282352
gs,4,700,0.015744496366850932
gs,4,701,0.015674959065712708
gs,4,702,0.015605729524059796
gs,4,703,0.015536806380138334
gs,4,704,0.015468188278218624
gs,4,705,0.015399873868573244
gs,4,706,0.015331861807444573
gs,4,707,0.015264150757023939
gs,4,708,0.015196739385420892
gs,4,709,0.015129626366639701
gs,4,710,0.0150628103805538
gs,4,711,0.014996290112874941
gs,4,712,0.014930064255135152
gs,4,713,0.014864131504653856
gs,4,714,0.014798490564515748
gs,4,715,0.014733140143546363
gs,4,716,0.014668078956282162
gs,4,717,0.01460330572294957
gs,4,718,0.014538819169438754
gs,4,719,0.014474618027277912
gs,4,720,0.014410701033607077
gs,4,721,0.014347066931155767
gs,4,722,0.014283714468219102
gs,4,723,0.014220642398627591
gs,4,724,0.014157849481729105
gs,4,725,0.014095334482359981
gs,4,726,0.01403309617082432
gs,4,727,0.013971133322865443
gs,4,728,0.013909444719646146
gs,4,729,0.013848029147723231
gs,4,730,0.013786885399021551
gs,4,731,0.01372601227081199
gs,4,732,0.013665408565689556
gs,4,733,0.013605073091547102
gs,4,734,0.013545004661551806
gs,4,735,0.013485202094124668
gs,4,736,0.01342566421291398
gs,4,737,0.013366389846774717
gs,4,738,0.013307377829743184
gs,4,739,0.013248627001015754
gs,4,740,0.013190136204927523
gs,4,741,0.013131904290924229
gs,4,742,0.013073930113545533
gs,4,743,0.013016212532399625
gs,4,744,0.012958750412139898
gs,4,745,0.012901542622445823
gs,4,746,0.01284458803799721
gs,4,747,0.012787885538454297
gs,4,748,0.012731434008434593
gs,4,749,0.012675232337492199
gs,4,750,0.012619279420095107
gs,4,751,0.012563574155602995
gs,4,752,0.012508115448245727
gs,4,753,0.012452902207102788
gs,4,754,0.012397933346082373
gs,4,755,0.012343207783895069
gs,4,756,0.012288724444041312
gs,4,757,0.012234482254781815
gs,4,758,0.012180480149120957
gs,4,759,0.012126717064785013
gs,4,760,0.012073191944200999
gs,4,761,0.012019903734475297
gs,4,762,0.011966851387373979
gs,4,763,0.011914033859302524
gs,4,764,0.011861450111283138
gs,4,765,0.011809099108936266
gs,4,766,0.011756979822460338
gs,4,767,0.011705091226609021
gs,4,768,0.011653432300674922
gs,4,769,0.011602002028467196
gs,4,770,0.011550799398290226
gs,4,771,0.011499823402927557
gs,4,772,0.011449073039617149
gs,4,773,0.011398547310036885
gs,4,774,0.011348245220282011
gs,4,775,0.011298165780844277
gs,4,776,0.011248308006596616
gs,4,777,0.011198670916768551
gs,4,778,0.011149253534931706
gs,4,779,0.011100054888978488
gs,4,780,0.011051074011103041
gs,4,781,0.01100230993777998
gs,4,782,0.010953761709751261
gs,4,783,0.010905428372000599
gs,4,784,0.010857308973740798
gs,4,785,0.010809402568388754
gs,4,786,0.010761708213552917
gs,4,787,0.010714224971010598
gs,4,788,0.010666951906690937
gs,4,789,0.010619888090657137
gs,4,790,0.010573032597087096
gs,4,791,0.010526384504255609
gs,4,792,0.010479942894516193
gs,4,793,0.010433706854283947
gs,4,794,0.010387675474014514
gs,4,795,0.01034184784819199
gs,4,796,0.010296223075303795
gs,4,797,0.01025080025782845
gs,4,798,0.010205578502217533
gs,4,799,0.010160556918873218
gs,4,800,0.010115734622138139
gs,4,801,0.010071110730271022
gs,4,802,0.010026684365433807
gs,4,803,0.0099824546536734487
gs,4,804,0.0099384207249034046
gs,4,805,0.0098945817128881126
gs,4,806,0.0098509367552233572
gs,4,807,0.0098074849933240393
gs,4,808,0.0097642255724032477
gs,4,809,0.0097211576414554246
gs,4,810,0.0096782803532423113
gs,4,811,0.0096355928642746433
gs,4,812,0.0095930943347941246
gs,4,813,0.0095507839287604507
gs,4,814,0.0095086608138328366
gs,4,815,0.0094667241613525365
gs,4,816,0.0094249731463283432
gs,4,817,0.0093834069474193291
gs,4,818,0.0093420247469204673
gs,4,819,0.0093008257307433343
gs,4,820,0.00925980908840323
gs,4,821,0.0092189740130013478
gs,4,822,0.0091783197012093899
gs,4,823,0.0091378453532551512
gs,4,824,0.0090975501729034028
gs,4,825,0.009057433367444535
gs,4,826,0.0090174941476752462
gs,4,827,0.0089777317278852652
gs,4,828,0.0089381453258409859
gs,4,829,0.0088987341627704795
gs,4,830,0.0088594974633466397
gs,4,831,0.0088204344556765072
gs,4,832,0.0087815443712795579
gs,4,833,0.0087428264450761933
gs,4,834,0.0087042799153747297
gs,4,835,0.0086659040238513379
gs,4,836,0.0086276980155407679
gs,4,837,0.008589661138815612
gs,4,838,0.0085517926453762879
gs,4,839,0.0085140917902333819
gs,4,840,0.0084765578316958398
gs,4,841,0.0084391900313527911
gs,4,842,0.008401987654061159
gs,4,843,0.0083649499679336308
gs,4,844,0.0083280762443169315
gs,4,845,0.0082913657577859366
gs,4,846,0.0082548177861248538
gs,4,847,0.008218431610312122
gs,4,848,0.0081822065145096823
gs,4,849,0.008146141786046562
gs,4,850,0.0081102367154038055
gs,4,851,0.0080744905962061124
gs,4,852,0.0080389027251993716
gs,4,853,0.0080034724022453076
gs,4,854,0.0079681989303002718
gs,4,855,0.0079330816154081357
gs,4,856,0.0078981197666825199
gs,4,857,0.0078633126962925886
gs,4,858,0.0078286597194547579
gs,4,859,0.0077941601544118076
gs,4,860,0.0077598133224256304
gs,4,861,0.0077256185477619106
gs,4,862,0.007691575157674547
gs,4,863,0.0076576824823958159
gs,4,864,0.0076239398551219521
gs,4,865,0.007590346611999167
gs,4,866,0.0075569020921116758
gs,4,867,0.007523605637467453
gs,4,868,0.0074904565929876602
gs,4,869,0.0074574543064900101
gs,4,870,0.0074245981286797068
gs,4,871,0.0073918874131358855
gs,4,872,0.0073593215162964963
gs,4,873,0.0073268997974476249
gs,4,874,0.0072946216187112708
gs,4,875,0.0072624863450308792
gs,4,876,0.0072304933441616681
gs,4,877,0.0071986419866552701
gs,4,878,0.0071669316458491429
gs,4,879,0.0071353616978526522
gs,4,880,0.0071039315215391668
gs,4,881,0.007072640498526169
gs,4,882,0.0070414880131700651
gs,4,883,0.0070104734525526843
gs,4,884,0.0069795962064638801
gs,4,885,0.0069488556673985265
gs,4,886,0.006918251230535629
gs,4,887,0.0068877822937339636
gs,4,888,0.0068574482575141319
gs,4,889,0.0068272485250510306
gs,4,890,0.0067971825021599964
gs,4,891,0.0067672495972841314
gs,4,892,0.006737449221487583
gs,4,893,0.006707780788439058
gs,4,894,0.0066782437143986934
gs,4,895,0.006648837418214381
gs,4,896,0.0066195613213036516
gs,4,897,0.0065904148476435311
gs,4,898,0.0065613974237604903
gs,4,899,0.0065325084787192381
gs,4,900,0.0065037474441104427
gs,4,901,0.0064751137540393269
gs,4,902,0.0064466068451157202
gs,4,903,0.0064182261564435204
gs,4,904,0.0063899711296061769
gs,4,905,0.006361841208660771
gs,4,906,0.0063338358401220226
gs,4,907,0.0063059544729558619
gs,4,908,0.0062781965585654411
gs,4,909,0.0062505615507809807
gs,4,910,0.0062230489058506516
gs,4,911,0.0061956580824279964
gs,4,912,0.0061683885415622546
gs,4,913,0.00614123974668742
gs,4,914,0.0061142111636121052
gs,4,915,0.0060873022605073971
gs,4,916,0.0060605125078996352
gs,4,917,0.0060338413786560552
gs,4,918,0.0060072883479785457
gs,4,919,0.0059808528933893773
gs,4,920,0.0059545344947244351
gs,4,921,0.0059283326341189992
gs,4,922,0.0059022467960019214
gs,4,923,0.0058762764670827914
gs,4,924,0.0058504211363422862
gs,4,925,0.0058246802950224254
gs,4,926,0.005799053436616677
gs,4,927,0.0057735400568584162
gs,4,928,0.0057481396537152332
gs,4,929,0.0057228517273737985
gs,4,930,0.0056976757802323693
gs,4,931,0.0056726113168916112
gs,4,932,0.0056476578441451821
gs,4,933,0.0056228148709680185
gs,4,934,0.0055980819085078275
gs,4,935,0.0055734584700767604
gs,4,936,0.0055489440711377468
gs,4,937,0.0055245382293016218
gs,4,938,0.0055002404643094884
gs,4,939,0.005476050298030612
gs,4,940,0.0054519672544486022
gs,4,941,0.0054279908596547698
gs,4,942,0.0054041206418346741
gs,4,943,0.0053803561312656557
gs,4,944,0.0053566968602985852
gs,4,945,0.0053331423633578671
gs,4,946,0.005309692176925695
gs,4,947,0.0052863458395359933
gs,4,948,0.005263102891765457
gs,4,949,0.0052399628762209299
gs,4,950,0.0052169253375357778
gs,4,951,0.0051939898223586278
gs,4,952,0.0051711558793412901
gs,4,953,0.0051484230591359401
gs,4,954,0.0051257909143796179
gs,4,955,0.0051032589996924402
gs,4,956,0.0050808268716624793
gs,4,957,0.0050584940888416903
gs,4,958,0.0050362602117342966
gs,4,959,0.0050141248027894313
gs,4,960,0.0049920874263920997
gs,4,961,0.0049701476488556735
gs,4,962,0.0049483050384119178
gs,4,963,0.0049265591652026776
gs,4,964,0.0049049096012724041
gs,4,965,0.0048833559205590862
gs,4,966,0.0048618976988854222
gs,4,967,0.0048405345139526171
gs,4,968,0.0048192659453283205
gs,4,969,0.0047980915744416834
gs,4,970,0.004777010984573624
gs,4,971,0.0047560237608499046
gs,4,972,0.0047351294902295057
gs,4,973,0.0047143277615021642
gs,4,974,0.0046936181652756049
gs,4,975,0.0046730002939686446
gs,4,976,0.0046524737418038708
gs,4,977,0.0046320381047984588
gs,4,978,0.0046116929807601481
gs,4,979,0.0045914379692722765
gs,4,980,0.0045712726716932448
gs,4,981,0.0045511966911428265
gs,4,982,0.0045312096324990293
gs,4,983,0.0045113111023855996
gs,4,984,0.0044915007091700879
gs,4,985,0.0044717780629507514
gs,4,986,0.0044521427755501329
gs,4,987,0.0044325944605109824
gs,4,988,0.0044131327330847459
gs,4,989,0.004393757210224631
gs,4,990,0.0043744675105791319
gs,4,991,0.0043552632544851116
gs,4,992,0.0043361440639583847
gs,4,993,0.0043171095626866477
gs,4,994,0.0042981593760230696
gs,4,995,0.0042792931309801226
gs,4,996,0.0042605104562176283
gs,4,997,0.004241810982042073
gs,4,998,0.0042231943403914811
gs,4,999,0.0042046601648359919
gs,4,1000,0.0041862080905662692
gs,4,1001,0.004167837754385461
gs,4,1002,0.0041495487947048109
gs,4,1003,0.0041313408515359527
gs,4,1004,0.0041132135664837949
gs,4,1005,0.0040951665827351109
gs,4,1006,0.004077199545061477
gs,4,1007,0.0040593120998020779
gs,4,1008,0.0040415038948607845
gs,4,1009,0.0040237745797025489
gs,4,1010,0.0040061238053395228
gs,4,1011,0.0039885512243303754
gs,4,1012,0.0039710564907713582
gs,4,1013,0.003953639260287029
gs,4,1014,0.0039362991900265525
gs,4,1015,0.0039190359386564811
gs,4,1016,0.0039018491663549053
gs,4,1017,0.0038847385348005211
gs,4,1018,0.0038677037071710588
gs,4,1019,0.0038507443481338747
gs,4,1020,0.0038338601238397697
gs,4,1021,0.0038170507019171952
gs,4,1022,0.003800315751464875
gs,4,1023,0.0037836549430450626
gs,4,1024,0.0037670679486801685
gs,4,1025,0.0037505544418395972
gs,4,1026,0.0037341140974405133
gs,4,1027,0.0037177465918371622
gs,4,1028,0.0037014516028166414
gs,4,1029,0.0036852288095912305
gs,4,1030,0.0036690778927918931
gs,4,1031,0.003652998534463246
gs,4,1032,0.0036369904180571853
gs,4,1033,0.0036210532284238475
gs,4,1034,0.0036051866518114952
gs,4,1035,0.003589390375854342
gs,4,1036,0.0035736640895675776
gs,4,1037,0.0035580074833438022
gs,4,1038,0.0035424202489459412
gs,4,1039,0.0035269020794983
gs,4,1040,0.003511452669485961
gs,4,1041,0.0034960717147448812
gs,4,1042,0.0034807589124534544
gs,4,1043,0.0034655139611349012
gs,4,1044,0.0034503365606435594
gs,4,1045,0.0034352264121610618
gs,4,1046,0.0034201832181933937
gs,4,1047,0.0034052066825591273
gs,4,1048,0.0033902965103928813
gs,4,1049,0.003375452408128071
gs,4,1050,0.0033606740834997133
gs,4,1051,0.0033459612455368996
gs,4,1052,0.0033313136045531612
gs,4,1053,0.0033167308721458238
gs,4,1054,0.0033022127611879171
gs,4,1055,0.0032877589858222758
gs,4,1056,0.0032733692614566445
gs,4,1057,0.0032590433047573397
gs,4,1058,0.0032447808336450528
gs,4,1059,0.0032305815672889122
gs,4,1060,0.003216445226097792
gs,4,1061,0.0032023715317211531
gs,4,1062,0.0031883602070376781
gs,4,1063,0.0031744109761528624
gs,4,1064,0.0031605235643916911
gs,4,1065,0.0031466976982953338
gs,4,1066,0.0031329331056161491
gs,4,1067,0.0031192295153074276
gs,4,1068,0.0031055866575252517
gs,4,1069,0.0030920042636169293
gs,4,1070,0.0030784820661195083
gs,4,1071,0.0030650197987537537
gs,4,1072,0.0030516171964167079
gs,4,1073,0.0030382739951800861
gs,4,1074,0.0030249899322821075
gs,4,1075,0.0030117647461243738
gs,4,1076,0.0029985981762649968
gs,4,1077,0.0029854899634143119
gs,4,1078,0.0029724398494305137
gs,4,1079,0.0029594475773133387
gs,4,1080,0.0029465128911984801
gs,4,1081,0.0029336355363557892
gs,4,1082,0.0029208152591797517
gs,4,1083,0.0029080518071884108
gs,4,1084,0.0028953449290166572
gs,4,1085,0.0028826943744100224
gs,4,1086,0.0028700998942231687
gs,4,1087,0.0028575612404102176
gs,4,1088,0.0028450781660270918
gs,4,1089,0.0028326504252153381
gs,4,1090,0.0028202777732113421
gs,4,1091,0.0028079599663298396
gs,4,1092,0.0027956967619648283
gs,4,1093,0.0027834879185841838
gs,4,1094,0.0027713331957234097
gs,4,1095,0.0027592323539814929
gs,4,1096,0.0027471851550170457
gs,4,1097,0.0027351913615437872
gs,4,1098,0.002723250737323552
gs,4,1099,0.0027113630471645796
gs,4,1100,0.0026995280569148401
gs,4,1101,0.0026877455334580122
gs,4,1102,0.0026760152447089978
gs,4,1103,0.0026643369596110397
gs,4,1104,0.0026527104481268403
gs,4,1105,0.0026411354812384607
gs,4,1106,0.0026296118309402376
gs,4,1107,0.0026181392702357702
gs,4,1108,0.0026067175731321304
gs,4,1109,0.0025953465146369013
gs,4,1110,0.0025840258707527605
gs,4,1111,0.0025727554184720109
gs,4,1112,0.0025615349357748451
gs,4,1113,0.0025503642016237154
gs,4,1114,0.0025392429959573966
gs,4,1115,0.0025281710996889572
gs,4,1116,0.0025171482947012077
gs,4,1117,0.0025061743638406402
gs,4,1118,0.0024952490909162586
gs,4,1119,0.0024843722606899808
gs,4,1120,0.0024735436588792323
gs,4,1121,0.0024627630721467618
gs,4,1122,0.0024520302881017313
gs,4,1123,0.0024413450952897211
gs,4,1124,0.0024307072831938623
gs,4,1125,0.0024201166422262751
gs,4,1126,0.0024095729637304535
gs,4,1127,0.0023990760399677656
gs,4,1128,0.0023886256641210183
gs,4,1129,0.002378221630287804
gs,4,1130,0.0023678637334757467
gs,4,1131,0.0023575517695999144
gs,4,1132,0.0023472855354772244
gs,4,1133,0.002337064828824648
gs,4,1134,0.0023268894482542032
gs,4,1135,0.002316759193265201
gs,4,1136,0.0023066738642464083
gs,4,1137,0.0022966332624712454
gs,4,1138,0.0022866371900889661
gs,4,1139,0.0022766854501246607
gs,4,1140,0.0022667778464753761
gs,4,1141,0.0022569141839052171
gs,4,1142,0.0022470942680424977
gs,4,1143,0.0022373179053737356
gs,4,1144,0.0022275849032438004
gs,4,1145,0.0022178950698456589
gs,4,1146,0.0022082482142242281
gs,4,1147,0.0021986441462685403
gs,4,1148,0.002189082676706412
gs,4,1149,0.0021795636171050739
gs,4,1150,0.0021700867798635703
gs,4,1151,0.0021606519782115885
gs,4,1152,0.0021512590262045832
gs,4,1153,0.0021419077387207831
gs,4,1154,0.0021325979314558638
gs,4,1155,0.0021233294209221146
gs,4,1156,0.0021141020244423198
gs,4,1157,0.0021049155601484864
gs,4,1158,0.0020957698469757174
gs,4,1159,0.002086664704659992
gs,4,1160,0.0020775999537345369
gs,4,1161,0.0020685754155277806
gs,4,1162,0.0020595909121563266
gs,4,1163,0.0020506462665239441
gs,4,1164,0.0020417413023183588
gs,4,1165,0.0020328758440067542
gs,4,1166,0.0020240497168317823
gs,4,1167,0.0020152627468106991
gs,4,1168,0.0020065147607279377
gs,4,1169,0.0019978055861361865
gs,4,1170,0.0019891350513490456
gs,4,1171,0.001980502985439453
gs,4,1172,0.0019719092182384139
gs,4,1173,0.0019633535803272564
gs,4,1174,0.0019548359030359961
gs,4,1175,0.001946356018442555
gs,4,1176,0.0019379137593666278
gs,4,1177,0.0019295089593666351
gs,4,1178,0.0019211414527387956
gs,4,1179,0.0019128110745087114
gs,4,1180,0.0019045176604354306
gs,4,1181,0.0018962610470010942
gs,4,1182,0.0018880410714140073
gs,4,1183,0.0018798575715995214
gs,4,1184,0.001871710386199375
gs,4,1185,0.0018635993545728497
gs,4,1186,0.0018555243167852691
gs,4,1187,0.0018474851136115146
gs,4,1188,0.0018394815865292759
gs,4,1189,0.0018315135777179834
gs,4,1190,0.0018235809300546286
gs,4,1191,0.0018156834871113153
gs,4,1192,0.001807821093151229
gs,4,1193,0.0017999935931263967
gs,4,1194,0.0017922008326753281
gs,4,1195,0.0017844426581169334
gs,4,1196,0.0017767189164513313
gs,4,1197,0.0017690294553549483
gs,4,1198,0.0017613741231771092
gs,4,1199,0.0017537527689393362
gs,4,1200,0.0017461652423274043
gs,4,1201,0.0017386113936942505
gs,4,1202,0.0017310910740550426
gs,4,1203,0.0017236041350812857
gs,4,1204,0.0017161504291012411
gs,4,1205,0.0017087298090971844
gs,4,1206,0.0017013421287002724
gs,4,1207,0.0016939872421881006
gs,4,1208,0.0016866650044843876
gs,4,1209,0.0016793752711537215
gs,4,1210,0.001672117898397524
gs,4,1211,0.0016648927430541159
gs,4,1212,0.0016576996625971873
gs,4,1213,0.0016505385151259612
gs,4,1214,0.0016434091593694837
gs,4,1215,0.0016363114546813643
gs,4,1216,0.0016292452610374409
gs,4,1217,0.0016222104390303648
gs,4,1218,0.0016152068498713049
gs,4,1219,0.0016082343553843494
gs,4,1220,0.0016012928180040651
gs,4,1221,0.0015943821007736027
gs,4,1222,0.0015875020673405552
gs,4,1223,0.0015806525819566401
gs,4,1224,0.001573833509473412
gs,4,1225,0.0015670447153373114
gs,4,1226,0.0015602860655941162
gs,4,1227,0.0015535574268790043
gs,4,1228,0.0015468586664148778
gs,4,1229,0.0015401896520155409
gs,4,1230,0.0015335502520758913
gs,4,1231,0.0015269403355750229
gs,4,1232,0.0015203597720686562
gs,4,1233,0.001513808431692299
gs,4,1234,0.001507286185151417
gs,4,1235,0.00150079290372601
gs,4,1236,0.0014943284592640006
gs,4,1237,0.0014878927241793801
gs,4,1238,0.0014814855714504968
gs,4,1239,0.0014751068746185769
gs,4,1240,0.0014687565077801527
gs,4,1241,0.001462434345591248
gs,4,1242,0.0014561402632611911
gs,4,1243,0.0014498741365495716
gs,4,1244,0.001443635841767468
gs,4,1245,0.0014374252557694314
gs,4,1246,0.001431242255957213
gs,4,1247,0.0014250867202733348
gs,4,1248,0.0014189585271984656
gs,4,1249,0.001412857555751908
gs,4,1250,0.0014067836854878566
gs,4,1251,0.0014007367964895682
gs,4,1252,0.0013947167693753653
gs,4,1253,0.0013887234852872155
gs,4,1254,0.0013827568258934714
gs,4,1255,0.0013768166733855495
gs,4,1256,0.0013709029104752492
gs,4,1257,0.0013650154203917817
gs,4,1258,0.0013591540868826588
gs,4,1259,0.0013533187942066749
gs,4,1260,0.001347509427135517
gs,4,1261,0.0013417258709494549
gs,4,1262,0.0013359680114359992
gs,4,1263,0.0013302357348862347
gs,4,1264,0.0013245289280944051
gs,4,1265,0.0013188474783559555
gs,4,1266,0.0013131912734634654
gs,4,1267,0.0013075602017028338
gs,4,1268,0.001301954151858718
gs,4,1269,0.0012963730132014544
gs,4,1270,0.0012908166754956154
gs,4,1271,0.0012852850289893701
gs,4,1272,0.0012797779644169575
gs,4,1273,0.0012742953729947264
gs,4,1274,0.0012688371464215705
gs,4,1275,0.0012634031768726964
gs,4,1276,0.0012579933569995274
gs,4,1277,0.0012526075799302999
gs,4,1278,0.0012472457392616065
gs,4,1279,0.0012419077290625768
gs,4,1280,0.0012365934438707149
gs,4,1281,0.001231302778686333
gs,4,1282,0.0012260356289777322
gs,4,1283,0.0012207918906721195
gs,4,1284,0.0012155714601568448
gs,4,1285,0.0012103742342760848
gs,4,1286,0.0012052001103324118
gs,4,1287,0.0012000489860795412
gs,4,1288,0.0011949207597233378
gs,4,1289,0.001189815329919672
gs,4,1290,0.0011847325957710434
gs,4,1291,0.0011796724568273094
gs,4,1292,0.0011746348130808886
gs,4,1293,0.0011696195649646397
gs,4,1294,0.0011646266133543209
gs,4,1295,0.0011596558595599567
gs,4,1296,0.0011547072053294716
gs,4,1297,0.0011497805528439401
gs,4,1298,0.0011448758047172564
gs,4,1299,0.0011399928639919592
gs,4,1300,0.0011351316341396628
gs,4,1301,0.0011302920190587938
gs,4,1302,0.0011254739230698572
gs,4,1303,0.0011206772509187255
gs,4,1304,0.0011159019077702659
gs,4,1305,0.0011111477992080414
gs,4,1306,0.00110641483123249
gs,4,1307,0.0011017029102595103
gs,4,1308,0.0010970119431185157
gs,4,1309,0.0010923418370492809
gs,4,1310,0.0010876924997009318
gs,4,1311,0.0010830638391322576
gs,4,1312,0.0010784557638065964
gs,4,1313,0.001073868182589751
gs,4,1314,0.0010693010047530642
gs,4,1315,0.0010647541399658568
gs,4,1316,0.0010602274982993425
gs,4,1317,0.001055720990215764
gs,4,1318,0.0010512345265796998
gs,4,1319,0.0010467680186450527
gs,4,1320,0.0010423213780568377
gs,4,1321,0.0010378945168537214
gs,4,1322,0.0010334873474584737
gs,4,1323,0.0010290997826834342
gs,4,1324,0.0010247317357234644
gs,4,1325,0.0010203831201593563
gs,4,1326,0.0010160538499494121
gs,4,1327,0.0010117438394366195
gs,4,1328,0.0010074530033367642
gs,4,1329,0.0010031812567456342
gs,4,1330,0.00099892851513222946
gs,4,1331,0.00099469469433944484
gs,4,1332,0.00099047971057979298
gs,4,1333,0.00098628348043811541
gs,4,1334,0.00098210592086493209
gs,4,1335,0.00097794694917819258
gs,4,1336,0.00097380648306114005
gs,4,1337,0.00096968444055978652
gs,4,1338,0.00096558074007994563
gs,4,1339,0.00096149530039159
gs,4,1340,0.00095742804061904586
gs,4,1341,0.00095337888024542403
gs,4,1342,0.00094934773910906097
gs,4,1343,0.00094533453740114272
gs,4,1344,0.00094133919566548915
gs,4,1345,0.000937361634795794
gs,4,1346,0.0009334017760350531
gs,4,1347,0.00092945954097443961
gs,4,1348,0.00092553485154892783
gs,4,1349,0.000921627630041363
gs,4,1350,0.00091773779907269816
gs,4,1351,0.00091386528160914185
gs,4,1352,0.00091001000095521263
gs,4,1353,0.00090617188075319086
gs,4,1354,0.00090235084498213722
gs,4,1355,0.00089854681795733442
gs,4,1356,0.00089475972432782717
gs,4,1357,0.00089098948907283607
gs,4,1358,0.00088723603750597371
gs,4,1359,0.00088349929526535258
gs,4,1360,0.00087977918832329394
gs,4,1361,0.00087607564297255078
gs,4,1362,0.00087238858583390275
gs,4,1363,0.00086871794385083676
gs,4,1364,0.00086506364428950164
gs,4,1365,0.0008614256147369087
gs,4,1366,0.0008578037830983046
gs,4,1367,0.00085419807759671835
gs,4,1368,0.0008506084267730289
gs,4,1369,0.00084703475948194064
gs,4,1370,0.0008434770048920074
gs,4,1371,0.0008399350924841192
gs,4,1372,0.00083640895204947644
gs,4,1373,0.00083289851368959931
gs,4,1374,0.00082940370781318408
gs,4,1375,0.00082592446513766939
gs,4,1376,0.00082246071668236266
gs,4,1377,0.00081901239377351394
gs,4,1378,0.0008155794280380581
gs,4,1379,0.00081216175140703137
gs,4,1380,0.0008087592961080704
gs,4,1381,0.0008053719946694136
gs,4,1382,0.00080199977991552698
gs,4,1383,0.00079864258496834841
gs,4,1384,0.00079530034324309799
gs,4,1385,0.0007919729884493708
gs,4,1386,0.00078866045458712473
gs,4,1387,0.00078536267594912789
gs,4,1388,0.00078207958711708052
gs,4,1389,0.00077881112296011791
gs,4,1390,0.00077555721863475154
gs,4,1391,0.00077231780958222213
gs,4,1392,0.00076909283153013932
gs,4,1393,0.00076588222048748055
gs,4,1394,0.00076268591274653431
gs,4,1395,0.00075950384487750609
gs,4,1396,0.00075633595373266762
gs,4,1397,0.00075318217644199266
gs,4,1398,0.00075004245041055491
gs,4,1399,0.00074691671332135937
gs,4,1400,0.00074380490313019165
gs,4,1401,0.00074070695806602717
gs,4,1402,0.00073762281663164811
gs,4,1403,0.00073455241759785665
gs,4,1404,0.00073149570000782739
gs,4,1405,0.00072845260317113141
gs,4,1406,0.00072542306666468451
gs,4,1407,0.00072240703033310202
gs,4,1408,0.00071940443428355789
gs,4,1409,0.00071641521888706915
gs,4,1410,0.00071343932478065068
gs,4,1411,0.00071047669285681839
gs,4,1412,0.00070752726427319621
gs,4,1413,0.00070459098044351723
gs,4,1414,0.00070166778304083747
gs,4,1415,0.00069875761399451532
gs,4,1416,0.00069586041548868954
gs,4,1417,0.00069297612996253681
gs,4,1418,0.00069010470010882733
gs,4,1419,0.00068724606887250825
gs,4,1420,0.00068440017944804415
gs,4,1421,0.0006815669752818493
gs,4,1422,0.00067874640006861
gs,4,1423,0.00067593839774894072
gs,4,1424,0.00067314291251261088
gs,4,1425,0.00067035988879355496
gs,4,1426,0.00066758927126967015
gs,4,1427,0.00066483100486424871
gs,4,1428,0.00066208503474021393
gs,4,1429,0.00065935130630340774
gs,4,1430,0.00065662976519875271
gs,4,1431,0.00065392035731124505
gs,4,1432,0.00065122302876253265
gs,4,1433,0.00064853772591279832
gs,4,1434,0.00064586439535719306
gs,4,1435,0.00064320298392407302
gs,4,1436,0.00064055343867895067
gs,4,1437,0.00063791570691739557
gs,4,1438,0.0006352897361687485
gs,4,1439,0.00063267547419030928
gs,4,1440,0.0006300728689715479
gs,4,1441,0.00062748186872993569
gs,4,1442,0.00062490242190846302
gs,4,1443,0.00062233447718028606
gs,4,1444,0.00061977798344048601
gs,4,1445,0.00061723288981202008
gs,4,1446,0.00061469914563976047
gs,4,1447,0.0006121767004900931
gs,4,1448,0.00060966550415427845
gs,4,1449,0.00060716550664043588
gs,4,1450,0.00060467665817867872
gs,4,1451,0.00060219890921679384
gs,4,1452,0.00059973221042109056
gs,4,1453,0.0005972765126742224
gs,4,1454,0.00059483176707391858
gs,4,1455,0.00059239792493431017
gs,4,1456,0.00058997493778157695
gs,4,1457,0.00058756275735552727
gs,4,1458,0.00058516133560816154
gs,4,1459,0.00058277062470211689
gs,4,1460,0.00058039057701107094
gs,4,1461,0.00057802114511616807
gs,4,1462,0.00057566228180768093
gs,4,1463,0.00057331394008364807
gs,4,1464,0.00057097607314787703
gs,4,1465,0.0005686486344097482
gs,4,1466,0.00056633157748229722
gs,4,1467,0.00056402485618345605
gs,4,1468,0.00056172842453434068
gs,4,1469,0.00055944223675486425
gs,4,1470,0.00055716624727047059
gs,4,1471,0.00055490041070237748
gs,4,1472,0.00055264468187357781
gs,4,1473,0.00055039901580340126
gs,4,1474,0.00054816336771078343
gs,4,1475,0.00054593769300906867
gs,4,1476,0.00054372194730833751
gs,4,1477,0.00054151608641312093
gs,4,1478,0.00053932006632231887
gs,4,1479,0.00053713384322716308
gs,4,1480,0.00053495737351116294
gs,4,1481,0.00053279061374929813
gs,4,1482,0.00053063352070730982
gs,4,1483,0.00052848605134007173
gs,4,1484,0.00052634816279145268
gs,4,1485,0.00052421981239308014
gs,4,1486,0.00052210095766476992
gs,4,1487,0.00051999155631032932
gs,4,1488,0.00051789156622155253
gs,4,1489,0.0005158009454727453
gs,4,1490,0.00051371965232353605
gs,4,1491,0.00051164764521560257
gs,4,1492,0.00050958488277355358
gs,4,1493,0.00050753132380263475
gs,4,1494,0.00050548692728860428
gs,4,1495,0.00050345165239810822
gs,4,1496,0.00050142545847550702
gs,4,1497,0.00049940830504396102
gs,4,1498,0.00049740015180347891
gs,4,1499,0.0004954009586312781
gs,4,1500,0.00049341068558071037
gs,4,1501,0.00049142929287852486
gs,4,1502,0.00048945674092748905
gs,4,1503,0.00048749299030263207
gs,4,1504,0.00048553800175195821
gs,4,1505,0.000483591736195989
gs,4,1506,0.00048165415472601486
gs,4,1507,0.00047972521860333592
gs,4,1508,0.0004778048892599444
gs,4,1509,0.00047589312829454975
gs,4,1510,0.00047398989747771814
gs,4,1511,0.00047209515874367897
gs,4,1512,0.00047020887419512634
gs,4,1513,0.00046833100610086542
gs,4,1514,0.00046646151689450397
gs,4,1515,0.00046460036917370313
gs,4,1516,0.00046274752570017166
gs,4,1517,0.0004609029493983109
gs,4,1518,0.00045906660335477386
gs,4,1519,0.00045723845082004081
gs,4,1520,0.00045541845520222831
gs,4,1521,0.00045360658007058066
gs,4,1522,0.00045180278915436068
gs,4,1523,0.00045000704634026506
gs,4,1524,0.00044821931567583489
gs,4,1525,0.00044643956136230964
gs,4,1526,0.00044466774776000804
gs,4,1527,0.00044290383938350408
gs,4,1528,0.00044114780090350212
gs,4,1529,0.00043939959714731243
gs,4,1530,0.0004376591930916171
gs,4,1531,0.00043592655386929505
gs,4,1532,0.00043420164476478616
gs,4,1533,0.00043248443121459085
gs,4,1534,0.00043077487880665595
gs,4,1535,0.00042907295327756785
gs,4,1536,0.00042737862051809726
gs,4,1537,0.00042569184656289277
gs,4,1538,0.0004240125975978431
gs,4,1539,0.0004223408399557066
gs,4,1540,0.00042067654011830277
gs,4,1541,0.00041901966471150586
gs,4,1542,0.00041737018050909673
gs,4,1543,0.00041572805442713064
gs,4,1544,0.00041409325353005078
gs,4,1545,0.00041246574502422508
gs,4,1546,0.00041084549625770785
gs,4,1547,0.00040923247472508123
gs,4,1548,0.00040762664805899451
gs,4,1549,0.00040602798403695489
gs,4,1550,0.00040443645057408731
gs,4,1551,0.00040285201572780441
gs,4,1552,0.00040127464769485892
gs,4,1553,0.00039970431480947083
gs,4,1554,0.00039814098554666387
gs,4,1555,0.00039658462851556735
gs,4,1556,0.00039503521246602846
gs,4,1557,0.00039349270628223404
gs,4,1558,0.00039195707898506883
gs,4,1559,0.00039042829973023711
gs,4,1560,0.00038890633780790617
gs,4,1561,0.00038739116264339772
gs,4,1562,0.00038588274379381277
gs,4,1563,0.00038438105095007136
gs,4,1564,0.0003828860539376725
gs,4,1565,0.00038139772270884872
gs,4,1566,0.00037991602735080901
gs,4,1567,0.00037844093808036568
gs,4,1568,0.00037697242524358779
gs,4,1569,0.00037551045931728024
gs,4,1570,0.00037405501090588235
gs,4,1571,0.00037260605074239438
gs,4,1572,0.00037116354968799937
gs,4,1573,0.00036972747873071586
gs,4,1574,0.00036829780898465098
gs,4,1575,0.00036687451169095398
gs,4,1576,0.00036545755821470956
gs,4,1577,0.00036404692004758302
gs,4,1578,0.00036264256880464432
gs,4,1579,0.00036124447622483776
gs,4,1580,0.00035985261417073025
gs,4,1581,0.00035846695462795529
gs,4,1582,0.00035708746970204746
gs,4,1583,0.00035571413162343468
gs,4,1584,0.00035434691274113523
gs,4,1585,0.00035298578552607062
gs,4,1586,0.00035163072256925624
gs,4,1587,0.00035028169657980445
gs,4,1588,0.00034893868038692716
gs,4,1589,0.00034760164693891976
gs,4,1590,0.00034627056929987279
gs,4,1591,0.00034494542065435888
gs,4,1592,0.00034362617430069576
gs,4,1593,0.00034231280365568079
gs,4,1594,0.00034100528225115438
gs,4,1595,0.00033970358373498392
gs,4,1596,0.00033840768186835913
gs,4,1597,0.00033711755052848533
gs,4,1598,0.00033583316370551373
gs,4,1599,0.00033455449550384817
gs,4,1600,0.00033328152013921999
gs,4,1601,0.00033201421194137352
gs,4,1602,0.00033075254535029945
gs,4,1603,0.00032949649491901823
gs,4,1604,0.00032824603531025849
gs,4,1605,0.00032700114129677029
gs,4,1606,0.00032576178776335172
gs,4,1607,0.00032452794970186843
gs,4,1608,0.00032329960221482541
gs,4,1609,0.00032207672051079477
gs,4,1610,0.00032085927990970051
gs,4,1611,0.00031964725583643775
gs,4,1612,0.00031844062382414644
gs,4,1613,0.00031723935951244301
gs,4,1614,0.00031604343864471079
gs,4,1615,0.00031485283707541692
gs,4,1616,0.00031366753075874105
gs,4,1617,0.00031248749575604621
gs,4,1618,0.00031131270823193371
gs,4,1619,0.00031014314445717016
gs,4,1620,0.00030897878080264298
gs,4,1621,0.00030781959374435422
gs,4,1622,0.00030666555986017045
gs,4,1623,0.00030551665582978401
gs,4,1624,0.00030437285843479939
gs,4,1625,0.00030323414455652879
gs,4,1626,0.00030210049117979787
gs,4,1627,0.00030097187538751153
gs,4,1628,0.00029984827436139842
gs,4,1629,0.00029872966538619424
gs,4,1630,0.00029761602584175696
gs,4,1631,0.00029650733320820696
gs,4,1632,0.00029540356506500078
gs,4,1633,0.00029430469908615838
gs,4,1634,0.0002932107130458329
gs,4,1635,0.00029212158481182598
gs,4,1636,0.00029103729235245703
gs,4,1637,0.00028995781372808549
gs,4,1638,0.00028888312709701334
gs,4,1639,0.00028781321071087165
gs,4,1640,0.00028674804291813972
gs,4,1641,0.0002856876021604771
gs,4,1642,0.00028463186697225644
gs,4,1643,0.00028358081598351504
gs,4,1644,0.00028253442791538339
gs,4,1645,0.00028149268158332005
gs,4,1646,0.00028045555589392744
gs,4,1647,0.00027942302984538305
gs,4,1648,0.00027839508252902758
gs,4,1649,0.00027737169312530211
gs,4,1650,0.00027635284090703671
gs,4,1651,0.00027533850523602644
gs,4,1652,0.00027432866556390944
gs,4,1653,0.00027332330143263277
gs,4,1654,0.00027232239247376998
gs,4,1655,0.00027132591840534163
gs,4,1656,0.00027033385903571722
gs,4,1657,0.00026934619426123346
gs,4,1658,0.00026836290406478209
gs,4,1659,0.0002673839685153905
gs,4,1660,0.00026640936777276694
gs,4,1661,0.00026543908207904394
gs,4,1662,0.00026447309176465158
gs,4,1663,0.00026351137724506279
gs,4,1664,0.0002625539190207529
gs,4,1665,0.00026160069767727518
gs,4,1666,0.00026065169388596885
gs,4,1667,0.00025970688840062976
gs,4,1668,0.00025876626205940066
gs,4,1669,0.00025782979578529297
gs,4,1670,0.00025689747058212304
gs,4,1671,0.00025596926753927029
gs,4,1672,0.00025504516782603223
gs,4,1673,0.00025412515269430757
gs,4,1674,0.00025320920347909854
gs,4,1675,0.00025229730159569299
gs,4,1676,0.00025138942853989517
gs,4,1677,0.0002504855658895152
gs,4,1678,0.00024958569530144714
gs,4,1679,0.00024868979851337323
gs,4,1680,0.0002477978573427284
gs,4,1681,0.00024690985368496616
gs,4,1682,0.00024602576951677764
gs,4,1683,0.00024514558688997894
gs,4,1684,0.00024426928793872508
gs,4,1685,0.00024339685487196242
gs,4,1686,0.00024252826997770406
gs,4,1687,0.00024166351562101014
gs,4,1688,0.00024080257424355589
gs,4,1689,0.00023994542836432045
gs,4,1690,0.00023909206057811096
gs,4,1691,0.00023824245355518763
gs,4,1692,0.00023739659004234611
gs,4,1693,0.00023655445286122539
gs,4,1694,0.00023571602490877455
gs,4,1695,0.00023488128915580273
gs,4,1696,0.00023405022864895841
gs,4,1697,0.00023322282650693968
gs,4,1698,0.00023239906592389901
gs,4,1699,0.00023157893016665561
gs,4,1700,0.00023076240257535548
gs,4,1701,0.00022994946656248503
gs,4,1702,0.00022914010561356023
gs,4,1703,0.00022833430328580498
gs,4,1704,0.00022753204320818387
gs,4,1705,0.00022673330908203667
gs,4,1706,0.00022593808467954196
gs,4,1707,0.00022514635384299168
gs,4,1708,0.00022435810048658541
gs,4,1709,0.00022357330859413941
gs,4,1710,0.00022279196221978585
gs,4,1711,0.00022201404548764773
gs,4,1712,0.00022123954259010262
gs,4,1713,0.0002204684377896639
gs,4,1714,0.00021970071541877332
gs,4,1715,0.0002189363598757571
gs,4,1716,0.00021817535563002752
gs,4,1717,0.00021741768721633535
gs,4,1718,0.00021666333923950657
gs,4,1719,0.00021591229637080649
gs,4,1720,0.00021516454334804505
gs,4,1721,0.00021442006497705572
gs,4,1722,0.00021367884612934711
gs,4,1723,0.0002129408717430936
gs,4,1724,0.00021220612682210593
gs,4,1725,0.00021147459643619724
gs,4,1726,0.00021074626572125635
gs,4,1727,0.00021002111987800183
gs,4,1728,0.00020929914417039118
gs,4,1729,0.00020858032392965441
gs,4,1730,0.00020786464455039118
gs,4,1731,0.00020715209148995366
gs,4,1732,0.00020644265027083898
gs,4,1733,0.00020573630647988957
gs,4,1734,0.00020503304576541625
gs,4,1735,0.00020433285384004714
gs,4,1736,0.00020363571647817055
gs,4,1737,0.00020294161951738801
gs,4,1738,0.0002022505488583023
gs,4,1739,0.0002015624904599237
gs,4,1740,0.00020087743034851569
gs,4,1741,0.0002001953546081038
gs,4,1742,0.00019951624938289853
gs,4,1743,0.00019884010088152396
gs,4,1744,0.00019816689537239463
gs,4,1745,0.00019749661918113781
gs,4,1746,0.00019682925869726823
gs,4,1747,0.00019616480036890028
gs,4,1748,0.00019550323070439285
gs,4,1749,0.00019484453627048863
gs,4,1750,0.00019418870369333175
gs,4,1751,0.00019353571965788669
gs,4,1752,0.0001928855709099762
gs,4,1753,0.0001922382442509508
gs,4,1754,0.00019159372654109526
gs,4,1755,0.00019095200469989597
gs,4,1756,0.00019031306570414745
gs,4,1757,0.00018967689658617881
gs,4,1758,0.00018904348443868181
gs,4,1759,0.0001884128164087595
gs,4,1760,0.00018778487970224126
gs,4,1761,0.00018715966157987593
gs,4,1762,0.00018653714935930243
gs,4,1763,0.00018591733041444609
gs,4,1764,0.00018530019217599883
gs,4,1765,0.00018468572212755239
gs,4,1766,0.00018407390781013431
gs,4,1767,0.00018346473682047824
gs,4,1768,0.00018285819680839783
gs,4,1769,0.00018225427547954783
gs,4,1770,0.00018165296059266563
gs,4,1771,0.00018105423996318094
gs,4,1772,0.00018045810145928511
gs,4,1773,0.00017986453300135213
gs,4,1774,0.00017927352256585973
gs,4,1775,0.00017868505818096383
gs,4,1776,0.00017809912792865912
gs,4,1777,0.00017751571994478952
gs,4,1778,0.00017693482241619009
gs,4,1779,0.00017635642358084655
gs,4,1780,0.00017578051173387652
gs,4,1781,0.00017520707521842275
gs,4,1782,0.00017463610242961309
gs,4,1783,0.00017406758181662542
gs,4,1784,0.00017350150187743499
gs,4,1785,0.00017293785116269424
gs,4,1786,0.00017237661827384669
gs,4,1787,0.00017181779186204536
gs,4,1788,0.00017126136063097408
gs,4,1789,0.0001707073133328521
gs,4,1790,0.00017015563877107519
gs,4,1791,0.00016960632579817413
gs,4,1792,0.00016905936331715538
gs,4,1793,0.00016851474028021203
gs,4,1794,0.0001679724456893775
gs,4,1795,0.00016743246859520061
gs,4,1796,0.00016689479809688535
gs,4,1797,0.00016635942334283229
gs,4,1798,0.00016582633353023633
gs,4,1799,0.00016529551790460571
gs,4,1800,0.00016476696575851304
gs,4,1801,0.0001642406664337906
gs,4,1802,0.00016371660931936648
gs,4,1803,0.00016319478385190409
gs,4,1804,0.00016267517951533688
gs,4,1805,0.00016215778583980855
gs,4,1806,0.0001616425924044115
gs,4,1807,0.00016112958883379694
gs,4,1808,0.00016061876479901536
gs,4,1809,0.00016011011001773679
gs,4,1810,0.00015960361425440865
gs,4,1811,0.00015909926731872122
gs,4,1812,0.00015859705906557373
gs,4,1813,0.00015809697939796468
gs,4,1814,0.00015759901826207262
gs,4,1815,0.00015710316565018906
gs,4,1816,0.00015660941159828168
gs,4,1817,0.00015611774619036064
gs,4,1818,0.00015562815955223427
gs,4,1819,0.00015514064185526621
gs,4,1820,0.00015465518331474551
gs,4,1821,0.0001541717741910408
gs,4,1822,0.00015369040478785203
gs,4,1823,0.00015321106545370967
gs,4,1824,0.00015273374657887351
gs,4,1825,0.00015225843859846175
gs,4,1826,0.00015178513198988583
gs,4,1827,0.00015131381727509019
gs,4,1828,0.00015084448501833994
gs,4,1829,0.00015037712582538759
gs,4,1830,0.00014991173034631481
gs,4,1831,0.00014944828927248696
gs,4,1832,0.0001489867933382055
gs,4,1833,0.00014852723331962769
gs,4,1834,0.00014806960003438142
gs,4,1835,0.00014761388434230045
gs,4,1836,0.00014716007714491068
gs,4,1837,0.00014670816938402908
gs,4,1838,0.00014625815204409804
gs,4,1839,0.00014581001615007527
gs,4,1840,0.00014536375276806156
gs,4,1841,0.0001449193530024311
gs,4,1842,0.00014447680800294487
gs,4,1843,0.00014403610895519868
gs,4,1844,0.00014359724708737498
gs,4,1845,0.00014316021366696032
gs,4,1846,0.00014272500000139332
gs,4,1847,0.00014229159743841713
gs,4,1848,0.000141859997364322
gs,4,1849,0.00014143019120585815
gs,4,1850,0.00014100217042792944
gs,4,1851,0.00014057592653534981
gs,4,1852,0.00014015145107221848
gs,4,1853,0.00013972873562024537
gs,4,1854,0.00013930777179978313
gs,4,1855,0.00013888855127119529
gs,4,1856,0.00013847106573165068
gs,4,1857,0.00013805530691699292
gs,4,1858,0.00013764126660080321
gs,4,1859,0.00013722893659450007
gs,4,1860,0.00013681830874864425
gs,4,1861,0.00013640937494791965
gs,4,1862,0.0001360021271187643
gs,4,1863,0.00013559655722096141
gs,4,1864,0.00013519265725362673
gs,4,1865,0.00013479041925263904
gs,4,1866,0.0001343898352890435
gs,4,1867,0.00013399089747262227
gs,4,1868,0.00013359359794764931
gs,4,1869,0.00013319792889645229
gs,4,1870,0.00013280388253699256
gs,4,1871,0.00013241145112225482
gs,4,1872,0.0001320206269425782
gs,4,1873,0.00013163140232284686
gs,4,1874,0.00013124376962521178
gs,4,1875,0.00013085772124439712
gs,4,1876,0.0001304732496132126
gs,4,1877,0.00013009034719829883
gs,4,1878,0.00012970900650166771
gs,4,1879,0.00012932922005991107
gs,4,1880,0.00012895098044451444
gs,4,1881,0.00012857428026214195
gs,4,1882,0.00012819911215232314
gs,4,1883,0.00012782546879045524
gs,4,1884,0.00012745334288606337
gs,4,1885,0.0001270827271810006
gs,4,1886,0.00012671361445265337
gs,4,1887,0.00012634599751205173
gs,4,1888,0.00012597986920316576
gs,4,1889,0.00012561522240374609
gs,4,1890,0.00012525205002439558
gs,4,1891,0.00012489034501050921
gs,4,1892,0.00012453010033797136
gs,4,1893,0.00012417130901749284
gs,4,1894,0.00012381396409362423
gs,4,1895,0.00012345805864017687
gs,4,1896,0.00012310358576528405
gs,4,1897,0.00012275053861102257
gs,4,1898,0.00012239891034935858
gs,4,1899,0.00012204869418513751
gs,4,1900,0.00012169988335502243
gs,4,1901,0.0001213524711292734
gs,4,1902,0.00012100645080721973
gs,4,1903,0.00012066181572091382
gs,4,1904,0.00012031855923476658
gs,4,1905,0.0001199766747428155
gs,4,1906,0.00011963615567254421
gs,4,1907,0.00011929699547974515
gs,4,1908,0.00011895918765366836
gs,4,1909,0.00011862272571259886
gs,4,1910,0.00011828760320682008
gs,4,1911,0.00011795381371634301
gs,4,1912,0.00011762135085140548
gs,4,1913,0.00011729020825466943
gs,4,1914,0.00011696037959522027
gs,4,1915,0.00011663185857578646
gs,4,1916,0.00011630463892758853
gs,4,1917,0.00011597871441091592
gs,4,1918,0.0001156540788174908
gs,4,1919,0.00011533072596632436
gs,4,1920,0.00011500864970896941
gs,4,1921,0.00011468784392343177
gs,4,1922,0.00011436830251797068
gs,4,1923,0.00011405001942993116
gs,4,1924,0.00011373298862611094
gs,4,1925,0.00011341720410161624
gs,4,1926,0.0001131026598805714
gs,4,1927,0.00011278935001509295
gs,4,1928,0.00011247726858668917
gs,4,1929,0.0001121664097036113
gs,4,1930,0.00011185676750442001
gs,4,1931,0.00011154833615570979
gs,4,1932,0.00011124110984899091
gs,4,1933,0.00011093508280778764
gs,4,1934,0.00011063024928069203
gs,4,1935,0.00011032660354490534
gs,4,1936,0.00011002413990552738
gs,4,1937,0.00010972285269375637
gs,4,1938,0.00010942273626945325
gs,4,1939,0.00010912378501924165
gs,4,1940,0.0001088259933572888
gs,4,1941,0.00010852935572253886
gs,4,1942,0.00010823386658416604
gs,4,1943,0.00010793952043570076
gs,4,1944,0.0001076463117974238
gs,4,1945,0.00010735423521772913
gs,4,1946,0.00010706328527008418
gs,4,1947,0.00010677345655397377
gs,4,1948,0.00010648474369615626
gs,4,1949,0.00010619714134865484
gs,4,1950,0.00010591064419000674
gs,4,1951,0.000105625246924044
gs,4,1952,0.00010534094428068231
gs,4,1953,0.00010505773101608242
gs,4,1954,0.00010477560191015017
gs,4,1955,0.00010449455176928867
gs,4,1956,0.00010421457542703933
gs,4,1957,0.00010393566773812858
gs,4,1958,0.00010365782358574421
gs,4,1959,0.0001033810378762144
gs,4,1960,0.00010310530554209901
gs,4,1961,0.00010283062154007526
gs,4,1962,0.00010255698085066375
gs,4,1963,0.00010228437848061044
gs,4,1964,0.00010201280945902574
gs,4,1965,0.00010174226884202082
gs,4,1966,0.00010147275170752317
gs,4,1967,0.00010120425315879014
gs,4,1968,0.00010093676832300931
gs,4,1969,0.00010067029235071679
gs,4,1970,0.00010040482041760906
gs,4,1971,0.00010014034772150028
gs,4,1972,9.9876869485097979e-05
gs,4,1973,9.9614380953630537e-05
gs,4,1974,9.9352877396818089e-05
gs,4,1975,9.9092354106040964e-05
gs,4,1976,9.8832806398016062e-05
gs,4,1977,9.8574229610511778e-05
gs,4,1978,9.8316619106373466e-05
gs,4,1979,9.8059970269688532e-05
gs,4,1980,9.7804278507990149e-05
gs,4,1981,9.7549539252048421e-05
gs,4,1982,9.7295747953198965e-05
gs,4,1983,9.7042900088592577e-05
gs,4,1984,9.679099115533451e-05
gs,4,1985,9.654001667275555e-05
gs,4,1986,9.628997218428155e-05
gs,4,1987,9.6040853253863e-05
gs,4,1988,9.5792655467578333e-05
gs,4,1989,9.5545374434767108e-05
gs,4,1990,9.529900578518949e-05
gs,4,1991,9.5053545170003406e-05
gs,4,1992,9.4808988264325142e-05
gs,4,1993,9.4565330762593516e-05
gs,4,1994,9.4322568381342611e-05
gs,4,1995,9.4080696858515967e-05
gs,4,1996,9.3839711953430218e-05
gs,4,1997,9.3599609446647929e-05
gs,4,1998,9.3360385139518097e-05
gs,4,1999,9.3122034854933142e-05
pcg-gs,4,0,0.0099696808072248667
pcg-gs,4,1,0.072904657531348394
pcg-gs,4,2,0.16111782780763034
pcg-gs,4,3,0.10597111735307138
pcg-gs,4,4,0.054354791113011745
pcg-gs,4,5,0.027709152560677287
pcg-gs,4,6,0.017370272013908613
pcg-gs,4,7,0.012434221946736723
pcg-gs,4,8,0.0080918319881240226
pcg-gs,4,9,0.0080741933108425673
pcg-gs,4,10,0.005856309155083117
pcg-gs,4,11,0.0040494634216013316
pcg-gs,4,12,0.0040808153210796809
pcg-gs,4,13,0.0026066217430403982
pcg-gs,4,14,0.0024831478490440102
pcg-gs,4,15,0.0023133650410018546
pcg-gs,4,16,0.0018487816957077721
pcg-gs,4,17,0.0015604545959443722
pcg-gs,4,18,0.0011412858017968335
pcg-gs,4,19,0.0011162260800311721
pcg-gs,4,20,0.00094346957124610354
pcg-gs,4,21,0.0006570862931960167
pcg-gs,4,22,0.00058476531265697128
pcg-gs,4,23,0.00059896130500360133
pcg-gs,4,24,0.00055361918686044518
pcg-gs,4,25,0.00045891798801090024
pcg-gs,4,26,0.00039574249763801113
pcg-gs,4,27,0.00033498017363663992
pcg-gs,4,28,0.0003420459868654467
pcg-gs,4,29,0.0003288373455155443
pcg-gs,4,30,0.00032317020240297633
pcg-gs,4,31,0.0003079547461512064
pcg-gs,4,32,0.00028338612462268885
pcg-gs,4,33,0.00023013420183778393
pcg-gs,4,34,0.00024491695688583004
pcg-gs,4,35,0.00025354987130413615
pcg-gs,4,36,0.00021722541857200896
pcg-gs,4,37,0.00024833455547493711
pcg-gs,4,38,0.00028534994637108253
pcg-gs,4,39,0.00021084209315114976
pcg-gs,4,40,0.00022715561471387926
pcg-gs,4,41,0.0002739803234088281
pcg-gs,4,42,0.00021070747086005467
pcg-gs,4,43,0.0001967656729511159
pcg-gs,4,44,0.00014585716992150186
pcg-gs,4,45,0.00015142343096812897
pcg-gs,4,46,0.00014119726959576761
pcg-gs,4,47,0.0001195009507568244
pcg-gs,4,48,9.277356439287773e-05
pcg-gs,4,49,7.8594177980910337e-05
pcg-gs,4,50,8.2216095713459551e-05
pcg-gs,4,51,7.1474004072538599e-05
pcg-gs,4,52,6.5285420758161747e-05
pcg-gs,4,53,7.0302659300118317e-05
pcg-gs,4,54,7.8227315487002972e-05
pcg-gs,4,55,5.3846974170602095e-05
pcg-gs,4,56,5.0008290366982831e-05
pcg-gs,4,57,4.6382021192919419e-05
pcg-gs,4,58,4.0283107606340058e-05
pcg-gs,4,59,3.4162134494178275e-05
pcg-gs,4,60,4.167462872607181e-05
pcg-gs,4,61,2.905366960628649e-05
pcg-gs,4,62,3.2806931272145768e-05
pcg-gs,4,63,3.2978120223819095e-05
pcg-gs,4,64,2.1369856050941923e-05
pcg-gs,4,65,3.0783615038235686e-05
pcg-gs,4,66,2.1336076325876219e-05
pcg-gs,4,67,1.5637675725284402e-05
pcg-gs,4,68,1.7061234096796006e-05
pcg-gs,4,69,1.5484496887511903e-05
pcg-gs,4,70,1.1164848033075679e-05
pcg-gs,4,71,1.2671448727143641e-05
pcg-gs,4,72,9.8371236792798142e-06
pcg-gs,4,73,6.0618923030756325e-06
pcg-gs,4,74,7.3398193494890186e-06
pcg-gs,4,75,8.515259267149803e-06
pcg-gs,4,76,4.8783785512518817e-06
pcg-gs,4,77,6.0660650510419127e-06
pcg-gs,4,78,6.2894639029718901e-06
pcg-gs,4,79,3.5521441281128288e-06
pcg-gs,4,80,3.7571093696182777e-06
pcg-gs,4,81,3.2282273706493412e-06
pcg-gs,4,82,2.2565328880509077e-06
pcg-gs,4,83,1.4755861343900318e-06
pcg-gs,4,84,1.7904566126367729e-06
pcg-gs,4,85,1.626832411745293e-06
pcg-gs,4,86,9.7100345525221871e-07
pcg-gs,4,87,1.2126753996765302e-06
pcg-gs,4,88,1.2593337044620319e-06
pcg-gs,4,89,5.3228967427027296e-07
pcg-gs,4,90,5.7590659522268725e-07
pcg-gs,4,91,4.3048114731649953e-07
pcg-gs,4,92,2.8239813974912162e-07
pcg-gs,4,93,3.7853130017623377e-07
pcg-gs,4,94,1.9632296930504263e-07
pcg-gs,4,95,1.3187755367572896e-07
pcg-gs,4,96,1.4151413203714894e-07
pcg-gs,4,97,1.049091303756137e-07
pcg-gs,4,98,7.8158318363421292e-08
pcg-gs,4,99,8.2763996434765797e-08
pcg-gs,4,100,6.7330328731809064e-08
pcg-gs,4,101,3.8928924717225465e-08
pcg-gs,4,102,3.0975542511136657e-08
pcg-gs,4,103,3.4848064798337542e-08
pcg-gs,4,104,1.9558946255826081e-08
pcg-gs,4,105,1.2634239999603414e-08
pcg-gs,4,106,1.2369787898620676e-08
pcg-gs,4,107,9.1481540017576626e-09
pcg-gs,4,108,5.682774357893507e-09
pcg-gs,4,109,4.4833414748172365e-09
pcg-gs,4,110,6.2836615990906389e-09
pcg-gs,4,111,3.6087473287704972e-09
pcg-gs,4,112,4.2317698980802475e-09
pcg-gs,4,113,3.4527133233137844e-09
pcg-gs,4,114,2.4581607113025549e-09
pcg-gs,4,115,1.3620349686136349e-09
pcg-gs,4,116,1.8496544125582874e-09
pcg-gs,4,117,1.5338568734809719e-09
pcg-gs,4,118,1.0095640800806705e-09
pcg-gs,4,119,9.2512188853544162e-10
pcg-gs,4,120,6.0530535203755856e-10
pcg-gs,4,121,5.3802982896376543e-10
pcg-gs,4,122,7.1732372365972971e-10
pcg-gs,4,123,7.0832898701048874e-10
pcg-gs,4,124,3.6198387530969386e-10
pcg-gs,4,125,3.4765046417164566e-10
pcg-gs,4,126,3.6767412675916843e-10
pcg-gs,4,127,1.9186596194946758e-10
pcg-gs,4,128,2.6407845320553545e-10
pcg-gs,4,129,1.8292302456532109e-10
pcg-gs,4,130,1.3220179388162886e-10
pcg-gs,4,131,1.1201340963227718e-10
pcg-gs,4,132,1.1020295150760578e-10
pcg-gs,4,133,6.0833572692220556e-11
pcg-gs,4,134,3.3954490383422031e-11
pcg-gs,4,135,3.36210699703315e-11
pcg-gs,4,136,2.1022341030450218e-11
pcg-gs,4,137,1.9966920292845417e-11
pcg-gs,4,138,1.753799997652265e-11
pcg-gs,4,139,1.1499785762893059e-11
pcg-gs,4,140,1.2655911177640978e-11
pcg-gs,4,141,1.2003639485757098e-11
pcg-gs,4,142,9.0802578917322808e-12
pcg-gs,4,143,9.0520803614661944e-12
pcg-gs,4,144,6.0887233052263798e-12
pcg-gs,4,145,5.4845067026595195e-12
pcg-gs,4,146,5.8752495000282624e-12
pcg-gs,4,147,3.2254670316349828e-12
pcg-gs,4,148,2.199919377385514e-12
pcg-gs,4,149,2.0136087964503237e-12
pcg-gs,4,150,2.1553040782468053e-12
pcg-gs,4,151,1.9053727957174331e-12
pcg-gs,4,152,1.1310427728227592e-12
pcg-gs,4,153,8.4460678270149077e-13
pcg-mg-v,4,0,0.0099696808072248667
pcg-mg-v,4,1,0.0011214886985245304
pcg-mg-v,4,2,5.3783919703158232e-05
pcg-mg-v,4,3,6.8554385593792095e-07
pcg-mg-v,4,4,1.4516262815208722e-08
pcg-mg-v,4,5,3.1963696525339114e-10
pcg-mg-v,4,6,6.4417481089572483e-12
pcg-mg-v,4,7,1.3366553582625074e-13
mg-v,5,0,0.01045454652742202
mg-v,5,1,0.00066095981113782891
mg-v,5,2,4.5037388577193509e-05
mg-v,5,3,3.2441012330347039e-06
mg-v,5,4,2.4154007428505743e-07
mg-v,5,5,1.8340105825682113e-08
mg-v,5,6,1.4104540421524245e-09
mg-v,5,7,1.0947823923612224e-10
mg-v,5,8,8.5593053167695573e-12
mg-w,5,0,0.0044790166210662433
mg-w,5,1,0.00012005835891927358
mg-w,5,2,5.3868782581731578e-06
mg-w,5,3,2.7139076966220817e-07
mg-w,5,4,1.4394427207230063e-08
mg-w,5,5,7.8747602864675232e-10
mg-w,5,6,4.4015131516804573e-11
gs,5,0,0.14416967896415703
gs,5,1,0.17400202570025791
gs,5,2,0.17498107151038333
gs,5,3,0.17515008106470586
gs,5,4,0.17513279973765955
gs,5,5,0.17504310391020883
gs,5,6,0.17491768004638014
gs,5,7,0.17477210825960648
gs,5,8,0.17461413050493191
gs,5,9,0.17444801530534459
gs,5,10,0.17427630212131021
gs,5,11,0.17410059369200262
gs,5,12,0.17392195078099873
gs,5,13,0.17374110341137086
gs,5,14,0.17355857064161737
gs,5,15,0.17337473184516655
gs,5,16,0.17318987090849902
gs,5,17,0.17300420462334629
gs,5,18,0.17281790149421541
gs,5,19,0.1726310945364036
gs,5,20,0.17244389019363646
gs,5,21,0.1722563746841603
gs,5,22,0.17206861860261949
gs,5,23,0.17188068031408643
gs,5,24,0.17169260849581125
gs,5,25,0.17150444406731757
gs,5,26,0.17131622167464758
gs,5,27,0.17112797084499642
gs,5,28,0.17093971689447765
gs,5,29,0.1707514816487489
gs,5,30,0.17056328402020471
gs,5,31,0.17037514047410898
gs,5,32,0.17018706540790007
gs,5,33,0.16999907146203772
gs,5,34,0.16981116977639846
gs,5,35,0.1696233702030665
gs,5,36,0.16943568148392985
gs,5,37,0.1692481113997043
gs,5,38,0.16906066689559188
gs,5,39,0.16887335418775073
gs,5,40,0.16868617885389506
gs,5,41,0.16849914591071594
gs,5,42,0.16831225988031723
gs,5,43,0.16812552484741297
gs,5,44,0.16793894450876884
gs,5,45,0.16775252221608877
gs,5,46,0.16756626101331276
gs,5,47,0.16738016366918643
gs,5,48,0.16719423270576225
gs,5,49,0.16700847042343214
gs,5,50,0.16682287892295475
gs,5,51,0.16663746012491293
gs,5,52,0.1664522157869231
gs,5,53,0.16626714751890709
gs,5,54,0.16608225679667532
gs,5,55,0.16589754497403422
gs,5,56,0.16571301329359747
gs,5,57,0.16552866289647308
gs,5,58,0.1653444948309406
gs,5,59,0.16516051006026947
gs,5,60,0.16497670946974458
gs,5,61,0.16479309387301042
gs,5,62,0.16460966401781085
gs,5,63,0.16442642059117879
gs,5,64,0.16424336422414679
gs,5,65,0.16406049549603091
gs,5,66,0.1638778149383171
gs,5,67,0.16369532303821527
gs,5,68,0.16351302024189615
gs,5,69,0.16333090695745345
gs,5,70,0.16314898355760421
gs,5,71,0.16296725038218143
gs,5,72,0.16278570774040541
gs,5,73,0.16260435591297398
gs,5,74,0.16242319515399234
gs,5,75,0.16224222569274127
gs,5,76,0.16206144773531159
gs,5,77,0.16188086146611169
gs,5,78,0.16170046704925953
gs,5,79,0.16152026462987079
gs,5,80,0.16134025433525223
gs,5,81,0.16116043627600563
gs,5,82,0.16098081054705038
gs,5,83,0.16080137722857887
gs,5,84,0.16062213638693479
gs,5,85,0.16044308807543936
gs,5,86,0.16026423233515438
gs,5,87,0.16008556919559258
gs,5,88,0.15990709867538444
gs,5,89,0.15972882078289802
gs,5,90,0.15955073551681451
gs,5,91,0.15937284286667056
gs,5,92,0.15919514281336278
gs,5,93,0.15901763532961935
gs,5,94,0.1588403203804489
gs,5,95,0.1586631979235425
gs,5,96,0.15848626790967557
gs,5,97,0.15830953028306533
gs,5,98,0.15813298498171696
gs,5,99,0.15795663193774009
gs,5,100,0.15778047107765641
gs,5,101,0.15760450232268142
gs,5,102,0.15742872558899312
gs,5,103,0.15725314078798314
gs,5,104,0.15707774782649364
gs,5,105,0.1569025466070435
gs,5,106,0.15672753702803527
gs,5,107,0.15655271898396128
gs,5,108,0.15637809236558176
gs,5,109,0.15620365706011466
gs,5,110,0.15602941295139147
gs,5,111,0.15585535992002517
gs,5,112,0.15568149784355698
gs,5,113,0.15550782659660117
gs,5,114,0.15533434605097282
gs,5,115,0.15516105607582614
gs,5,116,0.15498795653776803
gs,5,117,0.15481504730097498
gs,5,118,0.1546423282273047
gs,5,119,0.15446979917639408
gs,5,120,0.15429746000576694
gs,5,121,0.15412531057091666
gs,5,122,0.15395335072540309
gs,5,123,0.15378158032093459
gs,5,124,0.15360999920744547
gs,5,125,0.15343860723318201
gs,5,126,0.15326740424476301
gs,5,127,0.15309639008726142
gs,5,128,0.15292556460426085
gs,5,129,0.15275492763792511
gs,5,130,0.15258447902905828
gs,5,131,0.15241421861715673
gs,5,132,0.15224414624047347
gs,5,133,0.15207426173606203
gs,5,134,0.15190456493983276
gs,5,135,0.15173505568659817
gs,5,136,0.15156573381011787
gs,5,137,0.15139659914314685
gs,5,138,0.15122765151747433
gs,5,139,0.1510588907639647
gs,5,140,0.15089031671259484
gs,5,141,0.15072192919249597
gs,5,142,0.15055372803198347
gs,5,143,0.15038571305859358
gs,5,144,0.15021788409911796
gs,5,145,0.15005024097963041
gs,5,146,0.14988278352552156
gs,5,147,0.14971551156152463
gs,5,148,0.14954842491174708
gs,5,149,0.14938152339969141
gs,5,150,0.14921480684828484
gs,5,151,0.14904827507990379
gs,5,152,0.14888192791639926
gs,5,153,0.14871576517911345
gs,5,154,0.14854978668890892
gs,5,155,0.14838399226618623
gs,5,156,0.14821838173090163
gs,5,157,0.14805295490259379
gs,5,158,0.14788771160039646
gs,5,159,0.14772265164305909
gs,5,160,0.14755777484896518
gs,5,161,0.14739308103614768
gs,5,162,0.14722857002230474
gs,5,163,0.1470642416248194
gs,5,164,0.14690009566076864
gs,5,165,0.14673613194694377
gs,5,166,0.1465723502998614
gs,5,167,0.14640875053577901
gs,5,168,0.14624533247070592
gs,5,169,0.14608209592041696
gs,5,170,0.14591904070046793
gs,5,171,0.14575616662620078
gs,5,172,0.14559347351276286
gs,5,173,0.14543096117511115
gs,5,174,0.1452686294280284
gs,5,175,0.14510647808613328
gs,5,176,0.14494450696388159
gs,5,177,0.1447827158755908
gs,5,178,0.14462110463543695
gs,5,179,0.14445967305747107
gs,5,180,0.14429842095562623
gs,5,181,0.14413734814372056
gs,5,182,0.14397645443547624
gs,5,183,0.14381573964451935
gs,5,184,0.1436552035843893
gs,5,185,0.14349484606854979
gs,5,186,0.14333466691039062
gs,5,187,0.14317466592323991
gs,5,188,0.14301484292036887
gs,5,189,0.14285519771499511
gs,5,190,0.14269573012029765
gs,5,191,0.14253643994941476
gs,5,192,0.14237732701545308
gs,5,193,0.14221839113149592
gs,5,194,0.14205963211060466
gs,5,195,0.14190104976582846
gs,5,196,0.14174264391020605
gs,5,197,0.14158441435677446
gs,5,198,0.14142636091856839
gs,5,199,0.14126848340863604
gs,5,200,0.14111078164002969
gs,5,201,0.14095325542582143
gs,5,202,0.14079590457910546
gs,5,203,0.14063872891299636
gs,5,204,0.14048172824064109
gs,5,205,0.14032490237522072
gs,5,206,0.14016825112994927
gs,5,207,0.14001177431808773
gs,5,208,0.13985547175293939
gs,5,209,0.13969934324785641
gs,5,210,0.13954338861624171
gs,5,211,0.13938760767156008
gs,5,212,0.13923200022732848
gs,5,213,0.13907656609713198
gs,5,214,0.13892130509461886
gs,5,215,0.13876621703350633
gs,5,216,0.1386113017275846
gs,5,217,0.13845655899071987
gs,5,218,0.13830198863685339
gs,5,219,0.13814759048000966
gs,5,220,0.13799336433429607
gs,5,221,0.13783931001390576
gs,5,222,0.13768542733311909
gs,5,223,0.1375317161063119
gs,5,224,0.13737817614794715
gs,5,225,0.13722480727258998
gs,5,226,0.13707160929490128
gs,5,227,0.13691858202964127
gs,5,228,0.13676572529167438
gs,5,229,0.13661303889596904
gs,5,230,0.13646052265760159
gs,5,231,0.1363081763917566
gs,5,232,0.13615599991373048
gs,5,233,0.1360039930389301
gs,5,234,0.13585215558287944
gs,5,235,0.13570048736121737
gs,5,236,0.13554898818970168
gs,5,237,0.13539765788420949
gs,5,238,0.13524649626073973
gs,5,239,0.13509550313541677
gs,5,240,0.13494467832448476
gs,5,241,0.13479402164431797
gs,5,242,0.13464353291141837
gs,5,243,0.13449321194241501
gs,5,244,0.13434305855406906
gs,5,245,0.13419307256327437
gs,5,246,0.13404325378705556
gs,5,247,0.13389360204257578
gs,5,248,0.13374411714712986
gs,5,249,0.13359479891815387
gs,5,250,0.13344564717321844
gs,5,251,0.13329666173003654
gs,5,252,0.13314784240646074
gs,5,253,0.13299918902048535
gs,5,254,0.13285070139024732
gs,5,255,0.13270237933402804
gs,5,256,0.13255422267025468
gs,5,257,0.13240623121749678
gs,5,258,0.13225840479447551
gs,5,259,0.13211074322005634
gs,5,260,0.13196324631325496
gs,5,261,0.13181591389323602
gs,5,262,0.13166874577931631
gs,5,263,0.13152174179096088
gs,5,264,0.13137490174779021
gs,5,265,0.13122822546957447
gs,5,266,0.13108171277624051
gs,5,267,0.13093536348786813
gs,5,268,0.13078917742469109
gs,5,269,0.13064315440710253
gs,5,270,0.13049729425564829
gs,5,271,0.13035159679103384
gs,5,272,0.13020606183412228
gs,5,273,0.13006068920593372
gs,5,274,0.12991547872764872
gs,5,275,0.12977043022060861
gs,5,276,0.12962554350631211
gs,5,277,0.12948081840642117
gs,5,278,0.12933625474275875
gs,5,279,0.12919185233730818
gs,5,280,0.12904761101221737
gs,5,281,0.12890353058979717
gs,5,282,0.12875961089251886
gs,5,283,0.12861585174302184
gs,5,284,0.12847225296410569
gs,5,285,0.1283288143787383
gs,5,286,0.1281855358100511
gs,5,287,0.12804241708134079
gs,5,288,0.12789945801607147
gs,5,289,0.12775665843787226
gs,5,290,0.12761401817054019
gs,5,291,0.1274715370380396
gs,5,292,0.12732921486449963
gs,5,293,0.1271870514742218
gs,5,294,0.12704504669167169
gs,5,295,0.12690320034148728
gs,5,296,0.12676151224847107
gs,5,297,0.1266199822375976
gs,5,298,0.12647861013401016
gs,5,299,0.12633739576302144
gs,5,300,0.12619633895011506
gs,5,301,0.12605543952094186
gs,5,302,0.12591469730132848
gs,5,303,0.12577411211726738
gs,5,304,0.12563368379492304
gs,5,305,0.12549341216063287
gs,5,306,0.12535329704090428
gs,5,307,0.12521333826241654
gs,5,308,0.12507353565202034
gs,5,309,0.12493388903673809
gs,5,310,0.12479439824376667
gs,5,311,0.12465506310047172
gs,5,312,0.12451588343439378
gs,5,313,0.12437685907324568
gs,5,314,0.12423798984491186
gs,5,315,0.12409927557745121
gs,5,316,0.12396071609909574
gs,5,317,0.12382231123824901
gs,5,318,0.12368406082348915
gs,5,319,0.12354596468356725
gs,5,320,0.12340802264740872
gs,5,321,0.12327023454411137
gs,5,322,0.12313260020294861
gs,5,323,0.12299511945336679
gs,5,324,0.12285779212498446
gs,5,325,0.12272061804759753
gs,5,326,0.12258359705117335
gs,5,327,0.12244672896585554
gs,5,328,0.12231001362195952
gs,5,329,0.12217345084997763
gs,5,330,0.12203704048057497
gs,5,331,0.12190078234459219
gs,5,332,0.1217646762730422
gs,5,333,0.1216287220971156
gs,5,334,0.1214929196481752
gs,5,335,0.1213572687577596
gs,5,336,0.12122176925758116
gs,5,337,0.12108642097952786
gs,5,338,0.12095122375566164
gs,5,339,0.12081617741821962
gs,5,340,0.12068128179961349
gs,5,341,0.12054653673242857
gs,5,342,0.1204119420494273
gs,5,343,0.12027749758354507
gs,5,344,0.12014320316789255
gs,5,345,0.12000905863575462
gs,5,346,0.11987506382059092
gs,5,347,0.11974121855603842
gs,5,348,0.11960752267590383
gs,5,349,0.11947397601417299
gs,5,350,0.11934057840500395
gs,5,351,0.11920732968273108
gs,5,352,0.11907422968186129
gs,5,353,0.1189412782370774
gs,5,354,0.11880847518323751
gs,5,355,0.11867582035537177
gs,5,356,0.11854331358868864
gs,5,357,0.11841095471856659
gs,5,358,0.11827874358056067
gs,5,359,0.11814668001040175
gs,5,360,0.11801476384399198
gs,5,361,0.1178829949174099
gs,5,362,0.11775137306690726
gs,5,363,0.11761989812890977
gs,5,364,0.11748856994001963
gs,5,365,0.11735738833700882
gs,5,366,0.11722635315682603
gs,5,367,0.11709546423659395
gs,5,368,0.11696472141360786
gs,5,369,0.11683412452533749
gs,5,370,0.1167036734094259
gs,5,371,0.11657336790369002
gs,5,372,0.11644320784611972
gs,5,373,0.11631319307488044
gs,5,374,0.11618332342830688
gs,5,375,0.1160535987449114
gs,5,376,0.1159240188633766
gs,5,377,0.11579458362255875
gs,5,378,0.11566529286148869
gs,5,379,0.11553614641936778
gs,5,380,0.11540714413557217
gs,5,381,0.11527828584965046
gs,5,382,0.11514957140132244
gs,5,383,0.11502100063048212
gs,5,384,0.11489257337719468
gs,5,385,0.11476428948169874
gs,5,386,0.11463614878440391
gs,5,387,0.11450815112589458
gs,5,388,0.11438029634692429
gs,5,389,0.11425258428841845
gs,5,390,0.11412501479147717
gs,5,391,0.11399758769736887
gs,5,392,0.11387030284753638
gs,5,393,0.11374316008359271
gs,5,394,0.11361615924732273
gs,5,395,0.11348930018068147
gs,5,396,0.11336258272579684
gs,5,397,0.11323600672496616
gs,5,398,0.11310957202065941
gs,5,399,0.11298327845551584
gs,5,400,0.11285712587234555
gs,5,401,0.11273111411413111
gs,5,402,0.11260524302402321
gs,5,403,0.11247951244534367
gs,5,404,0.11235392222158538
gs,5,405,0.11222847219640969
gs,5,406,0.11210316221364901
gs,5,407,0.11197799211730634
gs,5,408,0.11185296175155265
gs,5,409,0.11172807096072972
gs,5,410,0.11160331958934865
gs,5,411,0.11147870748208888
gs,5,412,0.11135423448380084
gs,5,413,0.11122990043950147
gs,5,414,0.11110570519438039
gs,5,415,0.11098164859379274
gs,5,416,0.11085773048326303
gs,5,417,0.11073395070848585
gs,5,418,0.11061030911532227
gs,5,419,0.11048680554980302
gs,5,420,0.11036343985812563
gs,5,421,0.11024021188665757
gs,5,422,0.11011712148193276
gs,5,423,0.10999416849065265
gs,5,424,0.10987135275968798
gs,5,425,0.10974867413607407
gs,5,426,0.10962613246701614
gs,5,427,0.10950372759988669
gs,5,428,0.1093814593822226
gs,5,429,0.10925932766173031
gs,5,430,0.10913733228628203
gs,5,431,0.10901547310391577
gs,5,432,0.10889374996283782
gs,5,433,0.10877216271142021
gs,5,434,0.10865071119820011
gs,5,435,0.10852939527188024
gs,5,436,0.10840821478133193
gs,5,437,0.10828716957559048
gs,5,438,0.10816625950385594
gs,5,439,0.10804548441549668
gs,5,440,0.1079248441600431
gs,5,441,0.10780433858719325
gs,5,442,0.1076839675468081
gs,5,443,0.10756373088891508
gs,5,444,0.10744362846370679
gs,5,445,0.10732366012153831
gs,5,446,0.10720382571293072
gs,5,447,0.10708412508856907
gs,5,448,0.1069645580993025
gs,5,449,0.1068451245961432
gs,5,450,0.10672582443026943
gs,5,451,0.10660665745302057
gs,5,452,0.1064876235159012
gs,5,453,0.10636872247057942
gs,5,454,0.10624995416888496
gs,5,455,0.10613131846281072
gs,5,456,0.10601281520451651
gs,5,457,0.105894444246319
gs,5,458,0.1057762054407001
gs,5,459,0.10565809864030602
gs,5,460,0.10554012369794279
gs,5,461,0.10542228046657952
gs,5,462,0.10530456879934706
gs,5,463,0.10518698854953885
gs,5,464,0.10506953957060809
gs,5,465,0.10495222171617194
gs,5,466,0.10483503484000795
gs,5,467,0.10471797879605381
gs,5,468,0.10460105343841036
gs,5,469,0.10448425862133758
gs,5,470,0.10436759419925738
gs,5,471,0.10425106002675123
gs,5,472,0.10413465595856285
gs,5,473,0.10401838184959405
gs,5,474,0.10390223755490753
gs,5,475,0.1037862229297272
gs,5,476,0.10367033782943527
gs,5,477,0.10355458210957447
gs,5,478,0.10343895562584614
gs,5,479,0.10332345823411281
gs,5,480,0.10320808979039411
gs,5,481,0.10309285015087025
gs,5,482,0.10297773917187911
gs,5,483,0.10286275670991761
gs,5,484,0.10274790262164278
gs,5,485,0.10263317676386824
gs,5,486,0.10251857899356641
gs,5,487,0.10240410916786759
gs,5,488,0.10228976714406074
gs,5,489,0.10217555277959259
gs,5,490,0.10206146593206626
gs,5,491,0.10194750645924419
gs,5,492,0.1018336742190436
gs,5,493,0.10171996906954205
gs,5,494,0.10160639086897186
gs,5,495,0.10149293947572281
gs,5,496,0.1013796147483411
gs,5,497,0.10126641654553004
gs,5,498,0.10115334472614865
gs,5,499,0.10104039914921338
gs,5,500,0.10092757967389487
gs,5,501,0.10081488615952065
gs,5,502,0.10070231846557402
gs,5,503,0.10058987645169448
gs,5,504,0.10047755997767638
gs,5,505,0.10036536890346796
gs,5,506,0.10025330308917474
gs,5,507,0.10014136239505581
gs,5,508,0.10002954668152628
gs,5,509,0.099917855809154604
gs,5,510,0.0998062896386641
gs,5,511,0.099694848030933023
gs,5,512,0.099583530846993021
gs,5,513,0.099472337948029455
gs,5,514,0.099361269195382462
gs,5,515,0.099250324450545435
gs,5,516,0.099139503575165197
gs,5,517,0.099028806431042213
gs,5,518,0.098918232880129145
gs,5,519,0.098807782784534004
gs,5,520,0.098697456006515097
gs,5,521,0.098587252408484705
gs,5,522,0.098477171853007806
gs,5,523,0.098367214202800923
gs,5,524,0.098257379320733848
gs,5,525,0.098147667069827291
gs,5,526,0.098038077313256464
gs,5,527,0.097928609914344017
gs,5,528,0.097819264736568254
gs,5,529,0.097710041643556511
gs,5,530,0.097600940499088892
gs,5,531,0.097491961167096852
gs,5,532,0.097383103511659921
gs,5,533,0.097274367397011716
gs,5,534,0.097165752687535398
gs,5,535,0.097057259247764469
gs,5,536,0.096948886942382434
gs,5,537,0.096840635636224137
gs,5,538,0.096732505194272858
gs,5,539,0.09662449548166395
gs,5,540,0.096516606363680299
gs,5,541,0.096408837705754896
gs,5,542,0.096301189373471374
gs,5,543,0.096193661232561192
gs,5,544,0.096086253148905357
gs,5,545,0.095978964988534324
gs,5,546,0.095871796617626667
gs,5,547,0.09576474790250826
gs,5,548,0.095657818709657574
gs,5,549,0.095551008905697066
gs,5,550,0.095444318357399333
gs,5,551,0.095337746931684356
gs,5,552,0.095231294495620886
gs,5,553,0.095124960916423987
gs,5,554,0.095018746061457673
gs,5,555,0.094912649798232662
gs,5,556,0.094806671994405178
gs,5,557,0.094700812517782049
gs,5,558,0.094595071236313749
gs,5,559,0.094489448018099609
gs,5,560,0.094383942731384285
gs,5,561,0.094278555244558693
gs,5,562,0.094173285426161726
gs,5,563,0.094068133144876415
gs,5,564,0.093963098269532683
gs,5,565,0.093858180669106728
gs,5,566,0.093753380212719548
gs,5,567,0.093648696769637385
gs,5,568,0.093544130209272339
gs,5,569,0.093439680401182543
gs,5,570,0.093335347215068865
gs,5,571,0.093231130520779304
gs,5,572,0.093127030188305523
gs,5,573,0.093023046087783057
gs,5,574,0.092919178089494431
gs,5,575,0.092815426063863171
gs,5,576,0.092711789881458645
gs,5,577,0.092608269412993868
gs,5,578,0.092504864529326145
gs,5,579,0.092401575101455233
gs,5,580,0.09229840100052529
gs,5,581,0.092195342097823652
gs,5,582,0.092092398264779551
gs,5,583,0.091989569372968177
gs,5,584,0.091886855294104022
gs,5,585,0.091784255900047212
gs,5,586,0.091681771062798526
gs,5,587,0.091579400654502069
gs,5,588,0.091477144547442893
gs,5,589,0.091375002614050932
gs,5,590,0.091272974726894829
gs,5,591,0.091171060758687084
gs,5,592,0.091069260582280806
gs,5,593,0.09096757407067052
gs,5,594,0.090866001096993665
gs,5,595,0.090764541534526219
gs,5,596,0.090663195256687548
gs,5,597,0.090561962137036961
gs,5,598,0.090460842049274168
gs,5,599,0.090359834867239225
gs,5,600,0.09025894046491359
gs,5,601,0.090158158716418316
gs,5,602,0.090057489496015067
gs,5,603,0.089956932678104201
gs,5,604,0.089856488137227325
gs,5,605,0.089756155748064254
gs,5,606,0.089655935385437202
gs,5,607,0.089555826924303306
gs,5,608,0.089455830239762002
gs,5,609,0.089355945207050841
gs,5,610,0.089256171701546635
gs,5,611,0.089156509598765296
gs,5,612,0.089056958774359429
gs,5,613,0.088957519104122862
gs,5,614,0.088858190463984119
gs,5,615,0.088758972730013472
gs,5,616,0.088659865778417488
gs,5,617,0.088560869485540067
gs,5,618,0.088461983727864402
gs,5,619,0.08836320838200927
gs,5,620,0.088264543324732089
gs,5,621,0.088165988432926792
gs,5,622,0.08806754358362659
gs,5,623,0.087969208653997336
gs,5,624,0.08787098352134623
gs,5,625,0.087772868063113504
gs,5,626,0.087674862156878419
gs,5,627,0.087576965680355098
gs,5,628,0.087479178511394223
gs,5,629,0.087381500527983227
gs,5,630,0.087283931608244325
gs,5,631,0.087186471630436607
gs,5,632,0.087089120472952836
gs,5,633,0.086991878014323412
gs,5,634,0.086894744133212784
gs,5,635,0.086797718708421234
gs,5,636,0.086700801618883369
gs,5,637,0.08660399274366859
gs,5,638,0.086507291961982258
gs,5,639,0.086410699153163212
gs,5,640,0.086314214196684114
gs,5,641,0.086217836972153752
gs,5,642,0.086121567359313103
gs,5,643,0.086025405238038158
gs,5,644,0.085929350488338468
gs,5,645,0.085833402990358132
gs,5,646,0.085737562624373043
gs,5,647,0.085641829270793973
gs,5,648,0.08554620281016323
gs,5,649,0.085450683123158955
gs,5,650,0.085355270090589699
gs,5,651,0.085259963593398269
gs,5,652,0.085164763512659142
gs,5,653,0.085069669729579508
gs,5,654,0.084974682125499676
gs,5,655,0.084879800581891526
gs,5,656,0.084785024980359086
gs,5,657,0.084690355202638998
gs,5,658,0.084595791130597883
gs,5,659,0.084501332646235938
gs,5,660,0.084406979631684434
gs,5,661,0.084312731969204815
gs,5,662,0.084218589541191255
gs,5,663,0.084124552230168001
gs,5,664,0.084030619918790572
gs,5,665,0.083936792489844717
gs,5,666,0.083843069826248173
gs,5,667,0.083749451811048148
gs,5,668,0.083655938327422075
gs,5,669,0.083562529258677562
gs,5,670,0.083469224488253377
gs,5,671,0.083376023899716212
gs,5,672,0.083282927376764668
gs,5,673,0.083189934803226714
gs,5,674,0.083097046063056873
gs,5,675,0.083004261040343502
gs,5,676,0.082911579619300152
gs,5,677,0.082819001684272961
gs,5,678,0.082726527119733231
gs,5,679,0.082634155810284424
gs,5,680,0.082541887640656786
gs,5,681,0.082449722495709546
gs,5,682,0.082357660260429857
gs,5,683,0.082265700819933618
gs,5,684,0.082173844059465498
gs,5,685,0.082082089864395719
gs,5,686,0.081990438120224621
gs,5,687,0.081898888712579401
gs,5,688,0.081807441527214031
gs,5,689,0.081716096450011683
gs,5,690,0.081624853366980929
gs,5,691,0.081533712164258046
gs,5,692,0.081442672728106236
gs,5,693,0.081351734944915655
gs,5,694,0.081260898701202608
gs,5,695,0.081170163883611271
gs,5,696,0.081079530378910372
gs,5,697,0.080988998073996732
gs,5,698,0.080898566855891016
gs,5,699,0.080808236611742981
gs,5,700,0.080718007228823913
gs,5,701,0.08062787859453531
gs,5,702,0.080537850596401631
gs,5,703,0.080447923122072731
gs,5,704,0.080358096059324952
gs,5,705,0.080268369296058989
gs,5,706,0.080178742720300136
gs,5,707,0.080089216220199697
gs,5,708,0.079999789684032513
gs,5,709,0.079910463000198995
gs,5,710,0.079821236057223341
gs,5,711,0.07973210874375436
gs,5,712,0.079643080948564107
gs,5,713,0.079554152560551317
gs,5,714,0.079465323468734403
gs,5,715,0.079376593562260303
gs,5,716,0.079287962730395858
gs,5,717,0.079199430862532866
gs,5,718,0.079110997848185927
gs,5,719,0.079022663576994473
gs,5,720,0.07893442793871927
gs,5,721,0.078846290823243792
gs,5,722,0.078758252120575994
gs,5,723,0.078670311720845251
gs,5,724,0.078582469514303588
gs,5,725,0.078494725391326278
gs,5,726,0.078407079242409888
gs,5,727,0.078319530958172651
gs,5,728,0.078232080429356754
gs,5,729,0.078144727546824666
gs,5,730,0.07805747220156023
gs,5,731,0.077970314284670897
gs,5,732,0.077883253687383316
gs,5,733,0.077796290301047191
gs,5,734,0.077709424017132142
gs,5,735,0.077622654727229123
gs,5,736,0.077535982323050701
gs,5,737,0.077449406696429399
gs,5,738,0.07736292773931927
gs,5,739,0.077276545343793218
gs,5,740,0.077190259402047129
gs,5,741,0.07710406980639474
gs,5,742,0.07701797644927115
gs,5,743,0.076931979223230362
gs,5,744,0.076846078020947839
gs,5,745,0.076760272735217808
gs,5,746,0.076674563258953568
gs,5,747,0.076588949485188892
gs,5,748,0.076503431307076125
gs,5,749,0.076418008617888097
gs,5,750,0.07633268131101445
gs,5,751,0.07624744927996549
gs,5,752,0.076162312418369613
gs,5,753,0.076077270619974824
gs,5,754,0.075992323778646384
gs,5,755,0.075907471788368319
gs,5,756,0.075822714543243047
gs,5,757,0.07573805193749189
gs,5,758,0.075653483865452092
gs,5,759,0.075569010221581537
gs,5,760,0.075484630900453042
gs,5,761,0.075400345796759277
gs,5,762,0.075316154805309538
gs,5,763,0.075232057821030499
gs,5,764,0.075148054738965936
gs,5,765,0.07506414545427631
gs,5,766,0.074980329862239972
gs,5,767,0.074896607858251557
gs,5,768,0.074812979337822078
gs,5,769,0.074729444196580258
gs,5,770,0.074646002330270161
gs,5,771,0.074562653634752507
gs,5,772,0.074479398006004283
gs,5,773,0.074396235340117967
gs,5,774,0.074313165533304276
gs,5,775,0.074230188481885409
gs,5,776,0.074147304082303564
gs,5,777,0.074064512231113294
gs,5,778,0.073981812824987572
gs,5,779,0.073899205760711725
gs,5,780,0.073816690935187584
gs,5,781,0.07373426824543243
gs,5,782,0.073651937588577743
gs,5,783,0.073569698861870508
gs,5,784,0.07348755196267108
gs,5,785,0.073405496788455038
gs,5,786,0.073323533236811858
gs,5,787,0.073241661205447978
gs,5,788,0.073159880592180551
gs,5,789,0.073078191294941489
gs,5,790,0.072996593211777663
gs,5,791,0.072915086240848706
gs,5,792,0.072833670280428892
gs,5,793,0.072752345228905488
gs,5,794,0.072671110984778187
gs,5,795,0.072589967446661408
gs,5,796,0.072508914513282688
gs,5,797,0.072427952083480782
gs,5,798,0.072347080056210017
gs,5,799,0.072266298330534037
gs,5,800,0.072185606805632976
gs,5,801,0.0721050053807962
gs,5,802,0.07202449395542744
gs,5,803,0.071944072429041744
gs,5,804,0.071863740701267428
gs,5,805,0.071783498671842416
gs,5,806,0.071703346240619512
gs,5,807,0.071623283307560584
gs,5,808,0.071543309772741398
gs,5,809,0.071463425536347269
gs,5,810,0.071383630498676548
gs,5,811,0.071303924560137941
gs,5,812,0.071224307621251218
gs,5,813,0.071144779582647061
gs,5,814,0.071065340345068923
gs,5,815,0.070985989809366948
gs,5,816,0.070906727876505843
gs,5,817,0.070827554447560517
gs,5,818,0.070748469423713337
gs,5,819,0.070669472706258965
gs,5,820,0.070590564196603325
gs,5,821,0.070511743796259616
gs,5,822,0.070433011406853485
gs,5,823,0.070354366930118539
gs,5,824,0.07027581026789935
gs,5,825,0.070197341322148596
gs,5,826,0.070118959994929592
gs,5,827,0.070040666188415396
gs,5,828,0.069962459804886121
gs,5,829,0.069884340746733303
gs,5,830,0.06980630891645527
gs,5,831,0.069728364216661148
gs,5,832,0.069650506550067839
gs,5,833,0.069572735819499701
gs,5,834,0.069495051927891988
gs,5,835,0.069417454778285897
gs,5,836,0.069339944273832874
gs,5,837,0.069262520317790163
gs,5,838,0.069185182813524759
gs,5,839,0.069107931664511818
gs,5,840,0.069030766774332564
gs,5,841,0.068953688046676884
gs,5,842,0.068876695385341219
gs,5,843,0.068799788694231048
gs,5,844,0.068722967877357571
gs,5,845,0.068646232838840263
gs,5,846,0.068569583482904345
gs,5,847,0.068493019713882289
gs,5,848,0.068416541436215214
gs,5,849,0.068340148554446978
gs,5,850,0.068263840973232931
gs,5,851,0.068187618597330135
gs,5,852,0.068111481331604398
gs,5,853,0.068035429081028262
gs,5,854,0.06795946175067899
gs,5,855,0.067883579245739165
gs,5,856,0.067807781471500031
gs,5,857,0.067732068333354656
gs,5,858,0.067656439736805588
gs,5,859,0.067580895587458292
gs,5,860,0.067505435791023985
gs,5,861,0.067430060253320073
gs,5,862,0.067354768880267687
gs,5,863,0.06727956157789472
gs,5,864,0.067204438252332147
gs,5,865,0.067129398809816471
gs,5,866,0.067054443156689722
gs,5,867,0.066979571199396917
gs,5,868,0.066904782844488225
gs,5,869,0.066830077998618939
gs,5,870,0.066755456568546367
gs,5,871,0.066680918461134386
gs,5,872,0.066606463583348957
gs,5,873,0.066532091842261054
gs,5,874,0.066457803145044153
gs,5,875,0.066383597398976507
gs,5,876,0.066309474511439773
gs,5,877,0.06623543438991894
gs,5,878,0.066161476942001071
gs,5,879,0.066087602075377894
gs,5,880,0.066013809697842749
gs,5,881,0.065940099717293407
gs,5,882,0.065866472041729518
gs,5,883,0.065792926579253314
gs,5,884,0.06571946323807111
gs,5,885,0.065646081926489117
gs,5,886,0.065572782552918166
gs,5,887,0.065499565025869455
gs,5,888,0.065426429253958848
gs,5,889,0.065353375145900561
gs,5,890,0.065280402610514945
gs,5,891,0.065207511556720166
gs,5,892,0.065134701893538191
gs,5,893,0.065061973530092909
gs,5,894,0.064989326375608475
gs,5,895,0.064916760339410226
gs,5,896,0.064844275330926418
gs,5,897,0.064771871259684644
gs,5,898,0.064699548035314483
gs,5,899,0.064627305567545298
gs,5,900,0.064555143766208731
gs,5,901,0.064483062541236535
gs,5,902,0.06441106180265882
gs,5,903,0.064339141460610635
gs,5,904,0.064267301425323151
gs,5,905,0.064195541607129536
gs,5,906,0.064123861916462729
gs,5,907,0.064052262263856644
gs,5,908,0.063980742559943488
gs,5,909,0.063909302715456084
gs,5,910,0.063837942641226664
gs,5,911,0.063766662248186973
gs,5,912,0.063695461447368359
gs,5,913,0.063624340149901648
gs,5,914,0.063553298267016403
gs,5,915,0.063482335710041485
gs,5,916,0.063411452390404729
gs,5,917,0.06334064821963277
gs,5,918,0.06326992310935127
gs,5,919,0.063199276971284649
gs,5,920,0.063128709717254983
gs,5,921,0.0630582212591832
gs,5,922,0.062987811509089511
gs,5,923,0.062917480379091201
gs,5,924,0.062847227781403753
gs,5,925,0.06277705362834167
gs,5,926,0.062706957832315183
gs,5,927,0.062636940305834429
gs,5,928,0.062567000961506872
gs,5,929,0.062497139712036354
gs,5,930,0.062427356470225515
gs,5,931,0.0623576511489735
gs,5,932,0.062288023661277343
gs,5,933,0.062218473920229861
gs,5,934,0.062149001839021549
gs,5,935,0.062079607330941845
gs,5,936,0.062010290309373259
gs,5,937,0.061941050687798663
gs,5,938,0.061871888379794841
gs,5,939,0.061802803299036167
gs,5,940,0.061733795359292701
gs,5,941,0.061664864474431265
gs,5,942,0.061596010558416084
gs,5,943,0.061527233525305085
gs,5,944,0.061458533289253478
gs,5,945,0.061389909764512592
gs,5,946,0.061321362865427394
gs,5,947,0.061252892506441441
gs,5,948,0.061184498602091825
gs,5,949,0.061116181067011881
gs,5,950,0.061047939815929583
gs,5,951,0.060979774763668899
gs,5,952,0.060911685825147936
gs,5,953,0.060843672915380981
gs,5,954,0.06077573594947594
gs,5,955,0.060707874842635651
gs,5,956,0.060640089510159069
gs,5,957,0.060572379867437916
gs,5,958,0.060504745829959551
gs,5,959,0.06043718731330544
gs,5,960,0.060369704233149996
gs,5,961,0.06030229650526376
gs,5,962,0.060234964045510209
gs,5,963,0.060167706769847056
gs,5,964,0.060100524594324502
gs,5,965,0.060033417435089879
gs,5,966,0.059966385208380067
gs,5,967,0.059899427830528443
gs,5,968,0.059832545217959478
gs,5,969,0.059765737287193546
gs,5,970,0.059699003954841505
gs,5,971,0.059632345137609594
gs,5,972,0.059565760752295666
gs,5,973,0.059499250715790812
gs,5,974,0.059432814945078905
gs,5,975,0.059366453357236157
gs,5,976,0.059300165869432167
gs,5,977,0.059233952398929104
gs,5,978,0.059167812863079983
gs,5,979,0.059101747179331199
gs,5,980,0.059035755265220917
gs,5,981,0.058969837038380428
gs,5,982,0.058903992416531548
gs,5,983,0.058838221317489121
gs,5,984,0.058772523659158568
gs,5,985,0.058706899359538156
gs,5,986,0.058641348336715707
gs,5,987,0.058575870508873702
gs,5,988,0.058510465794283283
gs,5,989,0.058445134111307813
gs,5,990,0.058379875378401544
gs,5,991,0.058314689514109605
gs,5,992,0.058249576437068851
gs,5,993,0.058184536066006744
gs,5,994,0.058119568319741195
gs,5,995,0.058054673117179746
gs,5,996,0.057989850377322551
gs,5,997,0.057925100019258643
gs,5,998,0.057860421962167709
gs,5,999,0.057795816125320434
gs,5,1000,0.057731282428076902
gs,5,1001,0.057666820789886671
gs,5,1002,0.057602431130290781
gs,5,1003,0.057538113368918876
gs,5,1004,0.057473867425490266
gs,5,1005,0.057409693219814852
gs,5,1006,0.05734559067179102
gs,5,1007,0.057281559701407574
gs,5,1008,0.057217600228742074
gs,5,1009,0.057153712173960897
gs,5,1010,0.057089895457320322
gs,5,1011,0.057026149999165485
gs,5,1012,0.056962475719930399
gs,5,1013,0.056898872540137403
gs,5,1014,0.056835340380398364
gs,5,1015,0.056771879161412797
gs,5,1016,0.056708488803970405
gs,5,1017,0.056645169228947446
gs,5,1018,0.056581920357309384
gs,5,1019,0.05651874211011014
gs,5,1020,0.056455634408491745
gs,5,1021,0.056392597173684056
gs,5,1022,0.056329630327004075
gs,5,1023,0.056266733789857901
gs,5,1024,0.056203907483739733
gs,5,1025,0.056141151330228643
gs,5,1026,0.056078465250995496
gs,5,1027,0.056015849167794875
gs,5,1028,0.055953303002470228
gs,5,1029,0.055890826676952512
gs,5,1030,0.055828420113260058
gs,5,1031,0.055766083233496598
gs,5,1032,0.055703815959854741
gs,5,1033,0.055641618214612859
gs,5,1034,0.055579489920136609
gs,5,1035,0.055517430998877786
gs,5,1036,0.055455441373375845
gs,5,1037,0.055393520966254925
gs,5,1038,0.055331669700228001
gs,5,1039,0.055269887498091738
gs,5,1040,0.055208174282730886
gs,5,1041,0.055146529977114805
gs,5,1042,0.055084954504301321
gs,5,1043,0.055023447787430589
gs,5,1044,0.054962009749731797
gs,5,1045,0.05490064031451812
gs,5,1046,0.054839339405188828
gs,5,1047,0.05477810694522809
gs,5,1048,0.054716942858207107
gs,5,1049,0.054655847067781232
gs,5,1050,0.054594819497689677
gs,5,1051,0.05453386007176033
gs,5,1052,0.054472968713902524
gs,5,1053,0.054412145348113762
gs,5,1054,0.054351389898473899
gs,5,1055,0.054290702289147334
gs,5,1056,0.054230082444385729
gs,5,1057,0.054169530288523914
gs,5,1058,0.054109045745980459
gs,5,1059,0.054048628741258771
gs,5,1060,0.053988279198946575
gs,5,1061,0.05392799704371741
gs,5,1062,0.053867782200325613
gs,5,1063,0.053807634593612999
gs,5,1064,0.053747554148502456
gs,5,1065,0.053687540790002007
gs,5,1066,0.053627594443203905
gs,5,1067,0.053567715033283163
gs,5,1068,0.053507902485498395
gs,5,1069,0.053448156725192528
gs,5,1070,0.05338847767779023
gs,5,1071,0.053328865268801186
gs,5,1072,0.053269319423817636
gs,5,1073,0.053209840068513897
gs,5,1074,0.053150427128648543
gs,5,1075,0.053091080530062409
gs,5,1076,0.053031800198679618
gs,5,1077,0.052972586060505887
gs,5,1078,0.052913438041630838
gs,5,1079,0.052854356068226908
gs,5,1080,0.052795340066546834
gs,5,1081,0.05273638996292828
gs,5,1082,0.052677505683788817
gs,5,1083,0.052618687155629694
gs,5,1084,0.052559934305034223
gs,5,1085,0.05250124705866558
gs,5,1086,0.052442625343272535
gs,5,1087,0.052384069085683278
gs,5,1088,0.0523255782128067
gs,5,1089,0.052267152651635569
gs,5,1090,0.052208792329243442
gs,5,1091,0.052150497172785026
gs,5,1092,0.052092267109494932
gs,5,1093,0.052034102066692033
gs,5,1094,0.051976001971774467
gs,5,1095,0.051917966752221337
gs,5,1096,0.051859996335594113
gs,5,1097,0.051802090649532805
gs,5,1098,0.051744249621760684
gs,5,1099,0.051686473180080621
gs,5,1100,0.051628761252374873
gs,5,1101,0.051571113766607925
gs,5,1102,0.051513530650824986
gs,5,1103,0.051456011833151058
gs,5,1104,0.051398557241789267
gs,5,1105,0.051341166805026192
gs,5,1106,0.051283840451227122
gs,5,1107,0.051226578108837705
gs,5,1108,0.051169379706380726
gs,5,1109,0.051112245172464384
gs,5,1110,0.051055174435770387
gs,5,1111,0.050998167425064668
gs,5,1112,0.050941224069190411
gs,5,1113,0.050884344297071261
gs,5,1114,0.050827528037709631
gs,5,1115,0.050770775220187206
gs,5,1116,0.050714085773665048
gs,5,1117,0.050657459627382814
gs,5,1118,0.050600896710661217
gs,5,1119,0.050544396952896878
gs,5,1120,0.050487960283567827
gs,5,1121,0.050431586632227722
gs,5,1122,0.050375275928513104
gs,5,1123,0.050319028102135385
gs,5,1124,0.050262843082886782
gs,5,1125,0.050206720800635929
gs,5,1126,0.050150661185331513
gs,5,1127,0.05009466416700082
gs,5,1128,0.050038729675746289
gs,5,1129,0.04998285764175095
gs,5,1130,0.049927047995275607
gs,5,1131,0.049871300666658618
gs,5,1132,0.04981561558631481
gs,5,1133,0.049759992684739345
gs,5,1134,0.049704431892502794
gs,5,1135,0.049648933140254162
gs,5,1136,0.049593496358718535
gs,5,1137,0.049538121478701458
gs,5,1138,0.049482808431082569
gs,5,1139,0.04942755714682022
gs,5,1140,0.049372367556949404
gs,5,1141,0.049317239592582794
gs,5,1142,0.049262173184908484
gs,5,1143,0.04920716826519269
gs,5,1144,0.04915222476477802
gs,5,1145,0.049097342615084173
gs,5,1146,0.049042521747606344
gs,5,1147,0.048987762093917392
gs,5,1148,0.048933063585665688
gs,5,1149,0.048878426154576632
gs,5,1150,0.048823849732451234
gs,5,1151,0.048769334251166876
gs,5,1152,0.048714879642676921
gs,5,1153,0.048660485839011558
gs,5,1154,0.048606152772275472
gs,5,1155,0.048551880374649262
gs,5,1156,0.04849766857839128
gs,5,1157,0.048443517315832962
gs,5,1158,0.048389426519382363
gs,5,1159,0.048335396121523301
gs,5,1160,0.048281426054815696
gs,5,1161,0.048227516251892068
gs,5,1162,0.048173666645462673
gs,5,1163,0.048119877168312356
gs,5,1164,0.048066147753300363
gs,5,1165,0.048012478333360663
gs,5,1166,0.047958868841503889
gs,5,1167,0.047905319210814284
gs,5,1168,0.047851829374449747
gs,5,1169,0.047798399265644921
gs,5,1170,0.047745028817707147
gs,5,1171,0.047691717964019331
gs,5,1172,0.047638466638038765
gs,5,1173,0.047585274773297201
gs,5,1174,0.047532142303399146
gs,5,1175,0.047479069162024219
gs,5,1176,0.0474260552829271
gs,5,1177,0.047373100599935186
gs,5,1178,0.047320205046949185
gs,5,1179,0.047267368557945486
gs,5,1180,0.047214591066972504
gs,5,1181,0.047161872508153853
gs,5,1182,0.047109212815684406
gs,5,1183,0.047056611923834576
gs,5,1184,0.047004069766947744
gs,5,1185,0.046951586279440807
gs,5,1186,0.046899161395802524
gs,5,1187,0.046846795050595309
gs,5,1188,0.046794487178456648
gs,5,1189,0.046742237714094116
gs,5,1190,0.046690046592289862
gs,5,1191,0.0466379137478986
gs,5,1192,0.046585839115847363
gs,5,1193,0.046533822631136271
gs,5,1194,0.04648186422883837
gs,5,1195,0.04642996384409763
gs,5,1196,0.046378121412132253
gs,5,1197,0.046326336868231906
gs,5,1198,0.046274610147759333
gs,5,1199,0.046222941186147441
gs,5,1200,0.046171329918903534
gs,5,1201,0.046119776281605802
gs,5,1202,0.046068280209903674
gs,5,1203,0.046016841639520238
gs,5,1204,0.045965460506248682
gs,5,1205,0.045914136745955805
gs,5,1206,0.045862870294576939
gs,5,1207,0.045811661088122013
gs,5,1208,0.045760509062671088
gs,5,1209,0.045709414154375912
gs,5,1210,0.045658376299458604
gs,5,1211,0.045607395434213445
gs,5,1212,0.04555647149500533
gs,5,1213,0.045505604418271325
gs,5,1214,0.045454794140517625
gs,5,1215,0.045404040598323363
gs,5,1216,0.045353343728336347
gs,5,1217,0.045302703467277119
gs,5,1218,0.045252119751934973
gs,5,1219,0.045201592519171746
gs,5,1220,0.045151121705919228
gs,5,1221,0.045100707249176773
gs,5,1222,0.04505034908601966
gs,5,1223,0.045000047153587942
gs,5,1224,0.044949801389095233
gs,5,1225,0.044899611729823666
gs,5,1226,0.04484947811312661
gs,5,1227,0.044799400476426575
gs,5,1228,0.044749378757215449
gs,5,1229,0.044699412893055866
gs,5,1230,0.044649502821580506
gs,5,1231,0.04459964848049059
gs,5,1232,0.04454984980755658
gs,5,1233,0.044500106740620347
gs,5,1234,0.044450419217591935
gs,5,1235,0.044400787176449928
gs,5,1236,0.044351210555243631
gs,5,1237,0.0443016892920911
gs,5,1238,0.044252223325178856
gs,5,1239,0.04420281259276352
gs,5,1240,0.044153457033168871
gs,5,1241,0.044104156584789868
gs,5,1242,0.044054911186088522
gs,5,1243,0.044005720775596224
gs,5,1244,0.043956585291913444
gs,5,1245,0.043907504673707257
gs,5,1246,0.04385847885971627
gs,5,1247,0.043809507788744512
gs,5,1248,0.043760591399666995
gs,5,1249,0.043711729631424473
gs,5,1250,0.043662922423027613
gs,5,1251,0.043614169713554508
gs,5,1252,0.043565471442151796
gs,5,1253,0.043516827548032981
gs,5,1254,0.043468237970480807
gs,5,1255,0.043419702648844552
gs,5,1256,0.043371221522542851
gs,5,1257,0.043322794531059021
gs,5,1258,0.04327442161394815
gs,5,1259,0.043226102710828614
gs,5,1260,0.043177837761389261
gs,5,1261,0.043129626705385324
gs,5,1262,0.043081469482637774
gs,5,1263,0.043033366033037777
gs,5,1264,0.042985316296540309
gs,5,1265,0.042937320213170233
gs,5,1266,0.042889377723018061
gs,5,1267,0.042841488766240873
gs,5,1268,0.042793653283063497
gs,5,1269,0.042745871213776286
gs,5,1270,0.042698142498739093
gs,5,1271,0.042650467078372972
gs,5,1272,0.042602844893171107
gs,5,1273,0.04255527588369034
gs,5,1274,0.042507759990554853
gs,5,1275,0.042460297154453631
gs,5,1276,0.042412887316143247
gs,5,1277,0.042365530416446813
gs,5,1278,0.04231822639625183
gs,5,1279,0.042270975196513065
gs,5,1280,0.042223776758251425
gs,5,1281,0.04217663102255239
gs,5,1282,0.042129537930568832
gs,5,1283,0.04208249742351735
gs,5,1284,0.042035509442681841
gs,5,1285,0.04198857392941191
gs,5,1286,0.041941690825120892
gs,5,1287,0.041894860071289571
gs,5,1288,0.041848081609462143
gs,5,1289,0.041801355381249704
gs,5,1290,0.041754681328327617
gs,5,1291,0.041708059392437165
gs,5,1292,0.041661489515384217
gs,5,1293,0.041614971639038434
gs,5,1294,0.041568505705336566
gs,5,1295,0.041522091656278487
gs,5,1296,0.041475729433930075
gs,5,1297,0.041429418980421254
gs,5,1298,0.041383160237946512
gs,5,1299,0.04133695314876433
gs,5,1300,0.041290797655199447
gs,5,1301,0.041244693699639116
gs,5,1302,0.041198641224536252
gs,5,1303,0.041152640172407044
gs,5,1304,0.041106690485831904
gs,5,1305,0.04106079210745664
gs,5,1306,0.04101494497998965
gs,5,1307,0.040969149046203558
gs,5,1308,0.040923404248936868
gs,5,1309,0.040877710531087644
gs,5,1310,0.040832067835622397
gs,5,1311,0.040786476105568063
gs,5,1312,0.040740935284016851
gs,5,1313,0.040695445314123023
gs,5,1314,0.040650006139107166
gs,5,1315,0.040604617702249927
gs,5,1316,0.040559279946897377
gs,5,1317,0.040513992816457657
gs,5,1318,0.040468756254402792
gs,5,1319,0.040423570204268601
gs,5,1320,0.040378434609652208
gs,5,1321,0.040333349414214958
gs,5,1322,0.040288314561681041
gs,5,1323,0.040243329995836553
gs,5,1324,0.040198395660531842
gs,5,1325,0.040153511499679453
gs,5,1326,0.04010867745725246
gs,5,1327,0.040063893477289739
gs,5,1328,0.040019159503891621
gs,5,1329,0.039974475481219018
gs,5,1330,0.039929841353497982
gs,5,1331,0.039885257065014397
gs,5,1332,0.039840722560117663
gs,5,1333,0.03979623778321921
gs,5,1334,0.039751802678792976
gs,5,1335,0.039707417191373884
gs,5,1336,0.039663081265558849
gs,5,1337,0.039618794846007464
gs,5,1338,0.039574557877441158
gs,5,1339,0.039530370304641509
gs,5,1340,0.039486232072454427
gs,5,1341,0.039442143125783369
gs,5,1342,0.039398103409597901
gs,5,1343,0.039354112868926511
gs,5,1344,0.039310171448859024
gs,5,1345,0.039266279094547343
gs,5,1346,0.039222435751203787
gs,5,1347,0.039178641364103671
gs,5,1348,0.039134895878580114
gs,5,1349,0.039091199240031078
gs,5,1350,0.039047551393913242
gs,5,1351,0.039003952285743895
gs,5,1352,0.038960401861101966
gs,5,1353,0.038916900065628229
gs,5,1354,0.038873446845022044
gs,5,1355,0.038830042145044069
gs,5,1356,0.038786685911516877
gs,5,1357,0.038743378090321162
gs,5,1358,0.038700118627400582
gs,5,1359,0.038656907468758051
gs,5,1360,0.03861374456045507
gs,5,1361,0.038570629848616721
gs,5,1362,0.038527563279425192
gs,5,1363,0.038484544799124644
gs,5,1364,0.038441574354018598
gs,5,1365,0.038398651890470967
gs,5,1366,0.038355777354904398
gs,5,1367,0.038312950693802521
gs,5,1368,0.038270171853708346
gs,5,1369,0.038227440781225114
gs,5,1370,0.038184757423014151
gs,5,1371,0.038142121725797659
gs,5,1372,0.038099533636358096
gs,5,1373,0.038056993101534008
gs,5,1374,0.038014500068228027
gs,5,1375,0.037972054483398229
gs,5,1376,0.037929656294063509
gs,5,1377,0.037887305447301421
gs,5,1378,0.03784500189024953
gs,5,1379,0.037802745570103116
gs,5,1380,0.037760536434117364
gs,5,1381,0.037718374429606641
gs,5,1382,0.037676259503943058
gs,5,1383,0.037634191604557547
gs,5,1384,0.037592170678941016
gs,5,1385,0.037550196674641712
gs,5,1386,0.03750826953926676
gs,5,1387,0.037466389220482822
gs,5,1388,0.037424555666012792
gs,5,1389,0.03738276882364111
gs,5,1390,0.037341028641206815
gs,5,1391,0.037299335066610255
gs,5,1392,0.037257688047808137
gs,5,1393,0.037216087532816348
gs,5,1394,0.037174533469707428
gs,5,1395,0.03713302580661472
gs,5,1396,0.037091564491725487
gs,5,1397,0.037050149473288246
gs,5,1398,0.037008780699607828
gs,5,1399,0.036967458119046455
gs,5,1400,0.036926181680025323
gs,5,1401,0.036884951331021217
gs,5,1402,0.036843767020571183
gs,5,1403,0.036802628697266866
gs,5,1404,0.036761536309759889
gs,5,1405,0.036720489806756858
gs,5,1406,0.036679489137023215
gs,5,1407,0.036638534249381648
gs,5,1408,0.036597625092710057
gs,5,1409,0.036556761615946613
gs,5,1410,0.036515943768083606
gs,5,1411,0.036475171498171997
gs,5,1412,0.036434444755318887
gs,5,1413,0.036393763488688995
gs,5,1414,0.036353127647501461
gs,5,1415,0.036312537181035762
gs,5,1416,0.036271992038625009
gs,5,1417,0.036231492169660873
gs,5,1418,0.036191037523589271
gs,5,1419,0.036150628049915111
gs,5,1420,0.036110263698198732
gs,5,1421,0.036069944418056298
gs,5,1422,0.036029670159159713
gs,5,1423,0.035989440871238072
gs,5,1424,0.035949256504077487
gs,5,1425,0.035909117007517782
gs,5,1426,0.035869022331457709
gs,5,1427,0.035828972425848281
gs,5,1428,0.035788967240699757
gs,5,1429,0.035749006726076817
gs,5,1430,0.035709090832099645
gs,5,1431,0.035669219508944972
gs,5,1432,0.035629392706843573
gs,5,1433,0.035589610376083498
gs,5,1434,0.035549872467008824
gs,5,1435,0.035510178930016317
gs,5,1436,0.035470529715559598
gs,5,1437,0.03543092477414897
gs,5,1438,0.03539136405634797
gs,5,1439,0.035351847512776632
gs,5,1440,0.035312375094109137
gs,5,1441,0.035272946751076409
gs,5,1442,0.035233562434461005
gs,5,1443,0.035194222095104588
gs,5,1444,0.035154925683901009
gs,5,1445,0.035115673151800246
gs,5,1446,0.035076464449805674
gs,5,1447,0.035037299528977342
gs,5,1448,0.034998178340427406
gs,5,1449,0.034959100835326093
gs,5,1450,0.03492006696489329
gs,5,1451,0.034881076680408685
gs,5,1452,0.034842129933202584
gs,5,1453,0.034803226674661097
gs,5,1454,0.034764366856224166
gs,5,1455,0.034725550429387617
gs,5,1456,0.034686777345697584
gs,5,1457,0.034648047556758439
gs,5,1458,0.034609361014226826
gs,5,1459,0.034570717669812817
gs,5,1460,0.034532117475281079
gs,5,1461,0.034493560382450661
gs,5,1462,0.034455046343193622
gs,5,1463,0.034416575309435114
gs,5,1464,0.034378147233156603
gs,5,1465,0.034339762066389286
gs,5,1466,0.03430141976122205
gs,5,1467,0.034263120269793723
gs,5,1468,0.034224863544299385
gs,5,1469,0.03418664953698404
gs,5,1470,0.034148478200150732
gs,5,1471,0.034110349486152297
gs,5,1472,0.034072263347395326
gs,5,1473,0.034034219736340271
gs,5,1474,0.033996218605500242
gs,5,1475,0.033958259907441675
gs,5,1476,0.03392034359478327
gs,5,1477,0.033882469620197649
gs,5,1478,0.033844637936408933
gs,5,1479,0.03380684849619605
gs,5,1480,0.033769101252389036
gs,5,1481,0.033731396157869555
gs,5,1482,0.03369373316557607
gs,5,1483,0.033656112228494843
gs,5,1484,0.033618533299667207
gs,5,1485,0.033580996332185802
gs,5,1486,0.033543501279197752
gs,5,1487,0.033506048093899225
gs,5,1488,0.033468636729541326
gs,5,1489,0.033431267139427318
gs,5,1490,0.033393939276909423
gs,5,1491,0.03335665309539592
gs,5,1492,0.033319408548344809
gs,5,1493,0.033282205589267387
gs,5,1494,0.033245044171725247
gs,5,1495,0.033207924249333012
gs,5,1496,0.033170845775756796
gs,5,1497,0.033133808704715002
gs,5,1498,0.033096812989976888
gs,5,1499,0.033059858585363186
gs,5,1500,0.033022945444746911
gs,5,1501,0.032986073522053176
gs,5,1502,0.032949242771256673
gs,5,1503,0.032912453146384524
gs,5,1504,0.032875704601515392
gs,5,1505,0.032838997090778956
gs,5,1506,0.032802330568356311
gs,5,1507,0.03276570498847893
gs,5,1508,0.032729120305431118
gs,5,1509,0.032692576473546384
gs,5,1510,0.032656073447209444
gs,5,1511,0.032619611180857815
gs,5,1512,0.03258318962897705
gs,5,1513,0.032546808746106042
gs,5,1514,0.032510468486832977
gs,5,1515,0.032474168805797468
gs,5,1516,0.032437909657689161
gs,5,1517,0.032401690997248662
gs,5,1518,0.0323655127792674
gs,5,1519,0.032329374958586586
gs,5,1520,0.032293277490098207
gs,5,1521,0.032257220328744438
gs,5,1522,0.032221203429519424
gs,5,1523,0.032185226747464588
gs,5,1524,0.032149290237673281
gs,5,1525,0.032113393855289586
gs,5,1526,0.032077537555505728
gs,5,1527,0.032041721293565611
gs,5,1528,0.032005945024762755
gs,5,1529,0.031970208704440957
gs,5,1530,0.031934512287992309
gs,5,1531,0.031898855730860681
gs,5,1532,0.031863238988538212
gs,5,1533,0.031827662016567622
gs,5,1534,0.031792124770540768
gs,5,1535,0.031756627206099883
gs,5,1536,0.031721169278934806
gs,5,1537,0.031685750944787976
gs,5,1538,0.031650372159447861
gs,5,1539,0.031615032878755202
gs,5,1540,0.031579733058597424
gs,5,1541,0.031544472654913711
gs,5,1542,0.031509251623691233
gs,5,1543,0.031474069920964895
gs,5,1544,0.031438927502821769
gs,5,1545,0.03140382432539645
gs,5,1546,0.031368760344870142
gs,5,1547,0.031333735517477555
gs,5,1548,0.031298749799499835
gs,5,1549,0.031263803147265672
gs,5,1550,0.031228895517154225
gs,5,1551,0.031194026865594388
gs,5,1552,0.031159197149060472
gs,5,1553,0.031124406324078459
gs,5,1554,0.031089654347221527
gs,5,1555,0.031054941175111178
gs,5,1556,0.031020266764417846
gs,5,1557,0.030985631071860312
gs,5,1558,0.030951034054205798
gs,5,1559,0.030916475668268269
gs,5,1560,0.030881955870912952
gs,5,1561,0.030847474619050318
gs,5,1562,0.030813031869640701
gs,5,1563,0.030778627579691208
gs,5,1564,0.03074426170625795
gs,5,1565,0.030709934206445331
gs,5,1566,0.030675645037404168
gs,5,1567,0.030641394156334607
gs,5,1568,0.030607181520483345
gs,5,1569,0.030573007087145863
gs,5,1570,0.03053887081366459
gs,5,1571,0.030504772657430075
gs,5,1572,0.03047071257588032
gs,5,1573,0.030436690526500495
gs,5,1574,0.030402706466823998
gs,5,1575,0.030368760354430452
gs,5,1576,0.030334852146948178
gs,5,1577,0.030300981802051638
gs,5,1578,0.030267149277463778
gs,5,1579,0.030233354530953601
gs,5,1580,0.030199597520338101
gs,5,1581,0.030165878203481305
gs,5,1582,0.030132196538293243
gs,5,1583,0.030098552482732171
gs,5,1584,0.030064945994802326
gs,5,1585,0.030031377032555928
gs,5,1586,0.029997845554090855
gs,5,1587,0.029964351517553698
gs,5,1588,0.029930894881134578
gs,5,1589,0.02989747560307332
gs,5,1590,0.029864093641654862
gs,5,1591,0.029830748955211532
gs,5,1592,0.029797441502121269
gs,5,1593,0.029764171240809531
gs,5,1594,0.029730938129747041
gs,5,1595,0.02969774212745183
gs,5,1596,0.029664583192487753
gs,5,1597,0.029631461283464965
gs,5,1598,0.029598376359040141
gs,5,1599,0.029565328377915701
gs,5,1600,0.029532317298840746
gs,5,1601,0.029499343080610068
gs,5,1602,0.029466405682063608
gs,5,1603,0.029433505062090051
gs,5,1604,0.02940064117962073
gs,5,1605,0.029367813993634306
gs,5,1606,0.02933502346315485
gs,5,1607,0.029302269547252905
gs,5,1608,0.029269552205044815
gs,5,1609,0.029236871395691491
gs,5,1610,0.029204227078399338
gs,5,1611,0.029171619212422756
gs,5,1612,0.029139047757058091
gs,5,1613,0.029106512671649803
gs,5,1614,0.02907401391558654
gs,5,1615,0.02904155144830313
gs,5,1616,0.029009125229278874
gs,5,1617,0.028976735218037716
gs,5,1618,0.028944381374151083
gs,5,1619,0.028912063657233818
gs,5,1620,0.02887978202694632
gs,5,1621,0.028847536442992868
gs,5,1622,0.028815326865124891
gs,5,1623,0.028783153253137048
gs,5,1624,0.028751015566869868
gs,5,1625,0.028718913766208082
gs,5,1626,0.028686847811082074
gs,5,1627,0.028654817661465676
gs,5,1628,0.028622823277378369
gs,5,1629,0.028590864618884257
gs,5,1630,0.028558941646090699
gs,5,1631,0.028527054319152104
gs,5,1632,0.028495202598266337
gs,5,1633,0.028463386443673369
gs,5,1634,0.02843160581566094
gs,5,1635,0.02839986067455948
gs,5,1636,0.028368150980744168
gs,5,1637,0.028336476694633617
gs,5,1638,0.028304837776691981
gs,5,1639,0.028273234187425725
gs,5,1640,0.028241665887387895
gs,5,1641,0.028210132837173892
gs,5,1642,0.028178634997422444
gs,5,1643,0.028147172328817742
gs,5,1644,0.028115744792087605
gs,5,1645,0.02808435234800381
gs,5,1646,0.028052994957381429
gs,5,1647,0.028021672581078124
gs,5,1648,0.02799038517999753
gs,5,1649,0.027959132715086925
gs,5,1650,0.027927915147334448
gs,5,1651,0.02789673243777506
gs,5,1652,0.02786558454748542
gs,5,1653,0.027834471437585648
gs,5,1654,0.027803393069239134
gs,5,1655,0.02777234940365423
gs,5,1656,0.027741340402080733
gs,5,1657,0.027710366025812866
gs,5,1658,0.027679426236187576
gs,5,1659,0.027648520994584928
gs,5,1660,0.027617650262428815
gs,5,1661,0.027586814001185248
gs,5,1662,0.027556012172363531
gs,5,1663,0.027525244737516798
gs,5,1664,0.027494511658239216
gs,5,1665,0.027463812896169924
gs,5,1666,0.027433148412989841
gs,5,1667,0.02740251817042311
gs,5,1668,0.027371922130235319
gs,5,1669,0.027341360254237501
gs,5,1670,0.027310832504279778
gs,5,1671,0.027280338842257574
gs,5,1672,0.027249879230108239
gs,5,1673,0.027219453629810219
gs,5,1674,0.027189062003387582
gs,5,1675,0.02715870431290213
gs,5,1676,0.027128380520462628
gs,5,1677,0.027098090588218018
gs,5,1678,0.027067834478358737
gs,5,1679,0.027037612153119311
gs,5,1680,0.027007423574775008
gs,5,1681,0.026977268705643841
gs,5,1682,0.026947147508085995
gs,5,1683,0.026917059944503177
gs,5,1684,0.026887005977339052
gs,5,1685,0.026856985569080311
gs,5,1686,0.026826998682255111
gs,5,1687,0.026797045279431893
gs,5,1688,0.026767125323222684
gs,5,1689,0.026737238776280148
gs,5,1690,0.026707385601300183
gs,5,1691,0.026677565761017777
gs,5,1692,0.026647779218212764
gs,5,1693,0.026618025935704986
gs,5,1694,0.026588305876354218
gs,5,1695,0.026558619003063975
gs,5,1696,0.026528965278777995
gs,5,1697,0.026499344666482124
gs,5,1698,0.026469757129202322
gs,5,1699,0.026440202630008534
gs,5,1700,0.026410681132009162
gs,5,1701,0.026381192598354256
gs,5,1702,0.026351736992235947
gs,5,1703,0.026322314276887245
gs,5,1704,0.026292924415581911
gs,5,1705,0.026263567371634419
gs,5,1706,0.026234243108400664
gs,5,1707,0.026204951589277718
gs,5,1708,0.026175692777703451
gs,5,1709,0.026146466637155977
gs,5,1710,0.026117273131153768
gs,5,1711,0.026088112223257565
gs,5,1712,0.026058983877067836
gs,5,1713,0.026029888056226459
gs,5,1714,0.026000824724414326
gs,5,1715,0.025971793845354793
gs,5,1716,0.025942795382810292
gs,5,1717,0.025913829300583942
gs,5,1718,0.025884895562520254
gs,5,1719,0.025855994132502991
gs,5,1720,0.025827124974457112
gs,5,1721,0.0257982880523468
gs,5,1722,0.025769483330176677
gs,5,1723,0.025740710771993726
gs,5,1724,0.025711970341882329
gs,5,1725,0.025683262003967512
gs,5,1726,0.025654585722415094
gs,5,1727,0.025625941461431104
gs,5,1728,0.025597329185261197
gs,5,1729,0.02556874885819016
gs,5,1730,0.025540200444543464
gs,5,1731,0.025511683908685929
gs,5,1732,0.025483199215023584
gs,5,1733,0.025454746328000013
gs,5,1734,0.02542632521210025
gs,5,1735,0.025397935831848663
gs,5,1736,0.025369578151807626
gs,5,1737,0.025341252136582355
gs,5,1738,0.025312957750813755
gs,5,1739,0.025284694959184686
gs,5,1740,0.025256463726417579
gs,5,1741,0.025228264017272191
gs,5,1742,0.025200095796550546
gs,5,1743,0.025171959029090911
gs,5,1744,0.025143853679772333
gs,5,1745,0.025115779713513885
gs,5,1746,0.025087737095272584
gs,5,1747,0.025059725790044923
gs,5,1748,0.025031745762866934
gs,5,1749,0.025003796978812054
gs,5,1750,0.024975879402995272
gs,5,1751,0.024947993000568311
gs,5,1752,0.024920137736722456
gs,5,1753,0.024892313576689324
gs,5,1754,0.024864520485736348
gs,5,1755,0.02483675842917283
gs,5,1756,0.024809027372345402
gs,5,1757,0.024781327280638876
gs,5,1758,0.024753658119477412
gs,5,1759,0.024726019854324467
gs,5,1760,0.024698412450679934
gs,5,1761,0.024670835874084324
gs,5,1762,0.024643290090116225
gs,5,1763,0.024615775064391509
gs,5,1764,0.024588290762565638
gs,5,1765,0.024560837150331725
gs,5,1766,0.024533414193421949
gs,5,1767,0.024506021857605857
gs,5,1768,0.024478660108691853
gs,5,1769,0.02445132891252683
gs,5,1770,0.024424028234994333
gs,5,1771,0.024396758042016863
gs,5,1772,0.024369518299556667
gs,5,1773,0.024342308973610092
gs,5,1774,0.024315130030215768
gs,5,1775,0.024287981435447043
gs,5,1776,0.024260863155416982
gs,5,1777,0.024233775156275651
gs,5,1778,0.024206717404211105
gs,5,1779,0.024179689865449175
gs,5,1780,0.024152692506253751
gs,5,1781,0.024125725292925136
gs,5,1782,0.024098788191802833
gs,5,1783,0.02407188116926344
gs,5,1784,0.024045004191720436
gs,5,1785,0.024018157225626106
gs,5,1786,0.023991340237467969
gs,5,1787,0.023964553193773851
gs,5,1788,0.023937796061106052
gs,5,1789,0.023911068806067082
gs,5,1790,0.02388437139529415
gs,5,1791,0.023857703795463581
gs,5,1792,0.023831065973287661
gs,5,1793,0.02380445789551695
gs,5,1794,0.023777879528938461
gs,5,1795,0.02375133084037527
gs,5,1796,0.023724811796690167
gs,5,1797,0.023698322364780585
gs,5,1798,0.023671862511582275
gs,5,1799,0.023645432204066386
gs,5,1800,0.02361903140924327
gs,5,1801,0.023592660094157739
gs,5,1802,0.023566318225892755
gs,5,1803,0.023540005771567875
gs,5,1804,0.023513722698338367
gs,5,1805,0.023487468973398692
gs,5,1806,0.023461244563976066
gs,5,1807,0.023435049437338613
gs,5,1808,0.023408883560788182
gs,5,1809,0.023382746901663226
gs,5,1810,0.023356639427338746
gs,5,1811,0.023330561105229106
gs,5,1812,0.023304511902781069
gs,5,1813,0.023278491787478928
gs,5,1814,0.023252500726844538
gs,5,1815,0.023226538688435324
gs,5,1816,0.023200605639844274
gs,5,1817,0.023174701548700546
gs,5,1818,0.02314882638267178
gs,5,1819,0.02312298010945775
gs,5,1820,0.023097162696797888
gs,5,1821,0.02307137411246574
gs,5,1822,0.023045614324271407
gs,5,1823,0.023019883300060787
gs,5,1824,0.022994181007716014
gs,5,1825,0.022968507415154455
gs,5,1826,0.022942862490329501
gs,5,1827,0.022917246201231901
gs,5,1828,0.022891658515884129
gs,5,1829,0.022866099402349099
gs,5,1830,0.022840568828723276
gs,5,1831,0.022815066763137323
gs,5,1832,0.022789593173759018
gs,5,1833,0.022764148028793146
gs,5,1834,0.022738731296476924
gs,5,1835,0.022713342945085258
gs,5,1836,0.022687982942928085
gs,5,1837,0.022662651258348546
gs,5,1838,0.022637347859728808
gs,5,1839,0.022612072715483694
gs,5,1840,0.022586825794065044
gs,5,1841,0.022561607063957753
gs,5,1842,0.022536416493683018
gs,5,1843,0.022511254051798154
gs,5,1844,0.022486119706895194
gs,5,1845,0.022461013427598684
gs,5,1846,0.022435935182572843
gs,5,1847,0.022410884940512805
gs,5,1848,0.02238586267015126
gs,5,1849,0.022360868340253307
gs,5,1850,0.022335901919621409
gs,5,1851,0.022310963377091628
gs,5,1852,0.022286052681534035
gs,5,1853,0.022261169801856079
gs,5,1854,0.022236314706997131
gs,5,1855,0.02221148736593237
gs,5,1856,0.022186687747672591
gs,5,1857,0.022161915821261487
gs,5,1858,0.022137171555778611
gs,5,1859,0.022112454920336817
gs,5,1860,0.022087765884085109
gs,5,1861,0.022063104416204442
gs,5,1862,0.022038470485913394
gs,5,1863,0.022013864062461596
gs,5,1864,0.021989285115135569
gs,5,1865,0.021964733613256203
gs,5,1866,0.021940209526176251
gs,5,1867,0.021915712823283879
gs,5,1868,0.021891243474003067
gs,5,1869,0.021866801447788697
gs,5,1870,0.021842386714132873
gs,5,1871,0.021817999242560265
gs,5,1872,0.021793639002629019
gs,5,1873,0.02176930596393363
gs,5,1874,0.021745000096099341
gs,5,1875,0.021720721368787964
gs,5,1876,0.02169646975169311
gs,5,1877,0.021672245214543605
gs,5,1878,0.021648047727102403
gs,5,1879,0.021623877259165383
gs,5,1880,0.021599733780561507
gs,5,1881,0.021575617261155037
gs,5,1882,0.021551527670842431
gs,5,1883,0.021527464979554892
gs,5,1884,0.021503429157256747
gs,5,1885,0.021479420173945985
gs,5,1886,0.021455437999652979
gs,5,1887,0.021431482604443094
gs,5,1888,0.021407553958415079
gs,5,1889,0.021383652031699403
gs,5,1890,0.021359776794462233
gs,5,1891,0.021335928216901237
gs,5,1892,0.021312106269248517
gs,5,1893,0.02128831092176733
gs,5,1894,0.021264542144757613
gs,5,1895,0.021240799908549303
gs,5,1896,0.021217084183507501
gs,5,1897,0.021193394940028379
gs,5,1898,0.021169732148543053
gs,5,1899,0.02114609577951598
gs,5,1900,0.021122485803442025
gs,5,1901,0.021098902190850814
gs,5,1902,0.021075344912306192
gs,5,1903,0.021051813938401387
gs,5,1904,0.021028309239764717
gs,5,1905,0.021004830787058011
gs,5,1906,0.020981378550974168
gs,5,1907,0.020957952502239401
gs,5,1908,0.020934552611613207
gs,5,1909,0.02091117884988556
gs,5,1910,0.020887831187882937
gs,5,1911,0.02086450959646045
gs,5,1912,0.020841214046508152
gs,5,1913,0.020817944508948055
gs,5,1914,0.020794700954734496
gs,5,1915,0.020771483354853296
gs,5,1916,0.020748291680324871
gs,5,1917,0.020725125902199659
gs,5,1918,0.020701985991562189
gs,5,1919,0.020678871919528375
gs,5,1920,0.020655783657246272
gs,5,1921,0.02063272117589739
gs,5,1922,0.020609684446693106
gs,5,1923,0.020586673440878875
gs,5,1924,0.020563688129732714
gs,5,1925,0.020540728484562648
gs,5,1926,0.020517794476710035
gs,5,1927,0.020494886077547927
gs,5,1928,0.020472003258482339
gs,5,1929,0.02044914599094801
gs,5,1930,0.020426314246416555
gs,5,1931,0.020403507996387502
gs,5,1932,0.02038072721239341
gs,5,1933,0.020357971865998224
gs,5,1934,0.020335241928799319
gs,5,1935,0.020312537372422588
gs,5,1936,0.02028985816853076
gs,5,1937,0.020267204288812166
gs,5,1938,0.020244575704990074
gs,5,1939,0.02022197238881928
gs,5,1940,0.020199394312086137
gs,5,1941,0.020176841446607686
gs,5,1942,0.02015431376423259
gs,5,1943,0.020131811236841216
gs,5,1944,0.020109333836345004
gs,5,1945,0.020086881534688367
gs,5,1946,0.020064454303843234
gs,5,1947,0.020042052115818311
gs,5,1948,0.020019674942647586
gs,5,1949,0.019997322756401332
gs,5,1950,0.019974995529178523
gs,5,1951,0.019952693233109269
gs,5,1952,0.019930415840354772
gs,5,1953,0.019908163323109015
gs,5,1954,0.019885935653594436
gs,5,1955,0.01986373280406728
gs,5,1956,0.019841554746812356
gs,5,1957,0.019819401454145954
gs,5,1958,0.019797272898416547
gs,5,1959,0.019775169052002349
gs,5,1960,0.019753089887313374
gs,5,1961,0.019731035376788535
gs,5,1962,0.019709005492899615
gs,5,1963,0.019687000208147797
gs,5,1964,0.019665019495065841
gs,5,1965,0.019643063326216285
gs,5,1966,0.01962113167419386
gs,5,1967,0.019599224511621945
gs,5,1968,0.019577341811155398
gs,5,1969,0.019555483545479927
gs,5,1970,0.019533649687311357
gs,5,1971,0.01951184020939593
gs,5,1972,0.019490055084510374
gs,5,1973,0.019468294285462102
gs,5,1974,0.019446557785088608
gs,5,1975,0.01942484555625756
gs,5,1976,0.019403157571867308
gs,5,1977,0.01938149380484577
gs,5,1978,0.019359854228152999
gs,5,1979,0.019338238814776153
gs,5,1980,0.019316647537735113
gs,5,1981,0.0192950803700793
gs,5,1982,0.019273537284887836
gs,5,1983,0.019252018255269163
gs,5,1984,0.019230523254362929
gs,5,1985,0.019209052255340076
gs,5,1986,0.019187605231397044
gs,5,1987,0.019166182155764943
gs,5,1988,0.01914478300170289
gs,5,1989,0.019123407742499147
gs,5,1990,0.019102056351472645
gs,5,1991,0.019080728801972105
gs,5,1992,0.019059425067375631
gs,5,1993,0.019038145121091248
gs,5,1994,0.019016888936557414
gs,5,1995,0.018995656487241195
gs,5,1996,0.018974447746639592
gs,5,1997,0.018953262688278086
gs,5,1998,0.018932101285714247
gs,5,1999,0.018910963512533834
pcg-gs,5,0,0.0029527765772759825
pcg-gs,5,1,0.021152550957748074
pcg-gs,5,2,0.10396510078511326
pcg-gs,5,3,0.09827080311507895
pcg-gs,5,4,0.047930331263504808
pcg-gs,5,5,0.033946641419182841
pcg-gs,5,6,0.02260231534911929
pcg-gs,5,7,0.013230874283271713
pcg-gs,5,8,0.011954675043338638
pcg-gs,5,9,0.0074487197013895657
pcg-gs,5,10,0.0055899547972444305
pcg-gs,5,11,0.004212668770772315
pcg-gs,5,12,0.0040592954768728885
pcg-gs,5,13,0.0031354930343607239
pcg-gs,5,14,0.0025600109421960015
pcg-gs,5,15,0.0022680865639014597
pcg-gs,5,16,0.0016923825039947364
pcg-gs,5,17,0.0016701017208564236
pcg-gs,5,18,0.0015032791785895671
pcg-gs,5,19,0.00098215971379760156
pcg-gs,5,20,0.0010695219705048277
pcg-gs,5,21,0.0007406169429328191
pcg-gs,5,22,0.00066350982768697219
pcg-gs,5,23,0.00062919130336945366
pcg-gs,5,24,0.00058699505011180076
pcg-gs,5,25,0.00050806274310129023
pcg-gs,5,26,0.000390503196630239
pcg-gs,5,27,0.00038119172829493046
pcg-gs,5,28,0.00032177936034631573
pcg-gs,5,29,0.00035729653751171022
pcg-gs,5,30,0.00032480720031596492
pcg-gs,5,31,0.00026016901957526782
pcg-gs,5,32,0.00022031459199204771
pcg-gs,5,33,0.00018531885412299956
pcg-gs,5,34,0.00020590723527227203
pcg-gs,5,35,0.00017982320839682862
pcg-gs,5,36,0.0001504058330054968
pcg-gs,5,37,0.0001661518754620048
pcg-gs,5,38,0.00014339307703772683
pcg-gs,5,39,0.0001359224549645858
pcg-gs,5,40,0.00014990537662065988
pcg-gs,5,41,0.00011118311841172779
pcg-gs,5,42,0.00010312001599574923
pcg-gs,5,43,0.00010753501358790972
pcg-gs,5,44,8.2485241153270523e-05
pcg-gs,5,45,0.00010396063302391536
pcg-gs,5,46,9.7113967156861478e-05
pcg-gs,5,47,8.701425164467308e-05
pcg-gs,5,48,7.0591456361959333e-05
pcg-gs,5,49,6.6807506644072791e-05
pcg-gs,5,50,6.5240661570035467e-05
pcg-gs,5,51,5.8477153018114851e-05
pcg-gs,5,52,6.0342724311926747e-05
pcg-gs,5,53,5.587402635760211e-05
pcg-gs,5,54,5.0465372168682461e-05
pcg-gs,5,55,4.5466386195102822e-05
pcg-gs,5,56,6.3801202085730021e-05
pcg-gs,5,57,7.8759130826995798e-05
pcg-gs,5,58,5.2998900643681721e-05
pcg-gs,5,59,4.5873104386295776e-05
pcg-gs,5,60,8.3614163086098109e-05
pcg-gs,5,61,5.4323718831522445e-05
pcg-gs,5,62,4.7986833554090014e-05
pcg-gs,5,63,6.2082188911486964e-05
pcg-gs,5,64,5.5657300468809785e-05
pcg-gs,5,65,5.2978708131017271e-05
pcg-gs,5,66,5.2871916805482242e-05
pcg-gs,5,67,7.583950528836317e-05
pcg-gs,5,68,4.5554032751555019e-05
pcg-gs,5,69,4.2174583233787478e-05
pcg-gs,5,70,8.8867703111932542e-05
pcg-gs,5,71,7.2982218310999243e-05
pcg-gs,5,72,3.7640486439897157e-05
pcg-gs,5,73,6.1909260090226557e-05
pcg-gs,5,74,6.3043831643793747e-05
pcg-gs,5,75,4.2439550058144457e-05
pcg-gs,5,76,5.3416169444261497e-05
pcg-gs,5,77,5.9243317474135449e-05
pcg-gs,5,78,4.4079437092010172e-05
pcg-gs,5,79,4.6913931812076056e-05
pcg-gs,5,80,5.3612225154573731e-05
pcg-gs,5,81,6.9759032503885103e-05
pcg-gs,5,82,4.9091148676116084e-05
pcg-gs,5,83,3.1913208748060915e-05
pcg-gs,5,84,4.9921387550675706e-05
pcg-gs,5,85,5.7315642153015098e-05
pcg-gs,5,86,2.6141597484966849e-05
pcg-gs,5,87,2.930411386485233e-05
pcg-gs,5,88,4.7921774643136838e-05
pcg-gs,5,89,2.5967098948238211e-05
pcg-gs,5,90,2.6863998277338984e-05
pcg-gs,5,91,4.8188539911863366e-05
pcg-gs,5,92,3.1415195568912752e-05
pcg-gs,5,93,1.8552124115038184e-05
pcg-gs,5,94,3.8168015524159694e-05
pcg-gs,5,95,3.6870697775544387e-05
pcg-gs,5,96,1.7120532610382991e-05
pcg-gs,5,97,2.1726438219664917e-05
pcg-gs,5,98,2.8269403437310516e-05
pcg-gs,5,99,1.6439808690799916e-05
pcg-gs,5,100,1.4087008600185865e-05
pcg-gs,5,101,2.3332180821039903e-05
pcg-gs,5,102,1.3595563850433274e-05
pcg-gs,5,103,9.6326234450196903e-06
pcg-gs,5,104,1.43730549185766e-05
pcg-gs,5,105,1.2925763011040845e-05
pcg-gs,5,106,7.5825465735334487e-06
pcg-gs,5,107,6.5282974994012973e-06
pcg-gs,5,108,9.453362070177726e-06
pcg-gs,5,109,6.2379005831278191e-06
pcg-gs,5,110,8.9368491108097849e-06
pcg-gs,5,111,6.4521799769078152e-06
pcg-gs,5,112,4.9543331926352148e-06
pcg-gs,5,113,5.8796175565106882e-06
pcg-gs,5,114,5.7096176392729492e-06
pcg-gs,5,115,5.495153861132856e-06
pcg-gs,5,116,6.1673549718747257e-06
pcg-gs,5,117,3.2068320586869674e-06
pcg-gs,5,118,3.3920460218754292e-06
pcg-gs,5,119,5.1494354401701613e-06
pcg-gs,5,120,3.257959466801159e-06
pcg-gs,5,121,2.2392086025914219e-06
pcg-gs,5,122,2.8248600006479544e-06
pcg-gs,5,123,2.4438590531131662e-06
pcg-gs,5,124,1.8525392777650786e-06
pcg-gs,5,125,2.4868681591238753e-06
pcg-gs,5,126,2.2195905635607249e-06
pcg-gs,5,127,1.0166193643541651e-06
pcg-gs,5,128,1.3351279675262739e-06
pcg-gs,5,129,1.9867766111051529e-06
pcg-gs,5,130,1.0498729656503921e-06
pcg-gs,5,131,8.7374903009973779e-07
pcg-gs,5,132,1.5060972906190345e-06
pcg-gs,5,133,9.767331289628412e-07
pcg-gs,5,134,7.5146137469328047e-07
pcg-gs,5,135,1.0543632525974296e-06
pcg-gs,5,136,9.2135769130604764e-07
pcg-gs,5,137,6.4226568842405118e-07
pcg-gs,5,138,7.5548013229621763e-07
pcg-gs,5,139,9.2750792259367338e-07
pcg-gs,5,140,7.4833176138456885e-07
pcg-gs,5,141,6.1872062900994372e-07
pcg-gs,5,142,6.4826622051338854e-07
pcg-gs,5,143,6.4826244758966023e-07
pcg-gs,5,144,6.5931841799859835e-07
pcg-gs,5,145,5.4193360330574213e-07
pcg-gs,5,146,4.4440984852493239e-07
pcg-gs,5,147,5.9185740408878977e-07
pcg-gs,5,148,3.661955884000801e-07
pcg-gs,5,149,3.1596780805081296e-07
pcg-gs,5,150,4.6654883108218305e-07
pcg-gs,5,151,2.7544129978620967e-07
pcg-gs,5,152,2.3445780108719721e-07
pcg-gs,5,153,3.0497571985657176e-07
pcg-gs,5,154,2.4505557774860327e-07
pcg-gs,5,155,1.5487865130028083e-07
pcg-gs,5,156,1.8462243600036151e-07
pcg-gs,5,157,1.7350286024737275e-07
pcg-gs,5,158,1.2555074344296308e-07
pcg-gs,5,159,1.2451253217075919e-07
pcg-gs,5,160,1.3120077314088128e-07
pcg-gs,5,161,9.7245971803167199e-08
pcg-gs,5,162,8.2917406945948069e-08
pcg-gs,5,163,1.027894735195051e-07
pcg-gs,5,164,6.365270002813206e-08
pcg-gs,5,165,5.251755396775301e-08
pcg-gs,5,166,6.4323587962607521e-08
pcg-gs,5,167,4.989578303873874e-08
pcg-gs,5,168,4.1121547206606364e-08
pcg-gs,5,169,4.2021952011546292e-08
pcg-gs,5,170,4.0717696116158601e-08
pcg-gs,5,171,3.2390212928044676e-08
pcg-gs,5,172,3.198722792154178e-08
pcg-gs,5,173,3.0559828496075846e-08
pcg-gs,5,174,2.2554785801747059e-08
pcg-gs,5,175,1.8319390971302718e-08
pcg-gs,5,176,1.7830560164113955e-08
pcg-gs,5,177,1.7826273026204593e-08
pcg-gs,5,178,1.4691471209629119e-08
pcg-gs,5,179,9.6497500416463751e-09
pcg-gs,5,180,1.0829857509784543e-08
pcg-gs,5,181,9.4870186935641876e-09
pcg-gs,5,182,7.9315533611709702e-09
pcg-gs,5,183,7.4499672350444364e-09
pcg-gs,5,184,7.3778130508912994e-09
pcg-gs,5,185,3.9496990118914465e-09
pcg-gs,5,186,5.1361875772113345e-09
pcg-gs,5,187,4.75864781259044e-09
pcg-gs,5,188,3.422338497504937e-09
pcg-gs,5,189,3.8470870251472271e-09
pcg-gs,5,190,2.9229907049787892e-09
pcg-gs,5,191,2.8796505558913026e-09
pcg-gs,5,192,2.7124818403206533e-09
pcg-gs,5,193,2.5247045015945734e-09
pcg-gs,5,194,2.5090129017798738e-09
pcg-gs,5,195,1.7677244794595612e-09
pcg-gs,5,196,2.0493769029140296e-09
pcg-gs,5,197,1.9119890922486785e-09
pcg-gs,5,198,1.219754737948775e-09
pcg-gs,5,199,1.5291194745263202e-09
pcg-gs,5,200,1.4477433975320879e-09
pcg-gs,5,201,1.5225544011044801e-09
pcg-gs,5,202,1.4236341920753166e-09
pcg-gs,5,203,1.4375667763701569e-09
pcg-gs,5,204,1.3321784621796923e-09
pcg-gs,5,205,1.3913778055187498e-09
pcg-gs,5,206,1.3063693244297033e-09
pcg-gs,5,207,1.1971609911600789e-09
pcg-gs,5,208,1.2636343365052537e-09
pcg-gs,5,209,1.1456802809632127e-09
pcg-gs,5,210,1.2290802587585322e-09
pcg-gs,5,211,1.3379051221969724e-09
pcg-gs,5,212,1.2422596974589375e-09
pcg-gs,5,213,8.0911908299053236e-10
pcg-gs,5,214,1.1479356080052076e-09
pcg-gs,5,215,9.834032903557372e-10
pcg-gs,5,216,6.5047225966606446e-10
pcg-gs,5,217,8.3017278774494482e-10
pcg-gs,5,218,8.8966681836338582e-10
pcg-gs,5,219,5.9450584217203435e-10
pcg-gs,5,220,5.1125598217312965e-10
pcg-gs,5,221,6.7498295719064517e-10
pcg-gs,5,222,5.6855817684828678e-10
pcg-gs,5,223,3.7224593387403127e-10
pcg-gs,5,224,4.781718048063689e-10
pcg-gs,5,225,3.8938396161900222e-10
pcg-gs,5,226,3.8236692281334986e-10
pcg-gs,5,227,3.1748929901485332e-10
pcg-gs,5,228,3.8564497915599472e-10
pcg-gs,5,229,2.8588404931490368e-10
pcg-gs,5,230,2.748671566744127e-10
pcg-gs,5,231,2.1837583513430221e-10
pcg-gs,5,232,2.5741046393122019e-10
pcg-gs,5,233,2.0349725693793106e-10
pcg-gs,5,234,1.9111733474732018e-10
pcg-gs,5,235,1.6501673255470596e-10
pcg-gs,5,236,1.4751325963666775e-10
pcg-gs,5,237,1.6451569666669311e-10
pcg-gs,5,238,1.6464806166792907e-10
pcg-gs,5,239,1.4147046157690601e-10
pcg-gs,5,240,1.1849016831049555e-10
pcg-gs,5,241,9.9986214268556135e-11
pcg-gs,5,242,9.6147544538965015e-11
pcg-gs,5,243,1.0445579090096292e-10
pcg-gs,5,244,6.5398533954233527e-11
pcg-gs,5,245,6.7766484544752111e-11
pcg-gs,5,246,7.4278076987228948e-11
pcg-gs,5,247,6.7705171954317474e-11
pcg-gs,5,248,7.5181915514959125e-11
pcg-gs,5,249,7.1376557485060507e-11
pcg-gs,5,250,5.3008297397928112e-11
pcg-gs,5,251,6.6380232831780499e-11
pcg-gs,5,252,5.1560237446628658e-11
pcg-gs,5,253,5.0345699347959539e-11
pcg-gs,5,254,4.7045985171087625e-11
pcg-gs,5,255,4.1868867551100196e-11
pcg-gs,5,256,3.4783417872770139e-11
pcg-gs,5,257,4.1037958492331288e-11
pcg-gs,5,258,4.4018517413264226e-11
pcg-gs,5,259,3.300145531888397e-11
pcg-gs,5,260,2.7308015604561276e-11
pcg-gs,5,261,2.8471745573569779e-11
pcg-gs,5,262,2.7886956040089855e-11
pcg-gs,5,263,2.2761852597392666e-11
pcg-gs,5,264,1.8023035085839596e-11
pcg-gs,5,265,1.5238054915086138e-11
pcg-gs,5,266,1.5371105065855764e-11
pcg-gs,5,267,1.3990355997522163e-11
pcg-gs,5,268,8.3794186297453436e-12
pcg-gs,5,269,7.8216374361986711e-12
pcg-gs,5,270,7.7908911862909956e-12
pcg-gs,5,271,6.1893255066022399e-12
pcg-gs,5,272,5.6802056124145148e-12
pcg-gs,5,273,5.5248339075310152e-12
pcg-gs,5,274,4.9742960894236623e-12
pcg-gs,5,275,3.8534449703232871e-12
pcg-gs,5,276,3.483993571385808e-12
pcg-gs,5,277,3.6684870360310619e-12
pcg-gs,5,278,2.9782693784574102e-12
pcg-gs,5,279,2.5695633748057181e-12
pcg-gs,5,280,2.525845397852715e-12
pcg-gs,5,281,1.7176060250494143e-12
pcg-gs,5,282,1.6776180177376914e-12
pcg-gs,5,283,1.747818658800325e-12
pcg-gs,5,284,1.5702384557467798e-12
pcg-gs,5,285,1.0233491504903034e-12
pcg-gs,5,286,9.4597438126519658e-13
pcg-gs,5,287,8.5224362150567474e-13
pcg-gs,5,288,9.9091575334935502e-13
pcg-gs,5,289,7.6938418310277945e-13
pcg-gs,5,290,5.7831629220839069e-13
pcg-gs,5,291,5.1223981900236091e-13
pcg-gs,5,292,4.1653978114664664e-13
pcg-gs,5,293,4.3359088180388853e-13
pcg-gs,5,294,5.6833214078797607e-13
pcg-gs,5,295,4.2976616511130575e-13
pcg-gs,5,296,2.9964413612058897e-13
pcg-gs,5,297,3.2871744249904596e-13
pcg-gs,5,298,3.6985334992271491e-13
pcg-gs,5,299,3.5226507312710856e-13
pcg-gs,5,300,3.5898413769940679e-13
pcg-gs,5,301,2.9084624745891971e-13
pcg-mg-v,5,0,0.0029527765772759825
pcg-mg-v,5,1,0.0003223778081669362
pcg-mg-v,5,2,1.6801477742701784e-05
pcg-mg-v,5,3,3.537439789308427e-07
pcg-mg-v,5,4,6.4737052249336813e-09
pcg-mg-v,5,5,1.28425856751675e-10
pcg-mg-v,5,6,2.9443542982975122e-12
pcg-mg-v,5,7,6.0024691882547781e-14
mg-v,6,0,0.005272199531712843
mg-v,6,1,0.00035178091585219112
mg-v,6,2,2.5478551870035753e-05
mg-v,6,3,1.9371034758160896e-06
mg-v,6,4,1.5075113454001985e-07
mg-v,6,5,1.1873686520233998e-08
mg-v,6,6,9.4244600106182296e-10
mg-v,6,7,7.5255209035763607e-11
mg-w,6,0,0.0023353240389128098
mg-w,6,1,6.4790624129715827e-05
mg-w,6,2,3.0390191371835579e-06
mg-w,6,3,1.5996459183867648e-07
mg-w,6,4,8.8731146261774767e-09
mg-w,6,5,5.0777249352908091e-10
mg-w,6,6,2.9682680921607923e-11
gs,6,0,0.070744802806981741
gs,6,1,0.085429582759098593
gs,6,2,0.086010220981860772
gs,6,3,0.086179065128663218
gs,6,4,0.086253826467691114
gs,6,5,0.086291571117100979
gs,6,6,0.086310502629772232
gs,6,7,0.086318398621349435
gs,6,8,0.086319198226687169
gs,6,9,0.086315132477834025
gs,6,10,0.086307569944358287
gs,6,11,0.086297402069619902
gs,6,12,0.086285237270428861
gs,6,13,0.086271506540655477
gs,6,14,0.08625652456064907
gs,6,15,0.08624052689605069
gs,6,16,0.086223693620187045
gs,6,17,0.08620616486115544
gs,6,18,0.086188051350880257
gs,6,19,0.086169441772823804
gs,6,20,0.086150407997123202
gs,6,21,0.086131008884926905
gs,6,22,0.086111293101335556
gs,6,23,0.086091301227402758
gs,6,24,0.086071067367720286
gs,6,25,0.086050620389139937
gs,6,26,0.086029984885921507
gs,6,27,0.086009181939352711
gs,6,28,0.085988229721147738
gs,6,29,0.085967143976858645
gs,6,30,0.085945938416184642
gs,6,31,0.085924625030443499
gs,6,32,0.085903214352542237
gs,6,33,0.085881715671225142
gs,6,34,0.085860137208691401
gs,6,35,0.085838486268682068
gs,6,36,0.085816769360584813
gs,6,37,0.085794992303979467
gs,6,38,0.0857731603171102
gs,6,39,0.085751278092095845
gs,6,40,0.08572934985914249
gs,6,41,0.085707379441585407
gs,6,42,0.085685370303248257
gs,6,43,0.085663325589355258
gs,6,44,0.085641248161977004
gs,6,45,0.08561914063086884
gs,6,46,0.085597005380357402
gs,6,47,0.085574844592884183
gs,6,48,0.085552660269654038
gs,6,49,0.085530454248819207
gs,6,50,0.08550822822151749
gs,6,51,0.085485983746063351
gs,6,52,0.085463722260539485
gs,6,53,0.08544144509398123
gs,6,54,0.085419153476353399
gs,6,55,0.085396848547448029
gs,6,56,0.085374531364858341
gs,6,57,0.085352202911116504
gs,6,58,0.085329864100117406
gs,6,59,0.085307515782896318
gs,6,60,0.08528515875282966
gs,6,61,0.085262793750351409
gs,6,62,0.085240421467203634
gs,6,63,0.085218042550296483
gs,6,64,0.085195657605208988
gs,6,65,0.08517326719937203
gs,6,66,0.085150871864966282
gs,6,67,0.085128472101563685
gs,6,68,0.085106068378534988
gs,6,69,0.085083661137257863
gs,6,70,0.085061250793128609
gs,6,71,0.085038837737410597
gs,6,72,0.085016422338932626
gs,6,73,0.084994004945637441
gs,6,74,0.084971585886021703
gs,6,75,0.084949165470443469
gs,6,76,0.084926743992341472
gs,6,77,0.084904321729352819
gs,6,78,0.08488189894434077
gs,6,79,0.08485947588635756
gs,6,80,0.084837052791519513
gs,6,81,0.084814629883828083
gs,6,82,0.084792207375925716
gs,6,83,0.084769785469793801
gs,6,84,0.084747364357413466
gs,6,85,0.084724944221359191
gs,6,86,0.084702525235372292
gs,6,87,0.084680107564873611
gs,6,88,0.084657691367459417
gs,6,89,0.084635276793350464
gs,6,90,0.084612863985814205
gs,6,91,0.084590453081565112
gs,6,92,0.084568044211126847
gs,6,93,0.08454563749918087
gs,6,94,0.084523233064887487
gs,6,95,0.084500831022182504
gs,6,96,0.084478431480069505
gs,6,97,0.084456034542870942
gs,6,98,0.084433640310487876
gs,6,99,0.084411248878623849
gs,6,100,0.084388860339004709
gs,6,101,0.08436647477958574
gs,6,102,0.084344092284740574
gs,6,103,0.084321712935443965
gs,6,104,0.084299336809439407
gs,6,105,0.084276963981401928
gs,6,106,0.084254594523086465
gs,6,107,0.08423222850347048
gs,6,108,0.084209865988887675
gs,6,109,0.084187507043151685
gs,6,110,0.084165151727682602
gs,6,111,0.084142800101606893
gs,6,112,0.084120452221873615
gs,6,113,0.084098108143350461
gs,6,114,0.084075767918921573
gs,6,115,0.084053431599569586
gs,6,116,0.084031099234470941
gs,6,117,0.08400877087106555
gs,6,118,0.083986446555142077
gs,6,119,0.083964126330903235
gs,6,120,0.083941810241036904
gs,6,121,0.083919498326780834
gs,6,122,0.08389719062798362
gs,6,123,0.083874887183160982
gs,6,124,0.083852588029556058
gs,6,125,0.083830293203186745
gs,6,126,0.083808002738899129
gs,6,127,0.083785716670412597
gs,6,128,0.083763435030365777
gs,6,129,0.083741157850363429
gs,6,130,0.083718885161008408
gs,6,131,0.083696616991949496
gs,6,132,0.083674353371914978
gs,6,133,0.083652094328745819
gs,6,134,0.083629839889432456
gs,6,135,0.083607590080148744
gs,6,136,0.083585344926276103
gs,6,137,0.083563104452438045
gs,6,138,0.083540868682527566
gs,6,139,0.083518637639732149
gs,6,140,0.083496411346560259
gs,6,141,0.083474189824865777
gs,6,142,0.083451973095871407
gs,6,143,0.083429761180188994
gs,6,144,0.083407554097844894
gs,6,145,0.083385351868296126
gs,6,146,0.083363154510454646
gs,6,147,0.083340962042697447
gs,6,148,0.083318774482897734
gs,6,149,0.083296591848428858
gs,6,150,0.083274414156187943
gs,6,151,0.083252241422613157
gs,6,152,0.083230073663691784
gs,6,153,0.083207910894982209
gs,6,154,0.08318575313162295
gs,6,155,0.083163600388347678
gs,6,156,0.083141452679499586
gs,6,157,0.083119310019042117
gs,6,158,0.08309717242056866
gs,6,159,0.083075039897318265
gs,6,160,0.083052912462186615
gs,6,161,0.08303079012772982
gs,6,162,0.08300867290618498
gs,6,163,0.082986560809469451
gs,6,164,0.082964453849198289
gs,6,165,0.082942352036691036
gs,6,166,0.082920255382975885
gs,6,167,0.082898163898804944
gs,6,168,0.082876077594659384
gs,6,169,0.08285399648075624
gs,6,170,0.082831920567055975
gs,6,171,0.082809849863271903
gs,6,172,0.0827877843788766
gs,6,173,0.082765724123104789
gs,6,174,0.082743669104968068
gs,6,175,0.082721619333251784
gs,6,176,0.082699574816527177
gs,6,177,0.082677535563156129
gs,6,178,0.082655501581297197
gs,6,179,0.082633472878906433
gs,6,180,0.082611449463751027
gs,6,181,0.082589431343407974
gs,6,182,0.082567418525269498
gs,6,183,0.082545411016551953
gs,6,184,0.082523408824296623
gs,6,185,0.082501411955374276
gs,6,186,0.082479420416493823
gs,6,187,0.082457434214199418
gs,6,188,0.082435453354882754
gs,6,189,0.082413477844777372
gs,6,190,0.082391507689973151
gs,6,191,0.082369542896412545
gs,6,192,0.082347583469894847
gs,6,193,0.082325629416082832
gs,6,194,0.082303680740503551
gs,6,195,0.08228173744855638
gs,6,196,0.082259799545505025
gs,6,197,0.082237867036493606
gs,6,198,0.082215939926541831
gs,6,199,0.0821940182205496
gs,6,200,0.082172101923301322
gs,6,201,0.082150191039467621
gs,6,202,0.082128285573606186
gs,6,203,0.082106385530166595
gs,6,204,0.082084490913494901
gs,6,205,0.08206260172782931
gs,6,206,0.082040717977310149
gs,6,207,0.082018839665974966
gs,6,208,0.081996966797768148
gs,6,209,0.081975099376538449
gs,6,210,0.081953237406038021
gs,6,211,0.081931380889935013
gs,6,212,0.08190952983180444
gs,6,213,0.081887684235135885
gs,6,214,0.081865844103334445
gs,6,215,0.081844009439722046
gs,6,216,0.081822180247540122
gs,6,217,0.081800356529949936
gs,6,218,0.081778538290034966
gs,6,219,0.081756725530803112
gs,6,220,0.081734918255188568
gs,6,221,0.081713116466051186
gs,6,222,0.081691320166179165
gs,6,223,0.0816695293582924
gs,6,224,0.081647744045043658
gs,6,225,0.081625964229013817
gs,6,226,0.081604189912721975
gs,6,227,0.081582421098622529
gs,6,228,0.081560657789105914
gs,6,229,0.081538899986501004
gs,6,230,0.08151714769307683
gs,6,231,0.081495400911042098
gs,6,232,0.081473659642548033
gs,6,233,0.081451923889690026
gs,6,234,0.081430193654504907
gs,6,235,0.081408468938976811
gs,6,236,0.081386749745035514
gs,6,237,0.08136503607455968
gs,6,238,0.081343327929373613
gs,6,239,0.081321625311252532
gs,6,240,0.081299928221921933
gs,6,241,0.081278236663059389
gs,6,242,0.081256550636293765
gs,6,243,0.081234870143206211
gs,6,244,0.081213195185334028
gs,6,245,0.081191525764167674
gs,6,246,0.081169861881154229
gs,6,247,0.081148203537696195
gs,6,248,0.081126550735156067
gs,6,249,0.081104903474850665
gs,6,250,0.081083261758058967
gs,6,251,0.081061625586018177
gs,6,252,0.081039994959925893
gs,6,253,0.081018369880940813
gs,6,254,0.080996750350183805
gs,6,255,0.080975136368738418
gs,6,256,0.080953527937650704
gs,6,257,0.080931925057932036
gs,6,258,0.080910327730556453
gs,6,259,0.080888735956463551
gs,6,260,0.080867149736559757
gs,6,261,0.080845569071716306
gs,6,262,0.080823993962773025
gs,6,263,0.080802424410535117
gs,6,264,0.080780860415777686
gs,6,265,0.080759301979244205
gs,6,266,0.080737749101646508
gs,6,267,0.080716201783666328
gs,6,268,0.080694660025957349
gs,6,269,0.080673123829140103
gs,6,270,0.08065159319381042
gs,6,271,0.080630068120534429
gs,6,272,0.080608548609849201
gs,6,273,0.080587034662266216
gs,6,274,0.080565526278269156
gs,6,275,0.080544023458314962
gs,6,276,0.080522526202836051
gs,6,277,0.080501034512237321
gs,6,278,0.08047954838690051
gs,6,279,0.080458067827180429
gs,6,280,0.080436592833410051
gs,6,281,0.080415123405896308
gs,6,282,0.080393659544924792
gs,6,283,0.080372201250754186
gs,6,284,0.080350748523626059
gs,6,285,0.080329301363754588
gs,6,286,0.080307859771334256
gs,6,287,0.080286423746537119
gs,6,288,0.080264993289514017
gs,6,289,0.080243568400396134
gs,6,290,0.080222149079291857
gs,6,291,0.080200735326289657
gs,6,292,0.080179327141459186
gs,6,293,0.080157924524851099
gs,6,294,0.080136527476493261
gs,6,295,0.080115135996397663
gs,6,296,0.080093750084557269
gs,6,297,0.080072369740943644
gs,6,298,0.0800509949655141
gs,6,299,0.0800296257582057
gs,6,300,0.080008262118937232
gs,6,301,0.079986904047613175
gs,6,302,0.079965551544117969
gs,6,303,0.079944204608320107
gs,6,304,0.079922863240072098
gs,6,305,0.079901527439209766
gs,6,306,0.079880197205552561
gs,6,307,0.079858872538905043
gs,6,308,0.079837553439053396
gs,6,309,0.079816239905774425
gs,6,310,0.079794931938821173
gs,6,311,0.079773629537940219
gs,6,312,0.079752332702857948
gs,6,313,0.079731041433289004
gs,6,314,0.079709755728932657
gs,6,315,0.079688475589474839
gs,6,316,0.079667201014586866
gs,6,317,0.079645932003926737
gs,6,318,0.079624668557138886
gs,6,319,0.079603410673855388
gs,6,320,0.079582158353695032
gs,6,321,0.079560911596263106
gs,6,322,0.079539670401151799
gs,6,323,0.07951843476794225
gs,6,324,0.079497204696202653
gs,6,325,0.079475980185489001
gs,6,326,0.079454761235346671
gs,6,327,0.079433547845306554
gs,6,328,0.079412340014891294
gs,6,329,0.07939113774360837
gs,6,330,0.079369941030957472
gs,6,331,0.079348749876424235
gs,6,332,0.079327564279487436
gs,6,333,0.079306384239609173
gs,6,334,0.079285209756247102
gs,6,335,0.079264040828843918
gs,6,336,0.079242877456834615
gs,6,337,0.079221719639642446
gs,6,338,0.079200567376680298
gs,6,339,0.079179420667353798
gs,6,340,0.079158279511056417
gs,6,341,0.079137143907172192
gs,6,342,0.079116013855076245
gs,6,343,0.07909488935413525
gs,6,344,0.079073770403704474
gs,6,345,0.079052657003130938
gs,6,346,0.079031549151753644
gs,6,347,0.079010446848902641
gs,6,348,0.078989350093898708
gs,6,349,0.078968258886053452
gs,6,350,0.078947173224670333
gs,6,351,0.078926093109046011
gs,6,352,0.078905018538465599
gs,6,353,0.078883949512208951
gs,6,354,0.078862886029547358
gs,6,355,0.078841828089743826
gs,6,356,0.078820775692052578
gs,6,357,0.078799728835721769
gs,6,358,0.078778687519991675
gs,6,359,0.078757651744094145
gs,6,360,0.07873662150725419
gs,6,361,0.078715596808689309
gs,6,362,0.078694577647609995
gs,6,363,0.078673564023218831
gs,6,364,0.078652555934714777
gs,6,365,0.078631553381284386
gs,6,366,0.078610556362111256
gs,6,367,0.078589564876371615
gs,6,368,0.078568578923233545
gs,6,369,0.078547598501861701
gs,6,370,0.078526623611409954
gs,6,371,0.078505654251029885
gs,6,372,0.078484690419864694
gs,6,373,0.078463732117050794
gs,6,374,0.078442779341720184
gs,6,375,0.078421832092996635
gs,6,376,0.078400890370001003
gs,6,377,0.078379954171845997
gs,6,378,0.078359023497638236
gs,6,379,0.078338098346480506
gs,6,380,0.07831717871746853
gs,6,381,0.07829626460969151
gs,6,382,0.078275356022235842
gs,6,383,0.078254452954180403
gs,6,384,0.078233555404598643
gs,6,385,0.07821266337256029
gs,6,386,0.078191776857129039
gs,6,387,0.078170895857361505
gs,6,388,0.078150020372312862
gs,6,389,0.078129150401029607
gs,6,390,0.078108285942556852
gs,6,391,0.078087426995931603
gs,6,392,0.078066573560188354
gs,6,393,0.078045725634354315
gs,6,394,0.078024883217454238
gs,6,395,0.078004046308507782
gs,6,396,0.077983214906528237
gs,6,397,0.07796238901052821
gs,6,398,0.077941568619511292
gs,6,399,0.077920753732479364
gs,6,400,0.077899944348429631
gs,6,401,0.077879140466353927
gs,6,402,0.077858342085240007
gs,6,403,0.077837549204073583
gs,6,404,0.077816761821834848
gs,6,405,0.077795979937497789
gs,6,406,0.077775203550034908
gs,6,407,0.077754432658413614
gs,6,408,0.077733667261599415
gs,6,409,0.077712907358550021
gs,6,410,0.077692152948223001
gs,6,411,0.07767140402956868
gs,6,412,0.077650660601537677
gs,6,413,0.077629922663074627
gs,6,414,0.077609190213121043
gs,6,415,0.077588463250612374
gs,6,416,0.07756774177448432
gs,6,417,0.077547025783666221
gs,6,418,0.077526315277085575
gs,6,419,0.077505610253666382
gs,6,420,0.077484910712327937
gs,6,421,0.077464216651987675
gs,6,422,0.077443528071560103
gs,6,423,0.077422844969953802
gs,6,424,0.077402167346074927
gs,6,425,0.077381495198829309
gs,6,426,0.077360828527117495
gs,6,427,0.07734016732983498
gs,6,428,0.077319511605878702
gs,6,429,0.077298861354138534
gs,6,430,0.07727821657350345
gs,6,431,0.077257577262859659
gs,6,432,0.077236943421088833
gs,6,433,0.077216315047071132
gs,6,434,0.0771956921396834
gs,6,435,0.077175074697798399
gs,6,436,0.077154462720288725
gs,6,437,0.077133856206023685
gs,6,438,0.07711325515386723
gs,6,439,0.07709265956268338
gs,6,440,0.077072069431332477
gs,6,441,0.07705148475867292
gs,6,442,0.07703090554355993
gs,6,443,0.077010331784845842
gs,6,444,0.076989763481381535
gs,6,445,0.076969200632013804
gs,6,446,0.076948643235588532
gs,6,447,0.0769280912909482
gs,6,448,0.076907544796933874
gs,6,449,0.076887003752383706
gs,6,450,0.076866468156134224
gs,6,451,0.076845938007016654
gs,6,452,0.076825413303863763
gs,6,453,0.07680489404550575
gs,6,454,0.076784380230767613
gs,6,455,0.076763871858473859
gs,6,456,0.076743368927447708
gs,6,457,0.076722871436509868
gs,6,458,0.076702379384476979
gs,6,459,0.076681892770166418
gs,6,460,0.07666141159239033
gs,6,461,0.076640935849964176
gs,6,462,0.076620465541695326
gs,6,463,0.076600000666391194
gs,6,464,0.076579541222860342
gs,6,465,0.076559087209904453
gs,6,466,0.076538638626327607
gs,6,467,0.076518195470928377
gs,6,468,0.07649775774250657
gs,6,469,0.076477325439858107
gs,6,470,0.076456898561778147
gs,6,471,0.076436477107057837
gs,6,472,0.076416061074491934
gs,6,473,0.076395650462867323
gs,6,474,0.076375245270971934
gs,6,475,0.076354845497591917
gs,6,476,0.076334451141512494
gs,6,477,0.076314062201514932
gs,6,478,0.076293678676381121
gs,6,479,0.076273300564890303
gs,6,480,0.076252927865820719
gs,6,481,0.076232560577947028
gs,6,482,0.076212198700045225
gs,6,483,0.076191842230888096
gs,6,484,0.076171491169246874
gs,6,485,0.07615114551389221
gs,6,486,0.076130805263591339
gs,6,487,0.076110470417112969
gs,6,488,0.07609014097322217
gs,6,489,0.076069816930683112
gs,6,490,0.076049498288258577
gs,6,491,0.076029185044708722
gs,6,492,0.076008877198795496
gs,6,493,0.07598857474927552
gs,6,494,0.075968277694908756
gs,6,495,0.075947986034448925
gs,6,496,0.075927699766651341
gs,6,497,0.075907418890269418
gs,6,498,0.075887143404055946
gs,6,499,0.075866873306760424
gs,6,500,0.075846608597132562
gs,6,501,0.075826349273921817
gs,6,502,0.075806095335874124
gs,6,503,0.075785846781736457
gs,6,504,0.075765603610252585
gs,6,505,0.075745365820166707
gs,6,506,0.075725133410220746
gs,6,507,0.075704906379156695
gs,6,508,0.075684684725714033
gs,6,509,0.075664468448631436
gs,6,510,0.075644257546647206
gs,6,511,0.075624052018499213
gs,6,512,0.075603851862922997
gs,6,513,0.075583657078651265
gs,6,514,0.07556346766441939
gs,6,515,0.075543283618960372
gs,6,516,0.075523104941004407
gs,6,517,0.075502931629283648
gs,6,518,0.075482763682526932
gs,6,519,0.075462601099462873
gs,6,520,0.07544244387881982
gs,6,521,0.075422292019324377
gs,6,522,0.07540214551970105
gs,6,523,0.075382004378675954
gs,6,524,0.075361868594973389
gs,6,525,0.075341738167316458
gs,6,526,0.075321613094426101
gs,6,527,0.075301493375024522
gs,6,528,0.075281379007831911
gs,6,529,0.075261269991568971
gs,6,530,0.075241166324953132
gs,6,531,0.075221068006703015
gs,6,532,0.075200975035535036
gs,6,533,0.075180887410165792
gs,6,534,0.075160805129311281
gs,6,535,0.075140728191685532
gs,6,536,0.075120656596003407
gs,6,537,0.075100590340977602
gs,6,538,0.075080529425320633
gs,6,539,0.075060473847742906
gs,6,540,0.075040423606957188
gs,6,541,0.075020378701673343
gs,6,542,0.075000339130599933
gs,6,543,0.07498030489244624
gs,6,544,0.074960275985921726
gs,6,545,0.074940252409731206
gs,6,546,0.074920234162583491
gs,6,547,0.074900221243183462
gs,6,548,0.074880213650238225
gs,6,549,0.074860211382450415
gs,6,550,0.074840214438525579
gs,6,551,0.074820222817166673
gs,6,552,0.074800236517076804
gs,6,553,0.074780255536958606
gs,6,554,0.0747602798755123
gs,6,555,0.074740309531440952
gs,6,556,0.074720344503444072
gs,6,557,0.07470038479022191
gs,6,558,0.074680430390472716
gs,6,559,0.074660481302897042
gs,6,560,0.074640537526191847
gs,6,561,0.074620599059055215
gs,6,562,0.074600665900184465
gs,6,563,0.074580738048276793
gs,6,564,0.074560815502027464
gs,6,565,0.074540898260131064
gs,6,566,0.074520986321285523
gs,6,567,0.074501079684183194
gs,6,568,0.074481178347518814
gs,6,569,0.074461282309985916
gs,6,570,0.074441391570279167
gs,6,571,0.074421506127089018
gs,6,572,0.074401625979108779
gs,6,573,0.07438175112503087
gs,6,574,0.074361881563545881
gs,6,575,0.074342017293344456
gs,6,576,0.074322158313117642
gs,6,577,0.07430230462155607
gs,6,578,0.074282456217347761
gs,6,579,0.074262613099183153
gs,6,580,0.074242775265752028
gs,6,581,0.074222942715739829
gs,6,582,0.074203115447837475
gs,6,583,0.074183293460732172
gs,6,584,0.074163476753110233
gs,6,585,0.074143665323658584
gs,6,586,0.074123859171065606
gs,6,587,0.074104058294014744
gs,6,588,0.074084262691194988
gs,6,589,0.074064472361288991
gs,6,590,0.074044687302983372
gs,6,591,0.074024907514963087
gs,6,592,0.074005132995913478
gs,6,593,0.073985363744516391
gs,6,594,0.073965599759456171
gs,6,595,0.073945841039418217
gs,6,596,0.073926087583085498
gs,6,597,0.073906339389139639
gs,6,598,0.073886596456263831
gs,6,599,0.073866858783141642
gs,6,600,0.073847126368453087
gs,6,601,0.07382739921088155
gs,6,602,0.073807677309108533
gs,6,603,0.073787960661815338
gs,6,604,0.073768249267681343
gs,6,605,0.073748543125390115
gs,6,606,0.073728842233620584
gs,6,607,0.073709146591053473
gs,6,608,0.073689456196368616
gs,6,609,0.073669771048246194
gs,6,610,0.073650091145364804
gs,6,611,0.073630416486405573
gs,6,612,0.073610747070046459
gs,6,613,0.073591082894966187
gs,6,614,0.073571423959844284
gs,6,615,0.073551770263359406
gs,6,616,0.073532121804189152
gs,6,617,0.073512478581012008
gs,6,618,0.073492840592506603
gs,6,619,0.073473207837348911
gs,6,620,0.073453580314218003
gs,6,621,0.073433958021791118
gs,6,622,0.073414340958746716
gs,6,623,0.073394729123759175
gs,6,624,0.073375122515506291
gs,6,625,0.073355521132665816
gs,6,626,0.073335924973913766
gs,6,627,0.073316334037926062
gs,6,628,0.073296748323380567
gs,6,629,0.073277167828952494
gs,6,630,0.073257592553317083
gs,6,631,0.073238022495150892
gs,6,632,0.073218457653129718
gs,6,633,0.073198898025929549
gs,6,634,0.073179343612225473
gs,6,635,0.073159794410693077
gs,6,636,0.073140250420007075
gs,6,637,0.073120711638843192
gs,6,638,0.073101178065876349
gs,6,639,0.073081649699780551
gs,6,640,0.073062126539233191
gs,6,641,0.073042608582906884
gs,6,642,0.073023095829475693
gs,6,643,0.073003588277616799
gs,6,644,0.072984085926001946
gs,6,645,0.072964588773308886
gs,6,646,0.072945096818207197
gs,6,647,0.072925610059375784
gs,6,648,0.072906128495485126
gs,6,649,0.072886652125211712
gs,6,650,0.072867180947230228
gs,6,651,0.072847714960211848
gs,6,652,0.072828254162832076
gs,6,653,0.07280879855376568
gs,6,654,0.072789348131684681
gs,6,655,0.072769902895264998
gs,6,656,0.072750462843177294
gs,6,657,0.072731027974097417
gs,6,658,0.072711598286700124
gs,6,659,0.072692173779657074
gs,6,660,0.072672754451641619
gs,6,661,0.072653340301328778
gs,6,662,0.07263393132738967
gs,6,663,0.07261452752850163
gs,6,664,0.072595128903334763
gs,6,665,0.072575735450563714
gs,6,666,0.072556347168863528
gs,6,667,0.07253696405690474
gs,6,668,0.072517586113362384
gs,6,669,0.07249821333690909
gs,6,670,0.072478845726220625
gs,6,671,0.072459483279966722
gs,6,672,0.0724401259968252
gs,6,673,0.072420773875465735
gs,6,674,0.072401426914562125
gs,6,675,0.072382085112790845
gs,6,676,0.072362748468821916
gs,6,677,0.072343416981330844
gs,6,678,0.072324090648990244
gs,6,679,0.0723047694704744
gs,6,680,0.072285453444456527
gs,6,681,0.072266142569610115
gs,6,682,0.072246836844607171
gs,6,683,0.072227536268124545
gs,6,684,0.072208240838833759
gs,6,685,0.072188950555408818
gs,6,686,0.072169665416523809
gs,6,687,0.072150385420853697
gs,6,688,0.072131110567068973
gs,6,689,0.072111840853846837
gs,6,690,0.072092576279860224
gs,6,691,0.072073316843781349
gs,6,692,0.072054062544286354
gs,6,693,0.072034813380049731
gs,6,694,0.072015569349743791
gs,6,695,0.071996330452043095
gs,6,696,0.071977096685622799
gs,6,697,0.071957868049156798
gs,6,698,0.071938644541319055
gs,6,699,0.071919426160784769
gs,6,700,0.071900212906228389
gs,6,701,0.071881004776324406
gs,6,702,0.071861801769747033
gs,6,703,0.071842603885171372
gs,6,704,0.071823411121270803
gs,6,705,0.071804223476723911
gs,6,706,0.071785040950202855
gs,6,707,0.071765863540382849
gs,6,708,0.071746691245939534
gs,6,709,0.071727524065549095
gs,6,710,0.071708361997885731
gs,6,711,0.071689205041623044
gs,6,712,0.071670053195440245
gs,6,713,0.071650906458012434
gs,6,714,0.071631764828013464
gs,6,715,0.071612628304119533
gs,6,716,0.071593496885007157
gs,6,717,0.071574370569352772
gs,6,718,0.071555249355831754
gs,6,719,0.071536133243120262
gs,6,720,0.071517022229895116
gs,6,721,0.071497916314832557
gs,6,722,0.071478815496609824
gs,6,723,0.071459719773902766
gs,6,724,0.071440629145388179
gs,6,725,0.071421543609743635
gs,6,726,0.071402463165645705
gs,6,727,0.071383387811772392
gs,6,728,0.071364317546799588
gs,6,729,0.07134525236940524
gs,6,730,0.071326192278267156
gs,6,731,0.071307137272064294
gs,6,732,0.071288087349471813
gs,6,733,0.071269042509169558
gs,6,734,0.071250002749834965
gs,6,735,0.071230968070146353
gs,6,736,0.071211938468782862
gs,6,737,0.071192913944419983
gs,6,738,0.071173894495740589
gs,6,739,0.071154880121420336
gs,6,740,0.071135870820138822
gs,6,741,0.0711168665905757
gs,6,742,0.071097867431410139
gs,6,743,0.071078873341321278
gs,6,744,0.071059884318987618
gs,6,745,0.071040900363091478
gs,6,746,0.071021921472309138
gs,6,747,0.071002947645322265
gs,6,748,0.070983978880811899
gs,6,749,0.070965015177456028
gs,6,750,0.070946056533937707
gs,6,751,0.070927102948934811
gs,6,752,0.070908154421130229
gs,6,753,0.070889210949203127
gs,6,754,0.070870272531836462
gs,6,755,0.070851339167709707
gs,6,756,0.07083241085550511
gs,6,757,0.070813487593903768
gs,6,758,0.070794569381587291
gs,6,759,0.070775656217237526
gs,6,760,0.070756748099536901
gs,6,761,0.070737845027168358
gs,6,762,0.070718946998812482
gs,6,763,0.070700054013153935
gs,6,764,0.070681166068873355
gs,6,765,0.070662283164654616
gs,6,766,0.070643405299181422
gs,6,767,0.070624532471135357
gs,6,768,0.070605664679200847
gs,6,769,0.070586801922061168
gs,6,770,0.070567944198400859
gs,6,771,0.07054909150690411
gs,6,772,0.070530243846253823
gs,6,773,0.070511401215135022
gs,6,774,0.070492563612231149
gs,6,775,0.070473731036228837
gs,6,776,0.070454903485812098
gs,6,777,0.070436080959665859
gs,6,778,0.070417263456476031
gs,6,779,0.070398450974926224
gs,6,780,0.070379643513704376
gs,6,781,0.070360841071495261
gs,6,782,0.07034204364698482
gs,6,783,0.070323251238859519
gs,6,784,0.070304463845806187
gs,6,785,0.070285681466511873
gs,6,786,0.070266904099661381
gs,6,787,0.070248131743944051
gs,6,788,0.070229364398044294
gs,6,789,0.07021060206065341
gs,6,790,0.070191844730455352
gs,6,791,0.070173092406140058
gs,6,792,0.070154345086396244
gs,6,793,0.07013560276990978
gs,6,794,0.070116865455370894
gs,6,795,0.07009813314146722
gs,6,796,0.070079405826888694
gs,6,797,0.070060683510323699
gs,6,798,0.070041966190461075
gs,6,799,0.070023253865991383
gs,6,800,0.070004546535603521
gs,6,801,0.069985844197988659
gs,6,802,0.069967146851835513
gs,6,803,0.069948454495834589
gs,6,804,0.069929767128677281
gs,6,805,0.069911084749053498
gs,6,806,0.069892407355654884
gs,6,807,0.069873734947172639
gs,6,808,0.069855067522298364
gs,6,809,0.069836405079722413
gs,6,810,0.069817747618137346
gs,6,811,0.069799095136237471
gs,6,812,0.06978044763271174
gs,6,813,0.069761805106253863
gs,6,814,0.069743167555556707
gs,6,815,0.069724534979314218
gs,6,816,0.069705907376218096
gs,6,817,0.069687284744962261
gs,6,818,0.069668667084241395
gs,6,819,0.069650054392748045
gs,6,820,0.069631446669176644
gs,6,821,0.06961284391222175
gs,6,822,0.069594246120578379
gs,6,823,0.069575653292941714
gs,6,824,0.069557065428004536
gs,6,825,0.069538482524463846
gs,6,826,0.069519904581015132
gs,6,827,0.069501331596353397
gs,6,828,0.069482763569175265
gs,6,829,0.069464200498176282
gs,6,830,0.069445642382054362
gs,6,831,0.069427089219504218
gs,6,832,0.069408541009223307
gs,6,833,0.069389997749910545
gs,6,834,0.069371459440260644
gs,6,835,0.069352926078973282
gs,6,836,0.069334397664744168
gs,6,837,0.069315874196274094
gs,6,838,0.069297355672259531
gs,6,839,0.069278842091399881
gs,6,840,0.069260333452393519
gs,6,841,0.069241829753938972
gs,6,842,0.069223330994736668
gs,6,843,0.069204837173485828
gs,6,844,0.069186348288884619
gs,6,845,0.069167864339635912
gs,6,846,0.069149385324438775
gs,6,847,0.06913091124199304
gs,6,848,0.069112442091000814
gs,6,849,0.069093977870160819
gs,6,850,0.069075518578177855
gs,6,851,0.069057064213750283
gs,6,852,0.069038614775581167
gs,6,853,0.069020170262372504
gs,6,854,0.069001730672826181
gs,6,855,0.068983296005644137
gs,6,856,0.068964866259530994
gs,6,857,0.068946441433187927
gs,6,858,0.068928021525319697
gs,6,859,0.068909606534628062
gs,6,860,0.068891196459819365
gs,6,861,0.068872791299595143
gs,6,862,0.068854391052660141
gs,6,863,0.068835995717720352
gs,6,864,0.068817605293479356
gs,6,865,0.068799219778641799
gs,6,866,0.068780839171913896
gs,6,867,0.068762463472000879
gs,6,868,0.068744092677608337
gs,6,869,0.068725726787443847
gs,6,870,0.068707365800211015
gs,6,871,0.06868900971461947
gs,6,872,0.068670658529372791
gs,6,873,0.06865231224318083
gs,6,874,0.068633970854749371
gs,6,875,0.068615634362786365
gs,6,876,0.068597302766000165
gs,6,877,0.068578976063099428
gs,6,878,0.068560654252791051
gs,6,879,0.068542337333784592
gs,6,880,0.068524025304788974
gs,6,881,0.068505718164513119
gs,6,882,0.068487415911666391
gs,6,883,0.068469118544958837
gs,6,884,0.068450826063100878
gs,6,885,0.068432538464801615
gs,6,886,0.068414255748772634
gs,6,887,0.068395977913724468
gs,6,888,0.068377704958367855
gs,6,889,0.068359436881413507
gs,6,890,0.068341173681574857
gs,6,891,0.068322915357562491
gs,6,892,0.068304661908088024
gs,6,893,0.06828641333186572
gs,6,894,0.068268169627605305
gs,6,895,0.068249930794022973
gs,6,896,0.068231696829829866
gs,6,897,0.068213467733739583
gs,6,898,0.068195243504466721
gs,6,899,0.068177024140723769
gs,6,900,0.068158809641227683
gs,6,901,0.06814060000469048
gs,6,902,0.068122395229828783
gs,6,903,0.068104195315355387
gs,6,904,0.068086000259988205
gs,6,905,0.068067810062440767
gs,6,906,0.068049624721429822
gs,6,907,0.06803144423567288
gs,6,908,0.068013268603884694
gs,6,909,0.067995097824782441
gs,6,910,0.067976931897082357
gs,6,911,0.067958770819503855
gs,6,912,0.067940614590762394
gs,6,913,0.067922463209576692
gs,6,914,0.067904316674664914
gs,6,915,0.067886174984744613
gs,6,916,0.067868038138536146
gs,6,917,0.067849906134756818
gs,6,918,0.067831778972127263
gs,6,919,0.067813656649364992
gs,6,920,0.067795539165190988
gs,6,921,0.067777426518325815
gs,6,922,0.06775931870748976
gs,6,923,0.067741215731401669
gs,6,924,0.067723117588784326
gs,6,925,0.067705024278356993
gs,6,926,0.067686935798844799
gs,6,927,0.067668852148965369
gs,6,928,0.067650773327441419
gs,6,929,0.067632699332998023
gs,6,930,0.067614630164355469
gs,6,931,0.067596565820236529
gs,6,932,0.067578506299365071
gs,6,933,0.067560451600464172
gs,6,934,0.067542401722257547
gs,6,935,0.067524356663469218
gs,6,936,0.067506316422822732
gs,6,937,0.067488280999044012
gs,6,938,0.067470250390857328
gs,6,939,0.0674522245969877
gs,6,940,0.067434203616160107
gs,6,941,0.067416187447100803
gs,6,942,0.067398176088535641
gs,6,943,0.067380169539189544
gs,6,944,0.067362167797792083
gs,6,945,0.067344170863066696
gs,6,946,0.067326178733742248
gs,6,947,0.067308191408546506
gs,6,948,0.067290208886206279
gs,6,949,0.067272231165449212
gs,6,950,0.067254258245004431
gs,6,951,0.067236290123599871
gs,6,952,0.067218326799964506
gs,6,953,0.067200368272828354
gs,6,954,0.067182414540918292
gs,6,955,0.067164465602966905
gs,6,956,0.06714652145770221
gs,6,957,0.067128582103855153
gs,6,958,0.067110647540156249
gs,6,959,0.067092717765336041
gs,6,960,0.067074792778126335
gs,6,961,0.067056872577257939
gs,6,962,0.067038957161462506
gs,6,963,0.067021046529471828
gs,6,964,0.067003140680019141
gs,6,965,0.066985239611835959
gs,6,966,0.066967343323655823
gs,6,967,0.066949451814211164
gs,6,968,0.066931565082236147
gs,6,969,0.06691368312646391
gs,6,970,0.066895805945628981
gs,6,971,0.066877933538464857
gs,6,972,0.066860065903707314
gs,6,973,0.066842203040090337
gs,6,974,0.066824344946348729
gs,6,975,0.066806491621218836
gs,6,976,0.066788643063436265
gs,6,977,0.066770799271737069
gs,6,978,0.066752960244856552
gs,6,979,0.066735125981532917
gs,6,980,0.066717296480502411
gs,6,981,0.066699471740501393
gs,6,982,0.066681651760268759
gs,6,983,0.066663836538541979
gs,6,984,0.066646026074059173
gs,6,985,0.06662822036555692
gs,6,986,0.066610419411776756
gs,6,987,0.066592623211455634
gs,6,988,0.06657483176333312
gs,6,989,0.066557045066149775
gs,6,990,0.066539263118644762
gs,6,991,0.066521485919557671
gs,6,992,0.066503713467629649
gs,6,993,0.066485945761601925
gs,6,994,0.066468182800214451
gs,6,995,0.066450424582208775
gs,6,996,0.066432671106327293
gs,6,997,0.066414922371310511
gs,6,998,0.066397178375902435
gs,6,999,0.066379439118844613
gs,6,1000,0.066361704598879107
gs,6,1001,0.066343974814749934
gs,6,1002,0.066326249765200546
gs,6,1003,0.066308529448975223
gs,6,1004,0.066290813864815445
gs,6,1005,0.066273103011468479
gs,6,1006,0.066255396887677093
gs,6,1007,0.066237695492186693
gs,6,1008,0.06621999882374216
gs,6,1009,0.066202306881089537
gs,6,1010,0.066184619662974134
gs,6,1011,0.066166937168142356
gs,6,1012,0.06614925939533986
gs,6,1013,0.066131586343313467
gs,6,1014,0.066113918010811526
gs,6,1015,0.066096254396579526
gs,6,1016,0.066078595499365664
gs,6,1017,0.066060941317917843
gs,6,1018,0.066043291850984689
gs,6,1019,0.06602564709731365
gs,6,1020,0.066008007055654294
gs,6,1021,0.065990371724755054
gs,6,1022,0.065972741103365762
gs,6,1023,0.065955115190235267
gs,6,1024,0.065937493984114165
gs,6,1025,0.065919877483753525
gs,6,1026,0.065902265687901598
gs,6,1027,0.065884658595310897
gs,6,1028,0.065867056204732238
gs,6,1029,0.065849458514917483
gs,6,1030,0.065831865524617519
gs,6,1031,0.065814277232584942
gs,6,1032,0.065796693637571221
gs,6,1033,0.065779114738330369
gs,6,1034,0.065761540533614798
gs,6,1035,0.065743971022176897
gs,6,1036,0.065726406202770399
gs,6,1037,0.065708846074151131
gs,6,1038,0.065691290635070149
gs,6,1039,0.065673739884284238
gs,6,1040,0.06565619382054648
gs,6,1041,0.065638652442613188
gs,6,1042,0.065621115749238471
gs,6,1043,0.065603583739179974
gs,6,1044,0.065586056411191543
gs,6,1045,0.065568533764030365
gs,6,1046,0.065551015796451978
gs,6,1047,0.065533502507214958
gs,6,1048,0.065515993895075106
gs,6,1049,0.065498489958790262
gs,6,1050,0.065480990697118518
gs,6,1051,0.065463496108817423
gs,6,1052,0.065446006192645581
gs,6,1053,0.06542852094736086
gs,6,1054,0.065411040371722948
gs,6,1055,0.065393564464491488
gs,6,1056,0.065376093224425127
gs,6,1057,0.065358626650284565
gs,6,1058,0.065341164740828808
gs,6,1059,0.065323707494819652
gs,6,1060,0.065306254911017075
gs,6,1061,0.065288806988182554
gs,6,1062,0.065271363725076553
gs,6,1063,0.065253925120461451
gs,6,1064,0.065236491173099251
gs,6,1065,0.065219061881752083
gs,6,1066,0.065201637245181757
gs,6,1067,0.065184217262152191
gs,6,1068,0.065166801931426904
gs,6,1069,0.065149391251768163
gs,6,1070,0.065131985221939998
gs,6,1071,0.06511458384070648
gs,6,1072,0.065097187106833002
gs,6,1073,0.065079795019084105
gs,6,1074,0.065062407576223363
gs,6,1075,0.065045024777017207
gs,6,1076,0.065027646620230958
gs,6,1077,0.065010273104629798
gs,6,1078,0.064992904228981643
gs,6,1079,0.064975539992051787
gs,6,1080,0.064958180392606577
gs,6,1081,0.064940825429414331
gs,6,1082,0.06492347510124126
gs,6,1083,0.06490612940685675
gs,6,1084,0.064888788345028092
gs,6,1085,0.064871451914522038
gs,6,1086,0.064854120114109126
gs,6,1087,0.064836792942557467
gs,6,1088,0.064819470398636905
gs,6,1089,0.064802152481115399
gs,6,1090,0.064784839188765486
gs,6,1091,0.064767530520355276
gs,6,1092,0.064750226474655587
gs,6,1093,0.064732927050437622
gs,6,1094,0.064715632246471852
gs,6,1095,0.064698342061530342
gs,6,1096,0.064681056494384256
gs,6,1097,0.064663775543805174
gs,6,1098,0.064646499208566452
gs,6,1099,0.064629227487440766
gs,6,1100,0.064611960379198891
gs,6,1101,0.064594697882616126
gs,6,1102,0.064577439996465161
gs,6,1103,0.064560186719520116
gs,6,1104,0.064542938050555582
gs,6,1105,0.064525693988344068
gs,6,1106,0.064508454531662721
gs,6,1107,0.064491219679284964
gs,6,1108,0.064473989429986722
gs,6,1109,0.064456763782542739
gs,6,1110,0.06443954273572973
gs,6,1111,0.064422326288324352
gs,6,1112,0.064405114439102448
gs,6,1113,0.064387907186840759
gs,6,1114,0.064370704530317818
gs,6,1115,0.064353506468308785
gs,6,1116,0.064336312999592929
gs,6,1117,0.064319124122948462
gs,6,1118,0.064301939837152836
gs,6,1119,0.064284760140985206
gs,6,1120,0.064267585033224384
gs,6,1121,0.064250414512651094
gs,6,1122,0.064233248578042454
gs,6,1123,0.064216087228178995
gs,6,1124,0.064198930461842357
gs,6,1125,0.064181778277811644
gs,6,1126,0.064164630674869022
gs,6,1127,0.064147487651794385
gs,6,1128,0.064130349207369597
gs,6,1129,0.064113215340376103
gs,6,1130,0.064096086049595991
gs,6,1131,0.06407896133381244
gs,6,1132,0.064061841191807273
gs,6,1133,0.064044725622362741
gs,6,1134,0.064027614624263859
gs,6,1135,0.064010508196293142
gs,6,1136,0.063993406337234798
gs,6,1137,0.063976309045871954
gs,6,1138,0.063959216320990553
gs,6,1139,0.063942128161374776
gs,6,1140,0.063925044565809067
gs,6,1141,0.063907965533080133
gs,6,1142,0.063890891061972502
gs,6,1143,0.063873821151272867
gs,6,1144,0.063856755799766643
gs,6,1145,0.063839695006241551
gs,6,1146,0.063822638769484477
gs,6,1147,0.06380558708828156
gs,6,1148,0.063788539961421267
gs,6,1149,0.063771497387691223
gs,6,1150,0.063754459365879257
gs,6,1151,0.063737425894773964
gs,6,1152,0.063720396973164645
gs,6,1153,0.063703372599839575
gs,6,1154,0.063686352773588056
gs,6,1155,0.063669337493200806
gs,6,1156,0.063652326757466932
gs,6,1157,0.063635320565176581
gs,6,1158,0.063618318915120459
gs,6,1159,0.063601321806091085
gs,6,1160,0.063584329236876486
gs,6,1161,0.0635673412062705
gs,6,1162,0.063550357713064096
gs,6,1163,0.063533378756049794
gs,6,1164,0.063516404334019685
gs,6,1165,0.063499434445767236
gs,6,1166,0.063482469090084037
gs,6,1167,0.063465508265764928
gs,6,1168,0.063448551971602679
gs,6,1169,0.06343160020639145
gs,6,1170,0.063414652968925414
gs,6,1171,0.063397710257998757
gs,6,1172,0.063380772072407401
gs,6,1173,0.063363838410945644
gs,6,1174,0.06334690927240913
gs,6,1175,0.063329984655594349
gs,6,1176,0.063313064559295529
gs,6,1177,0.063296148982311187
gs,6,1178,0.063279237923436718
gs,6,1179,0.063262331381469888
gs,6,1180,0.063245429355207133
gs,6,1181,0.063228531843446317
gs,6,1182,0.063211638844985735
gs,6,1183,0.063194750358623861
gs,6,1184,0.063177866383158282
gs,6,1185,0.063160986917388737
gs,6,1186,0.063144111960114532
gs,6,1187,0.06312724151013363
gs,6,1188,0.063110375566247309
gs,6,1189,0.063093514127254585
gs,6,1190,0.06307665719195657
gs,6,1191,0.063059804759153154
gs,6,1192,0.063042956827646879
gs,6,1193,0.063026113396236622
gs,6,1194,0.063009274463726145
gs,6,1195,0.062992440028916463
gs,6,1196,0.062975610090609327
gs,6,1197,0.062958784647607069
gs,6,1198,0.062941963698714451
gs,6,1199,0.062925147242732155
gs,6,1200,0.062908335278465149
gs,6,1201,0.062891527804717254
gs,6,1202,0.062874724820291536
gs,6,1203,0.062857926323991981
gs,6,1204,0.062841132314624709
gs,6,1205,0.062824342790992777
gs,6,1206,0.062807557751904344
gs,6,1207,0.062790777196161884
gs,6,1208,0.062774001122572767
gs,6,1209,0.062757229529943212
gs,6,1210,0.062740462417079187
gs,6,1211,0.062723699782787315
gs,6,1212,0.06270694162587559
gs,6,1213,0.062690187945150924
gs,6,1214,0.06267343873942012
gs,6,1215,0.062656694007492617
gs,6,1216,0.062639953748175117
gs,6,1217,0.062623217960278491
gs,6,1218,0.06260648664261001
gs,6,1219,0.062589759793978683
gs,6,1220,0.062573037413195393
gs,6,1221,0.062556319499068438
gs,6,1222,0.062539606050408203
gs,6,1223,0.062522897066026081
gs,6,1224,0.062506192544732109
gs,6,1225,0.062489492485337715
gs,6,1226,0.062472796886653928
gs,6,1227,0.062456105747492205
gs,6,1228,0.062439419066665253
gs,6,1229,0.062422736842984848
gs,6,1230,0.062406059075262948
gs,6,1231,0.062389385762313773
gs,6,1232,0.062372716902948835
gs,6,1233,0.062356052495983395
gs,6,1234,0.06233939254022975
gs,6,1235,0.062322737034503015
gs,6,1236,0.062306085977617859
gs,6,1237,0.062289439368387128
gs,6,1238,0.062272797205627659
gs,6,1239,0.062256159488154328
gs,6,1240,0.062239526214781689
gs,6,1241,0.062222897384327146
gs,6,1242,0.062206272995606222
gs,6,1243,0.062189653047435664
gs,6,1244,0.062173037538631813
gs,6,1245,0.062156426468012241
gs,6,1246,0.062139819834394247
gs,6,1247,0.062123217636595514
gs,6,1248,0.062106619873434972
gs,6,1249,0.062090026543729165
gs,6,1250,0.062073437646298212
gs,6,1251,0.062056853179960583
gs,6,1252,0.062040273143535024
gs,6,1253,0.062023697535842637
gs,6,1254,0.062007126355701686
gs,6,1255,0.061990559601933289
gs,6,1256,0.061973997273358027
gs,6,1257,0.061957439368795081
gs,6,1258,0.06194088588706774
gs,6,1259,0.061924336826995358
gs,6,1260,0.061907792187401972
gs,6,1261,0.061891251967107465
gs,6,1262,0.061874716164935187
gs,6,1263,0.061858184779707739
gs,6,1264,0.061841657810247225
gs,6,1265,0.061825135255377632
gs,6,1266,0.061808617113923145
gs,6,1267,0.061792103384705671
gs,6,1268,0.061775594066550615
gs,6,1269,0.061759089158282342
gs,6,1270,0.061742588658725721
gs,6,1271,0.06172609256670538
gs,6,1272,0.061709600881046441
gs,6,1273,0.06169311360057509
gs,6,1274,0.061676630724116679
gs,6,1275,0.061660152250498049
gs,6,1276,0.061643678178546268
gs,6,1277,0.061627208507086667
gs,6,1278,0.061610743234948029
gs,6,1279,0.061594282360956425
gs,6,1280,0.061577825883940125
gs,6,1281,0.061561373802727595
gs,6,1282,0.061544926116146426
gs,6,1283,0.061528482823026379
gs,6,1284,0.061512043922195767
gs,6,1285,0.061495609412483512
gs,6,1286,0.061479179292719427
gs,6,1287,0.061462753561733988
gs,6,1288,0.061446332218357561
gs,6,1289,0.061429915261419173
gs,6,1290,0.061413502689751098
gs,6,1291,0.061397094502183586
gs,6,1292,0.061380690697548208
gs,6,1293,0.061364291274677428
gs,6,1294,0.061347896232401923
gs,6,1295,0.061331505569554891
gs,6,1296,0.061315119284969133
gs,6,1297,0.061298737377476611
gs,6,1298,0.061282359845911183
gs,6,1299,0.061265986689106884
gs,6,1300,0.061249617905896434
gs,6,1301,0.061233253495114548
gs,6,1302,0.061216893455595493
gs,6,1303,0.061200537786174333
gs,6,1304,0.061184186485685736
gs,6,1305,0.061167839552965536
gs,6,1306,0.061151496986848519
gs,6,1307,0.061135158786170804
gs,6,1308,0.061118824949769578
gs,6,1309,0.061102495476480501
gs,6,1310,0.061086170365140809
gs,6,1311,0.061069849614587481
gs,6,1312,0.061053533223657745
gs,6,1313,0.061037221191190434
gs,6,1314,0.06102091351602143
gs,6,1315,0.061004610196991021
gs,6,1316,0.060988311232937284
gs,6,1317,0.060972016622699708
gs,6,1318,0.060955726365116251
gs,6,1319,0.060939440459027563
gs,6,1320,0.060923158903273628
gs,6,1321,0.060906881696693699
gs,6,1322,0.060890608838128579
gs,6,1323,0.060874340326418884
gs,6,1324,0.060858076160407094
gs,6,1325,0.060841816338933076
gs,6,1326,0.060825560860838367
gs,6,1327,0.060809309724965344
gs,6,1328,0.060793062930156787
gs,6,1329,0.060776820475254623
gs,6,1330,0.060760582359102748
gs,6,1331,0.060744348580542618
gs,6,1332,0.060728119138419093
gs,6,1333,0.060711894031575626
gs,6,1334,0.060695673258856345
gs,6,1335,0.0606794568191052
gs,6,1336,0.060663244711167373
gs,6,1337,0.060647036933887059
gs,6,1338,0.060630833486110806
gs,6,1339,0.06061463436668315
gs,6,1340,0.060598439574451143
gs,6,1341,0.060582249108259649
gs,6,1342,0.060566062966955055
gs,6,1343,0.060549881149385851
gs,6,1344,0.060533703654397752
gs,6,1345,0.060517530480837987
gs,6,1346,0.060501361627555171
gs,6,1347,0.060485197093396566
gs,6,1348,0.060469036877211217
gs,6,1349,0.060452880977846159
gs,6,1350,0.06043672939415224
gs,6,1351,0.060420582124978216
gs,6,1352,0.060404439169172049
gs,6,1353,0.060388300525585525
gs,6,1354,0.060372166193067421
gs,6,1355,0.060356036170468662
gs,6,1356,0.06033991045663939
gs,6,1357,0.06032378905043121
gs,6,1358,0.060307671950695828
gs,6,1359,0.06029155915628312
gs,6,1360,0.060275450666046497
gs,6,1361,0.060259346478837454
gs,6,1362,0.060243246593509645
gs,6,1363,0.06022715100891439
gs,6,1364,0.060211059723905447
gs,6,1365,0.060194972737336552
gs,6,1366,0.060178890048059999
gs,6,1367,0.060162811654931724
gs,6,1368,0.060146737556804171
gs,6,1369,0.060130667752533389
gs,6,1370,0.06011460224097312
gs,6,1371,0.060098541020979439
gs,6,1372,0.060082484091407103
gs,6,1373,0.060066431451112942
gs,6,1374,0.060050383098951624
gs,6,1375,0.060034339033780311
gs,6,1376,0.0600182992544563
gs,6,1377,0.060002263759835042
gs,6,1378,0.059986232548775296
gs,6,1379,0.059970205620133388
gs,6,1380,0.059954182972768208
gs,6,1381,0.059938164605537546
gs,6,1382,0.059922150517299613
gs,6,1383,0.059906140706913406
gs,6,1384,0.05989013517323815
gs,6,1385,0.05987413391513307
gs,6,1386,0.059858136931457584
gs,6,1387,0.059842144221071918
gs,6,1388,0.059826155782836267
gs,6,1389,0.059810171615610939
gs,6,1390,0.059794191718258102
gs,6,1391,0.059778216089636654
gs,6,1392,0.059762244728610241
gs,6,1393,0.059746277634038954
gs,6,1394,0.059730314804786071
gs,6,1395,0.05971435623971303
gs,6,1396,0.059698401937682603
gs,6,1397,0.059682451897559045
gs,6,1398,0.059666506118203337
gs,6,1399,0.059650564598480657
gs,6,1400,0.059634627337254165
gs,6,1401,0.05961869433338788
gs,6,1402,0.059602765585747501
gs,6,1403,0.059586841093196175
gs,6,1404,0.05957092085460014
gs,6,1405,0.059555004868822869
gs,6,1406,0.059539093134732234
gs,6,1407,0.059523185651193293
gs,6,1408,0.059507282417071691
gs,6,1409,0.059491383431233974
gs,6,1410,0.059475488692548574
gs,6,1411,0.059459598199880906
gs,6,1412,0.059443711952097869
gs,6,1413,0.059427829948069
gs,6,1414,0.059411952186661364
gs,6,1415,0.059396078666743131
gs,6,1416,0.059380209387182935
gs,6,1417,0.059364344346850215
gs,6,1418,0.05934848354461314
gs,6,1419,0.059332626979342204
gs,6,1420,0.059316774649906798
gs,6,1421,0.059300926555177144
gs,6,1422,0.05928508269402321
gs,6,1423,0.059269243065315662
gs,6,1424,0.059253407667925265
gs,6,1425,0.059237576500723761
gs,6,1426,0.059221749562583338
gs,6,1427,0.0592059268523746
gs,6,1428,0.059190108368970269
gs,6,1429,0.059174294111243107
gs,6,1430,0.059158484078064226
gs,6,1431,0.059142678268309337
gs,6,1432,0.059126876680849171
gs,6,1433,0.059111079314559209
gs,6,1434,0.059095286168312576
gs,6,1435,0.059079497240983367
gs,6,1436,0.059063712531446246
gs,6,1437,0.059047932038576036
gs,6,1438,0.059032155761248102
gs,6,1439,0.059016383698336679
gs,6,1440,0.059000615848719518
gs,6,1441,0.058984852211270776
gs,6,1442,0.058969092784868046
gs,6,1443,0.058953337568386631
gs,6,1444,0.058937586560703567
gs,6,1445,0.058921839760697682
gs,6,1446,0.058906097167244625
gs,6,1447,0.058890358779222926
gs,6,1448,0.058874624595510058
gs,6,1449,0.058858894614985301
gs,6,1450,0.058843168836526287
gs,6,1451,0.058827447259012913
gs,6,1452,0.058811729881323924
gs,6,1453,0.058796016702338645
gs,6,1454,0.058780307720936939
gs,6,1455,0.058764602935999138
gs,6,1456,0.058748902346405549
gs,6,1457,0.058733205951037329
gs,6,1458,0.058717513748775284
gs,6,1459,0.05870182573849958
gs,6,1460,0.058686141919093104
gs,6,1461,0.05867046228943703
gs,6,1462,0.058654786848414013
gs,6,1463,0.058639115594906338
gs,6,1464,0.058623448527796954
gs,6,1465,0.058607785645968448
gs,6,1466,0.058592126948304867
gs,6,1467,0.058576472433689152
gs,6,1468,0.058560822101005536
gs,6,1469,0.058545175949137496
gs,6,1470,0.05852953397697154
gs,6,1471,0.058513896183390042
gs,6,1472,0.058498262567280086
gs,6,1473,0.058482633127526135
gs,6,1474,0.058467007863013586
gs,6,1475,0.058451386772629031
gs,6,1476,0.058435769855258182
gs,6,1477,0.058420157109788484
gs,6,1478,0.058404548535106293
gs,6,1479,0.058388944130098659
gs,6,1480,0.058373343893653666
gs,6,1481,0.058357747824657337
gs,6,1482,0.058342155921999338
gs,6,1483,0.058326568184568127
gs,6,1484,0.058310984611251532
gs,6,1485,0.058295405200939669
gs,6,1486,0.058279829952518999
gs,6,1487,0.05826425886488238
gs,6,1488,0.058248691936916626
gs,6,1489,0.058233129167514108
gs,6,1490,0.058217570555564153
gs,6,1491,0.058202016099958058
gs,6,1492,0.058186465799584912
gs,6,1493,0.058170919653338406
gs,6,1494,0.058155377660109683
gs,6,1495,0.05813983981878898
gs,6,1496,0.058124306128269188
gs,6,1497,0.058108776587443997
gs,6,1498,0.05809325119520465
gs,6,1499,0.058077729950444336
gs,6,1500,0.058062212852056871
gs,6,1501,0.058046699898935024
gs,6,1502,0.058031191089973788
gs,6,1503,0.058015686424066647
gs,6,1504,0.05800018590010849
gs,6,1505,0.057984689516992677
gs,6,1506,0.057969197273615783
gs,6,1507,0.057953709168873199
gs,6,1508,0.057938225201659754
gs,6,1509,0.057922745370871415
gs,6,1510,0.057907269675404334
gs,6,1511,0.057891798114156089
gs,6,1512,0.057876330686022617
gs,6,1513,0.057860867389900449
gs,6,1514,0.057845408224687846
gs,6,1515,0.057829953189282621
gs,6,1516,0.057814502282582024
gs,6,1517,0.057799055503484333
gs,6,1518,0.057783612850888316
gs,6,1519,0.057768174323693106
gs,6,1520,0.057752739920796686
gs,6,1521,0.057737309641100527
gs,6,1522,0.057721883483502177
gs,6,1523,0.057706461446903293
gs,6,1524,0.057691043530202733
gs,6,1525,0.05767562973230219
gs,6,1526,0.05766022005210155
gs,6,1527,0.057644814488502831
gs,6,1528,0.057629413040406502
gs,6,1529,0.057614015706715767
gs,6,1530,0.057598622486331366
gs,6,1531,0.057583233378155643
gs,6,1532,0.057567848381091892
gs,6,1533,0.057552467494042983
gs,6,1534,0.057537090715910788
gs,6,1535,0.057521718045600426
gs,6,1536,0.057506349482014482
gs,6,1537,0.057490985024058389
gs,6,1538,0.057475624670633801
gs,6,1539,0.057460268420648775
gs,6,1540,0.057444916273006172
gs,6,1541,0.057429568226611209
gs,6,1542,0.057414224280369637
gs,6,1543,0.05739888443318783
gs,6,1544,0.057383548683970609
gs,6,1545,0.057368217031626097
gs,6,1546,0.057352889475058677
gs,6,1547,0.057337566013176328
gs,6,1548,0.057322246644887782
gs,6,1549,0.057306931369098604
gs,6,1550,0.057291620184717312
gs,6,1551,0.0572763130906516
gs,6,1552,0.057261010085809735
gs,6,1553,0.057245711169101168
gs,6,1554,0.057230416339434396
gs,6,1555,0.057215125595718591
gs,6,1556,0.057199838936863499
gs,6,1557,0.057184556361778681
gs,6,1558,0.057169277869375125
gs,6,1559,0.057154003458561357
gs,6,1560,0.057138733128249117
gs,6,1561,0.057123466877349989
gs,6,1562,0.057108204704773916
gs,6,1563,0.057092946609433905
gs,6,1564,0.057077692590240606
gs,6,1565,0.057062442646107159
gs,6,1566,0.057047196775944449
gs,6,1567,0.057031954978666782
gs,6,1568,0.057016717253186279
gs,6,1569,0.057001483598415767
gs,6,1570,0.056986254013270496
gs,6,1571,0.056971028496662648
gs,6,1572,0.056955807047506142
gs,6,1573,0.056940589664716573
gs,6,1574,0.056925376347208817
gs,6,1575,0.056910167093896825
gs,6,1576,0.056894961903696174
gs,6,1577,0.056879760775522425
gs,6,1578,0.056864563708290947
gs,6,1579,0.056849370700919562
gs,6,1580,0.056834181752323194
gs,6,1581,0.056818996861419287
gs,6,1582,0.056803816027123887
gs,6,1583,0.056788639248355213
gs,6,1584,0.056773466524030453
gs,6,1585,0.056758297853067456
gs,6,1586,0.056743133234383951
gs,6,1587,0.056727972666899384
gs,6,1588,0.056712816149531387
gs,6,1589,0.056697663681199641
gs,6,1590,0.056682515260823393
gs,6,1591,0.056667370887321822
gs,6,1592,0.056652230559615581
gs,6,1593,0.056637094276623369
gs,6,1594,0.056621962037266382
gs,6,1595,0.056606833840466261
gs,6,1596,0.05659170968514228
gs,6,1597,0.056576589570216669
gs,6,1598,0.056561473494611367
gs,6,1599,0.056546361457247632
gs,6,1600,0.056531253457047015
gs,6,1601,0.056516149492933813
gs,6,1602,0.056501049563828065
gs,6,1603,0.056485953668655567
gs,6,1604,0.056470861806338132
gs,6,1605,0.056455773975799498
gs,6,1606,0.056440690175962323
gs,6,1607,0.056425610405752155
gs,6,1608,0.056410534664093778
gs,6,1609,0.056395462949911254
gs,6,1610,0.056380395262128895
gs,6,1611,0.056365331599673468
gs,6,1612,0.05635027196146937
gs,6,1613,0.056335216346442285
gs,6,1614,0.05632016475351919
gs,6,1615,0.056305117181625702
gs,6,1616,0.056290073629688665
gs,6,1617,0.056275034096636034
gs,6,1618,0.056259998581394466
gs,6,1619,0.056244967082890542
gs,6,1620,0.056229939600052833
gs,6,1621,0.05621491613181006
gs,6,1622,0.056199896677089738
gs,6,1623,0.05618488123482035
gs,6,1624,0.056169869803932328
gs,6,1625,0.056154862383353335
gs,6,1626,0.056139858972013255
gs,6,1627,0.056124859568842465
gs,6,1628,0.056109864172770932
gs,6,1629,0.056094872782728365
gs,6,1630,0.05607988539764576
gs,6,1631,0.056064902016454851
gs,6,1632,0.056049922638085545
gs,6,1633,0.056034947261470687
gs,6,1634,0.056019975885540571
gs,6,1635,0.056005008509228703
gs,6,1636,0.055990045131466208
gs,6,1637,0.055975085751186558
gs,6,1638,0.055960130367322281
gs,6,1639,0.055945178978806631
gs,6,1640,0.055930231584573616
gs,6,1641,0.05591528818355581
gs,6,1642,0.055900348774688212
gs,6,1643,0.055885413356905639
gs,6,1644,0.055870481929141125
gs,6,1645,0.05585555449033091
gs,6,1646,0.055840631039409255
gs,6,1647,0.055825711575313089
gs,6,1648,0.055810796096976381
gs,6,1649,0.055795884603336406
gs,6,1650,0.055780977093328875
gs,6,1651,0.055766073565889369
gs,6,1652,0.055751174019957501
gs,6,1653,0.055736278454468005
gs,6,1654,0.05572138686835873
gs,6,1655,0.055706499260568532
gs,6,1656,0.055691615630034691
gs,6,1657,0.055676735975694384
gs,6,1658,0.055661860296488258
gs,6,1659,0.055646988591353599
gs,6,1660,0.055632120859230402
gs,6,1661,0.055617257099057092
gs,6,1662,0.055602397309774489
gs,6,1663,0.05558754149032185
gs,6,1664,0.055572689639639648
gs,6,1665,0.055557841756667767
gs,6,1666,0.055542997840348315
gs,6,1667,0.055528157889621392
gs,6,1668,0.055513321903428205
gs,6,1669,0.055498489880711988
gs,6,1670,0.055483661820412533
gs,6,1671,0.055468837721473603
gs,6,1672,0.055454017582836038
gs,6,1673,0.055439201403445153
gs,6,1674,0.055424389182241476
gs,6,1675,0.055409580918169381
gs,6,1676,0.055394776610172669
gs,6,1677,0.055379976257195221
gs,6,1678,0.055365179858180895
gs,6,1679,0.055350387412074369
gs,6,1680,0.055335598917820451
gs,6,1681,0.05532081437436337
gs,6,1682,0.055306033780649716
gs,6,1683,0.05529125713562328
gs,6,1684,0.05527648443823184
gs,6,1685,0.055261715687420623
gs,6,1686,0.055246950882136048
gs,6,1687,0.055232190021324394
gs,6,1688,0.055217433103932581
gs,6,1689,0.055202680128909574
gs,6,1690,0.055187931095200767
gs,6,1691,0.055173186001755095
gs,6,1692,0.055158444847520673
gs,6,1693,0.055143707631445431
gs,6,1694,0.05512897435247828
gs,6,1695,0.055114245009567138
gs,6,1696,0.055099519601663774
gs,6,1697,0.05508479812771392
gs,6,1698,0.055070080586670567
gs,6,1699,0.055055366977482451
gs,6,1700,0.055040657299099842
gs,6,1701,0.055025951550473191
gs,6,1702,0.055011249730553199
gs,6,1703,0.054996551838292079
gs,6,1704,0.05498185787264135
gs,6,1705,0.054967167832550658
gs,6,1706,0.054952481716974026
gs,6,1707,0.054937799524862989
gs,6,1708,0.054923121255170002
gs,6,1709,0.054908446906847985
gs,6,1710,0.054893776478849098
gs,6,1711,0.054879109970128008
gs,6,1712,0.054864447379639088
gs,6,1713,0.054849788706334529
gs,6,1714,0.054835133949168488
gs,6,1715,0.054820483107096564
gs,6,1716,0.054805836179072989
gs,6,1717,0.054791193164052905
gs,6,1718,0.054776554060991745
gs,6,1719,0.054761918868844309
gs,6,1720,0.054747287586567876
gs,6,1721,0.05473266021311763
gs,6,1722,0.054718036747449565
gs,6,1723,0.054703417188521578
gs,6,1724,0.054688801535289412
gs,6,1725,0.054674189786711486
gs,6,1726,0.054659581941743925
gs,6,1727,0.05464497799934652
gs,6,1728,0.054630377958474807
gs,6,1729,0.054615781818089501
gs,6,1730,0.054601189577147928
gs,6,1731,0.054586601234609608
gs,6,1732,0.054572016789433346
gs,6,1733,0.054557436240578162
gs,6,1734,0.054542859587004867
gs,6,1735,0.054528286827672558
gs,6,1736,0.054513717961542058
gs,6,1737,0.054499152987574059
gs,6,1738,0.054484591904728548
gs,6,1739,0.054470034711967055
gs,6,1740,0.054455481408251981
gs,6,1741,0.054440931992543955
gs,6,1742,0.054426386463804752
gs,6,1743,0.054411844820996626
gs,6,1744,0.054397307063083357
gs,6,1745,0.054382773189025992
gs,6,1746,0.054368243197788171
gs,6,1747,0.054353717088333843
gs,6,1748,0.054339194859625892
gs,6,1749,0.054324676510628327
gs,6,1750,0.054310162040305851
gs,6,1751,0.054295651447621912
gs,6,1752,0.05428114473154174
gs,6,1753,0.054266641891030323
gs,6,1754,0.054252142925052906
gs,6,1755,0.054237647832575085
gs,6,1756,0.054223156612562315
gs,6,1757,0.054208669263981095
gs,6,1758,0.054194185785796663
gs,6,1759,0.054179706176978246
gs,6,1760,0.054165230436489541
gs,6,1761,0.054150758563299504
gs,6,1762,0.054136290556375317
gs,6,1763,0.054121826414684007
gs,6,1764,0.054107366137196133
gs,6,1765,0.054092909722875948
gs,6,1766,0.054078457170694885
gs,6,1767,0.054064008479620874
gs,6,1768,0.054049563648623018
gs,6,1769,0.054035122676670898
gs,6,1770,0.054020685562733033
gs,6,1771,0.054006252305781079
gs,6,1772,0.053991822904784402
gs,6,1773,0.053977397358713479
gs,6,1774,0.053962975666538515
gs,6,1775,0.053948557827231028
gs,6,1776,0.053934143839762826
gs,6,1777,0.053919733703103753
gs,6,1778,0.053905327416227715
gs,6,1779,0.053890924978105652
gs,6,1780,0.053876526387709893
gs,6,1781,0.053862131644013225
gs,6,1782,0.053847740745988582
gs,6,1783,0.0538333536926092
gs,6,1784,0.053818970482848949
gs,6,1785,0.053804591115680526
gs,6,1786,0.053790215590078919
gs,6,1787,0.053775843905018265
gs,6,1788,0.05376147605947279
gs,6,1789,0.053747112052416397
gs,6,1790,0.053732751882826307
gs,6,1791,0.053718395549675939
gs,6,1792,0.053704043051941742
gs,6,1793,0.053689694388600009
gs,6,1794,0.053675349558626989
gs,6,1795,0.053661008560997404
gs,6,1796,0.053646671394690107
gs,6,1797,0.053632338058681686
gs,6,1798,0.053618008551947711
gs,6,1799,0.053603682873467562
gs,6,1800,0.053589361022218396
gs,6,1801,0.053575042997178572
gs,6,1802,0.053560728797326006
gs,6,1803,0.053546418421639146
gs,6,1804,0.053532111869096934
gs,6,1805,0.053517809138679706
gs,6,1806,0.053503510229365628
gs,6,1807,0.053489215140135854
gs,6,1808,0.053474923869967966
gs,6,1809,0.053460636417844237
gs,6,1810,0.053446352782743921
gs,6,1811,0.053432072963649956
gs,6,1812,0.053417796959540999
gs,6,1813,0.053403524769398497
gs,6,1814,0.053389256392206257
gs,6,1815,0.053374991826944197
gs,6,1816,0.053360731072593891
gs,6,1817,0.053346474128140309
gs,6,1818,0.053332220992564308
gs,6,1819,0.053317971664849355
gs,6,1820,0.053303726143978422
gs,6,1821,0.053289484428934393
gs,6,1822,0.053275246518702565
gs,6,1823,0.053261012412266516
gs,6,1824,0.053246782108609877
gs,6,1825,0.053232555606716615
gs,6,1826,0.053218332905574067
gs,6,1827,0.053204114004165068
gs,6,1828,0.053189898901476192
gs,6,1829,0.053175687596492327
gs,6,1830,0.053161480088199896
gs,6,1831,0.053147276375584529
gs,6,1832,0.053133076457633543
gs,6,1833,0.053118880333333153
gs,6,1834,0.053104688001670279
gs,6,1835,0.053090499461632787
gs,6,1836,0.053076314712206668
gs,6,1837,0.053062133752382681
gs,6,1838,0.053047956581146451
gs,6,1839,0.053033783197486285
gs,6,1840,0.053019613600392139
gs,6,1841,0.05300544778885205
gs,6,1842,0.052991285761855383
gs,6,1843,0.05297712751839171
gs,6,1844,0.052962973057450416
gs,6,1845,0.052948822378021704
gs,6,1846,0.052934675479095861
gs,6,1847,0.052920532359662709
gs,6,1848,0.052906393018714679
gs,6,1849,0.052892257455240517
gs,6,1850,0.052878125668232613
gs,6,1851,0.052863997656683114
gs,6,1852,0.052849873419583582
gs,6,1853,0.052835752955925873
gs,6,1854,0.05282163626470246
gs,6,1855,0.052807523344905231
gs,6,1856,0.052793414195528764
gs,6,1857,0.052779308815565307
gs,6,1858,0.052765207204006979
gs,6,1859,0.052751109359849717
gs,6,1860,0.052737015282086901
gs,6,1861,0.052722924969712072
gs,6,1862,0.052708838421719514
gs,6,1863,0.052694755637105538
gs,6,1864,0.052680676614864259
gs,6,1865,0.052666601353991087
gs,6,1866,0.052652529853480852
gs,6,1867,0.052638462112330975
gs,6,1868,0.052624398129536107
gs,6,1869,0.052610337904093266
gs,6,1870,0.05259628143499951
gs,6,1871,0.052582228721251151
gs,6,1872,0.052568179761845565
gs,6,1873,0.052554134555780639
gs,6,1874,0.052540093102053174
gs,6,1875,0.052526055399661833
gs,6,1876,0.05251202144760491
gs,6,1877,0.052497991244880068
gs,6,1878,0.052483964790487135
gs,6,1879,0.052469942083425161
gs,6,1880,0.052455923122692365
gs,6,1881,0.05244190790728942
gs,6,1882,0.052427896436216224
gs,6,1883,0.052413888708471787
gs,6,1884,0.052399884723057497
gs,6,1885,0.052385884478973466
gs,6,1886,0.052371887975220813
gs,6,1887,0.052357895210800982
gs,6,1888,0.052343906184715558
gs,6,1889,0.05232992089596495
gs,6,1890,0.052315939343552685
gs,6,1891,0.052301961526480478
gs,6,1892,0.052287987443750301
gs,6,1893,0.052274017094365743
gs,6,1894,0.052260050477329595
gs,6,1895,0.052246087591644695
gs,6,1896,0.052232128436314827
gs,6,1897,0.052218173010344163
gs,6,1898,0.052204221312736845
gs,6,1899,0.052190273342496908
gs,6,1900,0.052176329098629674
gs,6,1901,0.052162388580138941
gs,6,1902,0.052148451786029268
gs,6,1903,0.052134518715308394
gs,6,1904,0.052120589366980621
gs,6,1905,0.052106663740052038
gs,6,1906,0.052092741833528966
gs,6,1907,0.05207882364641752
gs,6,1908,0.05206490917772523
gs,6,1909,0.052050998426458481
gs,6,1910,0.052037091391624865
gs,6,1911,0.05202318807223151
gs,6,1912,0.052009288467286079
gs,6,1913,0.051995392575797557
gs,6,1914,0.051981500396773156
gs,6,1915,0.05196761192922271
gs,6,1916,0.051953727172154247
gs,6,1917,0.051939846124576902
gs,6,1918,0.05192596878550066
gs,6,1919,0.05191209515393462
gs,6,1920,0.051898225228888352
gs,6,1921,0.051884359009373049
gs,6,1922,0.051870496494398372
gs,6,1923,0.051856637682975257
gs,6,1924,0.051842782574114808
gs,6,1925,0.05182893116682788
gs,6,1926,0.051815083460126268
gs,6,1927,0.051801239453021251
gs,6,1928,0.051787399144525958
gs,6,1929,0.051773562533651549
gs,6,1930,0.05175972961941163
gs,6,1931,0.051745900400817522
gs,6,1932,0.05173207487688336
gs,6,1933,0.051718253046622781
gs,6,1934,0.051704434909048386
gs,6,1935,0.051690620463174498
gs,6,1936,0.051676809708015102
gs,6,1937,0.051663002642585519
gs,6,1938,0.051649199265898539
gs,6,1939,0.051635399576971219
gs,6,1940,0.051621603574816655
gs,6,1941,0.051607811258451521
gs,6,1942,0.051594022626892028
gs,6,1943,0.051580237679152811
gs,6,1944,0.051566456414250325
gs,6,1945,0.051552678831201647
gs,6,1946,0.051538904929022959
gs,6,1947,0.051525134706732374
gs,6,1948,0.051511368163345631
gs,6,1949,0.051497605297880771
gs,6,1950,0.051483846109356399
gs,6,1951,0.051470090596789135
gs,6,1952,0.051456338759198736
gs,6,1953,0.051442590595603167
gs,6,1954,0.051428846105020756
gs,6,1955,0.051415105286471301
gs,6,1956,0.051401368138973245
gs,6,1957,0.051387634661547985
gs,6,1958,0.051373904853213442
gs,6,1959,0.051360178712990874
gs,6,1960,0.051346456239900314
gs,6,1961,0.051332737432963411
gs,6,1962,0.05131902229119898
gs,6,1963,0.051305310813629289
gs,6,1964,0.051291602999276813
gs,6,1965,0.051277898847161447
gs,6,1966,0.051264198356307057
gs,6,1967,0.051250501525734002
gs,6,1968,0.05123680835446566
gs,6,1969,0.051223118841525556
gs,6,1970,0.051209432985934826
gs,6,1971,0.051195750786718328
gs,6,1972,0.051182072242898877
gs,6,1973,0.051168397353500247
gs,6,1974,0.051154726117546914
gs,6,1975,0.051141058534062755
gs,6,1976,0.051127394602072385
gs,6,1977,0.051113734320600922
gs,6,1978,0.051100077688672883
gs,6,1979,0.051086424705314937
gs,6,1980,0.051072775369551057
gs,6,1981,0.051059129680407538
gs,6,1982,0.051045487636911323
gs,6,1983,0.051031849238087165
gs,6,1984,0.051018214482963439
gs,6,1985,0.051004583370566486
gs,6,1986,0.050990955899923265
gs,6,1987,0.050977332070060895
gs,6,1988,0.050963711880007638
gs,6,1989,0.050950095328791717
gs,6,1990,0.050936482415439722
gs,6,1991,0.050922873138981507
gs,6,1992,0.05090926749844641
gs,6,1993,0.050895665492861612
gs,6,1994,0.050882067121257084
gs,6,1995,0.050868472382662788
gs,6,1996,0.050854881276108002
gs,6,1997,0.05084129380062221
gs,6,1998,0.05082770995523668
gs,6,1999,0.050814129738981882
pcg-gs,6,0,0.00070023254543541489
pcg-gs,6,1,0.0059156423449438717
pcg-gs,6,2,0.037104568619885737
pcg-gs,6,3,0.054124708240206189
pcg-gs,6,4,0.041493354521093331
pcg-gs,6,5,0.036182808032715154
pcg-gs,6,6,0.025074168741946446
pcg-gs,6,7,0.019260032129217692
pcg-gs,6,8,0.014736939524783972
pcg-gs,6,9,0.0093112417303630683
pcg-gs,6,10,0.00715072305580407
pcg-gs,6,11,0.0069702389390449209
pcg-gs,6,12,0.0046896101688875787
pcg-gs,6,13,0.0041436035565834538
pcg-gs,6,14,0.003471641349856973
pcg-gs,6,15,0.0032423604503861261
pcg-gs,6,16,0.0025323136807599016
pcg-gs,6,17,0.0024199520968674016
pcg-gs,6,18,0.0018538459416352273
pcg-gs,6,19,0.0015201819682685417
pcg-gs,6,20,0.0014419952439259933
pcg-gs,6,21,0.0014837431306132848
pcg-gs,6,22,0.0010097820840847033
pcg-gs,6,23,0.0010026664925856469
pcg-gs,6,24,0.00095356341454284346
pcg-gs,6,25,0.00077658585839867039
pcg-gs,6,26,0.00068861328442831231
pcg-gs,6,27,0.00065430606061336796
pcg-gs,6,28,0.00066936922384656244
pcg-gs,6,29,0.0005439797680131393
pcg-gs,6,30,0.00042637439695220291
pcg-gs,6,31,0.00040552477665537601
pcg-gs,6,32,0.00037672676178334905
pcg-gs,6,33,0.00038066246642826199
pcg-gs,6,34,0.00033634979070127605
pcg-gs,6,35,0.00037413785568407034
pcg-gs,6,36,0.00033652951437066083
pcg-gs,6,37,0.00029007114506638928
pcg-gs,6,38,0.0002855334007780469
pcg-gs,6,39,0.00022896397052716707
pcg-gs,6,40,0.00019066930938409045
pcg-gs,6,41,0.00021002063670123953
pcg-gs,6,42,0.00019439837436548252
pcg-gs,6,43,0.00017484388126002269
pcg-gs,6,44,0.00018925338767106556
pcg-gs,6,45,0.0001766005205097532
pcg-gs,6,46,0.00013221425782006965
pcg-gs,6,47,0.00014154523926770694
pcg-gs,6,48,0.0001275060987564547
pcg-gs,6,49,0.00012102707791882033
pcg-gs,6,50,0.00011881999650281497
pcg-gs,6,51,0.00013401027725952442
pcg-gs,6,52,9.9011236366805649e-05
pcg-gs,6,53,0.00010698604876192833
pcg-gs,6,54,0.00010016635746847553
pcg-gs,6,55,9.1876621705616133e-05
pcg-gs,6,56,0.00010328284404532048
pcg-gs,6,57,8.1387804612255443e-05
pcg-gs,6,58,7.7368293477465415e-05
pcg-gs,6,59,7.5548971710847056e-05
pcg-gs,6,60,6.2749364391474668e-05
pcg-gs,6,61,6.292105268541437e-05
pcg-gs,6,62,6.5120736839278909e-05
pcg-gs,6,63,5.7495434861239985e-05
pcg-gs,6,64,5.3318082205104994e-05
pcg-gs,6,65,5.5316815601266093e-05
pcg-gs,6,66,5.3017135796788396e-05
pcg-gs,6,67,5.04266174201936e-05
pcg-gs,6,68,5.2924914606682724e-05
pcg-gs,6,69,4.5940184599520353e-05
pcg-gs,6,70,4.0726729373850531e-05
pcg-gs,6,71,3.7762164055121052e-05
pcg-gs,6,72,4.1788236865737765e-05
pcg-gs,6,73,3.4663239558760243e-05
pcg-gs,6,74,3.3180734876456079e-05
pcg-gs,6,75,3.0062961752691088e-05
pcg-gs,6,76,3.1991533133781275e-05
pcg-gs,6,77,3.0316648259591402e-05
pcg-gs,6,78,3.3863975914779657e-05
pcg-gs,6,79,2.6961633590438891e-05
pcg-gs,6,80,2.2616559264859567e-05
pcg-gs,6,81,2.2895112129899807e-05
pcg-gs,6,82,2.3833012833338464e-05
pcg-gs,6,83,2.2019589446211636e-05
pcg-gs,6,84,2.4162920505572343e-05
pcg-gs,6,85,1.8521766083322641e-05
pcg-gs,6,86,2.184267815986892e-05
pcg-gs,6,87,1.9311434236834568e-05
pcg-gs,6,88,1.8630437044632377e-05
pcg-gs,6,89,1.4936399326408926e-05
pcg-gs,6,90,1.5063219770423654e-05
pcg-gs,6,91,1.4802393853762804e-05
pcg-gs,6,92,1.5708721802013395e-05
pcg-gs,6,93,1.2554359293917096e-05
pcg-gs,6,94,1.4835046595509472e-05
pcg-gs,6,95,1.2197719556312912e-05
pcg-gs,6,96,1.1687713333563466e-05
pcg-gs,6,97,1.0194133903100667e-05
pcg-gs,6,98,1.1302097399864876e-05
pcg-gs,6,99,9.8811327551777046e-06
pcg-gs,6,100,9.4454695887010407e-06
pcg-gs,6,101,8.6011422667200021e-06
pcg-gs,6,102,9.5808587122355313e-06
pcg-gs,6,103,1.0099738655444535e-05
pcg-gs,6,104,7.4250840343816677e-06
pcg-gs,6,105,7.7385546352896774e-06
pcg-gs,6,106,7.0065969925043379e-06
pcg-gs,6,107,6.4574343347913783e-06
pcg-gs,6,108,7.0383268398689352e-06
pcg-gs,6,109,7.1244329166390774e-06
pcg-gs,6,110,5.4596032933769968e-06
pcg-gs,6,111,6.3563289067273828e-06
pcg-gs,6,112,5.4026972003243458e-06
pcg-gs,6,113,5.630506274602776e-06
pcg-gs,6,114,5.6672156147308351e-06
pcg-gs,6,115,5.2543903146364956e-06
pcg-gs,6,116,5.1755594761321456e-06
pcg-gs,6,117,5.5642268924637172e-06
pcg-gs,6,118,5.3071011871035088e-06
pcg-gs,6,119,4.9197169565564987e-06
pcg-gs,6,120,3.8660224294258457e-06
pcg-gs,6,121,3.570104398484643e-06
pcg-gs,6,122,3.6954021505273519e-06
pcg-gs,6,123,3.3321212953206512e-06
pcg-gs,6,124,3.6656651912932076e-06
pcg-gs,6,125,3.3212442121376407e-06
pcg-gs,6,126,3.5017611654795398e-06
pcg-gs,6,127,3.2149230097784663e-06
pcg-gs,6,128,2.4744095561097106e-06
pcg-gs,6,129,2.8371357662700301e-06
pcg-gs,6,130,3.0595160272367113e-06
pcg-gs,6,131,2.8600276989040459e-06
pcg-gs,6,132,3.0148356725279981e-06
pcg-gs,6,133,2.4397991530802726e-06
pcg-gs,6,134,2.416575665526342e-06
pcg-gs,6,135,2.39257168695731e-06
pcg-gs,6,136,1.9263532481462493e-06
pcg-gs,6,137,1.9451963251914368e-06
pcg-gs,6,138,1.7407084586858118e-06
pcg-gs,6,139,2.2216461696171072e-06
pcg-gs,6,140,1.9998145303627422e-06
pcg-gs,6,141,1.7905747228214287e-06
pcg-gs,6,142,1.7079630434799129e-06
pcg-gs,6,143,1.9573113540819557e-06
pcg-gs,6,144,1.9354042023792577e-06
pcg-gs,6,145,1.7473584450403449e-06
pcg-gs,6,146,1.5847073798368607e-06
pcg-gs,6,147,1.5240069939946471e-06
pcg-gs,6,148,1.456579016385284e-06
pcg-gs,6,149,1.7509431662712267e-06
pcg-gs,6,150,1.5237403504643904e-06
pcg-gs,6,151,1.5377528123850911e-06
pcg-gs,6,152,1.5791742047862938e-06
pcg-gs,6,153,1.4694087949097822e-06
pcg-gs,6,154,2.117282991458254e-06
pcg-gs,6,155,1.5830057578077649e-06
pcg-gs,6,156,1.4248402005094366e-06
pcg-gs,6,157,1.4693103059330482e-06
pcg-gs,6,158,1.3278847841676605e-06
pcg-gs,6,159,1.2895955937747615e-06
pcg-gs,6,160,1.4129387726295376e-06
pcg-gs,6,161,1.6721429172545514e-06
pcg-gs,6,162,1.627942972082149e-06
pcg-gs,6,163,1.2292126605675186e-06
pcg-gs,6,164,1.8745872168985438e-06
pcg-gs,6,165,1.8273140820380029e-06
pcg-gs,6,166,1.5632156207735533e-06
pcg-gs,6,167,1.7706361309348821e-06
pcg-gs,6,168,1.776606005427666e-06
pcg-gs,6,169,1.7705014245821212e-06
pcg-gs,6,170,1.5603608317255625e-06
pcg-gs,6,171,1.7006894403831264e-06
pcg-gs,6,172,1.6610766143112026e-06
pcg-gs,6,173,1.6359841004986542e-06
pcg-gs,6,174,1.8322018997042374e-06
pcg-gs,6,175,1.4388167267558609e-06
pcg-gs,6,176,1.5971142919953903e-06
pcg-gs,6,177,2.2263869366169153e-06
pcg-gs,6,178,1.4748790053197766e-06
pcg-gs,6,179,1.5495996899981853e-06
pcg-gs,6,180,2.1493388530466556e-06
pcg-gs,6,181,1.5773666604118157e-06
pcg-gs,6,182,1.3687005911047903e-06
pcg-gs,6,183,1.9266845244831788e-06
pcg-gs,6,184,1.7115033311259878e-06
pcg-gs,6,185,1.3629724387751695e-06
pcg-gs,6,186,2.4099152893370639e-06
pcg-gs,6,187,1.3990383345509532e-06
pcg-gs,6,188,1.5756017580245536e-06
pcg-gs,6,189,2.3557298449265088e-06
pcg-gs,6,190,1.8246519398082872e-06
pcg-gs,6,191,1.9312385432647749e-06
pcg-gs,6,192,1.8583464123630409e-06
pcg-gs,6,193,2.0007199020476597e-06
pcg-gs,6,194,1.3169899358757652e-06
pcg-gs,6,195,1.6943919872631463e-06
pcg-gs,6,196,1.6294158062822646e-06
pcg-gs,6,197,1.4726013947366644e-06
pcg-gs,6,198,2.1385796428154092e-06
pcg-gs,6,199,1.8824140226206592e-06
pcg-gs,6,200,1.334872631542566e-06
pcg-gs,6,201,1.9058145177266881e-06
pcg-gs,6,202,2.1044277689756766e-06
pcg-gs,6,203,1.2013258687405877e-06
pcg-gs,6,204,1.359579980341398e-06
pcg-gs,6,205,1.4013553920596059e-06
pcg-gs,6,206,1.0997933479403262e-06
pcg-gs,6,207,1.1125735207084029e-06
pcg-gs,6,208,1.2901674848721207e-06
pcg-gs,6,209,9.6463769579804574e-07
pcg-gs,6,210,1.1116804077868147e-06
pcg-gs,6,211,1.3385927578159071e-06
pcg-gs,6,212,7.6343772786285163e-07
pcg-gs,6,213,9.5536072091659025e-07
pcg-gs,6,214,1.149306397593124e-06
pcg-gs,6,215,6.9864389042657547e-07
pcg-gs,6,216,6.4090492951921379e-07
pcg-gs,6,217,7.5046162090206697e-07
pcg-gs,6,218,5.1936903461349798e-07
pcg-gs,6,219,6.8771191036523076e-07
pcg-gs,6,220,7.4136964414864667e-07
pcg-gs,6,221,6.0742849707449055e-07
pcg-gs,6,222,5.1754083149887319e-07
pcg-gs,6,223,7.9072506871505515e-07
pcg-gs,6,224,4.6913012875669986e-07
pcg-gs,6,225,5.136375464397924e-07
pcg-gs,6,226,8.5360228938028583e-07
pcg-gs,6,227,6.8716885715965413e-07
pcg-gs,6,228,4.9746050538902327e-07
pcg-gs,6,229,5.8051913752949115e-07
pcg-gs,6,230,5.9540268621826901e-07
pcg-gs,6,231,4.8037712039641438e-07
pcg-gs,6,232,5.6910542441987367e-07
pcg-gs,6,233,4.5600448632256119e-07
pcg-gs,6,234,3.8865778797106844e-07
pcg-gs,6,235,4.2642362362386633e-07
pcg-gs,6,236,4.3314638676608921e-07
pcg-gs,6,237,4.1240680021703844e-07
pcg-gs,6,238,5.024570597971672e-07
pcg-gs,6,239,4.3607843639623223e-07
pcg-gs,6,240,3.416569461585113e-07
pcg-gs,6,241,3.3480711710874896e-07
pcg-gs,6,242,3.8304013375632723e-07
pcg-gs,6,243,2.9310878348282619e-07
pcg-gs,6,244,3.3447319129408818e-07
pcg-gs,6,245,3.1474579492554075e-07
pcg-gs,6,246,2.3437609961374654e-07
pcg-gs,6,247,2.5032241157955052e-07
pcg-gs,6,248,2.8321432477583969e-07
pcg-gs,6,249,2.4300291837995139e-07
pcg-gs,6,250,2.5344191823500627e-07
pcg-gs,6,251,2.4773309945174493e-07
pcg-gs,6,252,2.461088344659447e-07
pcg-gs,6,253,2.7002750007006807e-07
pcg-gs,6,254,2.9750983063492932e-07
pcg-gs,6,255,1.9944183581507114e-07
pcg-gs,6,256,2.6486918775003495e-07
pcg-gs,6,257,2.5817577062781998e-07
pcg-gs,6,258,1.6250562768094838e-07
pcg-gs,6,259,1.7282972943316049e-07
pcg-gs,6,260,2.3735226769516839e-07
pcg-gs,6,261,1.7878227747468586e-07
pcg-gs,6,262,1.7960039534046137e-07
pcg-gs,6,263,2.138085396711869e-07
pcg-gs,6,264,1.4100380123191942e-07
pcg-gs,6,265,1.0785729134822045e-07
pcg-gs,6,266,1.5554434293107506e-07
pcg-gs,6,267,1.336577574503799e-07
pcg-gs,6,268,1.0303554502446196e-07
pcg-gs,6,269,1.4432723417948776e-07
pcg-gs,6,270,1.2162662363709402e-07
pcg-gs,6,271,1.2039060805014024e-07
pcg-gs,6,272,1.3282935634002761e-07
pcg-gs,6,273,1.170409597771409e-07
pcg-gs,6,274,9.3464245697779493e-08
pcg-gs,6,275,1.1255955206552455e-07
pcg-gs,6,276,8.7234778312521715e-08
pcg-gs,6,277,8.6858894846520965e-08
pcg-gs,6,278,1.0794600536176336e-07
pcg-gs,6,279,9.6798054124284987e-08
pcg-gs,6,280,6.7741953611460499e-08
pcg-gs,6,281,8.8366138525471735e-08
pcg-gs,6,282,9.507349330210855e-08
pcg-gs,6,283,5.3793746574280705e-08
pcg-gs,6,284,6.4454980719809271e-08
pcg-gs,6,285,8.3101224910013304e-08
pcg-gs,6,286,6.4520778073167819e-08
pcg-gs,6,287,5.7799619122079003e-08
pcg-gs,6,288,6.7338158268579174e-08
pcg-gs,6,289,4.5084209796350796e-08
pcg-gs,6,290,5.6906453868317935e-08
pcg-gs,6,291,7.5688928622443962e-08
pcg-gs,6,292,4.1609809771671303e-08
pcg-gs,6,293,3.9909128879617085e-08
pcg-gs,6,294,6.3269346786544664e-08
pcg-gs,6,295,4.5880080239260877e-08
pcg-gs,6,296,5.1085016257926749e-08
pcg-gs,6,297,5.3568684847937214e-08
pcg-gs,6,298,3.887639507869754e-08
pcg-gs,6,299,3.7352632503837821e-08
pcg-gs,6,300,5.183867456377979e-08
pcg-gs,6,301,3.8906239622115893e-08
pcg-gs,6,302,4.1482245346043296e-08
pcg-gs,6,303,5.0683451068995048e-08
pcg-gs,6,304,3.905082274874777e-08
pcg-gs,6,305,2.4861681128814046e-08
pcg-gs,6,306,3.7323911911563364e-08
pcg-gs,6,307,3.8464752057370264e-08
pcg-gs,6,308,2.687678681346628e-08
pcg-gs,6,309,2.6155034187031687e-08
pcg-gs,6,310,3.0075647584614339e-08
pcg-gs,6,311,2.2421690996999556e-08
pcg-gs,6,312,2.6440179265026817e-08
pcg-gs,6,313,2.9356963438201167e-08
pcg-gs,6,314,2.0728244377979377e-08
pcg-gs,6,315,3.139369989714735e-08
pcg-gs,6,316,3.2469779999667442e-08
pcg-gs,6,317,2.8167307679403759e-08
pcg-gs,6,318,2.4522821127462395e-08
pcg-gs,6,319,3.7855328676396025e-08
pcg-gs,6,320,2.2248645223154482e-08
pcg-gs,6,321,2.1314600717662241e-08
pcg-gs,6,322,2.6771577502042953e-08
pcg-gs,6,323,2.2574639323962689e-08
pcg-gs,6,324,2.1294042856131989e-08
pcg-gs,6,325,2.0791205002828868e-08
pcg-gs,6,326,1.852344876914357e-08
pcg-gs,6,327,2.1027376208309848e-08
pcg-gs,6,328,2.2508990979092938e-08
pcg-gs,6,329,1.6123061210927021e-08
pcg-gs,6,330,1.6297554215416124e-08
pcg-gs,6,331,2.2802174590277498e-08
pcg-gs,6,332,1.7564445961431153e-08
pcg-gs,6,333,1.6665767252808885e-08
pcg-gs,6,334,1.8684521728323494e-08
pcg-gs,6,335,1.28659693317482e-08
pcg-gs,6,336,1.1240894244428159e-08
pcg-gs,6,337,1.9285503949073456e-08
pcg-gs,6,338,1.5533872152189507e-08
pcg-gs,6,339,1.2330433642755428e-08
pcg-gs,6,340,1.5517708461125057e-08
pcg-gs,6,341,1.5171405578027702e-08
pcg-gs,6,342,9.7608005019702613e-09
pcg-gs,6,343,1.1005588715734356e-08
pcg-gs,6,344,1.2349277811352372e-08
pcg-gs,6,345,1.2042618869117275e-08
pcg-gs,6,346,9.6899292929163495e-09
pcg-gs,6,347,1.1438878662278703e-08
pcg-gs,6,348,1.0576068639953433e-08
pcg-gs,6,349,1.4258432617931603e-08
pcg-gs,6,350,1.2061772291156608e-08
pcg-gs,6,351,9.2835388934435539e-09
pcg-gs,6,352,9.6462645731388523e-09
pcg-gs,6,353,1.0516046849638188e-08
pcg-gs,6,354,8.6104488620326446e-09
pcg-gs,6,355,8.9038998042926995e-09
pcg-gs,6,356,7.3976067965890685e-09
pcg-gs,6,357,7.4699446063406973e-09
pcg-gs,6,358,9.4739974772102876e-09
pcg-gs,6,359,7.9747239186093535e-09
pcg-gs,6,360,6.4553525674785278e-09
pcg-gs,6,361,8.4430784467203737e-09
pcg-gs,6,362,7.2518802402858052e-09
pcg-gs,6,363,5.0956037359535931e-09
pcg-gs,6,364,6.0769919674983742e-09
pcg-gs,6,365,6.885327452978178e-09
pcg-gs,6,366,5.3505502220636424e-09
pcg-gs,6,367,5.8090227200905047e-09
pcg-gs,6,368,4.6812712814470233e-09
pcg-gs,6,369,4.9792465785606559e-09
pcg-gs,6,370,5.1022255070069592e-09
pcg-gs,6,371,5.4971506005586914e-09
pcg-gs,6,372,4.4076845864600568e-09
pcg-gs,6,373,4.5460137332259725e-09
pcg-gs,6,374,5.3239483158033057e-09
pcg-gs,6,375,4.4187403820533452e-09
pcg-gs,6,376,3.9782021865361194e-09
pcg-gs,6,377,4.5414459184091872e-09
pcg-gs,6,378,5.2120062967365038e-09
pcg-gs,6,379,3.9493664349421469e-09
pcg-gs,6,380,3.5729683143537634e-09
pcg-gs,6,381,4.3104489241443501e-09
pcg-gs,6,382,4.1437335957937568e-09
pcg-gs,6,383,4.338335915078941e-09
pcg-gs,6,384,4.3271910184815907e-09
pcg-gs,6,385,4.3725071072492518e-09
pcg-gs,6,386,4.6593198282508516e-09
pcg-gs,6,387,4.8152164135909356e-09
pcg-gs,6,388,3.6356951966297468e-09
pcg-gs,6,389,4.5769544159522159e-09
pcg-gs,6,390,4.8087694916127273e-09
pcg-gs,6,391,3.6896598590424115e-09
pcg-gs,6,392,5.7500011209877515e-09
pcg-gs,6,393,3.5673577979708012e-09
pcg-gs,6,394,3.0667559613765448e-09
pcg-gs,6,395,4.3381943633113432e-09
pcg-gs,6,396,3.6423194192232317e-09
pcg-gs,6,397,3.3654034563705024e-09
pcg-gs,6,398,3.6197204332637905e-09
pcg-gs,6,399,4.4586756577947822e-09
pcg-gs,6,400,3.4060830889919094e-09
pcg-gs,6,401,3.7569160271942747e-09
pcg-gs,6,402,3.3318237749985687e-09
pcg-gs,6,403,3.5911038873662713e-09
pcg-gs,6,404,3.2720758804921613e-09
pcg-gs,6,405,2.7824960628112871e-09
pcg-gs,6,406,2.6728943796480524e-09
pcg-gs,6,407,2.5479634262827729e-09
pcg-gs,6,408,2.7381736417733577e-09
pcg-gs,6,409,2.4073996043826879e-09
pcg-gs,6,410,1.6837178559746656e-09
pcg-gs,6,411,1.8780227829998549e-09
pcg-gs,6,412,1.760805030763424e-09
pcg-gs,6,413,1.7763573193822598e-09
pcg-gs,6,414,1.5995243351707421e-09
pcg-gs,6,415,1.5075188121178738e-09
pcg-gs,6,416,1.5292298083265395e-09
pcg-gs,6,417,1.656810922305123e-09
pcg-gs,6,418,1.1836884105774329e-09
pcg-gs,6,419,1.0755677095049992e-09
pcg-gs,6,420,1.3758593511302592e-09
pcg-gs,6,421,1.0624762941984653e-09
pcg-gs,6,422,8.5356856819540212e-10
pcg-gs,6,423,1.2586491705760984e-09
pcg-gs,6,424,8.1647761443350782e-10
pcg-gs,6,425,7.0242477886604646e-10
pcg-gs,6,426,1.1065641673632505e-09
pcg-gs,6,427,8.5799631166198673e-10
pcg-gs,6,428,7.1513281533357042e-10
pcg-gs,6,429,8.1634979501290091e-10
pcg-gs,6,430,6.1074427678552066e-10
pcg-gs,6,431,4.5385546100444755e-10
pcg-gs,6,432,6.4838875250687712e-10
pcg-gs,6,433,4.9576854812910645e-10
pcg-gs,6,434,3.8435077120909263e-10
pcg-gs,6,435,5.3826910735238802e-10
pcg-gs,6,436,4.2770147848919148e-10
pcg-gs,6,437,3.1837960195919596e-10
pcg-gs,6,438,3.6672774069141515e-10
pcg-gs,6,439,3.347397279166272e-10
pcg-gs,6,440,2.6649530975873013e-10
pcg-gs,6,441,2.9084134114833149e-10
pcg-gs,6,442,2.9043573430059616e-10
pcg-gs,6,443,2.1425811260469386e-10
pcg-gs,6,444,2.1116801010099059e-10
pcg-gs,6,445,2.0043791919573839e-10
pcg-gs,6,446,1.8253601880894028e-10
pcg-gs,6,447,2.1159857453644164e-10
pcg-gs,6,448,1.8587266676606228e-10
pcg-gs,6,449,1.6791640639211645e-10
pcg-gs,6,450,1.559403310053151e-10
pcg-gs,6,451,1.5333009875075212e-10
pcg-gs,6,452,1.0908323401163594e-10
pcg-gs,6,453,1.4287647143966497e-10
pcg-gs,6,454,1.463797220454773e-10
pcg-gs,6,455,1.2242687581333699e-10
pcg-gs,6,456,1.2346879538185505e-10
pcg-gs,6,457,1.5700894380051616e-10
pcg-gs,6,458,1.0888967019437209e-10
pcg-gs,6,459,1.0091622838479723e-10
pcg-gs,6,460,1.2312679620697181e-10
pcg-gs,6,461,1.0529982580748377e-10
pcg-gs,6,462,8.9284472725205629e-11
pcg-gs,6,463,1.1073234616754798e-10
pcg-gs,6,464,7.8001553224911133e-11
pcg-gs,6,465,8.2775307052131077e-11
pcg-gs,6,466,1.1278099817906638e-10
pcg-gs,6,467,6.4051758061804371e-11
pcg-gs,6,468,8.8905488400662403e-11
pcg-gs,6,469,1.0227515607548636e-10
pcg-gs,6,470,4.9390661657159231e-11
pcg-gs,6,471,6.3784493481123426e-11
pcg-gs,6,472,9.2453009308062597e-11
pcg-gs,6,473,5.4083588308248906e-11
pcg-gs,6,474,4.8420880295940598e-11
pcg-gs,6,475,6.8412769649580517e-11
pcg-gs,6,476,5.1003174635723968e-11
pcg-gs,6,477,4.3236644015184431e-11
pcg-gs,6,478,6.8705120815040149e-11
pcg-gs,6,479,4.476458824731733e-11
pcg-gs,6,480,4.4741624391423784e-11
pcg-gs,6,481,5.0892833272488828e-11
pcg-gs,6,482,3.4070516221702045e-11
pcg-gs,6,483,2.9784412197698551e-11
pcg-gs,6,484,3.8598497987791338e-11
pcg-gs,6,485,2.5889360253561392e-11
pcg-gs,6,486,2.9641915371753405e-11
pcg-gs,6,487,3.6154641913800106e-11
pcg-gs,6,488,2.8997918993184469e-11
pcg-gs,6,489,2.0406492577465427e-11
pcg-gs,6,490,3.5920846722303896e-11
pcg-gs,6,491,2.8206915020604696e-11
pcg-gs,6,492,2.6558147367946839e-11
pcg-gs,6,493,3.3709442365485637e-11
pcg-gs,6,494,2.0143489176868207e-11
pcg-gs,6,495,1.982288063282751e-11
pcg-gs,6,496,2.472007131977378e-11
pcg-gs,6,497,1.7453476888224605e-11
pcg-gs,6,498,1.6308607023520832e-11
pcg-gs,6,499,1.6966876054819899e-11
pcg-gs,6,500,1.5222043300057085e-11
pcg-gs,6,501,1.3656777056953864e-11
pcg-gs,6,502,1.3829089750244288e-11
pcg-gs,6,503,1.2528550675156255e-11
pcg-gs,6,504,1.4352718983069603e-11
pcg-gs,6,505,1.5385157521948705e-11
pcg-gs,6,506,1.0306784206402061e-11
pcg-gs,6,507,1.01918191801563e-11
pcg-gs,6,508,1.6293294911290613e-11
pcg-gs,6,509,1.0603781559652806e-11
pcg-gs,6,510,7.8859733198448029e-12
pcg-gs,6,511,1.1399084218999126e-11
pcg-gs,6,512,9.8133663229422042e-12
pcg-gs,6,513,9.0289052014812735e-12
pcg-gs,6,514,8.0470332870924077e-12
pcg-gs,6,515,7.6376183332804105e-12
pcg-gs,6,516,6.3341185007033774e-12
pcg-gs,6,517,8.2355695858333239e-12
pcg-gs,6,518,7.5335460174237668e-12
pcg-gs,6,519,5.6011943074151773e-12
pcg-gs,6,520,7.6662813555003164e-12
pcg-gs,6,521,6.3737805810758446e-12
pcg-gs,6,522,4.0999793146083651e-12
pcg-gs,6,523,5.6245543752346321e-12
pcg-gs,6,524,6.9927562856622988e-12
pcg-gs,6,525,3.4016764082778311e-12
pcg-gs,6,526,4.5402007277832737e-12
pcg-gs,6,527,5.6216920099218667e-12
pcg-gs,6,528,3.601849015047654e-12
pcg-gs,6,529,3.1015275871232332e-12
pcg-gs,6,530,5.0606179019607996e-12
pcg-gs,6,531,2.8967829990197985e-12
pcg-gs,6,532,2.8219140548989016e-12
pcg-gs,6,533,3.7088696456518883e-12
pcg-gs,6,534,2.397042089948308e-12
pcg-gs,6,535,2.3296772140138894e-12
pcg-gs,6,536,3.0804694561729878e-12
pcg-gs,6,537,2.2728385119907667e-12
pcg-gs,6,538,1.928024747542406e-12
pcg-gs,6,539,2.6006068511908743e-12
pcg-gs,6,540,2.06490246341244e-12
pcg-gs,6,541,1.6082972568421736e-12
pcg-gs,6,542,2.4025881520521268e-12
pcg-gs,6,543,1.9403413620515568e-12
pcg-gs,6,544,1.2103025215588992e-12
pcg-gs,6,545,1.8217834103279274e-12
pcg-gs,6,546,1.8105070524168015e-12
pcg-gs,6,547,1.0392617786808687e-12
pcg-gs,6,548,1.620001659742244e-12
pcg-gs,6,549,1.6381950126814284e-12
pcg-gs,6,550,9.7409837695379912e-13
pcg-gs,6,551,1.299606041212942e-12
pcg-gs,6,552,1.1757376007811392e-12
pcg-gs,6,553,8.6414064152376461e-13
pcg-gs,6,554,1.5339653640734261e-12
pcg-gs,6,555,1.3735437428380471e-12
pcg-gs,6,556,8.3554954627315295e-13
pcg-gs,6,557,1.2831568265713097e-12
pcg-gs,6,558,1.4982087581339338e-12
pcg-gs,6,559,6.9795292197036502e-13
pcg-gs,6,560,8.5286120211373298e-13
pcg-gs,6,561,1.0479739707693907e-12
pcg-gs,6,562,5.9475360397204186e-13
pcg-gs,6,563,5.9892064745012247e-13
pcg-gs,6,564,9.2250908820034001e-13
pcg-gs,6,565,5.8941756795443485e-13
pcg-gs,6,566,5.7935895574211138e-13
pcg-gs,6,567,9.7644278506541078e-13
pcg-gs,6,568,6.9101622070162861e-13
pcg-gs,6,569,5.1335018169313125e-13
pcg-gs,6,570,6.9055344637975842e-13
pcg-gs,6,571,5.1816985469152672e-13
pcg-gs,6,572,3.6165564757596293e-13
pcg-gs,6,573,6.6050084883924573e-13
pcg-gs,6,574,5.2764791218694141e-13
pcg-gs,6,575,3.0149557036722407e-13
pcg-gs,6,576,5.4766665196791944e-13
pcg-gs,6,577,4.3751286790909327e-13
pcg-gs,6,578,3.2306895633514372e-13
pcg-gs,6,579,4.875431651205338e-13
pcg-gs,6,580,4.0127163435629004e-13
pcg-gs,6,581,2.8006293241210449e-13
pcg-gs,6,582,3.5621605464663005e-13
pcg-gs,6,583,3.5222137656071677e-13
pcg-gs,6,584,1.8287116980015453e-13
pcg-gs,6,585,3.1247230655367802e-13
pcg-gs,6,586,2.5479572975777187e-13
pcg-gs,6,587,1.668509961270223e-13
pcg-gs,6,588,2.6662211339436999e-13
pcg-gs,6,589,2.9221501851996729e-13
pcg-gs,6,590,1.847918245860914e-13
pcg-gs,6,591,2.0636293788820988e-13
pcg-gs,6,592,2.301965253296467e-13
pcg-gs,6,593,1.3673799445220324e-13
pcg-gs,6,594,1.6725789936231015e-13
pcg-gs,6,595,2.3376326009427183e-13
pcg-gs,6,596,1.1929536484797252e-13
pcg-gs,6,597,1.9773113956815742e-13
pcg-gs,6,598,2.255054809760189e-13
pcg-gs,6,599,1.5040880657655156e-13
pcg-gs,6,600,1.5745896689351464e-13
pcg-gs,6,601,2.1247264294638097e-13
pcg-gs,6,602,1.4681006925717003e-13
pcg-gs,6,603,1.324577024493857e-13
pcg-gs,6,604,1.4654901410633825e-13
pcg-gs,6,605,1.0890165683090218e-13
pcg-gs,6,606,1.1750994277287068e-13
pcg-gs,6,607,1.2899350681875788e-13
pcg-gs,6,608,1.0735816289234403e-13
pcg-gs,6,609,1.4691775298150614e-13
pcg-gs,6,610,1.3802051107228133e-13
pcg-gs,6,611,9.2447373995613308e-14
pcg-gs,6,612,1.1958849613748699e-13
pcg-gs,6,613,1.3461042366807635e-13
pcg-gs,6,614,1.1830378593555403e-13
pcg-gs,6,615,9.5837730530006704e-14
pcg-gs,6,616,1.2071710249179469e-13
pcg-gs,6,617,8.3356454781503059e-14
pcg-gs,6,618,7.6283947385448539e-14
pcg-gs,6,619,1.0745868509523343e-13
pcg-gs,6,620,8.2888918901803402e-14
pcg-gs,6,621,7.4940092036492885e-14
pcg-gs,6,622,9.7386368867567324e-14
pcg-gs,6,623,6.0838364326754341e-14
pcg-mg-v,6,0,0.00070023254543541489
pcg-mg-v,6,1,9.9058499658315468e-05
pcg-mg-v,6,2,6.0308394145307838e-06
pcg-mg-v,6,3,1.8547196992017189e-07
pcg-mg-v,6,4,2.3271180513418263e-09
pcg-mg-v,6,5,5.9640692005898159e-11
pcg-mg-v,6,6,1.2861726050803475e-12
pcg-mg-v,6,7,3.7156885826205601e-14
mg-v,7,0,0.0026670152504839348
mg-v,7,1,0.0001856248119627883
mg-v,7,2,1.4108713516136721e-05
mg-v,7,3,1.1182090099862143e-06
mg-v,7,4,9.012674820178082e-08
mg-v,7,5,7.3218976965188954e-09
mg-v,7,6,5.9789764464419718e-10
mg-v,7,7,4.9026139051796859e-11
mg-w,7,0,0.0011209630086257613
mg-w,7,1,3.0341590190355402e-05
mg-w,7,2,1.4015076815777068e-06
mg-w,7,3,7.2376292726217051e-08
mg-w,7,4,3.9320185193936988e-09
mg-w,7,5,2.2021462918400574e-10
mg-w,7,6,1.2596229263765153e-11
gs,7,0,0.035310128863067967
gs,7,1,0.042717764172136935
gs,7,2,0.043003028010662442
gs,7,3,0.043092227257043474
gs,7,4,0.043136188577347828
gs,7,5,0.043162276824885853
gs,7,6,0.043179292635881578
gs,7,7,0.043191005071557063
gs,7,8,0.043199322725975632
gs,7,9,0.043205325034882384
gs,7,10,0.043209672537088642
gs,7,11,0.043212794027590117
gs,7,12,0.043214980914873385
gs,7,13,0.043216438599048335
gs,7,14,0.043217316218685874
gs,7,15,0.043217724759572931
gs,7,16,0.043217748547686945
gs,7,17,0.043217452803398365
gs,7,18,0.043216888756619866
gs,7,19,0.04321609719977617
gs,7,20,0.043215111010605801
gs,7,21,0.043213956978204363
gs,7,22,0.043212657147247695
gs,7,23,0.043211229822444297
gs,7,24,0.043209690329245938
gs,7,25,0.043208051596934596
gs,7,26,0.043206324610514983
gs,7,27,0.043204518764445664
gs,7,28,0.043202642142116145
gs,7,29,0.043200701738524416
gs,7,30,0.043198703639144534
gs,7,31,0.043196653164648387
gs,7,32,0.043194554988827454
gs,7,33,0.043192413235311276
gs,7,34,0.04319023155737154
gs,7,35,0.043188013204171156
gs,7,36,0.043185761076058107
gs,7,37,0.043183477770955908
gs,7,38,0.043181165623486117
gs,7,39,0.043178826738109889
gs,7,40,0.04317646301734232
gs,7,41,0.043174076185861603
gs,7,42,0.043171667811205433
gs,7,43,0.043169239321609792
gs,7,44,0.043166792021434003
gs,7,45,0.043164327104550204
gs,7,46,0.043161845666014297
gs,7,47,0.043159348712252639
gs,7,48,0.043156837170013056
gs,7,49,0.043154311894217222
gs,7,50,0.043151773674900168
gs,7,51,0.043149223243337496
gs,7,52,0.043146661277492136
gs,7,53,0.043144088406843091
gs,7,54,0.043141505216703159
gs,7,55,0.043138912252062754
gs,7,56,0.043136310021046301
gs,7,57,0.043133698998001783
gs,7,58,0.043131079626291625
gs,7,59,0.043128452320794812
gs,7,60,0.043125817470179323
gs,7,61,0.04312317543894785
gs,7,62,0.043120526569294992
gs,7,63,0.043117871182800076
gs,7,64,0.043115209581955388
gs,7,65,0.043112542051566435
gs,7,66,0.043109868860028468
gs,7,67,0.043107190260487913
gs,7,68,0.043104506491913996
gs,7,69,0.043101817780073874
gs,7,70,0.043099124338426213
gs,7,71,0.04309642636895375
gs,7,72,0.04309372406291169
gs,7,73,0.043091017601533235
gs,7,74,0.043088307156672702
gs,7,75,0.043085592891399432
gs,7,76,0.04308287496054649
gs,7,77,0.04308015351122399
gs,7,78,0.043077428683288399
gs,7,79,0.043074700609779686
gs,7,80,0.043071969417325703
gs,7,81,0.04306923522652472
gs,7,82,0.043066498152290522
gs,7,83,0.043063758304185323
gs,7,84,0.043061015786718351
gs,7,85,0.043058270699631661
gs,7,86,0.043055523138168364
gs,7,87,0.043052773193314658
gs,7,88,0.043050020952038567
gs,7,89,0.043047266497496649
gs,7,90,0.043044509909246506
gs,7,91,0.043041751263432897
gs,7,92,0.043038990632961134
gs,7,93,0.043036228087673239
gs,7,94,0.04303346369449821
gs,7,95,0.043030697517603543
gs,7,96,0.043027929618529234
gs,7,97,0.043025160056322634
gs,7,98,0.043022388887660273
gs,7,99,0.043019616166961511
gs,7,100,0.043016841946500871
gs,7,101,0.043014066276507848
gs,7,102,0.04301128920526473
gs,7,103,0.043008510779200745
gs,7,104,0.043005731042971659
gs,7,105,0.043002950039553609
gs,7,106,0.043000167810307043
gs,7,107,0.042997384395058957
gs,7,108,0.042994599832168363
gs,7,109,0.042991814158593655
gs,7,110,0.042989027409954882
gs,7,111,0.04298623962058825
gs,7,112,0.042983450823609062
gs,7,113,0.042980661050958616
gs,7,114,0.042977870333459865
gs,7,115,0.042975078700858906
gs,7,116,0.042972286181877178
gs,7,117,0.042969492804249387
gs,7,118,0.042966698594767892
gs,7,119,0.042963903579317862
gs,7,120,0.042961107782920276
gs,7,121,0.0429583112297603
gs,7,122,0.042955513943228017
gs,7,123,0.042952715945944776
gs,7,124,0.042949917259797098
gs,7,125,0.042947117905962798
gs,7,126,0.042944317904942679
gs,7,127,0.042941517276584185
gs,7,128,0.042938716040108953
gs,7,129,0.042935914214132558
gs,7,130,0.042933111816693528
gs,7,131,0.042930308865270883
gs,7,132,0.042927505376807611
gs,7,133,0.042924701367729669
gs,7,134,0.042921896853963387
gs,7,135,0.042919091850958747
gs,7,136,0.042916286373704308
gs,7,137,0.042913480436742313
gs,7,138,0.042910674054186214
gs,7,139,0.042907867239738114
gs,7,140,0.042905060006699622
gs,7,141,0.042902252367991812
gs,7,142,0.042899444336159644
gs,7,143,0.042896635923396577
gs,7,144,0.042893827141546659
gs,7,145,0.042891018002122944
gs,7,146,0.042888208516315945
gs,7,147,0.042885398695007008
gs,7,148,0.042882588548775663
gs,7,149,0.042879778087913691
gs,7,150,0.042876967322431347
gs,7,151,0.042874156262069162
gs,7,152,0.042871344916304364
gs,7,153,0.04286853329436404
gs,7,154,0.042865721405228062
gs,7,155,0.042862909257640525
gs,7,156,0.04286009686011772
gs,7,157,0.042857284220953258
gs,7,158,0.042854471348224683
gs,7,159,0.04285165824980533
gs,7,160,0.042848844933365438
gs,7,161,0.042846031406381352
gs,7,162,0.042843217676139835
gs,7,163,0.042840403749747048
gs,7,164,0.04283758963412964
gs,7,165,0.04283477533604451
gs,7,166,0.042831960862083497
gs,7,167,0.042829146218673897
gs,7,168,0.04282633141208915
gs,7,169,0.042823516448450595
gs,7,170,0.042820701333733613
gs,7,171,0.042817886073768976
gs,7,172,0.042815070674251082
gs,7,173,0.042812255140739129
gs,7,174,0.042809439478661275
gs,7,175,0.042806623693320632
gs,7,176,0.042803807789897744
gs,7,177,0.042800991773452063
gs,7,178,0.042798175648928551
gs,7,179,0.042795359421159904
gs,7,180,0.042792543094868352
gs,7,181,0.042789726674671569
gs,7,182,0.042786910165081966
gs,7,183,0.04278409357051248
gs,7,184,0.042781276895281571
gs,7,185,0.042778460143607512
gs,7,186,0.042775643319618355
gs,7,187,0.042772826427356282
gs,7,188,0.042770009470769949
gs,7,189,0.042767192453729265
gs,7,190,0.04276437538001629
gs,7,191,0.042761558253336496
gs,7,192,0.042758741077315532
gs,7,193,0.042755923855503496
gs,7,194,0.042753106591376024
gs,7,195,0.0427502892883369
gs,7,196,0.042747471949718972
gs,7,197,0.042744654578787511
gs,7,198,0.04274183717874213
gs,7,199,0.042739019752714838
gs,7,200,0.042736202303776609
gs,7,201,0.042733384834935585
gs,7,202,0.042730567349142629
gs,7,203,0.042727749849283653
gs,7,204,0.042724932338195278
gs,7,205,0.042722114818653956
gs,7,206,0.042719297293381767
gs,7,207,0.042716479765050129
gs,7,208,0.04271366223627724
gs,7,209,0.042710844709630422
gs,7,210,0.042708027187630601
gs,7,211,0.042705209672749656
gs,7,212,0.042702392167409869
gs,7,213,0.042699574673991686
gs,7,214,0.042696757194829196
gs,7,215,0.042693939732212818
gs,7,216,0.042691122288392391
gs,7,217,0.042688304865574331
gs,7,218,0.042685487465925716
gs,7,219,0.042682670091573199
gs,7,220,0.042679852744605444
gs,7,221,0.042677035427074579
gs,7,222,0.042674218140993522
gs,7,223,0.042671400888339039
gs,7,224,0.042668583671056831
gs,7,225,0.042665766491055156
gs,7,226,0.04266294935020707
gs,7,227,0.042660132250357669
gs,7,228,0.042657315193314872
gs,7,229,0.04265449818085721
gs,7,230,0.042651681214734075
gs,7,231,0.042648864296664112
gs,7,232,0.042646047428333243
gs,7,233,0.04264323061140541
gs,7,234,0.042640413847508322
gs,7,235,0.042637597138250244
gs,7,236,0.042634780485207156
gs,7,237,0.042631963889930236
gs,7,238,0.042629147353945629
gs,7,239,0.042626330878753435
gs,7,240,0.042623514465829515
gs,7,241,0.04262069811662593
gs,7,242,0.042617881832570009
gs,7,243,0.042615065615067393
gs,7,244,0.042612249465500018
gs,7,245,0.042609433385227817
gs,7,246,0.042606617375589635
gs,7,247,0.042603801437902065
gs,7,248,0.042600985573461321
gs,7,249,0.042598169783543506
gs,7,250,0.042595354069404817
gs,7,251,0.042592538432279774
gs,7,252,0.042589722873386908
gs,7,253,0.042586907393925212
gs,7,254,0.042584091995071897
gs,7,255,0.042581276677989673
gs,7,256,0.042578461443822928
gs,7,257,0.042575646293697235
gs,7,258,0.042572831228722845
gs,7,259,0.042570016249992917
gs,7,260,0.042567201358582323
gs,7,261,0.042564386555551482
gs,7,262,0.042561571841945256
gs,7,263,0.042558757218794513
gs,7,264,0.042555942687110958
gs,7,265,0.042553128247893215
gs,7,266,0.042550313902126324
gs,7,267,0.042547499650780536
gs,7,268,0.04254468549481176
gs,7,269,0.042541871435162075
gs,7,270,0.042539057472759802
gs,7,271,0.042536243608520062
gs,7,272,0.04253342984334476
gs,7,273,0.042530616178124911
gs,7,274,0.042527802613736107
gs,7,275,0.042524989151043614
gs,7,276,0.042522175790898113
gs,7,277,0.042519362534142284
gs,7,278,0.042516549381602382
gs,7,279,0.042513736334097545
gs,7,280,0.042510923392433925
gs,7,281,0.042508110557403909
gs,7,282,0.042505297829793384
gs,7,283,0.042502485210376133
gs,7,284,0.042499672699912727
gs,7,285,0.04249686029915789
gs,7,286,0.042494048008852314
gs,7,287,0.042491235829728302
gs,7,288,0.042488423762509255
gs,7,289,0.042485611807907775
gs,7,290,0.04248279996662576
gs,7,291,0.042479988239358189
gs,7,292,0.042477176626789577
gs,7,293,0.042474365129596112
gs,7,294,0.04247155374844503
gs,7,295,0.042468742483994404
gs,7,296,0.042465931336893636
gs,7,297,0.04246312030778307
gs,7,298,0.042460309397296649
gs,7,299,0.042457498606060323
gs,7,300,0.042454687934689386
gs,7,301,0.042451877383792573
gs,7,302,0.042449066953971222
gs,7,303,0.042446256645820156
gs,7,304,0.042443446459924504
gs,7,305,0.042440636396861776
gs,7,306,0.042437826457204668
gs,7,307,0.042435016641517762
gs,7,308,0.042432206950356398
gs,7,309,0.042429397384272573
gs,7,310,0.04242658794380838
gs,7,311,0.042423778629502168
gs,7,312,0.042420969441882159
gs,7,313,0.042418160381472315
gs,7,314,0.04241535144879055
gs,7,315,0.042412542644347691
gs,7,316,0.042409733968645974
gs,7,317,0.042406925422188033
gs,7,318,0.042404117005463718
gs,7,319,0.042401308718959495
gs,7,320,0.04239850056315695
gs,7,321,0.042395692538530608
gs,7,322,0.042392884645549855
gs,7,323,0.04239007688467835
gs,7,324,0.042387269256373643
gs,7,325,0.042384461761089828
gs,7,326,0.042381654399273674
gs,7,327,0.042378847171366543
gs,7,328,0.04237604007780725
gs,7,329,0.042373233119025293
gs,7,330,0.042370426295449751
gs,7,331,0.042367619607500649
gs,7,332,0.042364813055596647
gs,7,333,0.042362006640149358
gs,7,334,0.042359200361564972
gs,7,335,0.042356394220247721
gs,7,336,0.042353588216595753
gs,7,337,0.042350782351001419
gs,7,338,0.042347976623855886
gs,7,339,0.042345171035541196
gs,7,340,0.042342365586440042
gs,7,341,0.042339560276927347
gs,7,342,0.042336755107373773
gs,7,343,0.042333950078148809
gs,7,344,0.042331145189616455
gs,7,345,0.042328340442133135
gs,7,346,0.042325535836057693
gs,7,347,0.04232273137173867
gs,7,348,0.042319927049525745
gs,7,349,0.042317122869761963
gs,7,350,0.042314318832786996
gs,7,351,0.042311514938937055
gs,7,352,0.042308711188544637
gs,7,353,0.042305907581939715
gs,7,354,0.042303104119446072
gs,7,355,0.04230030080138672
gs,7,356,0.04229749762807844
gs,7,357,0.042294694599836917
gs,7,358,0.042291891716973021
gs,7,359,0.042289088979796143
gs,7,360,0.042286286388610012
gs,7,361,0.04228348394371486
gs,7,362,0.042280681645411301
gs,7,363,0.04227787949399258
gs,7,364,0.042275077489752157
gs,7,365,0.042272275632977224
gs,7,366,0.042269473923954595
gs,7,367,0.042266672362966086
gs,7,368,0.042263870950291584
gs,7,369,0.042261069686209046
gs,7,370,0.042258268570991686
gs,7,371,0.042255467604909037
gs,7,372,0.042252666788231023
gs,7,373,0.042249866121222966
gs,7,374,0.042247065604146004
gs,7,375,0.042244265237261075
gs,7,376,0.042241465020825625
gs,7,377,0.042238664955093409
gs,7,378,0.042235865040316428
gs,7,379,0.042233065276744419
gs,7,380,0.042230265664623894
gs,7,381,0.04222746620419867
gs,7,382,0.042224666895711228
gs,7,383,0.042221867739399524
gs,7,384,0.042219068735501852
gs,7,385,0.042216269884251735
gs,7,386,0.042213471185880917
gs,7,387,0.042210672640620041
gs,7,388,0.042207874248694641
gs,7,389,0.042205076010331265
gs,7,390,0.042202277925753012
gs,7,391,0.042199479995179874
gs,7,392,0.042196682218828781
gs,7,393,0.042193884596917551
gs,7,394,0.042191087129659445
gs,7,395,0.04218828981726655
gs,7,396,0.042185492659948164
gs,7,397,0.042182695657912515
gs,7,398,0.042179898811364427
gs,7,399,0.042177102120508785
gs,7,400,0.042174305585544289
gs,7,401,0.042171509206674514
gs,7,402,0.04216871298409347
gs,7,403,0.042165916917998786
gs,7,404,0.042163121008583854
gs,7,405,0.042160325256040035
gs,7,406,0.042157529660556983
gs,7,407,0.042154734222324096
gs,7,408,0.042151938941525718
gs,7,409,0.042149143818348507
gs,7,410,0.042146348852973171
gs,7,411,0.042143554045581878
gs,7,412,0.042140759396352395
gs,7,413,0.042137964905463822
gs,7,414,0.042135170573090186
gs,7,415,0.042132376399407069
gs,7,416,0.042129582384585688
gs,7,417,0.042126788528797504
gs,7,418,0.042123994832210306
gs,7,419,0.042121201294992451
gs,7,420,0.042118407917310023
gs,7,421,0.042115614699326419
gs,7,422,0.042112821641205167
gs,7,423,0.042110028743106494
gs,7,424,0.042107236005191062
gs,7,425,0.042104443427615511
gs,7,426,0.042101651010538442
gs,7,427,0.042098858754113046
gs,7,428,0.042096066658493331
gs,7,429,0.042093274723833438
gs,7,430,0.042090482950281276
gs,7,431,0.042087691337988002
gs,7,432,0.042084899887100687
gs,7,433,0.042082108597765899
gs,7,434,0.04207931747013019
gs,7,435,0.042076526504336444
gs,7,436,0.042073735700527241
gs,7,437,0.042070945058843602
gs,7,438,0.042068154579424734
gs,7,439,0.042065364262411704
gs,7,440,0.042062574107938587
gs,7,441,0.042059784116143042
gs,7,442,0.042056994287159755
gs,7,443,0.042054204621122283
gs,7,444,0.042051415118162246
gs,7,445,0.042048625778412126
gs,7,446,0.042045836602000251
gs,7,447,0.042043047589056352
gs,7,448,0.04204025873970689
gs,7,449,0.042037470054078041
gs,7,450,0.042034681532297113
gs,7,451,0.042031893174485184
gs,7,452,0.042029104980767153
gs,7,453,0.042026316951265609
gs,7,454,0.04202352908609789
gs,7,455,0.042020741385385862
gs,7,456,0.042017953849247523
gs,7,457,0.042015166477800535
gs,7,458,0.042012379271161228
gs,7,459,0.042009592229444045
gs,7,460,0.04200680535276409
gs,7,461,0.042004018641234465
gs,7,462,0.042001232094966583
gs,7,463,0.041998445714072359
gs,7,464,0.041995659498662657
gs,7,465,0.041992873448844684
gs,7,466,0.04199008756472894
gs,7,467,0.041987301846419668
gs,7,468,0.041984516294026074
gs,7,469,0.041981730907651962
gs,7,470,0.041978945687401736
gs,7,471,0.041976160633380069
gs,7,472,0.04197337574568738
gs,7,473,0.041970591024426275
gs,7,474,0.041967806469698096
gs,7,475,0.04196502208160148
gs,7,476,0.041962237860235896
gs,7,477,0.0419594538057
gs,7,478,0.041956669918089877
gs,7,479,0.04195388619750285
gs,7,480,0.041951102644033123
gs,7,481,0.041948319257775313
gs,7,482,0.041945536038824706
gs,7,483,0.041942752987273443
gs,7,484,0.041939970103213001
gs,7,485,0.041937187386735374
gs,7,486,0.041934404837930796
gs,7,487,0.041931622456889195
gs,7,488,0.041928840243697987
gs,7,489,0.041926058198447809
gs,7,490,0.041923276321225264
gs,7,491,0.041920494612114972
gs,7,492,0.041917713071204309
gs,7,493,0.041914931698578906
gs,7,494,0.041912150494322259
gs,7,495,0.041909369458517427
gs,7,496,0.041906588591249086
gs,7,497,0.04190380789259724
gs,7,498,0.041901027362643971
gs,7,499,0.041898247001470712
gs,7,500,0.041895466809157088
gs,7,501,0.041892686785782139
gs,7,502,0.041889906931423949
gs,7,503,0.041887127246161927
gs,7,504,0.041884347730072213
gs,7,505,0.041881568383231899
gs,7,506,0.041878789205716013
gs,7,507,0.041876010197600143
gs,7,508,0.04187323135895997
gs,7,509,0.041870452689868436
gs,7,510,0.041867674190398177
gs,7,511,0.041864895860623537
gs,7,512,0.041862117700615258
gs,7,513,0.041859339710445455
gs,7,514,0.041856561890183538
gs,7,515,0.041853784239902721
gs,7,516,0.04185100675966863
gs,7,517,0.041848229449554276
gs,7,518,0.04184545230962497
gs,7,519,0.041842675339949072
gs,7,520,0.041839898540594479
gs,7,521,0.041837121911627764
gs,7,522,0.041834345453114402
gs,7,523,0.041831569165120194
gs,7,524,0.041828793047710935
gs,7,525,0.041826017100948562
gs,7,526,0.041823241324900506
gs,7,527,0.041820465719626672
gs,7,528,0.041817690285191556
gs,7,529,0.041814915021656053
gs,7,530,0.041812139929083517
gs,7,531,0.041809365007533662
gs,7,532,0.041806590257067171
gs,7,533,0.041803815677744778
gs,7,534,0.041801041269625902
gs,7,535,0.041798267032768642
gs,7,536,0.041795492967232908
gs,7,537,0.04179271907307576
gs,7,538,0.041789945350355129
gs,7,539,0.041787171799127935
gs,7,540,0.041784398419450863
gs,7,541,0.041781625211379021
gs,7,542,0.041778852174969322
gs,7,543,0.04177607931027616
gs,7,544,0.041773306617354809
gs,7,545,0.041770534096257313
gs,7,546,0.041767761747039424
gs,7,547,0.041764989569754891
gs,7,548,0.041762217564455667
gs,7,549,0.041759445731193015
gs,7,550,0.041756674070020539
gs,7,551,0.041753902580988184
gs,7,552,0.041751131264146736
gs,7,553,0.041748360119549167
gs,7,554,0.041745589147244015
gs,7,555,0.041742818347279838
gs,7,556,0.041740047719707983
gs,7,557,0.041737277264575739
gs,7,558,0.04173450698193279
gs,7,559,0.041731736871826103
gs,7,560,0.041728966934304133
gs,7,561,0.041726197169412269
gs,7,562,0.041723427577200843
gs,7,563,0.041720658157711879
gs,7,564,0.041717888910993969
gs,7,565,0.041715119837093716
gs,7,566,0.041712350936054229
gs,7,567,0.04170958220792071
gs,7,568,0.041706813652737207
gs,7,569,0.041704045270549252
gs,7,570,0.041701277061399498
gs,7,571,0.041698509025331079
gs,7,572,0.041695741162387993
gs,7,573,0.041692973472611417
gs,7,574,0.041690205956045077
gs,7,575,0.04168743861272927
gs,7,576,0.041684671442706128
gs,7,577,0.041681904446016674
gs,7,578,0.041679137622700979
gs,7,579,0.0416763709728016
gs,7,580,0.04167360449635657
gs,7,581,0.041670838193405911
gs,7,582,0.041668072063990452
gs,7,583,0.041665306108146803
gs,7,584,0.04166254032591532
gs,7,585,0.041659774717334057
gs,7,586,0.041657009282441815
gs,7,587,0.041654244021273934
gs,7,588,0.041651478933870015
gs,7,589,0.041648714020266348
gs,7,590,0.041645949280499882
gs,7,591,0.04164318471460688
gs,7,592,0.041640420322623807
gs,7,593,0.041637656104584697
gs,7,594,0.041634892060527624
gs,7,595,0.041632128190485923
gs,7,596,0.041629364494494926
gs,7,597,0.041626600972590362
gs,7,598,0.041623837624804087
gs,7,599,0.041621074451172468
gs,7,600,0.041618311451727966
gs,7,601,0.041615548626504115
gs,7,602,0.041612785975533792
gs,7,603,0.04161002349885027
gs,7,604,0.041607261196485432
gs,7,605,0.041604499068472418
gs,7,606,0.041601737114842711
gs,7,607,0.04159897533562678
gs,7,608,0.041596213730858908
gs,7,609,0.041593452300566873
gs,7,610,0.041590691044783336
gs,7,611,0.041587929963539133
gs,7,612,0.041585169056863269
gs,7,613,0.041582408324786879
gs,7,614,0.041579647767339481
gs,7,615,0.041576887384550752
gs,7,616,0.041574127176448698
gs,7,617,0.041571367143063392
gs,7,618,0.041568607284424408
gs,7,619,0.041565847600558453
gs,7,620,0.041563088091493491
gs,7,621,0.041560328757260574
gs,7,622,0.04155756959788437
gs,7,623,0.041554810613393688
gs,7,624,0.041552051803815375
gs,7,625,0.041549293169176195
gs,7,626,0.04154653470950375
gs,7,627,0.041543776424822709
gs,7,628,0.041541018315162055
gs,7,629,0.041538260380545415
gs,7,630,0.041535502620999983
gs,7,631,0.041532745036550904
gs,7,632,0.041529987627222931
gs,7,633,0.041527230393042451
gs,7,634,0.041524473334033508
gs,7,635,0.041521716450220722
gs,7,636,0.041518959741629342
gs,7,637,0.041516203208282136
gs,7,638,0.04151344685020452
gs,7,639,0.041510690667419387
gs,7,640,0.041507934659950764
gs,7,641,0.041505178827821593
gs,7,642,0.041502423171056395
gs,7,643,0.041499667689675571
gs,7,644,0.04149691238370283
gs,7,645,0.041494157253162321
gs,7,646,0.041491402298073708
gs,7,647,0.041488647518462179
gs,7,648,0.04148589291434622
gs,7,649,0.0414831384857502
gs,7,650,0.041480384232694421
gs,7,651,0.041477630155199806
gs,7,652,0.041474876253289453
gs,7,653,0.041472122526981112
gs,7,654,0.041469368976298625
gs,7,655,0.041466615601259096
gs,7,656,0.041463862401886771
gs,7,657,0.041461109378198698
gs,7,658,0.041458356530216442
gs,7,659,0.041455603857958302
gs,7,660,0.041452851361444616
gs,7,661,0.041450099040696457
gs,7,662,0.041447346895729827
gs,7,663,0.0414445949265657
gs,7,664,0.041441843133222869
gs,7,665,0.041439091515719638
gs,7,666,0.041436340074073784
gs,7,667,0.041433588808304882
gs,7,668,0.041430837718431285
gs,7,669,0.041428086804468474
gs,7,670,0.04142533606643635
gs,7,671,0.041422585504352342
gs,7,672,0.041419835118233113
gs,7,673,0.041417084908096785
gs,7,674,0.041414334873959242
gs,7,675,0.041411585015839088
gs,7,676,0.041408835333752551
gs,7,677,0.041406085827714462
gs,7,678,0.04140333649774347
gs,7,679,0.041400587343854503
gs,7,680,0.041397838366064907
gs,7,681,0.041395089564389344
gs,7,682,0.041392340938843163
gs,7,683,0.041389592489444064
gs,7,684,0.041386844216206795
gs,7,685,0.041384096119145751
gs,7,686,0.041381348198276685
gs,7,687,0.041378600453614481
gs,7,688,0.041375852885173293
gs,7,689,0.041373105492970755
gs,7,690,0.04137035827701744
gs,7,691,0.041367611237329301
gs,7,692,0.041364864373922165
gs,7,693,0.041362117686807795
gs,7,694,0.041359371176001414
gs,7,695,0.041356624841517017
gs,7,696,0.041353878683367866
gs,7,697,0.041351132701567053
gs,7,698,0.041348386896129095
gs,7,699,0.041345641267065844
gs,7,700,0.041342895814391836
gs,7,701,0.04134015053811893
gs,7,702,0.041337405438260151
gs,7,703,0.041334660514828876
gs,7,704,0.041331915767837804
gs,7,705,0.041329171197298106
gs,7,706,0.041326426803222939
gs,7,707,0.041323682585623717
gs,7,708,0.041320938544513561
gs,7,709,0.041318194679903802
gs,7,710,0.041315450991806363
gs,7,711,0.04131270748023274
gs,7,712,0.041309964145193882
gs,7,713,0.041307220986702822
gs,7,714,0.041304478004769336
gs,7,715,0.041301735199404312
gs,7,716,0.041298992570620953
gs,7,717,0.041296250118426962
gs,7,718,0.041293507842835669
gs,7,719,0.041290765743855887
gs,7,720,0.041288023821499889
gs,7,721,0.041285282075776308
gs,7,722,0.041282540506697545
gs,7,723,0.041279799114271522
gs,7,724,0.041277057898509863
gs,7,725,0.041274316859421449
gs,7,726,0.041271575997016384
gs,7,727,0.041268835311305305
gs,7,728,0.041266094802295143
gs,7,729,0.041263354469998813
gs,7,730,0.041260614314423079
gs,7,731,0.04125787433557946
gs,7,732,0.041255134533474049
gs,7,733,0.041252394908117926
gs,7,734,0.041249655459519953
gs,7,735,0.041246916187688193
gs,7,736,0.041244177092631187
gs,7,737,0.04124143817435813
gs,7,738,0.04123869943287916
gs,7,739,0.041235960868198425
gs,7,740,0.041233222480326841
gs,7,741,0.041230484269272845
gs,7,742,0.041227746235044362
gs,7,743,0.041225008377647927
gs,7,744,0.041222270697092257
gs,7,745,0.04121953319338563
gs,7,746,0.041216795866534331
gs,7,747,0.041214058716546639
gs,7,748,0.041211321743429861
gs,7,749,0.041208584947192484
gs,7,750,0.041205848327839828
gs,7,751,0.041203111885380971
gs,7,752,0.041200375619820248
gs,7,753,0.041197639531165862
gs,7,754,0.041194903619426175
gs,7,755,0.041192167884606119
gs,7,756,0.041189432326712419
gs,7,757,0.041186696945753151
gs,7,758,0.0411839617417325
gs,7,759,0.041181226714659049
gs,7,760,0.041178491864537842
gs,7,761,0.041175757191375381
gs,7,762,0.041173022695176149
gs,7,763,0.041170288375948674
gs,7,764,0.041167554233698091
gs,7,765,0.041164820268429415
gs,7,766,0.041162086480148664
gs,7,767,0.041159352868861653
gs,7,768,0.041156619434574264
gs,7,769,0.041153886177290919
gs,7,770,0.041151153097017425
gs,7,771,0.041148420193759236
gs,7,772,0.041145687467521577
gs,7,773,0.041142954918309486
gs,7,774,0.041140222546128591
gs,7,775,0.04113749035098261
gs,7,776,0.041134758332877032
gs,7,777,0.041132026491816395
gs,7,778,0.041129294827806681
gs,7,779,0.041126563340850117
gs,7,780,0.041123832030952774
gs,7,781,0.041121100898118393
gs,7,782,0.041118369942351879
gs,7,783,0.041115639163658124
gs,7,784,0.041112908562041285
gs,7,785,0.041110178137503089
gs,7,786,0.041107447890048977
gs,7,787,0.041104717819683959
gs,7,788,0.041101987926411176
gs,7,789,0.041099258210234656
gs,7,790,0.041096528671157331
gs,7,791,0.041093799309183041
gs,7,792,0.041091070124315669
gs,7,793,0.041088341116560442
gs,7,794,0.041085612285916576
gs,7,795,0.041082883632390953
gs,7,796,0.041080155155986682
gs,7,797,0.041077426856704707
gs,7,798,0.041074698734549622
gs,7,799,0.041071970789525597
gs,7,800,0.041069243021633096
gs,7,801,0.0410665154308772
gs,7,802,0.041063788017258893
gs,7,803,0.041061060780782803
gs,7,804,0.041058333721449708
gs,7,805,0.041055606839264534
gs,7,806,0.041052880134227705
gs,7,807,0.041050153606343467
gs,7,808,0.041047427255612411
gs,7,809,0.041044701082038483
gs,7,810,0.041041975085622913
gs,7,811,0.041039249266369551
gs,7,812,0.041036523624277621
gs,7,813,0.041033798159351959
gs,7,814,0.04103107287159443
gs,7,815,0.041028347761004488
gs,7,816,0.041025622827586372
gs,7,817,0.041022898071340609
gs,7,818,0.041020173492269663
gs,7,819,0.041017449090375253
gs,7,820,0.04101472486565888
gs,7,821,0.041012000818122285
gs,7,822,0.041009276947766168
gs,7,823,0.041006553254592536
gs,7,824,0.0410038297386036
gs,7,825,0.041001106399799092
gs,7,826,0.04099838323818137
gs,7,827,0.040995660253751169
gs,7,828,0.040992937446509677
gs,7,829,0.040990214816458294
gs,7,830,0.040987492363598034
gs,7,831,0.040984770087928293
gs,7,832,0.040982047989452958
gs,7,833,0.040979326068169883
gs,7,834,0.040976604324081678
gs,7,835,0.040973882757188364
gs,7,836,0.04097116136749078
gs,7,837,0.040968440154989058
gs,7,838,0.040965719119684836
gs,7,839,0.04096299826157751
gs,7,840,0.040960277580668385
gs,7,841,0.040957557076956627
gs,7,842,0.040954836750443258
gs,7,843,0.040952116601129497
gs,7,844,0.040949396629013535
gs,7,845,0.040946676834097348
gs,7,846,0.040943957216380972
gs,7,847,0.040941237775862845
gs,7,848,0.040938518512543563
gs,7,849,0.040935799426423745
gs,7,850,0.040933080517502947
gs,7,851,0.040930361785780543
gs,7,852,0.040927643231257971
gs,7,853,0.0409249248539326
gs,7,854,0.040922206653806137
gs,7,855,0.040919488630876411
gs,7,856,0.040916770785144566
gs,7,857,0.040914053116608867
gs,7,858,0.040911335625269142
gs,7,859,0.040908618311125446
gs,7,860,0.040905901174176758
gs,7,861,0.040903184214422655
gs,7,862,0.04090046743186062
gs,7,863,0.040897750826493377
gs,7,864,0.04089503439831705
gs,7,865,0.04089231814733206
gs,7,866,0.04088960207353682
gs,7,867,0.040886886176930384
gs,7,868,0.040884170457512567
gs,7,869,0.040881454915281272
gs,7,870,0.040878739550236243
gs,7,871,0.040876024362375439
gs,7,872,0.040873309351699368
gs,7,873,0.04087059451820467
gs,7,874,0.040867879861890902
gs,7,875,0.040865165382757133
gs,7,876,0.040862451080800596
gs,7,877,0.040859736956021742
gs,7,878,0.04085702300841864
gs,7,879,0.040854309237988419
gs,7,880,0.040851595644729656
gs,7,881,0.040848882228641623
gs,7,882,0.040846168989723326
gs,7,883,0.040843455927971895
gs,7,884,0.040840743043385364
gs,7,885,0.040838030335963137
gs,7,886,0.040835317805702827
gs,7,887,0.040832605452600618
gs,7,888,0.040829893276657203
gs,7,889,0.040827181277870779
gs,7,890,0.040824469456237404
gs,7,891,0.04082175781175592
gs,7,892,0.040819046344423592
gs,7,893,0.04081633505423897
gs,7,894,0.040813623941200888
gs,7,895,0.040810913005304011
gs,7,896,0.040808202246549886
gs,7,897,0.040805491664934433
gs,7,898,0.040802781260453995
gs,7,899,0.040800071033107961
gs,7,900,0.040797360982893528
gs,7,901,0.040794651109808441
gs,7,902,0.040791941413849057
gs,7,903,0.040789231895014065
gs,7,904,0.040786522553301341
gs,7,905,0.040783813388706035
gs,7,906,0.040781104401226266
gs,7,907,0.040778395590860723
gs,7,908,0.040775686957606354
gs,7,909,0.040772978501459896
gs,7,910,0.040770270222417332
gs,7,911,0.040767562120476927
gs,7,912,0.040764854195637475
gs,7,913,0.040762146447892902
gs,7,914,0.040759438877241747
gs,7,915,0.040756731483681453
gs,7,916,0.040754024267208422
gs,7,917,0.040751317227819384
gs,7,918,0.040748610365511424
gs,7,919,0.040745903680282483
gs,7,920,0.040743197172127862
gs,7,921,0.04074049084104462
gs,7,922,0.040737784687030681
gs,7,923,0.040735078710079684
gs,7,924,0.040732372910192362
gs,7,925,0.040729667287361979
gs,7,926,0.040726961841588416
gs,7,927,0.040724256572865512
gs,7,928,0.040721551481190492
gs,7,929,0.040718846566560316
gs,7,930,0.040716141828971611
gs,7,931,0.040713437268419639
gs,7,932,0.040710732884901603
gs,7,933,0.040708028678414776
gs,7,934,0.04070532464895428
gs,7,935,0.040702620796516049
gs,7,936,0.040699917121098328
gs,7,937,0.040697213622694427
gs,7,938,0.040694510301303215
gs,7,939,0.040691807156919439
gs,7,940,0.040689104189539492
gs,7,941,0.04068640139915939
gs,7,942,0.040683698785775678
gs,7,943,0.040680996349384851
gs,7,944,0.040678294089982428
gs,7,945,0.040675592007562836
gs,7,946,0.040672890102124167
gs,7,947,0.040670188373662063
gs,7,948,0.040667486822170563
gs,7,949,0.040664785447647754
gs,7,950,0.040662084250087667
gs,7,951,0.040659383229488442
gs,7,952,0.040656682385843038
gs,7,953,0.0406539817191491
gs,7,954,0.040651281229401516
gs,7,955,0.040648580916597371
gs,7,956,0.040645880780729685
gs,7,957,0.040643180821796784
gs,7,958,0.040640481039792953
gs,7,959,0.040637781434712507
gs,7,960,0.040635082006553629
gs,7,961,0.040632382755310781
gs,7,962,0.040629683680977843
gs,7,963,0.04062698478355261
gs,7,964,0.040624286063028321
gs,7,965,0.040621587519403243
gs,7,966,0.040618889152669507
gs,7,967,0.040616190962825018
gs,7,968,0.040613492949863945
gs,7,969,0.040610795113780719
gs,7,970,0.040608097454571737
gs,7,971,0.040605399972232829
gs,7,972,0.040602702666757612
gs,7,973,0.040600005538142525
gs,7,974,0.040597308586380783
gs,7,975,0.040594611811470616
gs,7,976,0.040591915213404363
gs,7,977,0.040589218792178666
gs,7,978,0.040586522547787364
gs,7,979,0.040583826480226862
gs,7,980,0.040581130589491081
gs,7,981,0.040578434875575865
gs,7,982,0.040575739338474665
gs,7,983,0.040573043978184543
gs,7,984,0.040570348794697279
gs,7,985,0.040567653788011047
gs,7,986,0.040564958958118742
gs,7,987,0.040562264305015992
gs,7,988,0.04055956982869631
gs,7,989,0.040556875529156045
gs,7,990,0.040554181406389292
gs,7,991,0.040551487460390973
gs,7,992,0.040548793691154709
gs,7,993,0.040546100098677443
gs,7,994,0.040543406682951165
gs,7,995,0.040540713443971602
gs,7,996,0.040538020381734111
gs,7,997,0.040535327496231573
gs,7,998,0.040532634787459873
gs,7,999,0.040529942255413433
gs,7,1000,0.04052724990008668
gs,7,1001,0.040524557721474189
gs,7,1002,0.040521865719567965
gs,7,1003,0.040519173894365788
gs,7,1004,0.040516482245861282
gs,7,1005,0.040513790774047528
gs,7,1006,0.040511099478920502
gs,7,1007,0.040508408360473341
gs,7,1008,0.04050571741869987
gs,7,1009,0.040503026653596522
gs,7,1010,0.040500336065156045
gs,7,1011,0.040497645653372404
gs,7,1012,0.040494955418240469
gs,7,1013,0.040492265359754198
gs,7,1014,0.040489575477907873
gs,7,1015,0.040486885772695852
gs,7,1016,0.04048419624411155
gs,7,1017,0.040481506892150299
gs,7,1018,0.040478817716805296
gs,7,1019,0.040476128718070166
gs,7,1020,0.040473439895939198
gs,7,1021,0.040470751250407763
gs,7,1022,0.040468062781468632
gs,7,1023,0.040465374489115323
gs,7,1024,0.040462686373343257
gs,7,1025,0.040459998434144648
gs,7,1026,0.040457310671515236
gs,7,1027,0.040454623085447616
gs,7,1028,0.040451935675937065
gs,7,1029,0.040449248442976288
gs,7,1030,0.040446561386557812
gs,7,1031,0.040443874506678607
gs,7,1032,0.040441187803329552
gs,7,1033,0.040438501276505973
gs,7,1034,0.040435814926201338
gs,7,1035,0.040433128752409009
gs,7,1036,0.040430442755123856
gs,7,1037,0.040427756934339663
gs,7,1038,0.040425071290048228
gs,7,1039,0.040422385822243341
gs,7,1040,0.040419700530920304
gs,7,1041,0.040417015416071504
gs,7,1042,0.040414330477691628
gs,7,1043,0.040411645715773555
gs,7,1044,0.040408961130310839
gs,7,1045,0.040406276721296666
gs,7,1046,0.040403592488726159
gs,7,1047,0.040400908432590463
gs,7,1048,0.040398224552884873
gs,7,1049,0.04039554084960182
gs,7,1050,0.040392857322736002
gs,7,1051,0.040390173972279619
gs,7,1052,0.040387490798225026
gs,7,1053,0.040384807800569175
gs,7,1054,0.040382124979303095
gs,7,1055,0.040379442334419001
gs,7,1056,0.040376759865913166
gs,7,1057,0.040374077573777187
gs,7,1058,0.040371395458004104
gs,7,1059,0.040368713518587583
gs,7,1060,0.040366031755522044
gs,7,1061,0.040363350168798592
gs,7,1062,0.040360668758412252
gs,7,1063,0.040357987524355252
gs,7,1064,0.040355306466622089
gs,7,1065,0.040352625585203285
gs,7,1066,0.040349944880095703
gs,7,1067,0.040347264351288631
gs,7,1068,0.040344583998777557
gs,7,1069,0.040341903822555959
gs,7,1070,0.040339223822615448
gs,7,1071,0.040336543998950938
gs,7,1072,0.040333864351552895
gs,7,1073,0.040331184880416079
gs,7,1074,0.040328505585533692
gs,7,1075,0.040325826466898328
gs,7,1076,0.040323147524503132
gs,7,1077,0.040320468758340146
gs,7,1078,0.04031779016840379
gs,7,1079,0.040315111754686779
gs,7,1080,0.040312433517180307
gs,7,1081,0.040309755455880267
gs,7,1082,0.040307077570776409
gs,7,1083,0.040304399861863793
gs,7,1084,0.040301722329135516
gs,7,1085,0.040299044972581667
gs,7,1086,0.040296367792198654
gs,7,1087,0.040293690787977551
gs,7,1088,0.040291013959910998
gs,7,1089,0.040288337307992632
gs,7,1090,0.040285660832213521
gs,7,1091,0.040282984532567644
gs,7,1092,0.040280308409049122
gs,7,1093,0.04027763246164915
gs,7,1094,0.0402749566903602
gs,7,1095,0.040272281095174618
gs,7,1096,0.040269605676086763
gs,7,1097,0.040266930433088467
gs,7,1098,0.040264255366172612
gs,7,1099,0.040261580475330426
gs,7,1100,0.040258905760556872
gs,7,1101,0.040256231221842805
gs,7,1102,0.040253556859181854
gs,7,1103,0.040250882672565956
gs,7,1104,0.040248208661988506
gs,7,1105,0.040245534827440019
gs,7,1106,0.04024286116891581
gs,7,1107,0.040240187686406956
gs,7,1108,0.040237514379905616
gs,7,1109,0.040234841249406184
gs,7,1110,0.040232168294899
gs,7,1111,0.040229495516377355
gs,7,1112,0.040226822913834073
gs,7,1113,0.040224150487260801
gs,7,1114,0.040221478236651301
gs,7,1115,0.040218806161996253
gs,7,1116,0.040216134263289481
gs,7,1117,0.040213462540522993
gs,7,1118,0.040210790993688739
gs,7,1119,0.040208119622779412
gs,7,1120,0.040205448427788337
gs,7,1121,0.040202777408705391
gs,7,1122,0.040200106565525293
gs,7,1123,0.040197435898240215
gs,7,1124,0.040194765406840305
gs,7,1125,0.040192095091320337
gs,7,1126,0.040189424951672235
gs,7,1127,0.040186754987886042
gs,7,1128,0.040184085199956428
gs,7,1129,0.040181415587874601
gs,7,1130,0.04017874615163336
gs,7,1131,0.040176076891224009
gs,7,1132,0.04017340780663986
gs,7,1133,0.040170738897871941
gs,7,1134,0.040168070164913944
gs,7,1135,0.040165401607756474
gs,7,1136,0.040162733226392883
gs,7,1137,0.040160065020814581
gs,7,1138,0.040157396991014171
gs,7,1139,0.040154729136984049
gs,7,1140,0.04015206145871468
gs,7,1141,0.040149393956199646
gs,7,1142,0.040146726629430661
gs,7,1143,0.04014405947840026
gs,7,1144,0.040141392503099164
gs,7,1145,0.040138725703520881
gs,7,1146,0.040136059079657463
gs,7,1147,0.040133392631500155
gs,7,1148,0.040130726359040879
gs,7,1149,0.040128060262271836
gs,7,1150,0.040125394341185429
gs,7,1151,0.040122728595773198
gs,7,1152,0.040120063026027733
gs,7,1153,0.04011739763194045
gs,7,1154,0.040114732413502635
gs,7,1155,0.040112067370708458
gs,7,1156,0.040109402503546915
gs,7,1157,0.040106737812012093
gs,7,1158,0.040104073296094486
gs,7,1159,0.040101408955787454
gs,7,1160,0.040098744791082129
gs,7,1161,0.040096080801970177
gs,7,1162,0.04009341698844316
gs,7,1163,0.040090753350493773
gs,7,1164,0.040088089888113632
gs,7,1165,0.040085426601293647
gs,7,1166,0.040082763490027401
gs,7,1167,0.040080100554304963
gs,7,1168,0.040077437794119958
gs,7,1169,0.040074775209461705
gs,7,1170,0.04007211280032464
gs,7,1171,0.040069450566698285
gs,7,1172,0.040066788508575223
gs,7,1173,0.040064126625947695
gs,7,1174,0.040061464918807833
gs,7,1175,0.040058803387146111
gs,7,1176,0.040056142030954298
gs,7,1177,0.040053480850224234
gs,7,1178,0.040050819844948363
gs,7,1179,0.040048159015117407
gs,7,1180,0.040045498360724963
gs,7,1181,0.040042837881759587
gs,7,1182,0.040040177578215458
gs,7,1183,0.040037517450083361
gs,7,1184,0.040034857497353853
gs,7,1185,0.040032197720021083
gs,7,1186,0.040029538118074894
gs,7,1187,0.040026878691506916
gs,7,1188,0.040024219440308956
gs,7,1189,0.040021560364473151
gs,7,1190,0.040018901463989363
gs,7,1191,0.040016242738851418
gs,7,1192,0.040013584189049399
gs,7,1193,0.040010925814575465
gs,7,1194,0.040008267615421415
gs,7,1195,0.040005609591577292
gs,7,1196,0.040002951743035989
gs,7,1197,0.040000294069789548
gs,7,1198,0.039997636571828192
gs,7,1199,0.039994979249143171
gs,7,1200,0.039992322101727415
gs,7,1201,0.039989665129571333
gs,7,1202,0.03998700833266601
gs,7,1203,0.039984351711003903
gs,7,1204,0.039981695264576393
gs,7,1205,0.039979038993374336
gs,7,1206,0.039976382897388876
gs,7,1207,0.039973726976612604
gs,7,1208,0.039971071231036173
gs,7,1209,0.039968415660651097
gs,7,1210,0.039965760265448756
gs,7,1211,0.039963105045420465
gs,7,1212,0.039960450000557764
gs,7,1213,0.039957795130851473
gs,7,1214,0.039955140436293932
gs,7,1215,0.039952485916876709
gs,7,1216,0.039949831572588523
gs,7,1217,0.03994717740342367
gs,7,1218,0.039944523409372004
gs,7,1219,0.039941869590425186
gs,7,1220,0.039939215946574708
gs,7,1221,0.039936562477811556
gs,7,1222,0.039933909184127203
gs,7,1223,0.039931256065513204
gs,7,1224,0.039928603121959921
gs,7,1225,0.039925950353459659
gs,7,1226,0.03992329776000289
gs,7,1227,0.03992064534158097
gs,7,1228,0.039917993098185098
gs,7,1229,0.039915341029807566
gs,7,1230,0.039912689136438334
gs,7,1231,0.039910037418068187
gs,7,1232,0.039907385874689644
gs,7,1233,0.03990473450629415
gs,7,1234,0.039902083312871789
gs,7,1235,0.039899432294413978
gs,7,1236,0.039896781450912383
gs,7,1237,0.039894130782356665
gs,7,1238,0.039891480288740719
gs,7,1239,0.039888829970053781
gs,7,1240,0.03988617982628654
gs,7,1241,0.039883529857430725
gs,7,1242,0.039880880063478973
gs,7,1243,0.039878230444419294
gs,7,1244,0.039875581000246137
gs,7,1245,0.03987293173094892
gs,7,1246,0.039870282636517498
gs,7,1247,0.03986763371694492
gs,7,1248,0.039864984972222156
gs,7,1249,0.039862336402339313
gs,7,1250,0.03985968800728882
gs,7,1251,0.039857039787059345
gs,7,1252,0.039854391741644846
gs,7,1253,0.03985174387103347
gs,7,1254,0.039849096175219062
gs,7,1255,0.039846448654191166
gs,7,1256,0.039843801307940227
gs,7,1257,0.039841154136458702
gs,7,1258,0.039838507139736502
gs,7,1259,0.039835860317764288
gs,7,1260,0.039833213670534759
gs,7,1261,0.039830567198037847
gs,7,1262,0.039827920900264553
gs,7,1263,0.039825274777205807
gs,7,1264,0.039822628828852055
gs,7,1265,0.03981998305519583
gs,7,1266,0.0398173374562261
gs,7,1267,0.039814692031935266
gs,7,1268,0.039812046782313155
gs,7,1269,0.039809401707352948
gs,7,1270,0.039806756807042668
gs,7,1271,0.039804112081375069
gs,7,1272,0.039801467530340418
gs,7,1273,0.039798823153928971
gs,7,1274,0.039796178952133117
gs,7,1275,0.039793534924943606
gs,7,1276,0.039790891072349441
gs,7,1277,0.039788247394343043
gs,7,1278,0.03978560389091524
gs,7,1279,0.039782960562056276
gs,7,1280,0.039780317407757754
gs,7,1281,0.039777674428010203
gs,7,1282,0.039775031622804401
gs,7,1283,0.039772388992130953
gs,7,1284,0.039769746535980866
gs,7,1285,0.039767104254345563
gs,7,1286,0.039764462147214318
gs,7,1287,0.039761820214580641
gs,7,1288,0.039759178456432065
gs,7,1289,0.039756536872761129
gs,7,1290,0.039753895463558162
gs,7,1291,0.039751254228815321
gs,7,1292,0.039748613168522087
gs,7,1293,0.039745972282669066
gs,7,1294,0.039743331571247174
gs,7,1295,0.039740691034247905
gs,7,1296,0.039738050671661411
gs,7,1297,0.039735410483478506
gs,7,1298,0.039732770469689621
gs,7,1299,0.039730130630285056
gs,7,1300,0.03972749096525751
gs,7,1301,0.039724851474597186
gs,7,1302,0.039722212158293524
gs,7,1303,0.039719573016336142
gs,7,1304,0.03971693404871926
gs,7,1305,0.039714295255430861
gs,7,1306,0.039711656636463602
gs,7,1307,0.039709018191806486
gs,7,1308,0.039706379921450138
gs,7,1309,0.039703741825386572
gs,7,1310,0.039701103903605935
gs,7,1311,0.03969846615609799
gs,7,1312,0.039695828582855461
gs,7,1313,0.039693191183866508
gs,7,1314,0.039690553959123208
gs,7,1315,0.039687916908616602
gs,7,1316,0.039685280032335311
gs,7,1317,0.03968264333027275
gs,7,1318,0.039680006802418046
gs,7,1319,0.039677370448760477
gs,7,1320,0.039674734269292106
gs,7,1321,0.039672098264004571
gs,7,1322,0.039669462432887354
gs,7,1323,0.039666826775930482
gs,7,1324,0.039664191293125553
gs,7,1325,0.039661555984463241
gs,7,1326,0.039658920849933103
gs,7,1327,0.039656285889525841
gs,7,1328,0.039653651103232775
gs,7,1329,0.039651016491044036
gs,7,1330,0.039648382052950071
gs,7,1331,0.039645747788942365
gs,7,1332,0.039643113699010843
gs,7,1333,0.03964047978314527
gs,7,1334,0.039637846041337382
gs,7,1335,0.039635212473576126
gs,7,1336,0.039632579079854235
gs,7,1337,0.039629945860160901
gs,7,1338,0.039627312814486934
gs,7,1339,0.039624679942821948
gs,7,1340,0.039622047245157804
gs,7,1341,0.039619414721484218
gs,7,1342,0.039616782371791642
gs,7,1343,0.039614150196070431
gs,7,1344,0.039611518194312974
gs,7,1345,0.039608886366507223
gs,7,1346,0.03960625471264579
gs,7,1347,0.039603623232716552
gs,7,1348,0.039600991926711022
gs,7,1349,0.039598360794621631
gs,7,1350,0.039595729836437624
gs,7,1351,0.039593099052147404
gs,7,1352,0.039590468441743999
gs,7,1353,0.039587838005216591
gs,7,1354,0.039585207742556486
gs,7,1355,0.039582577653753975
gs,7,1356,0.03957994773879811
gs,7,1357,0.03957731799768141
gs,7,1358,0.039574688430392205
gs,7,1359,0.03957205903692268
gs,7,1360,0.039569429817263038
gs,7,1361,0.039566800771401768
gs,7,1362,0.039564171899330841
gs,7,1363,0.039561543201041688
gs,7,1364,0.039558914676522137
gs,7,1365,0.03955628632576455
gs,7,1366,0.039553658148757678
gs,7,1367,0.039551030145493563
gs,7,1368,0.039548402315961406
gs,7,1369,0.039545774660153174
gs,7,1370,0.039543147178057507
gs,7,1371,0.039540519869666099
gs,7,1372,0.039537892734966461
gs,7,1373,0.03953526577395345
gs,7,1374,0.039532638986614153
gs,7,1375,0.039530012372939051
gs,7,1376,0.039527385932919344
gs,7,1377,0.039524759666544965
gs,7,1378,0.039522133573806732
gs,7,1379,0.039519507654695495
gs,7,1380,0.03951688190920076
gs,7,1381,0.0395142563373116
gs,7,1382,0.039511630939020256
gs,7,1383,0.039509005714316196
gs,7,1384,0.039506380663189809
gs,7,1385,0.039503755785632325
gs,7,1386,0.039501131081631759
gs,7,1387,0.03949850655118041
gs,7,1388,0.039495882194268285
gs,7,1389,0.039493258010884651
gs,7,1390,0.039490634001020854
gs,7,1391,0.03948801016466677
gs,7,1392,0.039485386501813616
gs,7,1393,0.03948276301244949
gs,7,1394,0.039480139696566142
gs,7,1395,0.039477516554153165
gs,7,1396,0.039474893585201336
gs,7,1397,0.039472270789701606
gs,7,1398,0.039469648167642708
gs,7,1399,0.039467025719015794
gs,7,1400,0.039464403443810241
gs,7,1401,0.039461781342017006
gs,7,1402,0.039459159413626731
gs,7,1403,0.039456537658627895
gs,7,1404,0.039453916077012499
gs,7,1405,0.039451294668770905
gs,7,1406,0.039448673433891815
gs,7,1407,0.039446052372366931
gs,7,1408,0.039443431484184922
gs,7,1409,0.039440810769336331
gs,7,1410,0.039438190227812205
gs,7,1411,0.03943556985960317
gs,7,1412,0.039432949664697854
gs,7,1413,0.039430329643087417
gs,7,1414,0.039427709794761436
gs,7,1415,0.039425090119710987
gs,7,1416,0.039422470617925649
gs,7,1417,0.039419851289394577
gs,7,1418,0.039417232134109179
gs,7,1419,0.039414613152060705
gs,7,1420,0.039411994343236285
gs,7,1421,0.039409375707628633
gs,7,1422,0.039406757245227408
gs,7,1423,0.039404138956021441
gs,7,1424,0.039401520840002598
gs,7,1425,0.039398902897160852
gs,7,1426,0.039396285127483777
gs,7,1427,0.039393667530964967
gs,7,1428,0.039391050107593036
gs,7,1429,0.039388432857357714
gs,7,1430,0.03938581578024937
gs,7,1431,0.039383198876258393
gs,7,1432,0.039380582145374647
gs,7,1433,0.039377965587588687
gs,7,1434,0.039375349202890084
gs,7,1435,0.03937273299126904
gs,7,1436,0.039370116952716062
gs,7,1437,0.039367501087220369
gs,7,1438,0.039364885394773307
gs,7,1439,0.039362269875363724
gs,7,1440,0.039359654528983136
gs,7,1441,0.039357039355619419
gs,7,1442,0.039354424355264192
gs,7,1443,0.039351809527907768
gs,7,1444,0.039349194873539731
gs,7,1445,0.039346580392149354
gs,7,1446,0.039343966083728761
gs,7,1447,0.03934135194826615
gs,7,1448,0.039338737985752714
gs,7,1449,0.039336124196177692
gs,7,1450,0.039333510579530349
gs,7,1451,0.039330897135803275
gs,7,1452,0.039328283864984527
gs,7,1453,0.039325670767064294
gs,7,1454,0.039323057842033909
gs,7,1455,0.039320445089881445
gs,7,1456,0.039317832510598519
gs,7,1457,0.039315220104174507
gs,7,1458,0.039312607870598308
gs,7,1459,0.039309995809863114
gs,7,1460,0.03930738392195645
gs,7,1461,0.0393047722068686
gs,7,1462,0.039302160664589254
gs,7,1463,0.039299549295110807
gs,7,1464,0.039296938098419047
gs,7,1465,0.039294327074508036
gs,7,1466,0.039291716223366066
gs,7,1467,0.039289105544983521
gs,7,1468,0.039286495039348897
gs,7,1469,0.039283884706453796
gs,7,1470,0.039281274546287874
gs,7,1471,0.039278664558840992
gs,7,1472,0.039276054744102666
gs,7,1473,0.039273445102063945
gs,7,1474,0.039270835632713545
gs,7,1475,0.03926822633604287
gs,7,1476,0.039265617212040506
gs,7,1477,0.039263008260697611
gs,7,1478,0.039260399482003674
gs,7,1479,0.039257790875947676
gs,7,1480,0.039255182442521942
gs,7,1481,0.03925257418171333
gs,7,1482,0.039249966093513618
gs,7,1483,0.039247358177912847
gs,7,1484,0.039244750434901325
gs,7,1485,0.039242142864468171
gs,7,1486,0.039239535466602998
gs,7,1487,0.039236928241295037
gs,7,1488,0.039234321188536508
gs,7,1489,0.039231714308316054
gs,7,1490,0.03922910760062432
gs,7,1491,0.03922650106545076
gs,7,1492,0.039223894702784673
gs,7,1493,0.039221288512616172
gs,7,1494,0.039218682494935639
gs,7,1495,0.039216076649732645
gs,7,1496,0.039213470976998469
gs,7,1497,0.039210865476721202
gs,7,1498,0.039208260148891269
gs,7,1499,0.039205654993499088
gs,7,1500,0.039203050010533806
gs,7,1501,0.039200445199985334
gs,7,1502,0.039197840561845193
gs,7,1503,0.039195236096100934
gs,7,1504,0.039192631802744647
gs,7,1505,0.039190027681764217
gs,7,1506,0.039187423733150352
gs,7,1507,0.03918481995689331
gs,7,1508,0.03918221635298226
gs,7,1509,0.039179612921408188
gs,7,1510,0.039177009662159354
gs,7,1511,0.03917440657522675
gs,7,1512,0.039171803660600482
gs,7,1513,0.039169200918269989
gs,7,1514,0.03916659834822396
gs,7,1515,0.039163995950455159
gs,7,1516,0.039161393724950276
gs,7,1517,0.039158791671701582
gs,7,1518,0.039156189790696933
gs,7,1519,0.039153588081928474
gs,7,1520,0.039150986545383411
gs,7,1521,0.039148385181053638
gs,7,1522,0.039145783988927936
gs,7,1523,0.039143182968996715
gs,7,1524,0.039140582121249261
gs,7,1525,0.039137981445676616
gs,7,1526,0.039135380942266894
gs,7,1527,0.039132780611010762
gs,7,1528,0.039130180451898429
gs,7,1529,0.039127580464918377
gs,7,1530,0.039124980650062771
gs,7,1531,0.039122381007319178
gs,7,1532,0.03911978153667918
gs,7,1533,0.039117182238130641
gs,7,1534,0.039114583111665102
gs,7,1535,0.039111984157270921
gs,7,1536,0.039109385374939347
gs,7,1537,0.039106786764659847
gs,7,1538,0.039104188326420639
gs,7,1539,0.039101590060214284
gs,7,1540,0.03909899196602875
gs,7,1541,0.039096394043853268
gs,7,1542,0.039093796293678526
gs,7,1543,0.039091198715496385
gs,7,1544,0.039088601309292599
gs,7,1545,0.039086004075059612
gs,7,1546,0.039083407012786522
gs,7,1547,0.039080810122462575
gs,7,1548,0.039078213404079361
gs,7,1549,0.039075616857624361
gs,7,1550,0.039073020483088423
gs,7,1551,0.039070424280461515
gs,7,1552,0.039067828249734024
gs,7,1553,0.039065232390893517
gs,7,1554,0.039062636703931529
gs,7,1555,0.039060041188837928
gs,7,1556,0.039057445845601717
gs,7,1557,0.039054850674213472
gs,7,1558,0.039052255674661286
gs,7,1559,0.039049660846936445
gs,7,1560,0.039047066191028323
gs,7,1561,0.039044471706926771
gs,7,1562,0.039041877394620846
gs,7,1563,0.039039283254102074
gs,7,1564,0.039036689285357778
gs,7,1565,0.039034095488379453
gs,7,1566,0.039031501863156584
gs,7,1567,0.039028908409677363
gs,7,1568,0.039026315127934155
gs,7,1569,0.03902372201791484
gs,7,1570,0.039021129079609918
gs,7,1571,0.039018536313008091
gs,7,1572,0.039015943718100521
gs,7,1573,0.039013351294876021
gs,7,1574,0.039010759043325099
gs,7,1575,0.039008166963436598
gs,7,1576,0.039005575055199554
gs,7,1577,0.039002983318606438
gs,7,1578,0.039000391753644177
gs,7,1579,0.038997800360303696
gs,7,1580,0.03899520913857496
gs,7,1581,0.038992618088447055
gs,7,1582,0.038990027209909274
gs,7,1583,0.038987436502952937
gs,7,1584,0.03898484596756676
gs,7,1585,0.038982255603739628
gs,7,1586,0.038979665411462971
gs,7,1587,0.038977075390724772
gs,7,1588,0.03897448554151612
gs,7,1589,0.038971895863826232
gs,7,1590,0.038969306357644236
gs,7,1591,0.038966717022960423
gs,7,1592,0.038964127859765531
gs,7,1593,0.03896153886804634
gs,7,1594,0.038958950047794892
gs,7,1595,0.038956361399001008
gs,7,1596,0.038953772921652814
gs,7,1597,0.038951184615741298
gs,7,1598,0.0389485964812556
gs,7,1599,0.038946008518185478
gs,7,1600,0.03894342072652044
gs,7,1601,0.038940833106250593
gs,7,1602,0.038938245657364354
gs,7,1603,0.038935658379853466
gs,7,1604,0.038933071273705953
gs,7,1605,0.03893048433891251
gs,7,1606,0.038927897575461494
gs,7,1607,0.038925310983344175
gs,7,1608,0.038922724562549124
gs,7,1609,0.038920138313066857
gs,7,1610,0.038917552234885557
gs,7,1611,0.038914966327995626
gs,7,1612,0.038912380592388267
gs,7,1613,0.038909795028051072
gs,7,1614,0.038907209634974169
gs,7,1615,0.038904624413147293
gs,7,1616,0.038902039362560079
gs,7,1617,0.038899454483203415
gs,7,1618,0.038896869775064402
gs,7,1619,0.038894285238135783
gs,7,1620,0.038891700872404213
gs,7,1621,0.038889116677861608
gs,7,1622,0.038886532654495862
gs,7,1623,0.038883948802297931
gs,7,1624,0.038881365121256971
gs,7,1625,0.038878781611362108
gs,7,1626,0.038876198272603718
gs,7,1627,0.038873615104971199
gs,7,1628,0.038871032108453482
gs,7,1629,0.038868449283042117
gs,7,1630,0.038865866628724391
gs,7,1631,0.038863284145491603
gs,7,1632,0.03886070183333197
gs,7,1633,0.038858119692236931
gs,7,1634,0.038855537722195056
gs,7,1635,0.038852955923195709
gs,7,1636,0.038850374295228571
gs,7,1637,0.03884779283828356
gs,7,1638,0.038845211552350781
gs,7,1639,0.038842630437418466
gs,7,1640,0.038840049493476976
gs,7,1641,0.038837468720517403
gs,7,1642,0.038834888118526312
gs,7,1643,0.038832307687494912
gs,7,1644,0.038829727427413425
gs,7,1645,0.038827147338271133
gs,7,1646,0.038824567420056938
gs,7,1647,0.038821987672761057
gs,7,1648,0.03881940809637284
gs,7,1649,0.038816828690882134
gs,7,1650,0.038814249456277726
gs,7,1651,0.038811670392549229
gs,7,1652,0.038809091499688073
gs,7,1653,0.038806512777681934
gs,7,1654,0.038803934226521092
gs,7,1655,0.038801355846195699
gs,7,1656,0.038798777636693961
gs,7,1657,0.038796199598006308
gs,7,1658,0.038793621730122629
gs,7,1659,0.038791044033032344
gs,7,1660,0.038788466506724253
gs,7,1661,0.038785889151188142
gs,7,1662,0.038783311966415303
gs,7,1663,0.038780734952392634
gs,7,1664,0.038778158109111505
gs,7,1665,0.038775581436561672
gs,7,1666,0.038773004934731001
gs,7,1667,0.038770428603609998
gs,7,1668,0.038767852443189053
gs,7,1669,0.038765276453456815
gs,7,1670,0.038762700634403492
gs,7,1671,0.038760124986017129
gs,7,1672,0.038757549508288656
gs,7,1673,0.038754974201208638
gs,7,1674,0.038752399064763708
gs,7,1675,0.038749824098945444
gs,7,1676,0.038747249303743833
gs,7,1677,0.038744674679148099
gs,7,1678,0.03874210022514505
gs,7,1679,0.038739525941728033
gs,7,1680,0.038736951828884911
gs,7,1681,0.038734377886605914
gs,7,1682,0.038731804114879149
gs,7,1683,0.038729230513695832
gs,7,1684,0.038726657083044354
gs,7,1685,0.038724083822914389
gs,7,1686,0.038721510733296112
gs,7,1687,0.038718937814178789
gs,7,1688,0.038716365065552351
gs,7,1689,0.038713792487405453
gs,7,1690,0.038711220079728492
gs,7,1691,0.038708647842509207
gs,7,1692,0.038706075775739472
gs,7,1693,0.038703503879408262
gs,7,1694,0.038700932153504203
gs,7,1695,0.038698360598017165
gs,7,1696,0.038695789212938043
gs,7,1697,0.038693217998253635
gs,7,1698,0.038690646953956069
gs,7,1699,0.038688076080033031
gs,7,1700,0.038685505376475741
gs,7,1701,0.03868293484327226
gs,7,1702,0.03868036448041294
gs,7,1703,0.038677794287887132
gs,7,1704,0.038675224265683969
gs,7,1705,0.038672654413793493
gs,7,1706,0.038670084732205318
gs,7,1707,0.038667515220907861
gs,7,1708,0.038664945879892047
gs,7,1709,0.038662376709146268
gs,7,1710,0.038659807708661058
gs,7,1711,0.03865723887842587
gs,7,1712,0.03865467021842868
gs,7,1713,0.038652101728661223
gs,7,1714,0.038649533409111224
gs,7,1715,0.038646965259768476
gs,7,1716,0.038644397280623653
gs,7,1717,0.038641829471665209
gs,7,1718,0.038639261832882722
gs,7,1719,0.038636694364266547
gs,7,1720,0.03863412706580522
gs,7,1721,0.03863155993748868
gs,7,1722,0.038628992979305457
gs,7,1723,0.038626426191247017
gs,7,1724,0.038623859573301729
gs,7,1725,0.038621293125458735
gs,7,1726,0.038618726847708465
gs,7,1727,0.038616160740038631
gs,7,1728,0.038613594802440754
gs,7,1729,0.038611029034903377
gs,7,1730,0.038608463437416779
gs,7,1731,0.038605898009968963
gs,7,1732,0.038603332752551241
gs,7,1733,0.038600767665151421
gs,7,1734,0.038598202747759852
gs,7,1735,0.038595638000365723
gs,7,1736,0.038593073422959985
gs,7,1737,0.038590509015529725
gs,7,1738,0.038587944778065209
gs,7,1739,0.038585380710557338
gs,7,1740,0.038582816812993873
gs,7,1741,0.038580253085364467
gs,7,1742,0.038577689527660476
gs,7,1743,0.03857512613986875
gs,7,1744,0.038572562921981079
gs,7,1745,0.038569999873985378
gs,7,1746,0.038567436995870633
gs,7,1747,0.038564874287629301
gs,7,1748,0.038562311749247444
gs,7,1749,0.038559749380716359
gs,7,1750,0.038557187182024791
gs,7,1751,0.038554625153164115
gs,7,1752,0.038552063294120656
gs,7,1753,0.038549501604885093
gs,7,1754,0.038546940085448532
gs,7,1755,0.038544378735798572
gs,7,1756,0.038541817555925388
gs,7,1757,0.03853925654581894
gs,7,1758,0.038536695705466868
gs,7,1759,0.038534135034860813
gs,7,1760,0.038531574533988942
gs,7,1761,0.038529014202841778
gs,7,1762,0.038526454041407067
gs,7,1763,0.038523894049676169
gs,7,1764,0.038521334227637365
gs,7,1765,0.038518774575280454
gs,7,1766,0.038516215092594487
gs,7,1767,0.038513655779570173
gs,7,1768,0.038511096636194897
gs,7,1769,0.038508537662460381
gs,7,1770,0.038505978858354883
gs,7,1771,0.038503420223867366
gs,7,1772,0.03850086175898839
gs,7,1773,0.038498303463707542
gs,7,1774,0.03849574533801161
gs,7,1775,0.03849318738189441
gs,7,1776,0.038490629595342413
gs,7,1777,0.038488071978345285
gs,7,1778,0.038485514530892551
gs,7,1779,0.038482957252975188
gs,7,1780,0.038480400144580269
gs,7,1781,0.038477843205700225
gs,7,1782,0.038475286436321796
gs,7,1783,0.038472729836435411
gs,7,1784,0.038470173406029803
gs,7,1785,0.038467617145096271
gs,7,1786,0.038465061053622469
gs,7,1787,0.038462505131599094
gs,7,1788,0.038459949379014667
gs,7,1789,0.038457393795858712
gs,7,1790,0.038454838382121305
gs,7,1791,0.038452283137790096
gs,7,1792,0.038449728062857388
gs,7,1793,0.038447173157310145
gs,7,1794,0.038444618421139595
gs,7,1795,0.038442063854333935
gs,7,1796,0.038439509456883084
gs,7,1797,0.038436955228776298
gs,7,1798,0.03843440117000288
gs,7,1799,0.038431847280552954
gs,7,1800,0.038429293560416036
gs,7,1801,0.038426740009580011
gs,7,1802,0.038424186628036608
gs,7,1803,0.038421633415772663
gs,7,1804,0.03841908037277833
gs,7,1805,0.038416527499046116
gs,7,1806,0.038413974794561608
gs,7,1807,0.038411422259315195
gs,7,1808,0.038408869893297469
gs,7,1809,0.038406317696496557
gs,7,1810,0.038403765668902738
gs,7,1811,0.03840121381050475
gs,7,1812,0.038398662121293343
gs,7,1813,0.038396110601255723
gs,7,1814,0.038393559250383194
gs,7,1815,0.038391008068664613
gs,7,1816,0.03838845705608851
gs,7,1817,0.038385906212646724
gs,7,1818,0.038383355538326093
gs,7,1819,0.038380805033116902
gs,7,1820,0.038378254697009229
gs,7,1821,0.038375704529992186
gs,7,1822,0.038373154532053887
gs,7,1823,0.038370604703185832
gs,7,1824,0.038368055043376183
gs,7,1825,0.038365505552614837
gs,7,1826,0.038362956230889762
gs,7,1827,0.038360407078192875
gs,7,1828,0.038357858094512663
gs,7,1829,0.038355309279837213
gs,7,1830,0.038352760634156602
gs,7,1831,0.038350212157461684
gs,7,1832,0.038347663849739283
gs,7,1833,0.038345115710981537
gs,7,1834,0.038342567741176573
gs,7,1835,0.038340019940312935
gs,7,1836,0.038337472308381422
gs,7,1837,0.038334924845371154
gs,7,1838,0.038332377551271092
gs,7,1839,0.038329830426070653
gs,7,1840,0.038327283469759478
gs,7,1841,0.038324736682327804
gs,7,1842,0.03832219006376307
gs,7,1843,0.038319643614056299
gs,7,1844,0.038317097333196444
gs,7,1845,0.03831455122117311
gs,7,1846,0.038312005277974348
gs,7,1847,0.038309459503590985
gs,7,1848,0.038306913898012621
gs,7,1849,0.038304368461228339
gs,7,1850,0.038301823193226128
gs,7,1851,0.038299278093997469
gs,7,1852,0.038296733163531514
gs,7,1853,0.038294188401815324
gs,7,1854,0.038291643808841369
gs,7,1855,0.038289099384597049
gs,7,1856,0.03828655512907353
gs,7,1857,0.038284011042257017
gs,7,1858,0.038281467124140996
gs,7,1859,0.038278923374710762
gs,7,1860,0.038276379793959765
gs,7,1861,0.038273836381873767
gs,7,1862,0.03827129313844551
gs,7,1863,0.038268750063662017
gs,7,1864,0.03826620715751184
gs,7,1865,0.038263664419987631
gs,7,1866,0.038261121851076406
gs,7,1867,0.038258579450767279
gs,7,1868,0.038256037219052422
gs,7,1869,0.03825349515591827
gs,7,1870,0.038250953261355372
gs,7,1871,0.038248411535352946
gs,7,1872,0.038245869977899673
gs,7,1873,0.038243328588987574
gs,7,1874,0.038240787368603361
gs,7,1875,0.038238246316736599
gs,7,1876,0.038235705433377627
gs,7,1877,0.038233164718516059
gs,7,1878,0.038230624172140314
gs,7,1879,0.038228083794240419
gs,7,1880,0.03822554358480524
gs,7,1881,0.038223003543824512
gs,7,1882,0.038220463671288112
gs,7,1883,0.038217923967184014
gs,7,1884,0.038215384431503047
gs,7,1885,0.038212845064234321
gs,7,1886,0.038210305865366577
gs,7,1887,0.038207766834889419
gs,7,1888,0.038205227972792341
gs,7,1889,0.038202689279064547
gs,7,1890,0.03820015075369583
gs,7,1891,0.038197612396675365
gs,7,1892,0.038195074207992494
gs,7,1893,0.038192536187636905
gs,7,1894,0.038189998335597199
gs,7,1895,0.03818746065186341
gs,7,1896,0.038184923136425512
gs,7,1897,0.03818238578927087
gs,7,1898,0.038179848610390442
gs,7,1899,0.038177311599773868
gs,7,1900,0.038174774757409352
gs,7,1901,0.038172238083286437
gs,7,1902,0.038169701577395673
gs,7,1903,0.038167165239724944
gs,7,1904,0.038164629070265618
gs,7,1905,0.038162093069004629
gs,7,1906,0.038159557235933061
gs,7,1907,0.038157021571039902
gs,7,1908,0.038154486074313723
gs,7,1909,0.038151950745745046
gs,7,1910,0.038149415585322553
gs,7,1911,0.03814688059303524
gs,7,1912,0.038144345768873267
gs,7,1913,0.038141811112826426
gs,7,1914,0.038139276624883416
gs,7,1915,0.038136742305032736
gs,7,1916,0.038134208153266229
gs,7,1917,0.03813167416956962
gs,7,1918,0.038129140353935533
gs,7,1919,0.038126606706351776
gs,7,1920,0.038124073226808372
gs,7,1921,0.03812153991529485
gs,7,1922,0.038119006771798913
gs,7,1923,0.038116473796311619
gs,7,1924,0.038113940988822731
gs,7,1925,0.038111408349319011
gs,7,1926,0.038108875877792596
gs,7,1927,0.038106343574232218
gs,7,1928,0.038103811438626005
gs,7,1929,0.038101279470965303
gs,7,1930,0.038098747671236874
gs,7,1931,0.038096216039432425
gs,7,1932,0.038093684575539945
gs,7,1933,0.038091153279549532
gs,7,1934,0.038088622151450466
gs,7,1935,0.038086091191230895
gs,7,1936,0.038083560398882471
gs,7,1937,0.038081029774393087
gs,7,1938,0.038078499317752958
gs,7,1939,0.038075969028949941
gs,7,1940,0.038073438907974266
gs,7,1941,0.038070908954815103
gs,7,1942,0.038068379169462319
gs,7,1943,0.038065849551904597
gs,7,1944,0.038063320102132321
gs,7,1945,0.038060790820133771
gs,7,1946,0.038058261705898468
gs,7,1947,0.038055732759416601
gs,7,1948,0.038053203980677096
gs,7,1949,0.038050675369669079
gs,7,1950,0.038048146926381726
gs,7,1951,0.038045618650804323
gs,7,1952,0.038043090542927288
gs,7,1953,0.038040562602738949
gs,7,1954,0.038038034830228926
gs,7,1955,0.038035507225386796
gs,7,1956,0.038032979788201575
gs,7,1957,0.038030452518662702
gs,7,1958,0.038027925416760505
gs,7,1959,0.038025398482483097
gs,7,1960,0.038022871715819258
gs,7,1961,0.038020345116760355
gs,7,1962,0.038017818685294254
gs,7,1963,0.038015292421410884
gs,7,1964,0.038012766325098882
gs,7,1965,0.038010240396348857
gs,7,1966,0.038007714635149063
gs,7,1967,0.038005189041489459
gs,7,1968,0.038002663615359228
gs,7,1969,0.038000138356747731
gs,7,1970,0.037997613265645054
gs,7,1971,0.037995088342037603
gs,7,1972,0.037992563585918807
gs,7,1973,0.037990038997275669
gs,7,1974,0.037987514576098044
gs,7,1975,0.037984990322374561
gs,7,1976,0.03798246623609567
gs,7,1977,0.037979942317250458
gs,7,1978,0.037977418565829042
gs,7,1979,0.037974894981818344
gs,7,1980,0.037972371565209655
gs,7,1981,0.037969848315992483
gs,7,1982,0.037967325234154581
gs,7,1983,0.03796480231968654
gs,7,1984,0.037962279572577473
gs,7,1985,0.037959756992818033
gs,7,1986,0.037957234580394753
gs,7,1987,0.03795471233529895
gs,7,1988,0.037952190257520058
gs,7,1989,0.037949668347045933
gs,7,1990,0.037947146603866985
gs,7,1991,0.037944625027973397
gs,7,1992,0.037942103619353129
gs,7,1993,0.037939582377995357
gs,7,1994,0.037937061303891066
gs,7,1995,0.037934540397027275
gs,7,1996,0.037932019657396426
gs,7,1997,0.03792949908498465
gs,7,1998,0.037926978679783098
gs,7,1999,0.037924458441780953
pcg-gs,7,0,0.00019689997983549353
pcg-gs,7,1,0.0014050637991532967
pcg-gs,7,2,0.0098821800584047818
pcg-gs,7,3,0.019341301321384303
pcg-gs,7,4,0.023239136679623348
pcg-gs,7,5,0.02334950621541803
pcg-gs,7,6,0.018852347096544705
pcg-gs,7,7,0.020632697840088841
pcg-gs,7,8,0.012130667968885815
pcg-gs,7,9,0.011467297872232274
pcg-gs,7,10,0.009289030223142208
pcg-gs,7,11,0.0064503077453288791
pcg-gs,7,12,0.0053290712202873599
pcg-gs,7,13,0.0049141824466367636
pcg-gs,7,14,0.0037650288694224794
pcg-gs,7,15,0.0034191417352059197
pcg-gs,7,16,0.0029467856769692341
pcg-gs,7,17,0.0026023296627434591
pcg-gs,7,18,0.0023413113663116598
pcg-gs,7,19,0.0019955044115828866
pcg-gs,7,20,0.0016400831822138329
pcg-gs,7,21,0.0015487006465370278
pcg-gs,7,22,0.0014695921684512313
pcg-gs,7,23,0.0012686675763793557
pcg-gs,7,24,0.0010170510394512259
pcg-gs,7,25,0.0010069668565736291
pcg-gs,7,26,0.00079905767016376621
pcg-gs,7,27,0.00081352673271750404
pcg-gs,7,28,0.0007746392790765012
pcg-gs,7,29,0.00062353987647992672
pcg-gs,7,30,0.00064367967208879648
pcg-gs,7,31,0.00060035989571477673
pcg-gs,7,32,0.00050643806547554361
pcg-gs,7,33,0.00049978879298681969
pcg-gs,7,34,0.00045196544737484981
pcg-gs,7,35,0.00050590558657176356
pcg-gs,7,36,0.00039991408368360846
pcg-gs,7,37,0.00037956560995931087
pcg-gs,7,38,0.00034454820655895513
pcg-gs,7,39,0.00042842625235900276
pcg-gs,7,40,0.00032801169058977933
pcg-gs,7,41,0.00029474024827993664
pcg-gs,7,42,0.00028804628600072351
pcg-gs,7,43,0.00030558776752374612
pcg-gs,7,44,0.00025392494124724328
pcg-gs,7,45,0.00022708794842344677
pcg-gs,7,46,0.00020445252089478809
pcg-gs,7,47,0.00023482562883840949
pcg-gs,7,48,0.00021222598235300241
pcg-gs,7,49,0.00018846121782384954
pcg-gs,7,50,0.00017434101303697783
pcg-gs,7,51,0.00015797875347611367
pcg-gs,7,52,0.00016342945403451599
pcg-gs,7,53,0.00015131636402255819
pcg-gs,7,54,0.00013975456285309764
pcg-gs,7,55,0.00013458864050751591
pcg-gs,7,56,0.00012237911460688894
pcg-gs,7,57,0.0001180752269945796
pcg-gs,7,58,0.00012304092819401404
pcg-gs,7,59,0.0001072572944939114
pcg-gs,7,60,0.00010207715590130103
pcg-gs,7,61,0.00010072683352704415
pcg-gs,7,62,0.00010779560716486092
pcg-gs,7,63,8.2923837802953876e-05
pcg-gs,7,64,9.1740678519531684e-05
pcg-gs,7,65,8.6375731918252865e-05
pcg-gs,7,66,8.5611084825761003e-05
pcg-gs,7,67,7.4995681383111985e-05
pcg-gs,7,68,8.4267877428493264e-05
pcg-gs,7,69,7.1297323438612189e-05
pcg-gs,7,70,8.3603161644797691e-05
pcg-gs,7,71,6.3516602167416428e-05
pcg-gs,7,72,6.1032812950573796e-05
pcg-gs,7,73,6.21899312445181e-05
pcg-gs,7,74,5.6059819234591752e-05
pcg-gs,7,75,5.403214851627955e-05
pcg-gs,7,76,5.0183372309628701e-05
pcg-gs,7,77,6.579590199310109e-05
pcg-gs,7,78,4.9779461009379724e-05
pcg-gs,7,79,5.0676099671013888e-05
pcg-gs,7,80,5.0697069934982196e-05
pcg-gs,7,81,4.4650739182371915e-05
pcg-gs,7,82,4.5971849298197237e-05
pcg-gs,7,83,4.2114187915131972e-05
pcg-gs,7,84,4.3676018683324371e-05
pcg-gs,7,85,4.1500770360214712e-05
pcg-gs,7,86,4.3834289047534389e-05
pcg-gs,7,87,4.5238322481426263e-05
pcg-gs,7,88,3.5010248842635427e-05
pcg-gs,7,89,3.420291418701537e-05
pcg-gs,7,90,3.6737722714920642e-05
pcg-gs,7,91,3.5156686681948662e-05
pcg-gs,7,92,3.302878185316968e-05
pcg-gs,7,93,3.0447232000038607e-05
pcg-gs,7,94,3.6313012026606188e-05
pcg-gs,7,95,3.1183044602989965e-05
pcg-gs,7,96,2.8828427913848536e-05
pcg-gs,7,97,2.9205039432147986e-05
pcg-gs,7,98,2.7236709528519751e-05
pcg-gs,7,99,2.8555053719032918e-05
pcg-gs,7,100,2.6866316329572379e-05
pcg-gs,7,101,2.8707445389299001e-05
pcg-gs,7,102,3.0856693427908841e-05
pcg-gs,7,103,2.3167043400456975e-05
pcg-gs,7,104,2.3223865866244458e-05
pcg-gs,7,105,2.2788495794909931e-05
pcg-gs,7,106,2.5060499514143706e-05
pcg-gs,7,107,2.2145230599290973e-05
pcg-gs,7,108,2.31312186834162e-05
pcg-gs,7,109,2.2524579419934775e-05
pcg-gs,7,110,1.9453501327183456e-05
pcg-gs,7,111,2.3993506327870611e-05
pcg-gs,7,112,2.2727399584031398e-05
pcg-gs,7,113,2.0027187547568167e-05
pcg-gs,7,114,2.2627683732048401e-05
pcg-gs,7,115,1.9759050635772436e-05
pcg-gs,7,116,2.1626714452728162e-05
pcg-gs,7,117,1.5810567727887213e-05
pcg-gs,7,118,1.9068636580551368e-05
pcg-gs,7,119,1.6250439476224674e-05
pcg-gs,7,120,1.7638263952992462e-05
pcg-gs,7,121,1.6051975579693384e-05
pcg-gs,7,122,1.566553031824176e-05
pcg-gs,7,123,1.6837344810585231e-05
pcg-gs,7,124,1.3523069590201608e-05
pcg-gs,7,125,1.8765158066623264e-05
pcg-gs,7,126,1.3732228174291386e-05
pcg-gs,7,127,1.2823424162846125e-05
pcg-gs,7,128,1.4717339117119124e-05
pcg-gs,7,129,1.4819428630165683e-05
pcg-gs,7,130,1.2422981809823844e-05
pcg-gs,7,131,1.2473542782627782e-05
pcg-gs,7,132,1.5622465136910058e-05
pcg-gs,7,133,1.4319651496234905e-05
pcg-gs,7,134,1.2808106374515997e-05
pcg-gs,7,135,1.4555743355781501e-05
pcg-gs,7,136,1.2480800125077426e-05
pcg-gs,7,137,1.3654623120456351e-05
pcg-gs,7,138,1.1316762294153318e-05
pcg-gs,7,139,1.2142908357333582e-05
pcg-gs,7,140,1.1306110948861247e-05
pcg-gs,7,141,1.0500164168766066e-05
pcg-gs,7,142,1.1384678299854462e-05
pcg-gs,7,143,1.088628145838959e-05
pcg-gs,7,144,1.009050155621343e-05
pcg-gs,7,145,9.7912067482159865e-06
pcg-gs,7,146,1.027971977044054e-05
pcg-gs,7,147,9.8089302445942506e-06
pcg-gs,7,148,9.3441204873781997e-06
pcg-gs,7,149,9.6798179369696214e-06
pcg-gs,7,150,9.7645951602010855e-06
pcg-gs,7,151,9.3776675070000457e-06
pcg-gs,7,152,9.7282618274788932e-06
pcg-gs,7,153,8.2139076152712229e-06
pcg-gs,7,154,7.9962646529727404e-06
pcg-gs,7,155,7.332753152509203e-06
pcg-gs,7,156,7.5691939063485617e-06
pcg-gs,7,157,8.2182025034230013e-06
pcg-gs,7,158,8.7842713747261635e-06
pcg-gs,7,159,7.3226494353126473e-06
pcg-gs,7,160,7.1280193117115937e-06
pcg-gs,7,161,6.7288418795632183e-06
pcg-gs,7,162,6.7534266730307652e-06
pcg-gs,7,163,7.0689497886635884e-06
pcg-gs,7,164,6.2529112714899491e-06
pcg-gs,7,165,6.4310714663850796e-06
pcg-gs,7,166,6.4198115058525137e-06
pcg-gs,7,167,6.0133962866573206e-06
pcg-gs,7,168,5.9628858951617556e-06
pcg-gs,7,169,5.644221679502258e-06
pcg-gs,7,170,5.7409897935297042e-06
pcg-gs,7,171,6.2585870596466125e-06
pcg-gs,7,172,5.9473034344503651e-06
pcg-gs,7,173,5.6091626506955973e-06
pcg-gs,7,174,5.1235324085254154e-06
pcg-gs,7,175,5.962728727648631e-06
pcg-gs,7,176,5.6164124361687365e-06
pcg-gs,7,177,5.2516057506737357e-06
pcg-gs,7,178,5.0435427638683886e-06
pcg-gs,7,179,5.1372973591413471e-06
pcg-gs,7,180,4.9113054748514088e-06
pcg-gs,7,181,5.3578668876677015e-06
pcg-gs,7,182,5.6331310074512355e-06
pcg-gs,7,183,4.4193526350101642e-06
pcg-gs,7,184,4.9099645575276487e-06
pcg-gs,7,185,4.0484995143565602e-06
pcg-gs,7,186,4.4102695609817557e-06
pcg-gs,7,187,4.120555122858011e-06
pcg-gs,7,188,3.9156360546069668e-06
pcg-gs,7,189,4.0684393857149542e-06
pcg-gs,7,190,3.8860413636068855e-06
pcg-gs,7,191,3.9716813055378285e-06
pcg-gs,7,192,4.4606417135184055e-06
pcg-gs,7,193,3.5940974142952767e-06
pcg-gs,7,194,3.5711701796925322e-06
pcg-gs,7,195,3.6661914542222067e-06
pcg-gs,7,196,3.3421031095813804e-06
pcg-gs,7,197,3.3242789857148052e-06
pcg-gs,7,198,2.9975535660513152e-06
pcg-gs,7,199,3.0684313243725728e-06
pcg-gs,7,200,3.1416439129485238e-06
pcg-gs,7,201,3.1990005475416566e-06
pcg-gs,7,202,2.5706792407751113e-06
pcg-gs,7,203,2.9492713257314171e-06
pcg-gs,7,204,2.801007652835663e-06
pcg-gs,7,205,2.6180632220852511e-06
pcg-gs,7,206,2.6445527682259264e-06
pcg-gs,7,207,2.6366843277700428e-06
pcg-gs,7,208,2.3542673417157531e-06
pcg-gs,7,209,2.2672866688059051e-06
pcg-gs,7,210,2.5248155344504252e-06
pcg-gs,7,211,2.2159784511541032e-06
pcg-gs,7,212,2.2338883678541571e-06
pcg-gs,7,213,2.1648582954821433e-06
pcg-gs,7,214,1.962038858557297e-06
pcg-gs,7,215,2.1963303037159855e-06
pcg-gs,7,216,2.001194855694191e-06
pcg-gs,7,217,2.3477056473274814e-06
pcg-gs,7,218,2.1539063800129254e-06
pcg-gs,7,219,2.0030951787366294e-06
pcg-gs,7,220,1.9397211482105807e-06
pcg-gs,7,221,2.2132625158246739e-06
pcg-gs,7,222,2.0288277524745348e-06
pcg-gs,7,223,2.0168251412335913e-06
pcg-gs,7,224,1.936779268004095e-06
pcg-gs,7,225,1.6914641515965948e-06
pcg-gs,7,226,1.9361396087606852e-06
pcg-gs,7,227,1.826206104033179e-06
pcg-gs,7,228,1.950031545140111e-06
pcg-gs,7,229,1.793904597496786e-06
pcg-gs,7,230,1.9011943819881774e-06
pcg-gs,7,231,1.9335993606205946e-06
pcg-gs,7,232,2.0050414921891366e-06
pcg-gs,7,233,1.7472034712370726e-06
pcg-gs,7,234,1.8102557071599393e-06
pcg-gs,7,235,1.7597343365769805e-06
pcg-gs,7,236,1.7730040734018846e-06
pcg-gs,7,237,1.997798491060863e-06
pcg-gs,7,238,1.6755146990416583e-06
pcg-gs,7,239,1.9271259202260974e-06
pcg-gs,7,240,1.6766375028683463e-06
pcg-gs,7,241,1.7604073756686354e-06
pcg-gs,7,242,1.4798453838173311e-06
pcg-gs,7,243,1.6061967900314291e-06
pcg-gs,7,244,1.6876696813482192e-06
pcg-gs,7,245,1.544367133121255e-06
pcg-gs,7,246,1.4835316369261635e-06
pcg-gs,7,247,1.3946201584338207e-06
pcg-gs,7,248,1.4680614295672335e-06
pcg-gs,7,249,1.2774601713037525e-06
pcg-gs,7,250,1.2213697192035103e-06
pcg-gs,7,251,1.2618621568214465e-06
pcg-gs,7,252,1.2865809978222506e-06
pcg-gs,7,253,1.4348342332579457e-06
pcg-gs,7,254,1.4693658928630762e-06
pcg-gs,7,255,1.2315706859144331e-06
pcg-gs,7,256,1.221173702079444e-06
pcg-gs,7,257,1.2071075929119947e-06
pcg-gs,7,258,1.1251220572590219e-06
pcg-gs,7,259,1.1026778267253438e-06
pcg-gs,7,260,1.0616496827439136e-06
pcg-gs,7,261,9.8035399423606188e-07
pcg-gs,7,262,9.7226225335529789e-07
pcg-gs,7,263,9.3984776196432914e-07
pcg-gs,7,264,1.2931705183573905e-06
pcg-gs,7,265,9.9400818255006676e-07
pcg-gs,7,266,1.0336641556542684e-06
pcg-gs,7,267,1.0588601490630778e-06
pcg-gs,7,268,1.0047769619113787e-06
pcg-gs,7,269,9.0045787927579857e-07
pcg-gs,7,270,1.0459829942972791e-06
pcg-gs,7,271,9.0748112533866815e-07
pcg-gs,7,272,9.2689965155531319e-07
pcg-gs,7,273,1.104513826166573e-06
pcg-gs,7,274,9.979831957805156e-07
pcg-gs,7,275,8.6142837258093927e-07
pcg-gs,7,276,9.2787796991813306e-07
pcg-gs,7,277,8.2297362431636959e-07
pcg-gs,7,278,8.8265686723179211e-07
pcg-gs,7,279,9.5796134534459909e-07
pcg-gs,7,280,9.1579095263869819e-07
pcg-gs,7,281,9.0040632606757223e-07
pcg-gs,7,282,8.8440449781378475e-07
pcg-gs,7,283,8.9290770416301155e-07
pcg-gs,7,284,7.5878475901350819e-07
pcg-gs,7,285,7.9614044148286473e-07
pcg-gs,7,286,8.8112114806049708e-07
pcg-gs,7,287,7.3051636769360977e-07
pcg-gs,7,288,8.0949272133615276e-07
pcg-gs,7,289,9.2530266779855365e-07
pcg-gs,7,290,7.0899872571116382e-07
pcg-gs,7,291,8.8593964849724635e-07
pcg-gs,7,292,8.5968595594847211e-07
pcg-gs,7,293,8.3230977057712117e-07
pcg-gs,7,294,7.0836208120752863e-07
pcg-gs,7,295,7.6892683074830075e-07
pcg-gs,7,296,7.6506153651331119e-07
pcg-gs,7,297,6.4324494938464702e-07
pcg-gs,7,298,8.0413631946384889e-07
pcg-gs,7,299,8.9037189881759866e-07
pcg-gs,7,300,7.1008881368034656e-07
pcg-gs,7,301,7.2821641914288008e-07
pcg-gs,7,302,8.5930525559054923e-07
pcg-gs,7,303,6.975367341672449e-07
pcg-gs,7,304,6.8267250395486293e-07
pcg-gs,7,305,7.6029962861275102e-07
pcg-gs,7,306,6.6454264245504055e-07
pcg-gs,7,307,7.587240227498998e-07
pcg-gs,7,308,6.9025213242814824e-07
pcg-gs,7,309,6.6894496825238705e-07
pcg-gs,7,310,6.5753882941708716e-07
pcg-gs,7,311,7.4023330399142308e-07
pcg-gs,7,312,7.2797227952919546e-07
pcg-gs,7,313,6.6213252173553017e-07
pcg-gs,7,314,6.7327985755470627e-07
pcg-gs,7,315,6.8141953188095224e-07
pcg-gs,7,316,6.4523872361514905e-07
pcg-gs,7,317,6.6138423442388622e-07
pcg-gs,7,318,7.0187605820011352e-07
pcg-gs,7,319,6.6208011022663313e-07
pcg-gs,7,320,8.1655545854622967e-07
pcg-gs,7,321,5.6074994864146749e-07
pcg-gs,7,322,7.3744622726735028e-07
pcg-gs,7,323,6.0536948138765045e-07
pcg-gs,7,324,6.5969190471680986e-07
pcg-gs,7,325,5.7863492230640845e-07
pcg-gs,7,326,6.0865117096243684e-07
pcg-gs,7,327,6.3318974802798343e-07
pcg-gs,7,328,6.1048666038309788e-07
pcg-gs,7,329,5.5183629903895972e-07
pcg-gs,7,330,5.4261444565405035e-07
pcg-gs,7,331,5.6035275442078796e-07
pcg-gs,7,332,5.7212804202325833e-07
pcg-gs,7,333,5.6057588874572237e-07
pcg-gs,7,334,5.0939170785790963e-07
pcg-gs,7,335,5.8421451459836607e-07
pcg-gs,7,336,5.5959079225587411e-07
pcg-gs,7,337,6.5389152331628799e-07
pcg-gs,7,338,7.2895590032842711e-07
pcg-gs,7,339,5.6551058488760211e-07
pcg-gs,7,340,5.1844860327984741e-07
pcg-gs,7,341,5.6299216451750728e-07
pcg-gs,7,342,5.7972522657886524e-07
pcg-gs,7,343,6.3496505727176855e-07
pcg-gs,7,344,6.3226103775498268e-07
pcg-gs,7,345,5.8410257415366349e-07
pcg-gs,7,346,5.5501878948087686e-07
pcg-gs,7,347,6.447420801854186e-07
pcg-gs,7,348,5.052261506848679e-07
pcg-gs,7,349,5.8224535521658696e-07
pcg-gs,7,350,6.0105579407474769e-07
pcg-gs,7,351,6.3269657935790633e-07
pcg-gs,7,352,6.3229267962061552e-07
pcg-gs,7,353,6.6085758506171596e-07
pcg-gs,7,354,5.9140885941053317e-07
pcg-gs,7,355,5.2371298333854598e-07
pcg-gs,7,356,5.6625095433240204e-07
pcg-gs,7,357,6.5069331600145083e-07
pcg-gs,7,358,7.2995273508501412e-07
pcg-gs,7,359,5.471942772171673e-07
pcg-gs,7,360,6.3730901380164691e-07
pcg-gs,7,361,5.8365648153299116e-07
pcg-gs,7,362,6.6140748946141812e-07
pcg-gs,7,363,5.7451271579124209e-07
pcg-gs,7,364,6.0782487805337606e-07
pcg-gs,7,365,6.4485952696502961e-07
pcg-gs,7,366,7.0489468959166598e-07
pcg-gs,7,367,5.9158684912364947e-07
pcg-gs,7,368,6.0068892230320748e-07
pcg-gs,7,369,5.5671348847467442e-07
pcg-gs,7,370,6.6008760327227182e-07
pcg-gs,7,371,5.1248187879282684e-07
pcg-gs,7,372,5.4197168630919408e-07
pcg-gs,7,373,5.4222967050891701e-07
pcg-gs,7,374,5.1684458905114166e-07
pcg-gs,7,375,5.5876233147629678e-07
pcg-gs,7,376,5.6872759652874613e-07
pcg-gs,7,377,5.2890580550535555e-07
pcg-gs,7,378,4.880827003639589e-07
pcg-gs,7,379,4.8022193877516436e-07
pcg-gs,7,380,4.9464851828977836e-07
pcg-gs,7,381,5.452949046811725e-07
pcg-gs,7,382,4.7091723024508067e-07
pcg-gs,7,383,5.1282238210824241e-07
pcg-gs,7,384,4.8140695526663844e-07
pcg-gs,7,385,5.1420411596644414e-07
pcg-gs,7,386,5.364902456979373e-07
pcg-gs,7,387,4.5941829116291087e-07
pcg-gs,7,388,5.1882102528028463e-07
pcg-gs,7,389,4.2359700136431986e-07
pcg-gs,7,390,5.0281656493967403e-07
pcg-gs,7,391,4.4287103360850983e-07
pcg-gs,7,392,4.1586274366393028e-07
pcg-gs,7,393,4.1345140893461288e-07
pcg-gs,7,394,5.1607896619076713e-07
pcg-gs,7,395,4.3828568242482376e-07
pcg-gs,7,396,4.3020000033271097e-07
pcg-gs,7,397,4.4862780627707718e-07
pcg-gs,7,398,5.0534961404547946e-07
pcg-gs,7,399,5.1193352672457092e-07
pcg-gs,7,400,4.1936558580533759e-07
pcg-gs,7,401,4.1347196767788661e-07
pcg-gs,7,402,4.6242126802008223e-07
pcg-gs,7,403,4.7579860048924159e-07
pcg-gs,7,404,4.1310532501511833e-07
pcg-gs,7,405,4.0758402901067961e-07
pcg-gs,7,406,4.2335299423992404e-07
pcg-gs,7,407,4.6356902009026233e-07
pcg-gs,7,408,3.9935634335245456e-07
pcg-gs,7,409,4.0184045895699717e-07
pcg-gs,7,410,4.3525678193601288e-07
pcg-gs,7,411,3.8661591323839907e-07
pcg-gs,7,412,3.4149898164878106e-07
pcg-gs,7,413,4.4401628311625897e-07
pcg-gs,7,414,3.8987771629610924e-07
pcg-gs,7,415,4.0197608812250616e-07
pcg-gs,7,416,4.7736210801216694e-07
pcg-gs,7,417,4.2295904664261346e-07
pcg-gs,7,418,3.1912339410772638e-07
pcg-gs,7,419,4.5292980913497085e-07
pcg-gs,7,420,5.0400048428500935e-07
pcg-gs,7,421,3.3618470395798907e-07
pcg-gs,7,422,2.8659356331565295e-07
pcg-gs,7,423,4.7925874803215705e-07
pcg-gs,7,424,3.1579407379344165e-07
pcg-gs,7,425,3.106734041647743e-07
pcg-gs,7,426,4.1929382938128676e-07
pcg-gs,7,427,4.3670313292631218e-07
pcg-gs,7,428,3.581112444246626e-07
pcg-gs,7,429,3.2199221113833738e-07
pcg-gs,7,430,4.3350422103338916e-07
pcg-gs,7,431,3.0695857590672099e-07
pcg-gs,7,432,3.1429228898459854e-07
pcg-gs,7,433,4.1047579816558495e-07
pcg-gs,7,434,4.3242618089331803e-07
pcg-gs,7,435,3.3091665020723272e-07
pcg-gs,7,436,4.1047881515434115e-07
pcg-gs,7,437,3.8874601328938555e-07
pcg-gs,7,438,3.5186241137620925e-07
pcg-gs,7,439,4.0577937488523252e-07
pcg-gs,7,440,3.8728021210748074e-07
pcg-gs,7,441,3.3018809964980382e-07
pcg-gs,7,442,4.1192996398662253e-07
pcg-gs,7,443,4.3098704456704101e-07
pcg-gs,7,444,3.4777710055838013e-07
pcg-gs,7,445,3.5783096216300426e-07
pcg-gs,7,446,4.7442300706484269e-07
pcg-gs,7,447,4.4595327379073465e-07
pcg-gs,7,448,2.9968509792198717e-07
pcg-gs,7,449,3.6844689560284145e-07
pcg-gs,7,450,4.7523868060694764e-07
pcg-gs,7,451,3.6742369267212873e-07
pcg-gs,7,452,3.2195277249561453e-07
pcg-gs,7,453,4.5996670751121993e-07
pcg-gs,7,454,3.8034511408010915e-07
pcg-gs,7,455,2.8997802299860164e-07
pcg-gs,7,456,3.8392953106778568e-07
pcg-gs,7,457,3.3174316603348133e-07
pcg-gs,7,458,2.4265022273307581e-07
pcg-gs,7,459,3.1639770025038201e-07
pcg-gs,7,460,3.1231424272659609e-07
pcg-gs,7,461,2.6447101665354025e-07
pcg-gs,7,462,2.6262983791027413e-07
pcg-gs,7,463,3.1031861876864529e-07
pcg-gs,7,464,2.5219463897964572e-07
pcg-gs,7,465,2.854526176208657e-07
pcg-gs,7,466,3.2738156977480098e-07
pcg-gs,7,467,2.4826517199885475e-07
pcg-gs,7,468,2.6620663731427228e-07
pcg-gs,7,469,2.5957511271839051e-07
pcg-gs,7,470,3.3728111087922742e-07
pcg-gs,7,471,2.1170291375202386e-07
pcg-gs,7,472,2.5489504526604147e-07
pcg-gs,7,473,2.8965088041386953e-07
pcg-gs,7,474,2.5439122834669535e-07
pcg-gs,7,475,2.6751258707178255e-07
pcg-gs,7,476,2.1715374132192305e-07
pcg-gs,7,477,2.6413978123753152e-07
pcg-gs,7,478,2.4316537011318844e-07
pcg-gs,7,479,2.6494185936986166e-07
pcg-gs,7,480,2.1304813835179479e-07
pcg-gs,7,481,2.2056317558102036e-07
pcg-gs,7,482,2.8826570885805393e-07
pcg-gs,7,483,2.0874709671064448e-07
pcg-gs,7,484,2.5441693365833552e-07
pcg-gs,7,485,2.6655199282717467e-07
pcg-gs,7,486,2.1814966770714915e-07
pcg-gs,7,487,2.4649712739672503e-07
pcg-gs,7,488,1.8124166182599161e-07
pcg-gs,7,489,2.0828174120747508e-07
pcg-gs,7,490,1.7973287355192704e-07
pcg-gs,7,491,1.8659461701912174e-07
pcg-gs,7,492,1.9931602690334552e-07
pcg-gs,7,493,1.9106501692751672e-07
pcg-gs,7,494,2.0513035303423701e-07
pcg-gs,7,495,1.7278872276638569e-07
pcg-gs,7,496,1.5248025866868575e-07
pcg-gs,7,497,1.5737482282906085e-07
pcg-gs,7,498,1.7880085161410972e-07
pcg-gs,7,499,1.5220099021372618e-07
pcg-gs,7,500,1.6613845528979894e-07
pcg-gs,7,501,2.03233559296185e-07
pcg-gs,7,502,1.5287536555329314e-07
pcg-gs,7,503,1.6539023839586785e-07
pcg-gs,7,504,2.0511413514420339e-07
pcg-gs,7,505,2.2070026147409485e-07
pcg-gs,7,506,1.5339159867583689e-07
pcg-gs,7,507,1.5161650281159361e-07
pcg-gs,7,508,2.1340260663002321e-07
pcg-gs,7,509,1.5296631973077345e-07
pcg-gs,7,510,1.4744378060589702e-07
pcg-gs,7,511,1.5941673095973611e-07
pcg-gs,7,512,1.4655702790756827e-07
pcg-gs,7,513,1.5494061466803372e-07
pcg-gs,7,514,1.9666571321322285e-07
pcg-gs,7,515,1.3085175722978154e-07
pcg-gs,7,516,1.4294392746951596e-07
pcg-gs,7,517,1.6262381930755678e-07
pcg-gs,7,518,1.7293140671732657e-07
pcg-gs,7,519,1.9086383465129077e-07
pcg-gs,7,520,1.8818019208794671e-07
pcg-gs,7,521,1.667023284815993e-07
pcg-gs,7,522,1.3791064711187147e-07
pcg-gs,7,523,1.565932657734344e-07
pcg-gs,7,524,1.5465896143610656e-07
pcg-gs,7,525,1.6720574312289163e-07
pcg-gs,7,526,1.3426819567953138e-07
pcg-gs,7,527,1.3746884413648532e-07
pcg-gs,7,528,1.7913794104639091e-07
pcg-gs,7,529,1.5493464639507283e-07
pcg-gs,7,530,1.1119032900455067e-07
pcg-gs,7,531,1.5037275430800881e-07
pcg-gs,7,532,1.830480543131264e-07
pcg-gs,7,533,1.7223360213421681e-07
pcg-gs,7,534,1.2026533419951979e-07
pcg-gs,7,535,1.3120144006999559e-07
pcg-gs,7,536,1.4648609993626511e-07
pcg-gs,7,537,1.2189478042825937e-07
pcg-gs,7,538,9.8751937184608508e-08
pcg-gs,7,539,1.3946727366516478e-07
pcg-gs,7,540,1.3144468985263756e-07
pcg-gs,7,541,1.1463524299250785e-07
pcg-gs,7,542,1.223405235826914e-07
pcg-gs,7,543,1.1842179218969419e-07
pcg-gs,7,544,1.2936599027323127e-07
pcg-gs,7,545,1.1033602619199222e-07
pcg-gs,7,546,1.1547616252808142e-07
pcg-gs,7,547,1.1481158710162091e-07
pcg-gs,7,548,1.2164358914317003e-07
pcg-gs,7,549,1.4478656854559047e-07
pcg-gs,7,550,1.5419579482919317e-07
pcg-gs,7,551,1.053191049150973e-07
pcg-gs,7,552,1.2514199784406906e-07
pcg-gs,7,553,1.8287845830501254e-07
pcg-gs,7,554,1.2033744076557838e-07
pcg-gs,7,555,1.064632900656962e-07
pcg-gs,7,556,1.9981823209606811e-07
pcg-gs,7,557,1.5357411066327486e-07
pcg-gs,7,558,1.1903559540379892e-07
pcg-gs,7,559,1.5313229648628004e-07
pcg-gs,7,560,1.5447938595190884e-07
pcg-gs,7,561,1.1669995730056449e-07
pcg-gs,7,562,1.2616808341550905e-07
pcg-gs,7,563,1.6542828825160479e-07
pcg-gs,7,564,9.9459275795642289e-08
pcg-gs,7,565,1.0008839586087121e-07
pcg-gs,7,566,1.3066221202411771e-07
pcg-gs,7,567,1.0041836301643384e-07
pcg-gs,7,568,7.5880364473220048e-08
pcg-gs,7,569,9.5771943086154815e-08
pcg-gs,7,570,9.679319406238231e-08
pcg-gs,7,571,6.810745187319275e-08
pcg-gs,7,572,8.7083635277055358e-08
pcg-gs,7,573,9.7994293999669252e-08
pcg-gs,7,574,8.3540863918547753e-08
pcg-gs,7,575,8.5131559726598665e-08
pcg-gs,7,576,1.1436155955614029e-07
pcg-gs,7,577,8.2945765185081783e-08
pcg-gs,7,578,8.6197664461768721e-08
pcg-gs,7,579,8.3753350590439703e-08
pcg-gs,7,580,9.151118431783221e-08
pcg-gs,7,581,7.4671664805421376e-08
pcg-gs,7,582,8.2030843066525823e-08
pcg-gs,7,583,7.4548933906208823e-08
pcg-gs,7,584,6.5351060501745121e-08
pcg-gs,7,585,8.6405611007822738e-08
pcg-gs,7,586,6.7898777982859408e-08
pcg-gs,7,587,6.3092290039052666e-08
pcg-gs,7,588,9.0751119439909802e-08
pcg-gs,7,589,8.3067901030789738e-08
pcg-gs,7,590,5.5125247683189387e-08
pcg-gs,7,591,7.532090785992464e-08
pcg-gs,7,592,1.0489900720915545e-07
pcg-gs,7,593,5.8159963581373177e-08
pcg-gs,7,594,5.7288636097839374e-08
pcg-gs,7,595,7.7198539105646221e-08
pcg-gs,7,596,5.9363357050969875e-08
pcg-gs,7,597,5.5590086123188314e-08
pcg-gs,7,598,6.0043773687716441e-08
pcg-gs,7,599,7.1960779235719314e-08
pcg-gs,7,600,5.4150814044384209e-08
pcg-gs,7,601,7.7454449770976311e-08
pcg-gs,7,602,5.3105523908537501e-08
pcg-gs,7,603,4.4979075755657868e-08
pcg-gs,7,604,6.8580190594287921e-08
pcg-gs,7,605,6.4231279372214488e-08
pcg-gs,7,606,3.7792624379271839e-08
pcg-gs,7,607,4.7016854898952305e-08
pcg-gs,7,608,6.5286176364321586e-08
pcg-gs,7,609,3.3941159901529248e-08
pcg-gs,7,610,4.3058817801966698e-08
pcg-gs,7,611,5.6612441773026424e-08
pcg-gs,7,612,4.7290216153270418e-08
pcg-gs,7,613,4.0294882529507844e-08
pcg-gs,7,614,5.6970224105573179e-08
pcg-gs,7,615,4.8022480290565261e-08
pcg-gs,7,616,3.8214955346956902e-08
pcg-gs,7,617,3.5090319998304102e-08
pcg-gs,7,618,4.4656520103742537e-08
pcg-gs,7,619,3.4849096533424452e-08
pcg-gs,7,620,4.4412355500351737e-08
pcg-gs,7,621,4.0779110428591239e-08
pcg-gs,7,622,3.2901048615479193e-08
pcg-gs,7,623,4.6423105916386379e-08
pcg-gs,7,624,4.3887538787447707e-08
pcg-gs,7,625,3.2578350229872832e-08
pcg-gs,7,626,3.4629699588453971e-08
pcg-gs,7,627,5.4911794671033903e-08
pcg-gs,7,628,5.6136704933890472e-08
pcg-gs,7,629,2.5813861310841892e-08
pcg-gs,7,630,4.1777742627674061e-08
pcg-gs,7,631,6.4795052830885742e-08
pcg-gs,7,632,3.7422144882027149e-08
pcg-gs,7,633,3.5722255497194959e-08
pcg-gs,7,634,6.2041290515566376e-08
pcg-gs,7,635,5.6341936549115117e-08
pcg-gs,7,636,2.7117796682981674e-08
pcg-gs,7,637,4.0515393256913483e-08
pcg-gs,7,638,5.0933693718579384e-08
pcg-gs,7,639,2.5006925799515609e-08
pcg-gs,7,640,2.6950701995938525e-08
pcg-gs,7,641,4.3679318525497016e-08
pcg-gs,7,642,3.0828767513775119e-08
pcg-gs,7,643,2.9949806090914208e-08
pcg-gs,7,644,3.4005280613325349e-08
pcg-gs,7,645,2.388510894128095e-08
pcg-gs,7,646,2.3608236198150237e-08
pcg-gs,7,647,3.2048250489453671e-08
pcg-gs,7,648,2.2508540018635683e-08
pcg-gs,7,649,2.5122399686895912e-08
pcg-gs,7,650,2.9153393731546105e-08
pcg-gs,7,651,2.9813827616356884e-08
pcg-gs,7,652,2.9642621873007015e-08
pcg-gs,7,653,2.6262034566895357e-08
pcg-gs,7,654,2.8633976585165637e-08
pcg-gs,7,655,2.1270462634984257e-08
pcg-gs,7,656,2.6636280999989185e-08
pcg-gs,7,657,2.7540326444053785e-08
pcg-gs,7,658,2.032121127953487e-08
pcg-gs,7,659,2.8467002585445764e-08
pcg-gs,7,660,2.9405652893370176e-08
pcg-gs,7,661,2.3497229611454356e-08
pcg-gs,7,662,2.6222214383073351e-08
pcg-gs,7,663,3.3903039625318737e-08
pcg-gs,7,664,2.1379414948004501e-08
pcg-gs,7,665,2.0154740814970776e-08
pcg-gs,7,666,2.5148895833058325e-08
pcg-gs,7,667,2.0779559023286692e-08
pcg-gs,7,668,1.716353651407466e-08
pcg-gs,7,669,1.9205145024823034e-08
pcg-gs,7,670,2.3761020830200172e-08
pcg-gs,7,671,1.9097320526961774e-08
pcg-gs,7,672,1.7289665574099914e-08
pcg-gs,7,673,1.7897379138183969e-08
pcg-gs,7,674,1.9417906758686066e-08
pcg-gs,7,675,1.7650072599525624e-08
pcg-gs,7,676,1.6044186227514685e-08
pcg-gs,7,677,1.7172186150688974e-08
pcg-gs,7,678,1.338044937189643e-08
pcg-gs,7,679,1.393398644296993e-08
pcg-gs,7,680,1.9716308951459108e-08
pcg-gs,7,681,1.2665730580214946e-08
pcg-gs,7,682,1.744440561454218e-08
pcg-gs,7,683,1.7210858526412301e-08
pcg-gs,7,684,1.3465354676965085e-08
pcg-gs,7,685,1.3581846670106417e-08
pcg-gs,7,686,1.4507941267057424e-08
pcg-gs,7,687,1.5262543602289748e-08
pcg-gs,7,688,1.3395937988452914e-08
pcg-gs,7,689,1.5627413721854535e-08
pcg-gs,7,690,1.6315240059117031e-08
pcg-gs,7,691,1.2192720164055195e-08
pcg-gs,7,692,1.4761668990524463e-08
pcg-gs,7,693,1.5422968977077639e-08
pcg-gs,7,694,1.3314043435920141e-08
pcg-gs,7,695,1.3619273914901087e-08
pcg-gs,7,696,1.2910424700103488e-08
pcg-gs,7,697,1.0564659207000925e-08
pcg-gs,7,698,1.211138630316264e-08
pcg-gs,7,699,1.189651651967554e-08
pcg-gs,7,700,1.1523983999071977e-08
pcg-gs,7,701,1.009448885022993e-08
pcg-gs,7,702,1.2256577505201432e-08
pcg-gs,7,703,1.1601131812383666e-08
pcg-gs,7,704,1.1665924404204758e-08
pcg-gs,7,705,1.1910936299031568e-08
pcg-gs,7,706,1.2141830871043555e-08
pcg-gs,7,707,9.3080876160772672e-09
pcg-gs,7,708,8.4717018351807051e-09
pcg-gs,7,709,1.0946332082780739e-08
pcg-gs,7,710,8.7891943525032273e-09
pcg-gs,7,711,9.3335796177117429e-09
pcg-gs,7,712,9.1081369383339254e-09
pcg-gs,7,713,1.1092449160644879e-08
pcg-gs,7,714,8.7606597648537498e-09
pcg-gs,7,715,9.2027493252767015e-09
pcg-gs,7,716,8.5792929407155165e-09
pcg-gs,7,717,8.5149480198510265e-09
pcg-gs,7,718,8.7948029807497672e-09
pcg-gs,7,719,9.4775695813784462e-09
pcg-gs,7,720,7.7990214917929351e-09
pcg-gs,7,721,9.8057542634571604e-09
pcg-gs,7,722,9.8039694056076557e-09
pcg-gs,7,723,8.9139848521436921e-09
pcg-gs,7,724,6.555377943164351e-09
pcg-gs,7,725,9.52625690153123e-09
pcg-gs,7,726,6.6275424530674847e-09
pcg-gs,7,727,6.1306422119559492e-09
pcg-gs,7,728,7.9692806561027857e-09
pcg-gs,7,729,6.4517925255849673e-09
pcg-gs,7,730,6.1115208923216206e-09
pcg-gs,7,731,8.6082584251214551e-09
pcg-gs,7,732,6.4034107831747896e-09
pcg-gs,7,733,6.1251393827580463e-09
pcg-gs,7,734,7.6591037381884764e-09
pcg-gs,7,735,6.4388192120106841e-09
pcg-gs,7,736,6.4537718138994884e-09
pcg-gs,7,737,9.0112128688689324e-09
pcg-gs,7,738,7.3949796561739342e-09
pcg-gs,7,739,6.1706328072907276e-09
pcg-gs,7,740,5.909638463727926e-09
pcg-gs,7,741,6.9595677962150352e-09
pcg-gs,7,742,5.2619643700261887e-09
pcg-gs,7,743,4.4671035474553578e-09
pcg-gs,7,744,5.5415401850266528e-09
pcg-gs,7,745,4.7102744693024923e-09
pcg-gs,7,746,4.1449987714580838e-09
pcg-gs,7,747,4.5521000269019687e-09
pcg-gs,7,748,4.9578612746022143e-09
pcg-gs,7,749,5.3296719076985551e-09
pcg-gs,7,750,4.8286940120020026e-09
pcg-gs,7,751,4.2741606691115645e-09
pcg-gs,7,752,3.936683611561271e-09
pcg-gs,7,753,4.8610643805805359e-09
pcg-gs,7,754,3.4780872825853545e-09
pcg-gs,7,755,3.2701532578413179e-09
pcg-gs,7,756,4.1561932375069048e-09
pcg-gs,7,757,3.4369111142351226e-09
pcg-gs,7,758,3.0846056233580932e-09
pcg-gs,7,759,3.1843960410792354e-09
pcg-gs,7,760,2.9584711103641193e-09
pcg-gs,7,761,2.9334897323208093e-09
pcg-gs,7,762,2.8718999094812558e-09
pcg-gs,7,763,2.8047476383127928e-09
pcg-gs,7,764,2.9175000443494948e-09
pcg-gs,7,765,2.6603019126394742e-09
pcg-gs,7,766,3.0422921285403087e-09
pcg-gs,7,767,2.5817830731468531e-09
pcg-gs,7,768,2.4883607970305016e-09
pcg-gs,7,769,2.8241321447280269e-09
pcg-gs,7,770,2.6359293170725564e-09
pcg-gs,7,771,2.2898185612229961e-09
pcg-gs,7,772,2.3558018054769016e-09
pcg-gs,7,773,2.2711271967138122e-09
pcg-gs,7,774,2.3659430173560681e-09
pcg-gs,7,775,2.0226133002922679e-09
pcg-gs,7,776,2.0620016101532344e-09
pcg-gs,7,777,2.3946668869210571e-09
pcg-gs,7,778,1.9192800285872929e-09
pcg-gs,7,779,2.3242033697454015e-09
pcg-gs,7,780,1.9934367164991317e-09
pcg-gs,7,781,1.7216121569551233e-09
pcg-gs,7,782,1.969371653335408e-09
pcg-gs,7,783,2.208059671907478e-09
pcg-gs,7,784,1.5508063598113076e-09
pcg-gs,7,785,2.084872043024746e-09
pcg-gs,7,786,1.9569707685299959e-09
pcg-gs,7,787,1.6104196550069646e-09
pcg-gs,7,788,1.5192826980004581e-09
pcg-gs,7,789,1.5083986714287677e-09
pcg-gs,7,790,1.8793250207083289e-09
pcg-gs,7,791,1.5635818462400262e-09
pcg-gs,7,792,1.3542792507506757e-09
pcg-gs,7,793,1.5620297552482591e-09
pcg-gs,7,794,1.1552315858752151e-09
pcg-gs,7,795,1.5254606752760387e-09
pcg-gs,7,796,1.5944791758546308e-09
pcg-gs,7,797,1.3918698848120338e-09
pcg-gs,7,798,1.4725764626555809e-09
pcg-gs,7,799,1.449013350685455e-09
pcg-gs,7,800,1.1977697295938815e-09
pcg-gs,7,801,1.0450659805000926e-09
pcg-gs,7,802,1.2779057175099154e-09
pcg-gs,7,803,1.0949356647234061e-09
pcg-gs,7,804,9.3818749737445126e-10
pcg-gs,7,805,9.8155887136450763e-10
pcg-gs,7,806,1.0354804360771203e-09
pcg-gs,7,807,9.5488158272535986e-10
pcg-gs,7,808,7.8607378760086788e-10
pcg-gs,7,809,1.0014025571970268e-09
pcg-gs,7,810,8.2289089438030999e-10
pcg-gs,7,811,7.7765364458878567e-10
pcg-gs,7,812,7.21180633466892e-10
pcg-gs,7,813,6.1798693133426676e-10
pcg-gs,7,814,6.6334885454192129e-10
pcg-gs,7,815,6.4741625784113657e-10
pcg-gs,7,816,5.6907465759495051e-10
pcg-gs,7,817,5.368149413901824e-10
pcg-gs,7,818,6.2434160416929896e-10
pcg-gs,7,819,5.4152278372250154e-10
pcg-gs,7,820,6.0890466291287994e-10
pcg-gs,7,821,5.3505232467636201e-10
pcg-gs,7,822,4.8907702834389511e-10
pcg-gs,7,823,6.1106776416374657e-10
pcg-gs,7,824,4.7821641555999216e-10
pcg-gs,7,825,4.405041409661936e-10
pcg-gs,7,826,4.7860530503343065e-10
pcg-gs,7,827,4.126069599253519e-10
pcg-gs,7,828,3.5953918211805805e-10
pcg-gs,7,829,4.215034078248475e-10
pcg-gs,7,830,3.5621473226486956e-10
pcg-gs,7,831,3.3713152481201682e-10
pcg-gs,7,832,3.782223901449295e-10
pcg-gs,7,833,3.1420411538158073e-10
pcg-gs,7,834,3.148150260132483e-10
pcg-gs,7,835,3.3045856943908449e-10
pcg-gs,7,836,2.860239080082436e-10
pcg-gs,7,837,2.8656708213794496e-10
pcg-gs,7,838,3.4512246238335709e-10
pcg-gs,7,839,3.0829478958500965e-10
pcg-gs,7,840,2.4947377797059462e-10
pcg-gs,7,841,2.4094303665976698e-10
pcg-gs,7,842,2.6116102724969916e-10
pcg-gs,7,843,2.4559813050784397e-10
pcg-gs,7,844,2.5383841413005213e-10
pcg-gs,7,845,2.1903315032839948e-10
pcg-gs,7,846,2.2263549960418928e-10
pcg-gs,7,847,2.3961525110277008e-10
pcg-gs,7,848,3.062403617957459e-10
pcg-gs,7,849,2.1964719568752601e-10
pcg-gs,7,850,1.7854795347724467e-10
pcg-gs,7,851,2.2043033061703039e-10
pcg-gs,7,852,2.1188359242918165e-10
pcg-gs,7,853,2.1961060312560151e-10
pcg-gs,7,854,1.7877841934081889e-10
pcg-gs,7,855,1.8921084171836443e-10
pcg-gs,7,856,2.2480404324802507e-10
pcg-gs,7,857,2.0484289683859132e-10
pcg-gs,7,858,2.1544055718271705e-10
pcg-gs,7,859,1.7422128436647951e-10
pcg-gs,7,860,1.4691732894251583e-10
pcg-gs,7,861,1.6051625508516935e-10
pcg-gs,7,862,1.532670014146965e-10
pcg-gs,7,863,1.4021002282905865e-10
pcg-gs,7,864,1.2855212435309052e-10
pcg-gs,7,865,1.4265749822886306e-10
pcg-gs,7,866,1.1266440558990372e-10
pcg-gs,7,867,1.4275660588953018e-10
pcg-gs,7,868,1.475871374220853e-10
pcg-gs,7,869,1.2656931995573943e-10
pcg-gs,7,870,1.2103893180832985e-10
pcg-gs,7,871,1.3413944859659074e-10
pcg-gs,7,872,1.0217216975666946e-10
pcg-gs,7,873,1.1226031630465911e-10
pcg-gs,7,874,1.1067467351339314e-10
pcg-gs,7,875,1.0847205177603814e-10
pcg-gs,7,876,9.5759368434548321e-11
pcg-gs,7,877,1.1947887188662299e-10
pcg-gs,7,878,9.6562043440063922e-11
pcg-gs,7,879,8.6511268974437905e-11
pcg-gs,7,880,1.1295955356514043e-10
pcg-gs,7,881,8.5477277209033721e-11
pcg-gs,7,882,9.0811635382245823e-11
pcg-gs,7,883,7.8847518098778903e-11
pcg-gs,7,884,8.3155801825201583e-11
pcg-gs,7,885,6.8185098285523115e-11
pcg-gs,7,886,9.3350849079951179e-11
pcg-gs,7,887,7.9943813979562153e-11
pcg-gs,7,888,6.5535368131970568e-11
pcg-gs,7,889,7.8612444257406809e-11
pcg-gs,7,890,8.8696320751286504e-11
pcg-gs,7,891,7.0205106375822262e-11
pcg-gs,7,892,7.9572224342107976e-11
pcg-gs,7,893,6.6859375318706134e-11
pcg-gs,7,894,5.5757420395027003e-11
pcg-gs,7,895,8.444438500894124e-11
pcg-gs,7,896,6.8304962572503936e-11
pcg-gs,7,897,4.9673638240230674e-11
pcg-gs,7,898,6.6047776065024089e-11
pcg-gs,7,899,7.2429209143043857e-11
pcg-gs,7,900,5.1954527853323948e-11
pcg-gs,7,901,6.160792560000955e-11
pcg-gs,7,902,7.2244690101182601e-11
pcg-gs,7,903,4.9651634964180745e-11
pcg-gs,7,904,4.7138727518265386e-11
pcg-gs,7,905,6.9396135121151857e-11
pcg-gs,7,906,6.2083777888837566e-11
pcg-gs,7,907,4.3881213720361982e-11
pcg-gs,7,908,5.7881999124348008e-11
pcg-gs,7,909,7.1100855512894917e-11
pcg-gs,7,910,4.7472372128601639e-11
pcg-gs,7,911,5.13571993803588e-11
pcg-gs,7,912,6.6267578386500353e-11
pcg-gs,7,913,4.8397802230213069e-11
pcg-gs,7,914,4.9723243540112753e-11
pcg-gs,7,915,6.1237897603026759e-11
pcg-gs,7,916,4.2728166124978653e-11
pcg-gs,7,917,5.1216365480844802e-11
pcg-gs,7,918,5.416352896428382e-11
pcg-gs,7,919,4.2842377461140241e-11
pcg-gs,7,920,4.3536139586571511e-11
pcg-gs,7,921,4.5406397635258169e-11
pcg-gs,7,922,4.2507539974932368e-11
pcg-gs,7,923,3.2755970026729222e-11
pcg-gs,7,924,3.4110063784252146e-11
pcg-gs,7,925,3.9518823208180573e-11
pcg-gs,7,926,3.5504729300871965e-11
pcg-gs,7,927,2.9810119625489548e-11
pcg-gs,7,928,3.1580606232024701e-11
pcg-gs,7,929,3.4009642418044791e-11
pcg-gs,7,930,2.6663436990898811e-11
pcg-gs,7,931,3.2612220456234627e-11
pcg-gs,7,932,2.6253986785145898e-11
pcg-gs,7,933,2.3258412797295272e-11
pcg-gs,7,934,3.0055741970786309e-11
pcg-gs,7,935,2.9279059078021563e-11
pcg-gs,7,936,2.1002425704096027e-11
pcg-gs,7,937,2.1507654004817301e-11
pcg-gs,7,938,2.4214377759340215e-11
pcg-gs,7,939,1.6611122892955824e-11
pcg-gs,7,940,2.1579492930451529e-11
pcg-gs,7,941,1.7149275324606942e-11
pcg-gs,7,942,1.5838799789076927e-11
pcg-gs,7,943,2.0251491398415257e-11
pcg-gs,7,944,1.7328263501613806e-11
pcg-gs,7,945,1.6210037521625785e-11
pcg-gs,7,946,1.671156396828768e-11
pcg-gs,7,947,1.5060847266897459e-11
pcg-gs,7,948,1.6266714942516824e-11
pcg-gs,7,949,1.3118660249885781e-11
pcg-gs,7,950,1.4261283107234065e-11
pcg-gs,7,951,1.2186972636153324e-11
pcg-gs,7,952,1.2550132559948967e-11
pcg-gs,7,953,1.3123694765511713e-11
pcg-gs,7,954,1.3667483452080559e-11
pcg-gs,7,955,1.1821333705832254e-11
pcg-gs,7,956,1.4700181380012925e-11
pcg-gs,7,957,1.2710813293527575e-11
pcg-gs,7,958,1.0466030691686714e-11
pcg-gs,7,959,1.3860544897224936e-11
pcg-gs,7,960,9.6227906262276321e-12
pcg-gs,7,961,8.1494366809611685e-12
pcg-gs,7,962,1.3321343539807772e-11
pcg-gs,7,963,9.1614408869810935e-12
pcg-gs,7,964,7.6322462176274044e-12
pcg-gs,7,965,1.1030698584238929e-11
pcg-gs,7,966,9.6797113124417776e-12
pcg-gs,7,967,8.54220722560682e-12
pcg-gs,7,968,9.8322056037820088e-12
pcg-gs,7,969,6.9943535467968554e-12
pcg-gs,7,970,1.0372784540311803e-11
pcg-gs,7,971,8.5521457751385504e-12
pcg-gs,7,972,7.0480372464230484e-12
pcg-gs,7,973,9.2914246961250331e-12
pcg-gs,7,974,1.10091385751241e-11
pcg-gs,7,975,6.9763574488768726e-12
pcg-gs,7,976,5.2754673202363202e-12
pcg-gs,7,977,9.6053643349214432e-12
pcg-gs,7,978,7.3540374134324908e-12
pcg-gs,7,979,4.5731066592396472e-12
pcg-gs,7,980,6.3969909436327764e-12
pcg-gs,7,981,6.4243037382100002e-12
pcg-gs,7,982,4.0924557089675438e-12
pcg-gs,7,983,3.8150419864987817e-12
pcg-gs,7,984,5.1636796358582071e-12
pcg-gs,7,985,3.7971242668228672e-12
pcg-gs,7,986,3.8062847010020931e-12
pcg-gs,7,987,5.2265124539672631e-12
pcg-gs,7,988,3.6851841698962587e-12
pcg-gs,7,989,3.2252465158258531e-12
pcg-gs,7,990,3.7660708802801342e-12
pcg-gs,7,991,3.464734808206338e-12
pcg-gs,7,992,2.7106863707008745e-12
pcg-gs,7,993,3.2794263479360372e-12
pcg-gs,7,994,2.6357939001887174e-12
pcg-gs,7,995,2.5660665368668831e-12
pcg-gs,7,996,2.511066567123548e-12
pcg-gs,7,997,2.2635415528292892e-12
pcg-gs,7,998,1.9931730992831194e-12
pcg-gs,7,999,2.3041603070450318e-12
pcg-gs,7,1000,2.2863816321524348e-12
pcg-gs,7,1001,1.7940515883302168e-12
pcg-gs,7,1002,2.3900194598426528e-12
pcg-gs,7,1003,2.06234231165526e-12
pcg-gs,7,1004,1.6242807237755407e-12
pcg-gs,7,1005,2.4416421572122307e-12
pcg-gs,7,1006,1.9388002899657918e-12
pcg-gs,7,1007,1.5819319348199381e-12
pcg-gs,7,1008,1.6913708047654731e-12
pcg-gs,7,1009,2.0785600992441371e-12
pcg-gs,7,1010,1.2741392949992875e-12
pcg-gs,7,1011,1.2790874398351978e-12
pcg-gs,7,1012,1.5358100434712596e-12
pcg-gs,7,1013,1.388798741127525e-12
pcg-gs,7,1014,1.1170135963719297e-12
pcg-gs,7,1015,1.081566636680964e-12
pcg-gs,7,1016,1.1980181629998339e-12
pcg-gs,7,1017,9.3683928054972766e-13
pcg-gs,7,1018,8.1181607774143056e-13
pcg-gs,7,1019,1.0405055083517987e-12
pcg-gs,7,1020,1.0802975797476768e-12
pcg-gs,7,1021,8.0677813494121801e-13
pcg-gs,7,1022,8.1601459981323318e-13
pcg-gs,7,1023,9.1722558059152646e-13
pcg-gs,7,1024,8.4807435505275798e-13
pcg-gs,7,1025,9.0973412514144845e-13
pcg-gs,7,1026,6.9143096650169004e-13
pcg-gs,7,1027,5.7236797132170831e-13
pcg-gs,7,1028,7.1042517909586394e-13
pcg-gs,7,1029,8.1385121234468251e-13
pcg-gs,7,1030,5.8850598701080636e-13
pcg-gs,7,1031,5.9074599619172892e-13
pcg-gs,7,1032,7.5292861669170949e-13
pcg-gs,7,1033,6.824817795978123e-13
pcg-gs,7,1034,6.307545106533945e-13
pcg-gs,7,1035,5.7410352831007385e-13
pcg-gs,7,1036,5.8557830744069322e-13
pcg-gs,7,1037,5.0975858044738997e-13
pcg-gs,7,1038,5.2939163211491402e-13
pcg-gs,7,1039,4.0401953646867199e-13
pcg-gs,7,1040,3.7992366984745381e-13
pcg-gs,7,1041,4.7498731465521226e-13
pcg-gs,7,1042,3.6368519806618965e-13
pcg-gs,7,1043,3.2281243032735455e-13
pcg-gs,7,1044,3.9052103609367783e-13
pcg-gs,7,1045,3.6778157952980504e-13
pcg-gs,7,1046,2.9672233209516973e-13
pcg-gs,7,1047,3.4476585201867994e-13
pcg-gs,7,1048,4.1541545230537555e-13
pcg-gs,7,1049,2.7193095662241861e-13
pcg-gs,7,1050,2.9915351981743584e-13
pcg-gs,7,1051,3.8647659717082142e-13
pcg-gs,7,1052,3.696311570197401e-13
pcg-gs,7,1053,2.7264832714068945e-13
pcg-gs,7,1054,3.2556262478989807e-13
pcg-gs,7,1055,2.4091822805347648e-13
pcg-gs,7,1056,3.0014630785425584e-13
pcg-gs,7,1057,2.9282836029036919e-13
pcg-gs,7,1058,2.34614328265996e-13
pcg-gs,7,1059,3.3092691497063518e-13
pcg-gs,7,1060,2.7278367443750736e-13
pcg-gs,7,1061,3.0899678805093128e-13
pcg-gs,7,1062,3.0840678969002672e-13
pcg-gs,7,1063,2.6536104495825631e-13
pcg-gs,7,1064,3.3787459658306152e-13
pcg-gs,7,1065,2.5200120795463439e-13
pcg-gs,7,1066,2.7589064310557058e-13
pcg-gs,7,1067,2.3603405137955371e-13
pcg-gs,7,1068,2.4174981382672535e-13
pcg-gs,7,1069,2.6551623971889196e-13
pcg-gs,7,1070,1.9456569729192964e-13
pcg-gs,7,1071,1.921325038425558e-13
pcg-gs,7,1072,2.9785564019586402e-13
pcg-gs,7,1073,2.5557323579190636e-13
pcg-gs,7,1074,2.0879186022535333e-13
pcg-gs,7,1075,2.3576084191361737e-13
pcg-gs,7,1076,2.4885069873984259e-13
pcg-gs,7,1077,2.2655315734285045e-13
pcg-gs,7,1078,2.2137319588704209e-13
pcg-gs,7,1079,2.4703384635134344e-13
pcg-gs,7,1080,2.4083719077749376e-13
pcg-gs,7,1081,2.0247042237048001e-13
pcg-gs,7,1082,2.8089970553075245e-13
pcg-gs,7,1083,2.3660685480268014e-13
pcg-gs,7,1084,2.2693882607884438e-13
pcg-gs,7,1085,2.7719577348119219e-13
pcg-gs,7,1086,2.073902235783594e-13
pcg-gs,7,1087,2.7079604323570066e-13
pcg-gs,7,1088,2.5024340892057825e-13
pcg-gs,7,1089,2.3376111232117661e-13
pcg-gs,7,1090,2.247080234013131e-13
pcg-gs,7,1091,2.1798185170531702e-13
pcg-gs,7,1092,2.6975574825972531e-13
pcg-gs,7,1093,1.6997217873481432e-13
pcg-gs,7,1094,2.0640986287455363e-13
pcg-gs,7,1095,2.4633944441533243e-13
pcg-gs,7,1096,1.8595880898031069e-13
pcg-gs,7,1097,2.1692129774590596e-13
pcg-gs,7,1098,2.4248736936123569e-13
pcg-gs,7,1099,2.0918104490335763e-13
pcg-gs,7,1100,1.8988609600425236e-13
pcg-gs,7,1101,2.2496603656579382e-13
pcg-gs,7,1102,2.2523154137457581e-13
pcg-gs,7,1103,1.9365668486802093e-13
pcg-gs,7,1104,1.7103243272172205e-13
pcg-gs,7,1105,1.9894896551988585e-13
pcg-gs,7,1106,1.5752936799184775e-13
pcg-gs,7,1107,1.8501945760294663e-13
pcg-gs,7,1108,2.0541018316056644e-13
pcg-gs,7,1109,1.3861515910482383e-13
pcg-gs,7,1110,1.8138324265295637e-13
pcg-gs,7,1111,1.6246859214208401e-13
pcg-gs,7,1112,1.4704494839208034e-13
pcg-gs,7,1113,1.3489708080026007e-13
pcg-gs,7,1114,1.3033564347990906e-13
pcg-gs,7,1115,1.4587694044319801e-13
pcg-gs,7,1116,1.3046763734273307e-13
pcg-gs,7,1117,1.0570041683917611e-13
pcg-gs,7,1118,1.4906232395494704e-13
pcg-gs,7,1119,9.5801438861374905e-14
pcg-gs,7,1120,1.0424802765540959e-13
pcg-gs,7,1121,1.0512154988423545e-13
pcg-gs,7,1122,1.0001462857599089e-13
pcg-gs,7,1123,9.8422405833076876e-14
pcg-gs,7,1124,9.411403090306278e-14
pcg-gs,7,1125,8.3825510027799794e-14
pcg-gs,7,1126,8.9615379105582955e-14
pcg-gs,7,1127,9.3531480128014737e-14
pcg-gs,7,1128,9.2625823536424664e-14
pcg-gs,7,1129,6.6948196996516375e-14
pcg-gs,7,1130,7.0348560879193663e-14
pcg-gs,7,1131,1.0380086599661531e-13
pcg-gs,7,1132,7.2144726503461396e-14
pcg-gs,7,1133,6.516266781311207e-14
pcg-gs,7,1134,8.9493496493292263e-14
pcg-gs,7,1135,9.1597714430077679e-14
pcg-gs,7,1136,5.9625689764740108e-14
pcg-gs,7,1137,5.6081726275383754e-14
pcg-gs,7,1138,6.9236415713686726e-14
pcg-gs,7,1139,6.1800301180266798e-14
pcg-gs,7,1140,5.3333717327405648e-14
pcg-gs,7,1141,5.4405648678406071e-14
pcg-gs,7,1142,4.7880760000965221e-14
pcg-gs,7,1143,5.7398551702820694e-14
pcg-gs,7,1144,5.9364212155139693e-14
pcg-gs,7,1145,4.7901248573922378e-14
pcg-gs,7,1146,4.6939914422727275e-14
pcg-gs,7,1147,5.4250796509741688e-14
pcg-gs,7,1148,3.9515752401314703e-14
pcg-gs,7,1149,4.195686194186024e-14
pcg-gs,7,1150,4.9652329817309343e-14
pcg-gs,7,1151,4.0210949834876543e-14
pcg-gs,7,1152,4.3692571863312618e-14
pcg-gs,7,1153,4.8037747247252602e-14
pcg-gs,7,1154,3.5540841350441858e-14
pcg-gs,7,1155,3.7382430213789508e-14
pcg-gs,7,1156,5.2997470611388592e-14
pcg-gs,7,1157,3.9452925465512357e-14
pcg-gs,7,1158,3.8295277298532012e-14
pcg-gs,7,1159,4.165235694480615e-14
pcg-gs,7,1160,3.5930171365411269e-14
pcg-gs,7,1161,3.90979193237695e-14
pcg-gs,7,1162,4.0028449338697937e-14
pcg-gs,7,1163,3.3911846061802853e-14
pcg-gs,7,1164,3.1992889423670423e-14
pcg-gs,7,1165,4.488060230418992e-14
pcg-gs,7,1166,3.4503365238686747e-14
pcg-gs,7,1167,3.417648337037717e-14
pcg-gs,7,1168,4.4759585913570237e-14
pcg-gs,7,1169,3.8793625069157405e-14
pcg-gs,7,1170,3.1441189707931283e-14
pcg-gs,7,1171,3.004029632206445e-14
pcg-gs,7,1172,3.6428928927404002e-14
pcg-gs,7,1173,2.5926717409744165e-14
pcg-gs,7,1174,3.3027846127831131e-14
pcg-gs,7,1175,2.9340472723596134e-14
pcg-gs,7,1176,2.9997307748658531e-14
pcg-gs,7,1177,3.8171915956686764e-14
pcg-gs,7,1178,3.3204995599055781e-14
pcg-gs,7,1179,2.9223652654520064e-14
pcg-gs,7,1180,2.724247074507909e-14
pcg-gs,7,1181,3.4660410123308529e-14
pcg-gs,7,1182,2.5589176532550996e-14
pcg-gs,7,1183,2.10968938578768e-14
pcg-gs,7,1184,2.8779294992367561e-14
pcg-gs,7,1185,2.280846829500122e-14
pcg-gs,7,1186,2.8508833224611342e-14
pcg-gs,7,1187,2.2312409583619344e-14
pcg-gs,7,1188,1.8513788736666697e-14
pcg-mg-v,7,0,0.00019689997983549353
pcg-mg-v,7,1,3.4060108202986639e-05
pcg-mg-v,7,2,1.372857825681963e-06
pcg-mg-v,7,3,6.7309343741503757e-08
pcg-mg-v,7,4,1.1401332664193977e-09
pcg-mg-v,7,5,2.4628111141982348e-11
pcg-mg-v,7,6,4.9679223016808928e-13
pcg-mg-v,7,7,1.4025362842707249e-14
mg-v,8,0,0.0013263281687337664
mg-v,8,1,9.6008654140800927e-05
mg-v,8,2,7.5919117397443154e-06
mg-v,8,3,6.2272994695088213e-07
mg-v,8,4,5.1745660773648067e-08
mg-v,8,5,4.3249483432052158e-09
mg-v,8,6,3.6288538565943205e-10
mg-v,8,7,3.0545262420207621e-11
mg-w,8,0,0.00059457201946779578
mg-w,8,1,1.6884536376675798e-05
mg-w,8,2,8.1889114702125785e-07
mg-w,8,3,4.4534321988040891e-08
mg-w,8,4,2.5552691608636779e-09
mg-w,8,5,1.5159227033430853e-10
mg-w,8,6,9.2171972627172662e-12
gs,8,0,0.017081330545916006
gs,8,1,0.020651334198934158
gs,8,2,0.020800449405352913
gs,8,3,0.02084803705975237
gs,8,4,0.020872021629793892
gs,8,5,0.020886690399641753
gs,8,6,0.020896649550458724
gs,8,7,0.020903867867584948
gs,8,8,0.020909338643954126
gs,8,9,0.020913621100502038
gs,8,10,0.020917055744870499
gs,8,11,0.020919862541450368
gs,8,12,0.020922190332219544
gs,8,13,0.020924143676128659
gs,8,14,0.020925798327763506
gs,8,15,0.020927210612530327
gs,8,16,0.02092842334203646
gs,8,17,0.020929469678237347
gs,8,18,0.020930375734173313
gs,8,19,0.020931162370443356
gs,8,20,0.020931846464792046
gs,8,21,0.020932441827633642
gs,8,22,0.020932959874239463
gs,8,23,0.020933410126293066
gs,8,24,0.020933800591594238
gs,8,25,0.020934138055306341
gs,8,26,0.020934428306045
gs,8,27,0.020934676313297061
gs,8,28,0.020934886368039092
gs,8,29,0.020935062195211841
gs,8,30,0.020935207044437312
gs,8,31,0.020935323763773172
gs,8,32,0.020935414860092628
gs,8,33,0.02093548254885173
gs,8,34,0.020935528795374005
gs,8,35,0.020935555349288183
gs,8,36,0.020935563773418469
gs,8,37,0.020935555468140733
gs,8,38,0.020935531692014363
gs,8,39,0.020935493579350099
gs,8,40,0.020935442155219041
gs,8,41,0.020935378348333603
gs,8,42,0.020935303002149255
gs,8,43,0.020935216884455713
gs,8,44,0.020935120695711316
gs,8,45,0.020935015076286523
gs,8,46,0.020934900612797173
gs,8,47,0.020934777843650897
gs,8,48,0.020934647263919044
gs,8,49,0.020934509329626799
gs,8,50,0.020934364461547103
gs,8,51,0.020934213048556111
gs,8,52,0.020934055450614115
gs,8,53,0.02093389200141459
gs,8,54,0.020933723010751457
gs,8,55,0.020933548766632143
gs,8,56,0.020933369537167346
gs,8,57,0.020933185572271272
gs,8,58,0.020932997105189709
gs,8,59,0.020932804353869919
gs,8,60,0.020932607522210388
gs,8,61,0.020932406801177177
gs,8,62,0.020932202369817538
gs,8,63,0.020931994396188865
gs,8,64,0.020931783038188049
gs,8,65,0.020931568444319676
gs,8,66,0.020931350754384785
gs,8,67,0.020931130100117053
gs,8,68,0.020930906605760202
gs,8,69,0.020930680388596194
gs,8,70,0.020930451559435199
gs,8,71,0.020930220223051806
gs,8,72,0.020929986478600362
gs,8,73,0.020929750419991427
gs,8,74,0.020929512136230437
gs,8,75,0.020929271711743747
gs,8,76,0.020929029226670313
gs,8,77,0.020928784757131159
gs,8,78,0.020928538375482822
gs,8,79,0.020928290150550845
gs,8,80,0.020928040147842761
gs,8,81,0.020927788429749641
gs,8,82,0.020927535055727888
gs,8,83,0.020927280082479856
gs,8,84,0.020927023564101949
gs,8,85,0.020926765552245395
gs,8,86,0.020926506096248555
gs,8,87,0.020926245243267878
gs,8,88,0.020925983038398401
gs,8,89,0.020925719524788132
gs,8,90,0.020925454743741606
gs,8,91,0.020925188734820757
gs,8,92,0.020924921535935094
gs,8,93,0.020924653183428968
gs,8,94,0.020924383712160401
gs,8,95,0.020924113155585958
gs,8,96,0.020923841545818021
gs,8,97,0.020923568913704942
gs,8,98,0.020923295288885448
gs,8,99,0.020923020699851507
gs,8,100,0.020922745174007273
gs,8,101,0.020922468737711693
gs,8,102,0.020922191416339626
gs,8,103,0.020921913234319123
gs,8,104,0.020921634215182713
gs,8,105,0.020921354381604144
gs,8,106,0.020921073755440008
gs,8,107,0.020920792357765183
gs,8,108,0.020920510208910136
gs,8,109,0.020920227328489922
gs,8,110,0.020919943735442779
gs,8,111,0.020919659448052939
gs,8,112,0.020919374483980575
gs,8,113,0.020919088860290758
gs,8,114,0.020918802593476775
gs,8,115,0.020918515699486852
gs,8,116,0.020918228193740136
gs,8,117,0.020917940091158427
gs,8,118,0.020917651406178676
gs,8,119,0.020917362152775541
gs,8,120,0.020917072344480987
gs,8,121,0.020916781994399284
gs,8,122,0.020916491115226379
gs,8,123,0.020916199719264998
gs,8,124,0.020915907818442093
gs,8,125,0.020915615424315644
gs,8,126,0.020915322548100367
gs,8,127,0.020915029200671689
gs,8,128,0.020914735392582193
gs,8,129,0.020914441134073831
gs,8,130,0.020914146435087062
gs,8,131,0.020913851305276131
gs,8,132,0.020913555754014764
gs,8,133,0.020913259790409248
gs,8,134,0.020912963423306771
gs,8,135,0.020912666661307838
gs,8,136,0.020912369512768553
gs,8,137,0.020912071985816492
gs,8,138,0.020911774088352784
gs,8,139,0.020911475828062243
gs,8,140,0.020911177212423426
gs,8,141,0.02091087824871031
gs,8,142,0.020910578944004794
gs,8,143,0.020910279305198575
gs,8,144,0.020909979339000812
gs,8,145,0.020909679051945469
gs,8,146,0.020909378450398097
gs,8,147,0.020909077540556386
gs,8,148,0.020908776328459569
gs,8,149,0.02090847481999605
gs,8,150,0.020908173020899767
gs,8,151,0.02090787093676353
gs,8,152,0.020907568573040172
gs,8,153,0.020907265935043499
gs,8,154,0.020906963027961092
gs,8,155,0.020906659856848541
gs,8,156,0.020906356426641196
gs,8,157,0.020906052742153659
gs,8,158,0.020905748808085524
gs,8,159,0.020905444629021306
gs,8,160,0.020905140209439295
gs,8,161,0.020904835553711074
gs,8,162,0.020904530666102282
gs,8,163,0.020904225550784878
gs,8,164,0.020903920211830535
gs,8,165,0.020903614653214858
gs,8,166,0.020903308878826979
gs,8,167,0.020903002892461921
gs,8,168,0.020902696697834455
gs,8,169,0.020902390298570439
gs,8,170,0.020902083698216879
gs,8,171,0.020901776900242787
gs,8,172,0.020901469908037359
gs,8,173,0.020901162724917967
gs,8,174,0.020900855354125381
gs,8,175,0.020900547798833817
gs,8,176,0.020900240062148388
gs,8,177,0.020899932147103579
gs,8,178,0.020899624056671815
gs,8,179,0.020899315793762977
gs,8,180,0.020899007361219787
gs,8,181,0.020898698761833857
gs,8,182,0.020898389998329485
gs,8,183,0.020898081073379007
gs,8,184,0.02089777198959699
gs,8,185,0.020897462749547409
gs,8,186,0.0208971533557369
gs,8,187,0.020896843810623626
gs,8,188,0.020896534116615167
gs,8,189,0.020896224276071983
gs,8,190,0.02089591429130366
gs,8,191,0.020895604164574543
gs,8,192,0.020895293898106255
gs,8,193,0.020894983494074204
gs,8,194,0.020894672954611341
gs,8,195,0.020894362281807355
gs,8,196,0.020894051477713435
gs,8,197,0.020893740544339127
gs,8,198,0.020893429483656828
gs,8,199,0.020893118297599846
gs,8,200,0.020892806988062791
gs,8,201,0.020892495556907406
gs,8,202,0.020892184005956639
gs,8,203,0.020891872337002765
gs,8,204,0.020891560551800376
gs,8,205,0.020891248652074808
gs,8,206,0.020890936639516116
gs,8,207,0.020890624515784623
gs,8,208,0.020890312282510592
gs,8,209,0.020889999941292165
gs,8,210,0.0208896874937015
gs,8,211,0.020889374941278235
gs,8,212,0.020889062285536251
gs,8,213,0.020888749527962758
gs,8,214,0.020888436670017038
gs,8,215,0.020888123713131413
gs,8,216,0.020887810658715141
gs,8,217,0.020887497508149545
gs,8,218,0.020887184262795174
gs,8,219,0.020886870923983537
gs,8,220,0.020886557493027855
gs,8,221,0.020886243971217668
gs,8,222,0.020885930359815886
gs,8,223,0.020885616660067274
gs,8,224,0.020885302873195642
gs,8,225,0.020884989000402348
gs,8,226,0.020884675042867
gs,8,227,0.020884361001751763
gs,8,228,0.020884046878197893
gs,8,229,0.020883732673327597
gs,8,230,0.020883418388244233
gs,8,231,0.02088310402403085
gs,8,232,0.020882789581756031
gs,8,233,0.020882475062467962
gs,8,234,0.020882160467198756
gs,8,235,0.020881845796962614
gs,8,236,0.02088153105275789
gs,8,237,0.020881216235565103
gs,8,238,0.020880901346351632
gs,8,239,0.020880586386066765
gs,8,240,0.020880271355645869
gs,8,241,0.020879956256007099
gs,8,242,0.020879641088056396
gs,8,243,0.02087932585268535
gs,8,244,0.020879010550770224
gs,8,245,0.020878695183170957
gs,8,246,0.020878379750738283
gs,8,247,0.020878064254309148
gs,8,248,0.020877748694703237
gs,8,249,0.020877433072732297
gs,8,250,0.020877117389192828
gs,8,251,0.020876801644869061
gs,8,252,0.02087648584053501
gs,8,253,0.020876169976949095
gs,8,254,0.020875854054862232
gs,8,255,0.020875538075012277
gs,8,256,0.020875222038124721
gs,8,257,0.020874905944916155
gs,8,258,0.020874589796089537
gs,8,259,0.020874273592340894
gs,8,260,0.02087395733435354
gs,8,261,0.020873641022799351
gs,8,262,0.020873324658342532
gs,8,263,0.02087300824163988
gs,8,264,0.020872691773330419
gs,8,265,0.020872375254051539
gs,8,266,0.020872058684428443
gs,8,267,0.020871742065076485
gs,8,268,0.020871425396603319
gs,8,269,0.020871108679605638
gs,8,270,0.020870791914676126
gs,8,271,0.020870475102393433
gs,8,272,0.020870158243330592
gs,8,273,0.02086984133805303
gs,8,274,0.02086952438711747
gs,8,275,0.020869207391071995
gs,8,276,0.020868890350457688
gs,8,277,0.02086857326580709
gs,8,278,0.020868256137647315
gs,8,279,0.020867938966495692
gs,8,280,0.020867621752863212
gs,8,281,0.020867304497254338
gs,8,282,0.020866987200167414
gs,8,283,0.020866669862089356
gs,8,284,0.020866352483505726
gs,8,285,0.020866035064893283
gs,8,286,0.020865717606721138
gs,8,287,0.020865400109454483
gs,8,288,0.020865082573547321
gs,8,289,0.020864764999455866
gs,8,290,0.020864447387621266
gs,8,291,0.020864129738484397
gs,8,292,0.020863812052478448
gs,8,293,0.020863494330031176
gs,8,294,0.020863176571562416
gs,8,295,0.020862858777490369
gs,8,296,0.020862540948223512
gs,8,297,0.020862223084169091
gs,8,298,0.02086190518572463
gs,8,299,0.020861587253287264
gs,8,300,0.020861269287243314
gs,8,301,0.020860951287979521
gs,8,302,0.02086063325587445
gs,8,303,0.020860315191301618
gs,8,304,0.020859997094631346
gs,8,305,0.020859678966226924
gs,8,306,0.020859360806451187
gs,8,307,0.020859042615656232
gs,8,308,0.020858724394194929
gs,8,309,0.020858406142413286
gs,8,310,0.020858087860653091
gs,8,311,0.020857769549250647
gs,8,312,0.020857451208540705
gs,8,313,0.020857132838853775
gs,8,314,0.020856814440511542
gs,8,315,0.020856496013836882
gs,8,316,0.020856177559146614
gs,8,317,0.020855859076754277
gs,8,318,0.02085554056696734
gs,8,319,0.020855222030091634
gs,8,320,0.020854903466428633
gs,8,321,0.020854584876277553
gs,8,322,0.020854266259929536
gs,8,323,0.020853947617677587
gs,8,324,0.020853628949807395
gs,8,325,0.020853310256603499
gs,8,326,0.020852991538345324
gs,8,327,0.0208526727953092
gs,8,328,0.020852354027768871
gs,8,329,0.020852035235992852
gs,8,330,0.02085171642025006
gs,8,331,0.020851397580801727
gs,8,332,0.020851078717911066
gs,8,333,0.020850759831832783
gs,8,334,0.0208504409228236
gs,8,335,0.020850121991131808
gs,8,336,0.020849803037008851
gs,8,337,0.020849484060697414
gs,8,338,0.020849165062440705
gs,8,339,0.020848846042479004
gs,8,340,0.020848527001048594
gs,8,341,0.020848207938384117
gs,8,342,0.020847888854715363
gs,8,343,0.020847569750273364
gs,8,344,0.020847250625282816
gs,8,345,0.020846931479966056
gs,8,346,0.020846612314546611
gs,8,347,0.020846293129239832
gs,8,348,0.02084597392426368
gs,8,349,0.02084565469983151
gs,8,350,0.020845335456151699
gs,8,351,0.020845016193435758
gs,8,352,0.020844696911888512
gs,8,353,0.020844377611714378
gs,8,354,0.02084405829311415
gs,8,355,0.020843738956286894
gs,8,356,0.020843419601431285
gs,8,357,0.020843100228740512
gs,8,358,0.020842780838408705
gs,8,359,0.020842461430625021
gs,8,360,0.020842142005579059
gs,8,361,0.020841822563455851
gs,8,362,0.020841503104440971
gs,8,363,0.020841183628715839
gs,8,364,0.020840864136460722
gs,8,365,0.02084054462785551
gs,8,366,0.020840225103073717
gs,8,367,0.020839905562293176
gs,8,368,0.020839586005683378
gs,8,369,0.020839266433417342
gs,8,370,0.020838946845661819
gs,8,371,0.0208386272425852
gs,8,372,0.02083830762435256
gs,8,373,0.020837987991127266
gs,8,374,0.020837668343069337
gs,8,375,0.020837348680340904
gs,8,376,0.020837029003101158
gs,8,377,0.020836709311503217
gs,8,378,0.020836389605705833
gs,8,379,0.020836069885858257
gs,8,380,0.020835750152115366
gs,8,381,0.020835430404625873
gs,8,382,0.02083511064353831
gs,8,383,0.020834790868999919
gs,8,384,0.020834471081156557
gs,8,385,0.020834151280151057
gs,8,386,0.020833831466126738
gs,8,387,0.020833511639224037
gs,8,388,0.020833191799582762
gs,8,389,0.02083287194734031
gs,8,390,0.020832552082634292
gs,8,391,0.020832232205598392
gs,8,392,0.020831912316367572
gs,8,393,0.020831592415075192
gs,8,394,0.020831272501850604
gs,8,395,0.020830952576824144
gs,8,396,0.020830632640124754
gs,8,397,0.020830312691879915
gs,8,398,0.020829992732214267
gs,8,399,0.020829672761252128
gs,8,400,0.020829352779118314
gs,8,401,0.020829032785934343
gs,8,402,0.020828712781820257
gs,8,403,0.020828392766898438
gs,8,404,0.020828072741283413
gs,8,405,0.020827752705096087
gs,8,406,0.020827432658450922
gs,8,407,0.0208271126014631
gs,8,408,0.020826792534246057
gs,8,409,0.020826472456913932
gs,8,410,0.020826152369576415
gs,8,411,0.020825832272345069
gs,8,412,0.020825512165330799
gs,8,413,0.020825192048639144
gs,8,414,0.020824871922379772
gs,8,415,0.020824551786658096
gs,8,416,0.020824231641577984
gs,8,417,0.020823911487247486
gs,8,418,0.020823591323766346
gs,8,419,0.020823271151238616
gs,8,420,0.020822950969763804
gs,8,421,0.020822630779444035
gs,8,422,0.020822310580377073
gs,8,423,0.020821990372662726
gs,8,424,0.020821670156397732
gs,8,425,0.020821349931680697
gs,8,426,0.020821029698603291
gs,8,427,0.020820709457262249
gs,8,428,0.020820389207752345
gs,8,429,0.020820068950165586
gs,8,430,0.020819748684593648
gs,8,431,0.020819428411128112
gs,8,432,0.020819108129859723
gs,8,433,0.020818787840877227
gs,8,434,0.020818467544269824
gs,8,435,0.020818147240125855
gs,8,436,0.020817826928531576
gs,8,437,0.020817506609572697
gs,8,438,0.020817186283336026
gs,8,439,0.020816865949904815
gs,8,440,0.020816545609364436
gs,8,441,0.020816225261796713
gs,8,442,0.020815904907284608
gs,8,443,0.020815584545909243
gs,8,444,0.020815264177752008
gs,8,445,0.020814943802892803
gs,8,446,0.020814623421410588
gs,8,447,0.02081430303338476
gs,8,448,0.020813982638892854
gs,8,449,0.020813662238012166
gs,8,450,0.020813341830819159
gs,8,451,0.020813021417390422
gs,8,452,0.020812700997799291
gs,8,453,0.020812380572122095
gs,8,454,0.020812060140432777
gs,8,455,0.020811739702803377
gs,8,456,0.020811419259307178
gs,8,457,0.020811098810014955
gs,8,458,0.020810778354999258
gs,8,459,0.020810457894330996
gs,8,460,0.020810137428078385
gs,8,461,0.020809816956312382
gs,8,462,0.020809496479100902
gs,8,463,0.020809175996512153
gs,8,464,0.020808855508615297
gs,8,465,0.020808535015475516
gs,8,466,0.020808214517158981
gs,8,467,0.020807894013733608
gs,8,468,0.020807573505261946
gs,8,469,0.020807252991810965
gs,8,470,0.020806932473444374
gs,8,471,0.020806611950225429
gs,8,472,0.020806291422215708
gs,8,473,0.020805970889479736
gs,8,474,0.02080565035207969
gs,8,475,0.02080532981007505
gs,8,476,0.02080500926352841
gs,8,477,0.020804688712500019
gs,8,478,0.020804368157048624
gs,8,479,0.020804047597233685
gs,8,480,0.020803727033115765
gs,8,481,0.020803406464751702
gs,8,482,0.020803085892200143
gs,8,483,0.02080276531551789
gs,8,484,0.020802444734761914
gs,8,485,0.020802124149989842
gs,8,486,0.02080180356125504
gs,8,487,0.02080148296861575
gs,8,488,0.020801162372125509
gs,8,489,0.020800841771839575
gs,8,490,0.020800521167810532
gs,8,491,0.020800200560093973
gs,8,492,0.020799879948742765
gs,8,493,0.020799559333809711
gs,8,494,0.020799238715345541
gs,8,495,0.02079891809340495
gs,8,496,0.020798597468036955
gs,8,497,0.020798276839293785
gs,8,498,0.020797956207226263
gs,8,499,0.020797635571884025
gs,8,500,0.020797314933317088
gs,8,501,0.02079699429157417
gs,8,502,0.020796673646706801
gs,8,503,0.020796352998760925
gs,8,504,0.020796032347786621
gs,8,505,0.020795711693829957
gs,8,506,0.02079539103693932
gs,8,507,0.020795070377163258
gs,8,508,0.020794749714546028
gs,8,509,0.020794429049134953
gs,8,510,0.020794108380976336
gs,8,511,0.020793787710116789
gs,8,512,0.020793467036597964
gs,8,513,0.02079314636046847
gs,8,514,0.02079282568177061
gs,8,515,0.02079250500055051
gs,8,516,0.020792184316850187
gs,8,517,0.020791863630714957
gs,8,518,0.020791542942184955
gs,8,519,0.020791222251306498
gs,8,520,0.020790901558119433
gs,8,521,0.020790580862667114
gs,8,522,0.020790260164990724
gs,8,523,0.020789939465132478
gs,8,524,0.02078961876313273
gs,8,525,0.020789298059033675
gs,8,526,0.020788977352875705
gs,8,527,0.020788656644696625
gs,8,528,0.020788335934538181
gs,8,529,0.020788015222440396
gs,8,530,0.020787694508442256
gs,8,531,0.020787373792580784
gs,8,532,0.020787053074897019
gs,8,533,0.020786732355429622
gs,8,534,0.020786411634215348
gs,8,535,0.020786090911291934
gs,8,536,0.020785770186697635
gs,8,537,0.020785449460469157
gs,8,538,0.020785128732644469
gs,8,539,0.020784808003258375
gs,8,540,0.020784487272348599
gs,8,541,0.02078416653995124
gs,8,542,0.02078384580610225
gs,8,543,0.020783525070835567
gs,8,544,0.020783204334189353
gs,8,545,0.020782883596197108
gs,8,546,0.020782562856892676
gs,8,547,0.020782242116313462
gs,8,548,0.020781921374489806
gs,8,549,0.020781600631459306
gs,8,550,0.020781279887253753
gs,8,551,0.020780959141907321
gs,8,552,0.020780638395452633
gs,8,553,0.020780317647924269
gs,8,554,0.020779996899353365
gs,8,555,0.02077967614977257
gs,8,556,0.020779355399215424
gs,8,557,0.020779034647712951
gs,8,558,0.020778713895298097
gs,8,559,0.020778393142000289
gs,8,560,0.020778072387853119
gs,8,561,0.020777751632886882
gs,8,562,0.020777430877132363
gs,8,563,0.020777110120620668
gs,8,564,0.020776789363381769
gs,8,565,0.020776468605445558
gs,8,566,0.020776147846843774
gs,8,567,0.020775827087605642
gs,8,568,0.020775506327759426
gs,8,569,0.020775185567335583
gs,8,570,0.02077486480636194
gs,8,571,0.020774544044869794
gs,8,572,0.020774223282886813
gs,8,573,0.020773902520441503
gs,8,574,0.020773581757563258
gs,8,575,0.020773260994278533
gs,8,576,0.020772940230614968
gs,8,577,0.020772619466601333
gs,8,578,0.020772298702266736
gs,8,579,0.020771977937636424
gs,8,580,0.020771657172738614
gs,8,581,0.020771336407600333
gs,8,582,0.020771015642246031
gs,8,583,0.020770694876705943
gs,8,584,0.020770374111004353
gs,8,585,0.020770053345167887
gs,8,586,0.020769732579223387
gs,8,587,0.020769411813194614
gs,8,588,0.020769091047110628
gs,8,589,0.02076877028099311
gs,8,590,0.020768449514869846
gs,8,591,0.020768128748766948
gs,8,592,0.020767807982707196
gs,8,593,0.020767487216715251
gs,8,594,0.020767166450817741
gs,8,595,0.020766845685037758
gs,8,596,0.020766524919400679
gs,8,597,0.020766204153929737
gs,8,598,0.020765883388649879
gs,8,599,0.020765562623583006
gs,8,600,0.020765241858755435
gs,8,601,0.020764921094188302
gs,8,602,0.02076460032990661
gs,8,603,0.020764279565933144
gs,8,604,0.020763958802290369
gs,8,605,0.020763638039002229
gs,8,606,0.020763317276089009
gs,8,607,0.020762996513576625
gs,8,608,0.02076267575148627
gs,8,609,0.020762354989837504
gs,8,610,0.020762034228657907
gs,8,611,0.020761713467963981
gs,8,612,0.020761392707781073
gs,8,613,0.020761071948129938
gs,8,614,0.02076075118903228
gs,8,615,0.020760430430508847
gs,8,616,0.020760109672580757
gs,8,617,0.020759788915269535
gs,8,618,0.020759468158597593
gs,8,619,0.020759147402582261
gs,8,620,0.020758826647249408
gs,8,621,0.020758505892614167
gs,8,622,0.020758185138700015
gs,8,623,0.020757864385528096
gs,8,624,0.020757543633115723
gs,8,625,0.020757222881483853
gs,8,626,0.020756902130655067
gs,8,627,0.02075658138064573
gs,8,628,0.020756260631476484
gs,8,629,0.02075593988316746
gs,8,630,0.020755619135738479
gs,8,631,0.020755298389207952
gs,8,632,0.020754977643594387
gs,8,633,0.020754656898918721
gs,8,634,0.020754336155198175
gs,8,635,0.020754015412451723
gs,8,636,0.020753694670699575
gs,8,637,0.020753373929958727
gs,8,638,0.020753053190247537
gs,8,639,0.02075273245158548
gs,8,640,0.020752411713989664
gs,8,641,0.020752090977478457
gs,8,642,0.020751770242069666
gs,8,643,0.020751449507782425
gs,8,644,0.020751128774634014
gs,8,645,0.020750808042639686
gs,8,646,0.020750487311820852
gs,8,647,0.0207501665821925
gs,8,648,0.020749845853770342
gs,8,649,0.020749525126576015
gs,8,650,0.020749204400622428
gs,8,651,0.020748883675929933
gs,8,652,0.020748562952512723
gs,8,653,0.020748242230389402
gs,8,654,0.020747921509574909
gs,8,655,0.020747600790087011
gs,8,656,0.020747280071942237
gs,8,657,0.020746959355157066
gs,8,658,0.020746638639745851
gs,8,659,0.02074631792572678
gs,8,660,0.020745997213116214
gs,8,661,0.020745676501928115
gs,8,662,0.020745355792180613
gs,8,663,0.020745035083887114
gs,8,664,0.020744714377065317
gs,8,665,0.020744393671728718
gs,8,666,0.020744072967895977
gs,8,667,0.02074375226557917
gs,8,668,0.020743431564795165
gs,8,669,0.020743110865558967
gs,8,670,0.020742790167886955
gs,8,671,0.020742469471791748
gs,8,672,0.020742148777288579
gs,8,673,0.020741828084394474
gs,8,674,0.020741507393122211
gs,8,675,0.020741186703486368
gs,8,676,0.020740866015503349
gs,8,677,0.020740545329186569
gs,8,678,0.020740224644549513
gs,8,679,0.020739903961607044
gs,8,680,0.020739583280374198
gs,8,681,0.020739262600864772
gs,8,682,0.020738941923091808
gs,8,683,0.020738621247071178
gs,8,684,0.020738300572814984
gs,8,685,0.020737979900337333
gs,8,686,0.020737659229652403
gs,8,687,0.020737338560774112
gs,8,688,0.020737017893715903
gs,8,689,0.020736697228491471
gs,8,690,0.020736376565112909
gs,8,691,0.020736055903594574
gs,8,692,0.020735735243948623
gs,8,693,0.020735414586191051
gs,8,694,0.020735093930331586
gs,8,695,0.020734773276385409
gs,8,696,0.020734452624365029
gs,8,697,0.020734131974282852
gs,8,698,0.020733811326151774
gs,8,699,0.020733490679984649
gs,8,700,0.020733170035794002
gs,8,701,0.020732849393593569
gs,8,702,0.020732528753393469
gs,8,703,0.020732208115207994
gs,8,704,0.020731887479047764
gs,8,705,0.020731566844928159
gs,8,706,0.020731246212858098
gs,8,707,0.020730925582851827
gs,8,708,0.0207306049549211
gs,8,709,0.020730284329076809
gs,8,710,0.020729963705332186
gs,8,711,0.020729643083697489
gs,8,712,0.020729322464186788
gs,8,713,0.02072900184681066
gs,8,714,0.02072868123157991
gs,8,715,0.020728360618507358
gs,8,716,0.020728040007604039
gs,8,717,0.020727719398882207
gs,8,718,0.020727398792351585
gs,8,719,0.020727078188024699
gs,8,720,0.020726757585913289
gs,8,721,0.020726436986027462
gs,8,722,0.020726116388380331
gs,8,723,0.020725795792979416
gs,8,724,0.020725475199839156
gs,8,725,0.020725154608968413
gs,8,726,0.020724834020379831
gs,8,727,0.020724513434082735
gs,8,728,0.020724192850088877
gs,8,729,0.020723872268408685
gs,8,730,0.020723551689051455
gs,8,731,0.020723231112031077
gs,8,732,0.020722910537355241
gs,8,733,0.02072258996503578
gs,8,734,0.020722269395082198
gs,8,735,0.020721948827505211
gs,8,736,0.020721628262316411
gs,8,737,0.020721307699523999
gs,8,738,0.020720987139138877
gs,8,739,0.020720666581172324
gs,8,740,0.020720346025634023
gs,8,741,0.020720025472532291
gs,8,742,0.020719704921879214
gs,8,743,0.020719384373684216
gs,8,744,0.020719063827955426
gs,8,745,0.020718743284705434
gs,8,746,0.020718422743942866
gs,8,747,0.02071810220567662
gs,8,748,0.020717781669917768
gs,8,749,0.020717461136674387
gs,8,750,0.020717140605957408
gs,8,751,0.020716820077775387
gs,8,752,0.02071649955213874
gs,8,753,0.020716179029055565
gs,8,754,0.020715858508536304
gs,8,755,0.020715537990590872
gs,8,756,0.020715217475227189
gs,8,757,0.020714896962453995
gs,8,758,0.020714576452282817
gs,8,759,0.020714255944720626
gs,8,760,0.020713935439777394
gs,8,761,0.020713614937462443
gs,8,762,0.020713294437783244
gs,8,763,0.020712973940750307
gs,8,764,0.020712653446371194
gs,8,765,0.020712332954656288
gs,8,766,0.020712012465613775
gs,8,767,0.020711691979251587
gs,8,768,0.020711371495578897
gs,8,769,0.02071105101460528
gs,8,770,0.020710730536338498
gs,8,771,0.020710410060785642
gs,8,772,0.020710089587958273
gs,8,773,0.020709769117862716
gs,8,774,0.020709448650508059
gs,8,775,0.020709128185903258
gs,8,776,0.020708807724055991
gs,8,777,0.020708487264972677
gs,8,778,0.020708166808664677
gs,8,779,0.020707846355139833
gs,8,780,0.020707525904405673
gs,8,781,0.020707205456468078
gs,8,782,0.020706885011338289
gs,8,783,0.020706564569023363
gs,8,784,0.020706244129532248
gs,8,785,0.020705923692869596
gs,8,786,0.020705603259047651
gs,8,787,0.020705282828071769
gs,8,788,0.02070496239994887
gs,8,789,0.020704641974689065
gs,8,790,0.02070432155229868
gs,8,791,0.020704001132786903
gs,8,792,0.020703680716159953
gs,8,793,0.020703360302425842
gs,8,794,0.020703039891591828
gs,8,795,0.020702719483666848
gs,8,796,0.020702399078656765
gs,8,797,0.020702078676569906
gs,8,798,0.020701758277413773
gs,8,799,0.020701437881195869
gs,8,800,0.020701117487923873
gs,8,801,0.020700797097603158
gs,8,802,0.020700476710243148
gs,8,803,0.020700156325851114
gs,8,804,0.020699835944431814
gs,8,805,0.020699515565995349
gs,8,806,0.020699195190548046
gs,8,807,0.020698874818095951
gs,8,808,0.020698554448647658
gs,8,809,0.020698234082208281
gs,8,810,0.020697913718787864
gs,8,811,0.020697593358390002
gs,8,812,0.020697273001024235
gs,8,813,0.020696952646695299
gs,8,814,0.020696632295412552
gs,8,815,0.020696311947180589
gs,8,816,0.020695991602006875
gs,8,817,0.020695671259899625
gs,8,818,0.020695350920862832
gs,8,819,0.020695030584906609
gs,8,820,0.020694710252034187
gs,8,821,0.020694389922254863
gs,8,822,0.020694069595574762
gs,8,823,0.02069374927199821
gs,8,824,0.020693428951534282
gs,8,825,0.020693108634189071
gs,8,826,0.020692788319968056
gs,8,827,0.020692468008879517
gs,8,828,0.020692147700927296
gs,8,829,0.020691827396119428
gs,8,830,0.02069150709446264
gs,8,831,0.020691186795962616
gs,8,832,0.020690866500624894
gs,8,833,0.020690546208456402
gs,8,834,0.020690225919463852
gs,8,835,0.020689905633654405
gs,8,836,0.020689585351031478
gs,8,837,0.020689265071603208
gs,8,838,0.020688944795375037
gs,8,839,0.020688624522352279
gs,8,840,0.020688304252543931
gs,8,841,0.02068798398595317
gs,8,842,0.020687663722586746
gs,8,843,0.020687343462449728
gs,8,844,0.020687023205551429
gs,8,845,0.020686702951892788
gs,8,846,0.020686382701484582
gs,8,847,0.020686062454328753
gs,8,848,0.020685742210434468
gs,8,849,0.020685421969804562
gs,8,850,0.02068510173244657
gs,8,851,0.02068478149836548
gs,8,852,0.020684461267568035
gs,8,853,0.020684141040059341
gs,8,854,0.020683820815843797
gs,8,855,0.020683500594929044
gs,8,856,0.020683180377320448
gs,8,857,0.020682860163021836
gs,8,858,0.020682539952041137
gs,8,859,0.020682219744382207
gs,8,860,0.020681899540051601
gs,8,861,0.02068157933905436
gs,8,862,0.020681259141395687
gs,8,863,0.020680938947079633
gs,8,864,0.020680618756114977
gs,8,865,0.020680298568505184
gs,8,866,0.020679978384255341
gs,8,867,0.020679658203371455
gs,8,868,0.020679338025858581
gs,8,869,0.02067901785172228
gs,8,870,0.020678697680966987
gs,8,871,0.020678377513599151
gs,8,872,0.02067805734962392
gs,8,873,0.020677737189045201
gs,8,874,0.020677417031869136
gs,8,875,0.020677096878100112
gs,8,876,0.020676776727743752
gs,8,877,0.020676456580806264
gs,8,878,0.020676136437291274
gs,8,879,0.020675816297204587
gs,8,880,0.020675496160549211
gs,8,881,0.020675176027333344
gs,8,882,0.020674855897560802
gs,8,883,0.020674535771235004
gs,8,884,0.020674215648362589
gs,8,885,0.020673895528948098
gs,8,886,0.020673575412995814
gs,8,887,0.020673255300511045
gs,8,888,0.020672935191499774
gs,8,889,0.0206726150859655
gs,8,890,0.020672294983912206
gs,8,891,0.020671974885346903
gs,8,892,0.020671654790271981
gs,8,893,0.020671334698694522
gs,8,894,0.020671014610617024
gs,8,895,0.020670694526046487
gs,8,896,0.02067037444498564
gs,8,897,0.020670054367440363
gs,8,898,0.02066973429341476
gs,8,899,0.020669414222914129
gs,8,900,0.020669094155940738
gs,8,901,0.02066877409250184
gs,8,902,0.020668454032601119
gs,8,903,0.020668133976243314
gs,8,904,0.020667813923433184
gs,8,905,0.020667493874173604
gs,8,906,0.020667173828469623
gs,8,907,0.020666853786327023
gs,8,908,0.020666533747749183
gs,8,909,0.020666213712742718
gs,8,910,0.020665893681307633
gs,8,911,0.020665573653451473
gs,8,912,0.020665253629177736
gs,8,913,0.020664933608491712
gs,8,914,0.020664613591396909
gs,8,915,0.020664293577897366
gs,8,916,0.020663973567996936
gs,8,917,0.020663653561700881
gs,8,918,0.02066333355901331
gs,8,919,0.02066301355993894
gs,8,920,0.02066269356448059
gs,8,921,0.020662373572643455
gs,8,922,0.02066205358443152
gs,8,923,0.020661733599848634
gs,8,924,0.020661413618900244
gs,8,925,0.020661093641587608
gs,8,926,0.020660773667918093
gs,8,927,0.020660453697893977
gs,8,928,0.020660133731518846
gs,8,929,0.020659813768798347
gs,8,930,0.020659493809735998
gs,8,931,0.020659173854335355
gs,8,932,0.020658853902600433
gs,8,933,0.020658533954536266
gs,8,934,0.020658214010144463
gs,8,935,0.020657894069431099
gs,8,936,0.020657574132399201
gs,8,937,0.02065725419905302
gs,8,938,0.020656934269396732
gs,8,939,0.020656614343434191
gs,8,940,0.020656294421168189
gs,8,941,0.020655974502603251
gs,8,942,0.02065565458774387
gs,8,943,0.020655334676592883
gs,8,944,0.020655014769154791
gs,8,945,0.0206546948654328
gs,8,946,0.020654374965431162
gs,8,947,0.02065405506915299
gs,8,948,0.020653735176602604
gs,8,949,0.020653415287783954
gs,8,950,0.020653095402699925
gs,8,951,0.020652775521354281
gs,8,952,0.020652455643751327
gs,8,953,0.020652135769893335
gs,8,954,0.020651815899787082
gs,8,955,0.020651496033432921
gs,8,956,0.020651176170835336
gs,8,957,0.020650856311998842
gs,8,958,0.020650536456925998
gs,8,959,0.02065021660562192
gs,8,960,0.020649896758087979
gs,8,961,0.020649576914328956
gs,8,962,0.020649257074348362
gs,8,963,0.020648937238149676
gs,8,964,0.020648617405735634
gs,8,965,0.02064829757711039
gs,8,966,0.020647977752277266
gs,8,967,0.020647657931240231
gs,8,968,0.020647338114002604
gs,8,969,0.02064701830056772
gs,8,970,0.020646698490937542
gs,8,971,0.020646378685117182
gs,8,972,0.02064605888310915
gs,8,973,0.020645739084917642
gs,8,974,0.020645419290544857
gs,8,975,0.020645099499995333
gs,8,976,0.020644779713272096
gs,8,977,0.020644459930377855
gs,8,978,0.020644140151316062
gs,8,979,0.020643820376090652
gs,8,980,0.020643500604704063
gs,8,981,0.020643180837160078
gs,8,982,0.020642861073461395
gs,8,983,0.020642541313612157
gs,8,984,0.020642221557615408
gs,8,985,0.020641901805473362
gs,8,986,0.020641582057189429
gs,8,987,0.020641262312767857
gs,8,988,0.020640942572210809
gs,8,989,0.020640622835522354
gs,8,990,0.020640303102704562
gs,8,991,0.020639983373760242
gs,8,992,0.020639663648695249
gs,8,993,0.020639343927509674
gs,8,994,0.020639024210206885
gs,8,995,0.020638704496792174
gs,8,996,0.02063838478726629
gs,8,997,0.020638065081633961
gs,8,998,0.020637745379896943
gs,8,999,0.020637425682058761
gs,8,1000,0.0206371059881226
gs,8,1001,0.020636786298091174
gs,8,1002,0.020636466611967847
gs,8,1003,0.020636146929754393
gs,8,1004,0.020635827251456008
gs,8,1005,0.020635507577073973
gs,8,1006,0.020635187906610779
gs,8,1007,0.020634868240071217
gs,8,1008,0.020634548577456401
gs,8,1009,0.020634228918770321
gs,8,1010,0.020633909264015562
gs,8,1011,0.020633589613195499
gs,8,1012,0.020633269966311988
gs,8,1013,0.020632950323368843
gs,8,1014,0.020632630684368537
gs,8,1015,0.020632311049313224
gs,8,1016,0.020631991418206149
gs,8,1017,0.020631671791051954
gs,8,1018,0.020631352167850576
gs,8,1019,0.020631032548606269
gs,8,1020,0.02063071293332143
gs,8,1021,0.020630393321999656
gs,8,1022,0.020630073714643066
gs,8,1023,0.020629754111254752
gs,8,1024,0.020629434511836128
gs,8,1025,0.020629114916391727
gs,8,1026,0.020628795324922948
gs,8,1027,0.020628475737433666
gs,8,1028,0.020628156153924763
gs,8,1029,0.020627836574401408
gs,8,1030,0.020627516998863456
gs,8,1031,0.020627197427316561
gs,8,1032,0.020626877859761184
gs,8,1033,0.020626558296201251
gs,8,1034,0.020626238736639501
gs,8,1035,0.020625919181076157
gs,8,1036,0.020625599629516021
gs,8,1037,0.020625280081961666
gs,8,1038,0.020624960538414831
gs,8,1039,0.020624640998878778
gs,8,1040,0.020624321463355636
gs,8,1041,0.020624001931849413
gs,8,1042,0.020623682404360265
gs,8,1043,0.020623362880891356
gs,8,1044,0.020623043361447147
gs,8,1045,0.02062272384602826
gs,8,1046,0.020622404334637724
gs,8,1047,0.020622084827277898
gs,8,1048,0.020621765323951467
gs,8,1049,0.020621445824661952
gs,8,1050,0.020621126329408629
gs,8,1051,0.020620806838198155
gs,8,1052,0.020620487351029441
gs,8,1053,0.020620167867907067
gs,8,1054,0.020619848388832979
gs,8,1055,0.020619528913809811
gs,8,1056,0.020619209442838803
gs,8,1057,0.02061888997592352
gs,8,1058,0.020618570513066346
gs,8,1059,0.020618251054269513
gs,8,1060,0.020617931599534331
gs,8,1061,0.020617612148864841
gs,8,1062,0.020617292702262424
gs,8,1063,0.020616973259729453
gs,8,1064,0.020616653821269239
gs,8,1065,0.020616334386883293
gs,8,1066,0.02061601495657385
gs,8,1067,0.020615695530343321
gs,8,1068,0.020615376108195475
gs,8,1069,0.020615056690129165
gs,8,1070,0.020614737276149327
gs,8,1071,0.02061441786625837
gs,8,1072,0.020614098460458044
gs,8,1073,0.020613779058750215
gs,8,1074,0.020613459661137593
gs,8,1075,0.020613140267621594
gs,8,1076,0.020612820878206012
gs,8,1077,0.020612501492891837
gs,8,1078,0.020612182111680973
gs,8,1079,0.020611862734577914
gs,8,1080,0.020611543361582441
gs,8,1081,0.020611223992697211
gs,8,1082,0.02061090462792577
gs,8,1083,0.02061058526726894
gs,8,1084,0.020610265910728773
gs,8,1085,0.020609946558308872
gs,8,1086,0.020609627210009671
gs,8,1087,0.020609307865834939
gs,8,1088,0.020608988525786343
gs,8,1089,0.02060866918986529
gs,8,1090,0.020608349858073093
gs,8,1091,0.020608030530413948
gs,8,1092,0.020607711206890433
gs,8,1093,0.020607391887501519
gs,8,1094,0.020607072572252104
gs,8,1095,0.020606753261143747
gs,8,1096,0.020606433954177356
gs,8,1097,0.020606114651356231
gs,8,1098,0.020605795352681405
gs,8,1099,0.020605476058156477
gs,8,1100,0.020605156767782917
gs,8,1101,0.020604837481560816
gs,8,1102,0.020604518199494402
gs,8,1103,0.020604198921585298
gs,8,1104,0.020603879647835398
gs,8,1105,0.020603560378247225
gs,8,1106,0.020603241112820581
gs,8,1107,0.020602921851560905
gs,8,1108,0.020602602594467601
gs,8,1109,0.020602283341542554
gs,8,1110,0.020601964092790002
gs,8,1111,0.020601644848210126
gs,8,1112,0.020601325607805192
gs,8,1113,0.020601006371577503
gs,8,1114,0.020600687139528499
gs,8,1115,0.020600367911661168
gs,8,1116,0.02060004868797477
gs,8,1117,0.02059972946847553
gs,8,1118,0.020599410253161924
gs,8,1119,0.020599091042036055
gs,8,1120,0.020598771835102069
gs,8,1121,0.020598452632360049
gs,8,1122,0.020598133433811693
gs,8,1123,0.02059781423946205
gs,8,1124,0.020597495049308068
gs,8,1125,0.020597175863355532
gs,8,1126,0.020596856681603493
gs,8,1127,0.020596537504055601
gs,8,1128,0.02059621833071363
gs,8,1129,0.020595899161579029
gs,8,1130,0.020595579996653339
gs,8,1131,0.020595260835939561
gs,8,1132,0.020594941679437439
gs,8,1133,0.020594622527151343
gs,8,1134,0.020594303379081247
gs,8,1135,0.020593984235229658
gs,8,1136,0.02059366509559871
gs,8,1137,0.020593345960188515
gs,8,1138,0.020593026829002707
gs,8,1139,0.020592707702043019
gs,8,1140,0.020592388579309787
gs,8,1141,0.020592069460805624
gs,8,1142,0.020591750346532607
gs,8,1143,0.020591431236492444
gs,8,1144,0.020591112130687341
gs,8,1145,0.020590793029117479
gs,8,1146,0.020590473931784949
gs,8,1147,0.020590154838693205
gs,8,1148,0.020589835749841121
gs,8,1149,0.020589516665233693
gs,8,1150,0.020589197584870166
gs,8,1151,0.020588878508753388
gs,8,1152,0.020588559436884705
gs,8,1153,0.020588240369266694
gs,8,1154,0.02058792130589885
gs,8,1155,0.020587602246785162
gs,8,1156,0.020587283191926452
gs,8,1157,0.020586964141324271
gs,8,1158,0.020586645094979386
gs,8,1159,0.020586326052895006
gs,8,1160,0.020586007015072651
gs,8,1161,0.020585687981513053
gs,8,1162,0.020585368952218946
gs,8,1163,0.020585049927190884
gs,8,1164,0.020584730906431183
gs,8,1165,0.020584411889940733
gs,8,1166,0.02058409287772138
gs,8,1167,0.020583773869776101
gs,8,1168,0.020583454866104731
gs,8,1169,0.020583135866710255
gs,8,1170,0.020582816871592777
gs,8,1171,0.020582497880755803
gs,8,1172,0.02058217889419911
gs,8,1173,0.020581859911925546
gs,8,1174,0.020581540933935383
gs,8,1175,0.020581221960230715
gs,8,1176,0.02058090299081437
gs,8,1177,0.020580584025686553
gs,8,1178,0.020580265064849525
gs,8,1179,0.020579946108303607
gs,8,1180,0.020579627156052119
gs,8,1181,0.020579308208094556
gs,8,1182,0.020578989264434459
gs,8,1183,0.020578670325072154
gs,8,1184,0.020578351390009603
gs,8,1185,0.020578032459247823
gs,8,1186,0.020577713532789463
gs,8,1187,0.020577394610635413
gs,8,1188,0.020577075692786505
gs,8,1189,0.020576756779243661
gs,8,1190,0.020576437870011802
gs,8,1191,0.020576118965088246
gs,8,1192,0.020575800064477231
gs,8,1193,0.020575481168179168
gs,8,1194,0.020575162276196012
gs,8,1195,0.02057484338852849
gs,8,1196,0.020574524505177706
gs,8,1197,0.020574205626146966
gs,8,1198,0.020573886751436805
gs,8,1199,0.020573567881048308
gs,8,1200,0.020573249014982368
gs,8,1201,0.020572930153242429
gs,8,1202,0.020572611295828061
gs,8,1203,0.020572292442740489
gs,8,1204,0.020571973593983696
gs,8,1205,0.020571654749555912
gs,8,1206,0.02057133590946001
gs,8,1207,0.02057101707369783
gs,8,1208,0.020570698242271538
gs,8,1209,0.020570379415179321
gs,8,1210,0.020570060592425641
gs,8,1211,0.020569741774010421
gs,8,1212,0.020569422959935409
gs,8,1213,0.020569104150202071
gs,8,1214,0.02056878534481326
gs,8,1215,0.020568466543766432
gs,8,1216,0.02056814774706606
gs,8,1217,0.020567828954713908
gs,8,1218,0.020567510166708994
gs,8,1219,0.020567191383054795
gs,8,1220,0.020566872603751396
gs,8,1221,0.020566553828800072
gs,8,1222,0.020566235058203101
gs,8,1223,0.020565916291960893
gs,8,1224,0.020565597530075787
gs,8,1225,0.02056527877254774
gs,8,1226,0.020564960019379293
gs,8,1227,0.020564641270570502
gs,8,1228,0.0205643225261249
gs,8,1229,0.02056400378604261
gs,8,1230,0.020563685050323223
gs,8,1231,0.020563366318969351
gs,8,1232,0.020563047591983904
gs,8,1233,0.020562728869366172
gs,8,1234,0.020562410151118329
gs,8,1235,0.02056209143724036
gs,8,1236,0.020561772727734743
gs,8,1237,0.020561454022601958
gs,8,1238,0.020561135321844951
gs,8,1239,0.020560816625463985
gs,8,1240,0.020560497933459383
gs,8,1241,0.020560179245833528
gs,8,1242,0.020559860562587646
gs,8,1243,0.020559541883722485
gs,8,1244,0.020559223209239995
gs,8,1245,0.0205589045391406
gs,8,1246,0.020558585873425701
gs,8,1247,0.02055826721209662
gs,8,1248,0.020557948555154849
gs,8,1249,0.02055762990260137
gs,8,1250,0.020557311254437906
gs,8,1251,0.02055699261066412
gs,8,1252,0.020556673971282597
gs,8,1253,0.020556355336295146
gs,8,1254,0.020556036705702285
gs,8,1255,0.020555718079503332
gs,8,1256,0.020555399457702638
gs,8,1257,0.020555080840299084
gs,8,1258,0.020554762227294996
gs,8,1259,0.020554443618691572
gs,8,1260,0.020554125014489739
gs,8,1261,0.020553806414690068
gs,8,1262,0.020553487819295078
gs,8,1263,0.020553169228304927
gs,8,1264,0.020552850641719224
gs,8,1265,0.02055253205954307
gs,8,1266,0.020552213481775189
gs,8,1267,0.020551894908416114
gs,8,1268,0.020551576339467723
gs,8,1269,0.020551257774932337
gs,8,1270,0.02055093921480982
gs,8,1271,0.020550620659101008
gs,8,1272,0.020550302107808636
gs,8,1273,0.020549983560931847
gs,8,1274,0.020549665018472853
gs,8,1275,0.020549346480433165
gs,8,1276,0.020549027946813011
gs,8,1277,0.020548709417613803
gs,8,1278,0.020548390892836964
gs,8,1279,0.020548072372483656
gs,8,1280,0.020547753856554597
gs,8,1281,0.020547435345050286
gs,8,1282,0.02054711683797231
gs,8,1283,0.020546798335322611
gs,8,1284,0.020546479837101918
gs,8,1285,0.020546161343310856
gs,8,1286,0.020545842853949906
gs,8,1287,0.020545524369021614
gs,8,1288,0.020545205888526721
gs,8,1289,0.020544887412465993
gs,8,1290,0.020544568940839461
gs,8,1291,0.020544250473649557
gs,8,1292,0.020543932010896725
gs,8,1293,0.020543613552583585
gs,8,1294,0.020543295098709866
gs,8,1295,0.020542976649274944
gs,8,1296,0.020542658204282797
gs,8,1297,0.020542339763734041
gs,8,1298,0.020542021327627901
gs,8,1299,0.020541702895965672
gs,8,1300,0.020541384468750014
gs,8,1301,0.020541066045981122
gs,8,1302,0.020540747627660668
gs,8,1303,0.02054042921378824
gs,8,1304,0.020540110804365755
gs,8,1305,0.020539792399394092
gs,8,1306,0.02053947399887426
gs,8,1307,0.020539155602807821
gs,8,1308,0.020538837211194327
gs,8,1309,0.020538518824036203
gs,8,1310,0.020538200441334128
gs,8,1311,0.020537882063088271
gs,8,1312,0.020537563689301735
gs,8,1313,0.020537245319973106
gs,8,1314,0.020536926955104423
gs,8,1315,0.020536608594696953
gs,8,1316,0.020536290238750914
gs,8,1317,0.020535971887268915
gs,8,1318,0.020535653540249076
gs,8,1319,0.020535335197694814
gs,8,1320,0.02053501685960625
gs,8,1321,0.020534698525984618
gs,8,1322,0.020534380196830772
gs,8,1323,0.020534061872144429
gs,8,1324,0.020533743551928108
gs,8,1325,0.020533425236183477
gs,8,1326,0.020533106924909408
gs,8,1327,0.020532788618108786
gs,8,1328,0.020532470315781592
gs,8,1329,0.020532152017927789
gs,8,1330,0.020531833724550367
gs,8,1331,0.020531515435649184
gs,8,1332,0.020531197151223982
gs,8,1333,0.020530878871278437
gs,8,1334,0.02053056059581054
gs,8,1335,0.020530242324823266
gs,8,1336,0.020529924058317689
gs,8,1337,0.020529605796292715
gs,8,1338,0.020529287538750648
gs,8,1339,0.02052896928569253
gs,8,1340,0.020528651037119146
gs,8,1341,0.020528332793031373
gs,8,1342,0.020528014553430098
gs,8,1343,0.020527696318315684
gs,8,1344,0.020527378087689289
gs,8,1345,0.020527059861552451
gs,8,1346,0.020526741639906001
gs,8,1347,0.020526423422749816
gs,8,1348,0.020526105210085636
gs,8,1349,0.020525787001914559
gs,8,1350,0.020525468798236322
gs,8,1351,0.020525150599052973
gs,8,1352,0.02052483240436509
gs,8,1353,0.020524514214173027
gs,8,1354,0.02052419602847786
gs,8,1355,0.020523877847281009
gs,8,1356,0.020523559670583332
gs,8,1357,0.020523241498385116
gs,8,1358,0.020522923330687365
gs,8,1359,0.020522605167490816
gs,8,1360,0.020522287008796488
gs,8,1361,0.020521968854605603
gs,8,1362,0.020521650704918518
gs,8,1363,0.020521332559736063
gs,8,1364,0.020521014419059281
gs,8,1365,0.020520696282889397
gs,8,1366,0.020520378151227883
gs,8,1367,0.020520060024073295
gs,8,1368,0.020519741901428617
gs,8,1369,0.020519423783292072
gs,8,1370,0.020519105669667217
gs,8,1371,0.020518787560554027
gs,8,1372,0.020518469455952912
gs,8,1373,0.020518151355865884
gs,8,1374,0.020517833260292516
gs,8,1375,0.020517515169233152
gs,8,1376,0.020517197082689811
gs,8,1377,0.020516879000662812
gs,8,1378,0.020516560923152957
gs,8,1379,0.020516242850161705
gs,8,1380,0.020515924781690103
gs,8,1381,0.020515606717737382
gs,8,1382,0.020515288658304327
gs,8,1383,0.020514970603392833
gs,8,1384,0.020514652553004425
gs,8,1385,0.020514334507137719
gs,8,1386,0.020514016465795534
gs,8,1387,0.020513698428977569
gs,8,1388,0.020513380396684815
gs,8,1389,0.020513062368918578
gs,8,1390,0.020512744345678697
gs,8,1391,0.020512426326966125
gs,8,1392,0.020512108312781826
gs,8,1393,0.020511790303126939
gs,8,1394,0.02051147229800283
gs,8,1395,0.020511154297408091
gs,8,1396,0.020510836301345862
gs,8,1397,0.020510518309815498
gs,8,1398,0.020510200322818053
gs,8,1399,0.020509882340354134
gs,8,1400,0.020509564362425049
gs,8,1401,0.020509246389031465
gs,8,1402,0.020508928420173021
gs,8,1403,0.02050861045585092
gs,8,1404,0.020508292496067341
gs,8,1405,0.020507974540822746
gs,8,1406,0.020507656590115629
gs,8,1407,0.020507338643948825
gs,8,1408,0.020507020702322319
gs,8,1409,0.020506702765238322
gs,8,1410,0.020506384832695498
gs,8,1411,0.02050606690469553
gs,8,1412,0.020505748981238251
gs,8,1413,0.020505431062325944
gs,8,1414,0.020505113147957509
gs,8,1415,0.020504795238136236
gs,8,1416,0.020504477332858942
gs,8,1417,0.020504159432130915
gs,8,1418,0.020503841535950151
gs,8,1419,0.020503523644316953
gs,8,1420,0.020503205757235125
gs,8,1421,0.02050288787470125
gs,8,1422,0.020502569996718279
gs,8,1423,0.020502252123286199
gs,8,1424,0.020501934254407151
gs,8,1425,0.020501616390081114
gs,8,1426,0.020501298530307858
gs,8,1427,0.020500980675088789
gs,8,1428,0.020500662824424174
gs,8,1429,0.0205003449783147
gs,8,1430,0.020500027136763122
gs,8,1431,0.020499709299767285
gs,8,1432,0.020499391467329216
gs,8,1433,0.020499073639450274
gs,8,1434,0.020498755816128977
gs,8,1435,0.020498437997368467
gs,8,1436,0.020498120183167681
gs,8,1437,0.02049780237352803
gs,8,1438,0.020497484568450221
gs,8,1439,0.020497166767933717
gs,8,1440,0.020496848971981913
gs,8,1441,0.020496531180593389
gs,8,1442,0.020496213393768399
gs,8,1443,0.020495895611509572
gs,8,1444,0.020495577833816239
gs,8,1445,0.020495260060689493
gs,8,1446,0.020494942292128296
gs,8,1447,0.020494624528136197
gs,8,1448,0.020494306768711858
gs,8,1449,0.020493989013856143
gs,8,1450,0.02049367126357057
gs,8,1451,0.020493353517854793
gs,8,1452,0.020493035776711105
gs,8,1453,0.02049271804013876
gs,8,1454,0.020492400308138752
gs,8,1455,0.020492082580710752
gs,8,1456,0.020491764857857375
gs,8,1457,0.020491447139577176
gs,8,1458,0.020491129425872577
gs,8,1459,0.020490811716742718
gs,8,1460,0.020490494012189477
gs,8,1461,0.020490176312211856
gs,8,1462,0.020489858616812354
gs,8,1463,0.020489540925991728
gs,8,1464,0.020489223239748462
gs,8,1465,0.020488905558084761
gs,8,1466,0.020488587881000553
gs,8,1467,0.020488270208497417
gs,8,1468,0.020487952540574648
gs,8,1469,0.02048763487723403
gs,8,1470,0.020487317218476041
gs,8,1471,0.020486999564300817
gs,8,1472,0.020486681914709415
gs,8,1473,0.020486364269701324
gs,8,1474,0.020486046629278633
gs,8,1475,0.020485728993441456
gs,8,1476,0.020485411362189176
gs,8,1477,0.020485093735524082
gs,8,1478,0.020484776113446179
gs,8,1479,0.020484458495956412
gs,8,1480,0.020484140883054926
gs,8,1481,0.02048382327474128
gs,8,1482,0.020483505671018209
gs,8,1483,0.02048318807188506
gs,8,1484,0.020482870477343072
gs,8,1485,0.02048255288739163
gs,8,1486,0.020482235302032643
gs,8,1487,0.020481917721265022
gs,8,1488,0.020481600145092493
gs,8,1489,0.020481282573512609
gs,8,1490,0.020480965006526481
gs,8,1491,0.020480647444135216
gs,8,1492,0.020480329886340333
gs,8,1493,0.020480012333139903
gs,8,1494,0.020479694784537747
gs,8,1495,0.020479377240531657
gs,8,1496,0.020479059701123233
gs,8,1497,0.020478742166313103
gs,8,1498,0.020478424636102024
gs,8,1499,0.020478107110490053
gs,8,1500,0.02047778958947832
gs,8,1501,0.02047747207306639
gs,8,1502,0.020477154561256979
gs,8,1503,0.020476837054047233
gs,8,1504,0.020476519551442585
gs,8,1505,0.020476202053438617
gs,8,1506,0.020475884560037332
gs,8,1507,0.020475567071240385
gs,8,1508,0.020475249587047824
gs,8,1509,0.020474932107461371
gs,8,1510,0.020474614632479186
gs,8,1511,0.02047429716210291
gs,8,1512,0.020473979696333716
gs,8,1513,0.020473662235171334
gs,8,1514,0.020473344778616679
gs,8,1515,0.020473027326670952
gs,8,1516,0.020472709879333011
gs,8,1517,0.020472392436604474
gs,8,1518,0.020472074998486658
gs,8,1519,0.020471757564977641
gs,8,1520,0.020471440136080259
gs,8,1521,0.020471122711793518
gs,8,1522,0.020470805292120808
gs,8,1523,0.020470487877058775
gs,8,1524,0.020470170466610337
gs,8,1525,0.020469853060775121
gs,8,1526,0.020469535659553124
gs,8,1527,0.020469218262947626
gs,8,1528,0.020468900870955362
gs,8,1529,0.020468583483580001
gs,8,1530,0.020468266100819931
gs,8,1531,0.020467948722675832
gs,8,1532,0.020467631349149668
gs,8,1533,0.020467313980240501
gs,8,1534,0.020466996615950833
gs,8,1535,0.020466679256279
gs,8,1536,0.02046636190122576
gs,8,1537,0.020466044550793455
gs,8,1538,0.0204657272049804
gs,8,1539,0.020465409863787629
gs,8,1540,0.020465092527217076
gs,8,1541,0.020464775195268237
gs,8,1542,0.02046445786794052
gs,8,1543,0.020464140545236591
gs,8,1544,0.020463823227154471
gs,8,1545,0.020463505913696296
gs,8,1546,0.020463188604863198
gs,8,1547,0.020462871300653773
gs,8,1548,0.020462554001070429
gs,8,1549,0.020462236706111206
gs,8,1550,0.020461919415779593
gs,8,1551,0.020461602130074197
gs,8,1552,0.020461284848995922
gs,8,1553,0.020460967572544717
gs,8,1554,0.020460650300721698
gs,8,1555,0.02046033303352714
gs,8,1556,0.020460015770962712
gs,8,1557,0.02045969851302526
gs,8,1558,0.020459381259719526
gs,8,1559,0.02045906401104379
gs,8,1560,0.020458746766999922
gs,8,1561,0.020458429527585597
gs,8,1562,0.020458112292803952
gs,8,1563,0.020457795062654573
gs,8,1564,0.020457477837138072
gs,8,1565,0.02045716061625457
gs,8,1566,0.020456843400005219
gs,8,1567,0.020456526188389956
gs,8,1568,0.02045620898140876
gs,8,1569,0.020455891779062985
gs,8,1570,0.020455574581353355
gs,8,1571,0.020455257388278768
gs,8,1572,0.020454940199840843
gs,8,1573,0.02045462301604006
gs,8,1574,0.02045430583687597
gs,8,1575,0.020453988662351
gs,8,1576,0.020453671492464028
gs,8,1577,0.020453354327214637
gs,8,1578,0.020453037166604973
gs,8,1579,0.020452720010635281
gs,8,1580,0.020452402859305503
gs,8,1581,0.020452085712616228
gs,8,1582,0.020451768570567932
gs,8,1583,0.020451451433160454
gs,8,1584,0.020451134300396218
gs,8,1585,0.020450817172273591
gs,8,1586,0.020450500048792813
gs,8,1587,0.020450182929955783
gs,8,1588,0.02044986581576224
gs,8,1589,0.02044954870621311
gs,8,1590,0.020449231601308071
gs,8,1591,0.020448914501047806
gs,8,1592,0.020448597405433103
gs,8,1593,0.020448280314465047
gs,8,1594,0.020447963228141852
gs,8,1595,0.020447646146465392
gs,8,1596,0.020447329069436512
gs,8,1597,0.020447011997055186
gs,8,1598,0.020446694929321274
gs,8,1599,0.020446377866235165
gs,8,1600,0.020446060807798837
gs,8,1601,0.020445743754011973
gs,8,1602,0.020445426704872659
gs,8,1603,0.020445109660385659
gs,8,1604,0.020444792620548571
gs,8,1605,0.020444475585360999
gs,8,1606,0.020444158554825613
gs,8,1607,0.020443841528941277
gs,8,1608,0.020443524507710666
gs,8,1609,0.020443207491130995
gs,8,1610,0.020442890479203907
gs,8,1611,0.020442573471931135
gs,8,1612,0.020442256469311523
gs,8,1613,0.020441939471346537
gs,8,1614,0.02044162247803603
gs,8,1615,0.020441305489380564
gs,8,1616,0.020440988505379155
gs,8,1617,0.020440671526034578
gs,8,1618,0.02044035455134581
gs,8,1619,0.020440037581314314
gs,8,1620,0.020439720615938281
gs,8,1621,0.020439403655220258
gs,8,1622,0.02043908669915992
gs,8,1623,0.02043876974775765
gs,8,1624,0.020438452801014691
gs,8,1625,0.020438135858929299
gs,8,1626,0.020437818921503703
gs,8,1627,0.02043750198873873
gs,8,1628,0.020437185060633838
gs,8,1629,0.020436868137186988
gs,8,1630,0.020436551218403216
gs,8,1631,0.020436234304280241
gs,8,1632,0.020435917394819231
gs,8,1633,0.020435600490019197
gs,8,1634,0.02043528358988211
gs,8,1635,0.02043496669440768
gs,8,1636,0.02043464980359648
gs,8,1637,0.020434332917448103
gs,8,1638,0.020434016035965216
gs,8,1639,0.02043369915914562
gs,8,1640,0.020433382286990761
gs,8,1641,0.02043306541950091
gs,8,1642,0.020432748556676747
gs,8,1643,0.020432431698517276
gs,8,1644,0.02043211484502528
gs,8,1645,0.020431797996199472
gs,8,1646,0.020431481152039535
gs,8,1647,0.020431164312548006
gs,8,1648,0.020430847477724147
gs,8,1649,0.02043053064756771
gs,8,1650,0.020430213822080469
gs,8,1651,0.020429897001260459
gs,8,1652,0.020429580185111328
gs,8,1653,0.020429263373630567
gs,8,1654,0.020428946566820073
gs,8,1655,0.020428629764678456
gs,8,1656,0.020428312967209136
gs,8,1657,0.020427996174409456
gs,8,1658,0.02042767938628268
gs,8,1659,0.020427362602826654
gs,8,1660,0.020427045824042027
gs,8,1661,0.02042672904992978
gs,8,1662,0.020426412280490705
gs,8,1663,0.020426095515723934
gs,8,1664,0.02042577875563183
gs,8,1665,0.020425462000212828
gs,8,1666,0.020425145249468268
gs,8,1667,0.020424828503396913
gs,8,1668,0.020424511762001316
gs,8,1669,0.020424195025280426
gs,8,1670,0.020423878293234842
gs,8,1671,0.020423561565865986
gs,8,1672,0.020423244843172862
gs,8,1673,0.020422928125155521
gs,8,1674,0.020422611411815905
gs,8,1675,0.020422294703153467
gs,8,1676,0.020421977999167517
gs,8,1677,0.020421661299861196
gs,8,1678,0.020421344605230644
gs,8,1679,0.020421027915280887
gs,8,1680,0.020420711230008676
gs,8,1681,0.020420394549416725
gs,8,1682,0.020420077873503653
gs,8,1683,0.020419761202269945
gs,8,1684,0.020419444535718447
gs,8,1685,0.020419127873845182
gs,8,1686,0.020418811216654002
gs,8,1687,0.020418494564144362
gs,8,1688,0.020418177916314773
gs,8,1689,0.020417861273168053
gs,8,1690,0.020417544634704486
gs,8,1691,0.020417228000921477
gs,8,1692,0.020416911371821965
gs,8,1693,0.020416594747406081
gs,8,1694,0.020416278127673264
gs,8,1695,0.020415961512624984
gs,8,1696,0.020415644902259961
gs,8,1697,0.020415328296579459
gs,8,1698,0.020415011695583813
gs,8,1699,0.020414695099273412
gs,8,1700,0.020414378507648819
gs,8,1701,0.020414061920709735
gs,8,1702,0.020413745338456708
gs,8,1703,0.0204134287608898
gs,8,1704,0.020413112188009386
gs,8,1705,0.020412795619815568
gs,8,1706,0.020412479056311109
gs,8,1707,0.020412162497492156
gs,8,1708,0.020411845943361429
gs,8,1709,0.020411529393919596
gs,8,1710,0.020411212849165524
gs,8,1711,0.020410896309101523
gs,8,1712,0.020410579773725495
gs,8,1713,0.020410263243038858
gs,8,1714,0.020409946717042975
gs,8,1715,0.020409630195736311
gs,8,1716,0.020409313679120234
gs,8,1717,0.020408997167195575
gs,8,1718,0.02040868065996039
gs,8,1719,0.020408364157418087
gs,8,1720,0.020408047659566941
gs,8,1721,0.020407731166407133
gs,8,1722,0.020407414677938732
gs,8,1723,0.020407098194164294
gs,8,1724,0.02040678171508253
gs,8,1725,0.020406465240693738
gs,8,1726,0.020406148770997636
gs,8,1727,0.020405832305995374
gs,8,1728,0.020405515845687248
gs,8,1729,0.020405199390074062
gs,8,1730,0.020404882939154746
gs,8,1731,0.020404566492930282
gs,8,1732,0.020404250051401077
gs,8,1733,0.020403933614567271
gs,8,1734,0.020403617182428953
gs,8,1735,0.020403300754986312
gs,8,1736,0.020402984332240026
gs,8,1737,0.02040266791419091
gs,8,1738,0.020402351500838321
gs,8,1739,0.02040203509218308
gs,8,1740,0.020401718688224636
gs,8,1741,0.020401402288964355
gs,8,1742,0.020401085894402253
gs,8,1743,0.020400769504538105
gs,8,1744,0.02040045311937325
gs,8,1745,0.020400136738905769
gs,8,1746,0.020399820363138452
gs,8,1747,0.020399503992070484
gs,8,1748,0.020399187625701285
gs,8,1749,0.020398871264033572
gs,8,1750,0.020398554907064693
gs,8,1751,0.020398238554797218
gs,8,1752,0.020397922207229309
gs,8,1753,0.020397605864363334
gs,8,1754,0.020397289526198816
gs,8,1755,0.020396973192735566
gs,8,1756,0.020396656863974016
gs,8,1757,0.020396340539914595
gs,8,1758,0.020396024220558306
gs,8,1759,0.020395707905903667
gs,8,1760,0.020395391595952501
gs,8,1761,0.020395075290705094
gs,8,1762,0.020394758990160352
gs,8,1763,0.020394442694318771
gs,8,1764,0.020394126403182358
gs,8,1765,0.020393810116749424
gs,8,1766,0.020393493835021977
gs,8,1767,0.020393177557997934
gs,8,1768,0.020392861285680158
gs,8,1769,0.020392545018067681
gs,8,1770,0.0203922287551602
gs,8,1771,0.020391912496958577
gs,8,1772,0.020391596243462033
gs,8,1773,0.020391279994673866
gs,8,1774,0.020390963750591851
gs,8,1775,0.0203906475112158
gs,8,1776,0.020390331276547623
gs,8,1777,0.020390015046586111
gs,8,1778,0.020389698821333287
gs,8,1779,0.020389382600787299
gs,8,1780,0.020389066384949073
gs,8,1781,0.020388750173821246
gs,8,1782,0.02038843396740031
gs,8,1783,0.020388117765688732
gs,8,1784,0.020387801568686921
gs,8,1785,0.020387485376394423
gs,8,1786,0.020387169188810964
gs,8,1787,0.020386853005937608
gs,8,1788,0.020386536827774769
gs,8,1789,0.020386220654321507
gs,8,1790,0.020385904485579524
gs,8,1791,0.020385588321548347
gs,8,1792,0.020385272162228796
gs,8,1793,0.020384956007619349
gs,8,1794,0.02038463985772276
gs,8,1795,0.020384323712536963
gs,8,1796,0.020384007572064478
gs,8,1797,0.020383691436303732
gs,8,1798,0.020383375305255077
gs,8,1799,0.020383059178919801
gs,8,1800,0.020382743057298248
gs,8,1801,0.02038242694038905
gs,8,1802,0.020382110828193929
gs,8,1803,0.020381794720711676
gs,8,1804,0.02038147861794427
gs,8,1805,0.020381162519891107
gs,8,1806,0.020380846426552395
gs,8,1807,0.020380530337927815
gs,8,1808,0.020380214254019532
gs,8,1809,0.020379898174825845
gs,8,1810,0.020379582100346606
gs,8,1811,0.020379266030584254
gs,8,1812,0.020378949965536727
gs,8,1813,0.020378633905206958
gs,8,1814,0.020378317849591564
gs,8,1815,0.020378001798694506
gs,8,1816,0.020377685752512645
gs,8,1817,0.020377369711048969
gs,8,1818,0.020377053674303112
gs,8,1819,0.020376737642273334
gs,8,1820,0.020376421614962337
gs,8,1821,0.020376105592368531
gs,8,1822,0.02037578957449309
gs,8,1823,0.020375473561336406
gs,8,1824,0.020375157552898798
gs,8,1825,0.020374841549178919
gs,8,1826,0.020374525550178754
gs,8,1827,0.020374209555898377
gs,8,1828,0.020373893566336763
gs,8,1829,0.020373577581494728
gs,8,1830,0.020373261601372948
gs,8,1831,0.020372945625971813
gs,8,1832,0.020372629655290304
gs,8,1833,0.020372313689329354
gs,8,1834,0.020371997728090372
gs,8,1835,0.020371681771571556
gs,8,1836,0.020371365819774043
gs,8,1837,0.0203710498726981
gs,8,1838,0.020370733930343755
gs,8,1839,0.020370417992711762
gs,8,1840,0.020370102059801592
gs,8,1841,0.020369786131614161
gs,8,1842,0.02036947020814937
gs,8,1843,0.020369154289406159
gs,8,1844,0.020368838375387204
gs,8,1845,0.020368522466091193
gs,8,1846,0.020368206561518516
gs,8,1847,0.0203678906616689
gs,8,1848,0.020367574766544373
gs,8,1849,0.020367258876142331
gs,8,1850,0.02036694299046574
gs,8,1851,0.02036662710951271
gs,8,1852,0.020366311233285053
gs,8,1853,0.020365995361781766
gs,8,1854,0.020365679495003588
gs,8,1855,0.020365363632950158
gs,8,1856,0.02036504777562367
gs,8,1857,0.020364731923022648
gs,8,1858,0.020364416075146059
gs,8,1859,0.020364100231996841
gs,8,1860,0.02036378439357367
gs,8,1861,0.020363468559876523
gs,8,1862,0.020363152730906428
gs,8,1863,0.020362836906663222
gs,8,1864,0.020362521087147582
gs,8,1865,0.020362205272358255
gs,8,1866,0.020361889462297243
gs,8,1867,0.020361573656964217
gs,8,1868,0.02036125785635794
gs,8,1869,0.020360942060480162
gs,8,1870,0.020360626269330533
gs,8,1871,0.020360310482910111
gs,8,1872,0.020359994701216962
gs,8,1873,0.020359678924254745
gs,8,1874,0.020359363152020943
gs,8,1875,0.0203590473845153
gs,8,1876,0.02035873162173998
gs,8,1877,0.020358415863693663
gs,8,1878,0.020358100110378141
gs,8,1879,0.020357784361792815
gs,8,1880,0.02035746861793692
gs,8,1881,0.020357152878811357
gs,8,1882,0.020356837144417012
gs,8,1883,0.020356521414752256
gs,8,1884,0.020356205689819874
gs,8,1885,0.020355889969617545
gs,8,1886,0.020355574254147708
gs,8,1887,0.020355258543409183
gs,8,1888,0.020354942837400941
gs,8,1889,0.020354627136126003
gs,8,1890,0.020354311439583401
gs,8,1891,0.020353995747771626
gs,8,1892,0.020353680060694108
gs,8,1893,0.020353364378347311
gs,8,1894,0.020353048700734198
gs,8,1895,0.020352733027855258
gs,8,1896,0.020352417359708552
gs,8,1897,0.020352101696295141
gs,8,1898,0.020351786037615407
gs,8,1899,0.020351470383670262
gs,8,1900,0.020351154734458032
gs,8,1901,0.020350839089980446
gs,8,1902,0.02035052345023634
gs,8,1903,0.020350207815227228
gs,8,1904,0.02034989218495338
gs,8,1905,0.02034957655941343
gs,8,1906,0.020349260938609011
gs,8,1907,0.020348945322540411
gs,8,1908,0.02034862971120532
gs,8,1909,0.020348314104607169
gs,8,1910,0.020347998502743783
gs,8,1911,0.0203476829056175
gs,8,1912,0.020347367313226589
gs,8,1913,0.020347051725571143
gs,8,1914,0.020346736142653248
gs,8,1915,0.020346420564471505
gs,8,1916,0.020346104991026598
gs,8,1917,0.020345789422319457
gs,8,1918,0.020345473858348048
gs,8,1919,0.02034515829911436
gs,8,1920,0.02034484274461797
gs,8,1921,0.020344527194858717
gs,8,1922,0.020344211649838739
gs,8,1923,0.020343896109556555
gs,8,1924,0.020343580574010894
gs,8,1925,0.020343265043204578
gs,8,1926,0.02034294951713627
gs,8,1927,0.020342633995807009
gs,8,1928,0.02034231847921553
gs,8,1929,0.020342002967364346
gs,8,1930,0.020341687460252923
gs,8,1931,0.020341371957879852
gs,8,1932,0.020341056460245577
gs,8,1933,0.020340740967351036
gs,8,1934,0.020340425479196206
gs,8,1935,0.020340109995781421
gs,8,1936,0.020339794517108087
gs,8,1937,0.020339479043172931
gs,8,1938,0.020339163573979642
gs,8,1939,0.020338848109527033
gs,8,1940,0.02033853264981356
gs,8,1941,0.020338217194842505
gs,8,1942,0.020337901744611694
gs,8,1943,0.020337586299122992
gs,8,1944,0.020337270858375139
gs,8,1945,0.020336955422368335
gs,8,1946,0.020336639991103363
gs,8,1947,0.020336324564582172
gs,8,1948,0.020336009142800465
gs,8,1949,0.020335693725762213
gs,8,1950,0.020335378313465366
gs,8,1951,0.020335062905911735
gs,8,1952,0.020334747503100135
gs,8,1953,0.02033443210503116
gs,8,1954,0.02033411671170678
gs,8,1955,0.020333801323123804
gs,8,1956,0.020333485939285804
gs,8,1957,0.020333170560190274
gs,8,1958,0.020332855185837731
gs,8,1959,0.020332539816228238
gs,8,1960,0.020332224451363939
gs,8,1961,0.020331909091243713
gs,8,1962,0.020331593735867327
gs,8,1963,0.020331278385235158
gs,8,1964,0.020330963039347321
gs,8,1965,0.020330647698203801
gs,8,1966,0.020330332361805939
gs,8,1967,0.020330017030152314
gs,8,1968,0.020329701703244198
gs,8,1969,0.020329386381081341
gs,8,1970,0.020329071063663596
gs,8,1971,0.020328755750991637
gs,8,1972,0.020328440443064248
gs,8,1973,0.020328125139883659
gs,8,1974,0.020327809841448781
gs,8,1975,0.020327494547760439
gs,8,1976,0.020327179258817506
gs,8,1977,0.020326863974621388
gs,8,1978,0.020326548695171455
gs,8,1979,0.020326233420468
gs,8,1980,0.020325918150511615
gs,8,1981,0.020325602885301892
gs,8,1982,0.020325287624840503
gs,8,1983,0.020324972369125498
gs,8,1984,0.020324657118157539
gs,8,1985,0.020324341871937757
gs,8,1986,0.020324026630464731
gs,8,1987,0.020323711393740285
gs,8,1988,0.020323396161762465
gs,8,1989,0.020323080934534783
gs,8,1990,0.020322765712052909
gs,8,1991,0.020322450494321593
gs,8,1992,0.020322135281337372
gs,8,1993,0.020321820073103063
gs,8,1994,0.020321504869616272
gs,8,1995,0.020321189670878807
gs,8,1996,0.020320874476890297
gs,8,1997,0.020320559287651703
gs,8,1998,0.020320244103160731
gs,8,1999,0.020319928923420254
pcg-gs,8,0,4.898437539943224e-05
pcg-gs,8,1,0.00035667859059240005
pcg-gs,8,2,0.0026336977094966415
pcg-gs,8,3,0.0066057678323045961
pcg-gs,8,4,0.0069495600446952107
pcg-gs,8,5,0.010307465869776499
pcg-gs,8,6,0.0099736931073095697
pcg-gs,8,7,0.0093611146621152205
pcg-gs,8,8,0.0093451382601203777
pcg-gs,8,9,0.0083984140973642658
pcg-gs,8,10,0.0075584026521622596
pcg-gs,8,11,0.006429169311132671
pcg-gs,8,12,0.0056800048764301782
pcg-gs,8,13,0.005065059633807243
pcg-gs,8,14,0.0045433053522858638
pcg-gs,8,15,0.0038038002112808318
pcg-gs,8,16,0.0033772507440821527
pcg-gs,8,17,0.0027053567154813898
pcg-gs,8,18,0.0024605212262076687
pcg-gs,8,19,0.002430398229195373
pcg-gs,8,20,0.0020697987625017101
pcg-gs,8,21,0.001539854770088635
pcg-gs,8,22,0.0015647013280332288
pcg-gs,8,23,0.0013275230886323555
pcg-gs,8,24,0.0011096302324650788
pcg-gs,8,25,0.0010386261601899554
pcg-gs,8,26,0.00097897948050029932
pcg-gs,8,27,0.00091008248654418395
pcg-gs,8,28,0.0011588590742517076
pcg-gs,8,29,0.00072871286556352543
pcg-gs,8,30,0.00072272819032090873
pcg-gs,8,31,0.00070945115739517843
pcg-gs,8,32,0.00065909015889926146
pcg-gs,8,33,0.00058284468609261372
pcg-gs,8,34,0.00051639800514599371
pcg-gs,8,35,0.00048634683150577154
pcg-gs,8,36,0.00042279090318675405
pcg-gs,8,37,0.00043120707390953541
pcg-gs,8,38,0.00040772008180212289
pcg-gs,8,39,0.00037754542506066426
pcg-gs,8,40,0.00033955810512434847
pcg-gs,8,41,0.00041793824219491654
pcg-gs,8,42,0.00037398914617612798
pcg-gs,8,43,0.00029904549959609042
pcg-gs,8,44,0.00024871264244731025
pcg-gs,8,45,0.00026390365131342405
pcg-gs,8,46,0.00027850566853800308
pcg-gs,8,47,0.00023878978483264936
pcg-gs,8,48,0.00020871526083805349
pcg-gs,8,49,0.00024389228810025516
pcg-gs,8,50,0.00019920617474586765
pcg-gs,8,51,0.00019189884996238484
pcg-gs,8,52,0.00021510153707825493
pcg-gs,8,53,0.00016919915653637021
pcg-gs,8,54,0.00016085308391871258
pcg-gs,8,55,0.00017107004806672847
pcg-gs,8,56,0.00014720773121825188
pcg-gs,8,57,0.00016582990867050539
pcg-gs,8,58,0.0001314067949419039
pcg-gs,8,59,0.00012211361768247966
pcg-gs,8,60,0.00012815901785654559
pcg-gs,8,61,0.00012802789515555321
pcg-gs,8,62,0.0001186360812988598
pcg-gs,8,63,0.00011515377663270374
pcg-gs,8,64,0.00010717706775556426
pcg-gs,8,65,0.00010711952258328268
pcg-gs,8,66,9.8590217558448175e-05
pcg-gs,8,67,0.00010567398908951843
pcg-gs,8,68,8.8135647905761454e-05
pcg-gs,8,69,8.3829262332811235e-05
pcg-gs,8,70,7.9548357764846412e-05
pcg-gs,8,71,8.3704194178957673e-05
pcg-gs,8,72,7.4222537968727937e-05
pcg-gs,8,73,8.0800381141913521e-05
pcg-gs,8,74,7.5481351951571719e-05
pcg-gs,8,75,7.2235208999553438e-05
pcg-gs,8,76,6.8684792388320982e-05
pcg-gs,8,77,6.9579832483983813e-05
pcg-gs,8,78,7.0796594559154356e-05
pcg-gs,8,79,6.8333062164943953e-05
pcg-gs,8,80,7.5891932488021202e-05
pcg-gs,8,81,6.5699429371345413e-05
pcg-gs,8,82,6.0554997205337562e-05
pcg-gs,8,83,5.4367737716711994e-05
pcg-gs,8,84,5.2987526602047775e-05
pcg-gs,8,85,5.60785064527427e-05
pcg-gs,8,86,5.2613904578604173e-05
pcg-gs,8,87,5.1544727621141974e-05
pcg-gs,8,88,4.8306272466198374e-05
pcg-gs,8,89,4.7068888171040123e-05
pcg-gs,8,90,4.3178511284456544e-05
pcg-gs,8,91,4.5951812539347445e-05
pcg-gs,8,92,4.3925720276728313e-05
pcg-gs,8,93,4.5781765090817646e-05
pcg-gs,8,94,3.5787659585964204e-05
pcg-gs,8,95,3.7642937815811068e-05
pcg-gs,8,96,4.3978064057272119e-05
pcg-gs,8,97,3.5246782338711935e-05
pcg-gs,8,98,3.4181096189447531e-05
pcg-gs,8,99,3.9919222863389502e-05
pcg-gs,8,100,3.2857575116895175e-05
pcg-gs,8,101,3.3704942720573901e-05
pcg-gs,8,102,2.956030221843634e-05
pcg-gs,8,103,3.2043937749321565e-05
pcg-gs,8,104,2.7805977533872861e-05
pcg-gs,8,105,2.8851914168164845e-05
pcg-gs,8,106,3.3897430371020062e-05
pcg-gs,8,107,2.9806591634594674e-05
pcg-gs,8,108,2.6701222788896344e-05
pcg-gs,8,109,2.4801886128878196e-05
pcg-gs,8,110,2.5765530991567449e-05
pcg-gs,8,111,2.2547048018211185e-05
pcg-gs,8,112,2.3516581606318709e-05
pcg-gs,8,113,2.2194672531615211e-05
pcg-gs,8,114,2.3506907479325939e-05
pcg-gs,8,115,2.205709071274195e-05
pcg-gs,8,116,2.3011248027752342e-05
pcg-gs,8,117,2.3298411657740298e-05
pcg-gs,8,118,1.9837388879673082e-05
pcg-gs,8,119,2.0105556544939384e-05
pcg-gs,8,120,2.0500732680697075e-05
pcg-gs,8,121,2.240237775442849e-05
pcg-gs,8,122,1.8373797578399255e-05
pcg-gs,8,123,2.0287579886183689e-05
pcg-gs,8,124,1.7767446121326988e-05
pcg-gs,8,125,1.8698178083833947e-05
pcg-gs,8,126,1.7938691976986575e-05
pcg-gs,8,127,1.8000296879899628e-05
pcg-gs,8,128,1.8603432331727897e-05
pcg-gs,8,129,1.852135499881439e-05
pcg-gs,8,130,1.8229988747846545e-05
pcg-gs,8,131,1.7815452708527154e-05
pcg-gs,8,132,1.5554505541703806e-05
pcg-gs,8,133,1.630575118414385e-05
pcg-gs,8,134,1.5815292664568334e-05
pcg-gs,8,135,1.5863866972563341e-05
pcg-gs,8,136,1.5321927920064891e-05
pcg-gs,8,137,1.4268375065973315e-05
pcg-gs,8,138,2.0953521148855191e-05
pcg-gs,8,139,1.4725962485308034e-05
pcg-gs,8,140,1.3130307029147862e-05
pcg-gs,8,141,1.3389411894992882e-05
pcg-gs,8,142,1.2057296288611855e-05
pcg-gs,8,143,1.6408721944510358e-05
pcg-gs,8,144,1.3963083248762799e-05
pcg-gs,8,145,1.313592196040838e-05
pcg-gs,8,146,1.368950300875057e-05
pcg-gs,8,147,1.3026387927669271e-05
pcg-gs,8,148,1.2254492063424959e-05
pcg-gs,8,149,1.1728107098414987e-05
pcg-gs,8,150,1.1923783525755442e-05
pcg-gs,8,151,1.2372046851995565e-05
pcg-gs,8,152,1.0793221387523993e-05
pcg-gs,8,153,1.0605986089749639e-05
pcg-gs,8,154,1.1781120915421663e-05
pcg-gs,8,155,1.0007079910803151e-05
pcg-gs,8,156,1.0038499015745281e-05
pcg-gs,8,157,1.0958581958453133e-05
pcg-gs,8,158,9.7657493234262607e-06
pcg-gs,8,159,1.0345443208547508e-05
pcg-gs,8,160,1.1536032066511089e-05
pcg-gs,8,161,1.1032710849804435e-05
pcg-gs,8,162,1.0455076584954696e-05
pcg-gs,8,163,9.4036026749570738e-06
pcg-gs,8,164,1.0635268317953355e-05
pcg-gs,8,165,9.4315054694453154e-06
pcg-gs,8,166,1.0877843759045982e-05
pcg-gs,8,167,9.1265612598480597e-06
pcg-gs,8,168,9.4795467859559261e-06
pcg-gs,8,169,9.5694386218529508e-06
pcg-gs,8,170,9.9174192977483283e-06
pcg-gs,8,171,8.9495626979955021e-06
pcg-gs,8,172,8.5826780316714697e-06
pcg-gs,8,173,8.4090972825442997e-06
pcg-gs,8,174,8.6712319384030527e-06
pcg-gs,8,175,8.862329426079398e-06
pcg-gs,8,176,8.5952034519239192e-06
pcg-gs,8,177,8.4889437166014289e-06
pcg-gs,8,178,9.0574229739166388e-06
pcg-gs,8,179,7.7268968934759446e-06
pcg-gs,8,180,8.0046920464815763e-06
pcg-gs,8,181,7.7981013072321401e-06
pcg-gs,8,182,7.6554547406601889e-06
pcg-gs,8,183,7.5385689855113324e-06
pcg-gs,8,184,7.0136265213204843e-06
pcg-gs,8,185,8.6568900989945949e-06
pcg-gs,8,186,7.3625079048554153e-06
pcg-gs,8,187,7.0763583951059465e-06
pcg-gs,8,188,7.3360033469926055e-06
pcg-gs,8,189,7.5019173140591627e-06
pcg-gs,8,190,6.9585954061350791e-06
pcg-gs,8,191,7.1403117877015717e-06
pcg-gs,8,192,6.472067242872614e-06
pcg-gs,8,193,6.7768018531051125e-06
pcg-gs,8,194,6.7238446129547175e-06
pcg-gs,8,195,7.614939036556074e-06
pcg-gs,8,196,6.907271847060839e-06
pcg-gs,8,197,6.8700969290081754e-06
pcg-gs,8,198,5.6276752677492613e-06
pcg-gs,8,199,6.5333984559848452e-06
pcg-gs,8,200,5.9580880183261773e-06
pcg-gs,8,201,6.4100582196361175e-06
pcg-gs,8,202,5.8671014213741447e-06
pcg-gs,8,203,5.8594125457077861e-06
pcg-gs,8,204,6.2230336052247562e-06
pcg-gs,8,205,5.7191677196798885e-06
pcg-gs,8,206,5.4329188815062668e-06
pcg-gs,8,207,6.6140498957428817e-06
pcg-gs,8,208,5.8464819090301444e-06
pcg-gs,8,209,5.7917276465859872e-06
pcg-gs,8,210,5.7331000491766588e-06
pcg-gs,8,211,5.5707711611677286e-06
pcg-gs,8,212,5.0433290148196408e-06
pcg-gs,8,213,5.1694376251492764e-06
pcg-gs,8,214,5.3366787231776636e-06
pcg-gs,8,215,4.9038350774877762e-06
pcg-gs,8,216,4.9253219142922651e-06
pcg-gs,8,217,4.6725456960439232e-06
pcg-gs,8,218,5.6502069252391836e-06
pcg-gs,8,219,5.0718226800847503e-06
pcg-gs,8,220,4.5101153741257627e-06
pcg-gs,8,221,4.4728051345367114e-06
pcg-gs,8,222,4.5452931652856576e-06
pcg-gs,8,223,5.0658722595174443e-06
pcg-gs,8,224,4.2172302342465207e-06
pcg-gs,8,225,4.7612516975076108e-06
pcg-gs,8,226,4.8008427259223356e-06
pcg-gs,8,227,4.7357043916438151e-06
pcg-gs,8,228,4.8838865199384065e-06
pcg-gs,8,229,4.1860854342277823e-06
pcg-gs,8,230,4.6067285895808331e-06
pcg-gs,8,231,4.6658849227303811e-06
pcg-gs,8,232,4.5225132958949326e-06
pcg-gs,8,233,4.1611400618167916e-06
pcg-gs,8,234,4.3845209818136801e-06
pcg-gs,8,235,3.9354257826267707e-06
pcg-gs,8,236,4.4525773372799747e-06
pcg-gs,8,237,4.0043942817111833e-06
pcg-gs,8,238,4.0253379165390799e-06
pcg-gs,8,239,4.398723244771935e-06
pcg-gs,8,240,4.5199477909237077e-06
pcg-gs,8,241,4.1176957439088612e-06
pcg-gs,8,242,4.1830441089549423e-06
pcg-gs,8,243,4.335345064016522e-06
pcg-gs,8,244,3.7413598561692943e-06
pcg-gs,8,245,3.9860910004850587e-06
pcg-gs,8,246,3.7219391488877448e-06
pcg-gs,8,247,3.4767684059588091e-06
pcg-gs,8,248,3.9237350483013967e-06
pcg-gs,8,249,3.7423858727367208e-06
pcg-gs,8,250,3.9322606610196503e-06
pcg-gs,8,251,4.5485634927198553e-06
pcg-gs,8,252,3.4776569962131034e-06
pcg-gs,8,253,3.5785402968555894e-06
pcg-gs,8,254,3.8790334073793947e-06
pcg-gs,8,255,3.6615361777420952e-06
pcg-gs,8,256,3.7122381479147462e-06
pcg-gs,8,257,3.829318547785925e-06
pcg-gs,8,258,3.9623281896508294e-06
pcg-gs,8,259,3.3416980319766174e-06
pcg-gs,8,260,3.4244025065988859e-06
pcg-gs,8,261,3.4845842890144349e-06
pcg-gs,8,262,3.3111707984043319e-06
pcg-gs,8,263,3.5043975629385982e-06
pcg-gs,8,264,3.4414768826279693e-06
pcg-gs,8,265,3.3587995452423212e-06
pcg-gs,8,266,3.3194223084369652e-06
pcg-gs,8,267,3.3120478008189279e-06
pcg-gs,8,268,3.2478476159348589e-06
pcg-gs,8,269,3.452768753722228e-06
pcg-gs,8,270,3.1604269840027782e-06
pcg-gs,8,271,3.5087272458887265e-06
pcg-gs,8,272,3.2602274070826655e-06
pcg-gs,8,273,3.3789134971550546e-06
pcg-gs,8,274,3.2953234091841459e-06
pcg-gs,8,275,3.0875216207923529e-06
pcg-gs,8,276,3.1315436105970045e-06
pcg-gs,8,277,3.1612219172128104e-06
pcg-gs,8,278,3.2695677122133551e-06
pcg-gs,8,279,3.1377404380774539e-06
pcg-gs,8,280,3.5105767245660003e-06
pcg-gs,8,281,3.8301238105234703e-06
pcg-gs,8,282,3.2021598428268052e-06
pcg-gs,8,283,3.1887612216112263e-06
pcg-gs,8,284,3.3468015636624007e-06
pcg-gs,8,285,2.9675929665151551e-06
pcg-gs,8,286,3.3296865471271046e-06
pcg-gs,8,287,2.7984118769014528e-06
pcg-gs,8,288,3.1927898700882821e-06
pcg-gs,8,289,3.0601132459866445e-06
pcg-gs,8,290,3.1013798835257026e-06
pcg-gs,8,291,3.0144157335243093e-06
pcg-gs,8,292,2.9918643617593848e-06
pcg-gs,8,293,2.7858510075440439e-06
pcg-gs,8,294,2.8668529377347832e-06
pcg-gs,8,295,2.9643676448912471e-06
pcg-gs,8,296,2.8993456526177072e-06
pcg-gs,8,297,3.1019271351276785e-06
pcg-gs,8,298,2.5245814901178455e-06
pcg-gs,8,299,2.4162078667392465e-06
pcg-gs,8,300,2.8135409613612571e-06
pcg-gs,8,301,2.7530314393824125e-06
pcg-gs,8,302,2.5228970822737727e-06
pcg-gs,8,303,2.6228994889649998e-06
pcg-gs,8,304,2.4941514618863939e-06
pcg-gs,8,305,2.6443212858309502e-06
pcg-gs,8,306,2.4790211172713696e-06
pcg-gs,8,307,2.6093684085616041e-06
pcg-gs,8,308,2.4297851819045329e-06
pcg-gs,8,309,2.3815968120565395e-06
pcg-gs,8,310,2.846707041760311e-06
pcg-gs,8,311,2.3708798003293811e-06
pcg-gs,8,312,2.2492274729609268e-06
pcg-gs,8,313,2.7053761908145367e-06
pcg-gs,8,314,2.2778437471589758e-06
pcg-gs,8,315,2.4878864560886991e-06
pcg-gs,8,316,2.2054288725327861e-06
pcg-gs,8,317,2.4125809153210593e-06
pcg-gs,8,318,2.4335801416071623e-06
pcg-gs,8,319,2.2437421903805361e-06
pcg-gs,8,320,2.5250801378852536e-06
pcg-gs,8,321,2.1685585905250861e-06
pcg-gs,8,322,2.148954134118975e-06
pcg-gs,8,323,2.0564379926759866e-06
pcg-gs,8,324,2.0428451152684527e-06
pcg-gs,8,325,2.1928748667707588e-06
pcg-gs,8,326,2.1951704165613427e-06
pcg-gs,8,327,2.1436510087242653e-06
pcg-gs,8,328,2.1891477773387394e-06
pcg-gs,8,329,1.9639825498529697e-06
pcg-gs,8,330,1.9424889891811179e-06
pcg-gs,8,331,2.0002608669292492e-06
pcg-gs,8,332,1.7968950375927486e-06
pcg-gs,8,333,1.6947789886224251e-06
pcg-gs,8,334,1.9910162450943489e-06
pcg-gs,8,335,1.65533500247236e-06
pcg-gs,8,336,1.9140564629996694e-06
pcg-gs,8,337,2.0919267248650288e-06
pcg-gs,8,338,1.6881634054192255e-06
pcg-gs,8,339,1.8372358083590556e-06
pcg-gs,8,340,1.6949233712113254e-06
pcg-gs,8,341,1.583846102323316e-06
pcg-gs,8,342,1.7954445914599053e-06
pcg-gs,8,343,1.7114124634688692e-06
pcg-gs,8,344,1.690164430544828e-06
pcg-gs,8,345,1.7003784197607652e-06
pcg-gs,8,346,1.5254946542225233e-06
pcg-gs,8,347,1.5219717541616561e-06
pcg-gs,8,348,1.6226829266168141e-06
pcg-gs,8,349,1.4740932635352655e-06
pcg-gs,8,350,1.6421786208882126e-06
pcg-gs,8,351,1.4423397401140279e-06
pcg-gs,8,352,1.8086027758112661e-06
pcg-gs,8,353,1.5400480150618413e-06
pcg-gs,8,354,1.5453076316803725e-06
pcg-gs,8,355,1.4667305798517293e-06
pcg-gs,8,356,2.0065331448036849e-06
pcg-gs,8,357,1.6220790291406354e-06
pcg-gs,8,358,1.577701393065367e-06
pcg-gs,8,359,1.3609829583421638e-06
pcg-gs,8,360,1.4771153815711592e-06
pcg-gs,8,361,1.3358759743168719e-06
pcg-gs,8,362,1.562347882191848e-06
pcg-gs,8,363,1.4038735792941085e-06
pcg-gs,8,364,1.5465829820660966e-06
pcg-gs,8,365,1.2685482575745245e-06
pcg-gs,8,366,1.4283762690014261e-06
pcg-gs,8,367,1.4111147663702596e-06
pcg-gs,8,368,1.4845455515732574e-06
pcg-gs,8,369,1.3011098630521453e-06
pcg-gs,8,370,1.3983644170255724e-06
pcg-gs,8,371,1.3481502887722202e-06
pcg-gs,8,372,1.3981178540709839e-06
pcg-gs,8,373,1.2088742289050476e-06
pcg-gs,8,374,1.3830485957727684e-06
pcg-gs,8,375,1.355828966132134e-06
pcg-gs,8,376,1.4959192308171556e-06
pcg-gs,8,377,1.2086347195545243e-06
pcg-gs,8,378,1.1269329907658046e-06
pcg-gs,8,379,1.1919836760735164e-06
pcg-gs,8,380,1.2149189990302704e-06
pcg-gs,8,381,1.0757141257667671e-06
pcg-gs,8,382,1.1660542179043843e-06
pcg-gs,8,383,1.1732904817285868e-06
pcg-gs,8,384,1.2045920874526674e-06
pcg-gs,8,385,1.3206724260070946e-06
pcg-gs,8,386,1.3494751714080651e-06
pcg-gs,8,387,1.1795566759158738e-06
pcg-gs,8,388,1.0331964888969248e-06
pcg-gs,8,389,1.207324002932137e-06
pcg-gs,8,390,9.6959992502850249e-07
pcg-gs,8,391,1.1670753246711473e-06
pcg-gs,8,392,1.0913926316193677e-06
pcg-gs,8,393,1.0329974587901246e-06
pcg-gs,8,394,1.0724682074797659e-06
pcg-gs,8,395,1.0832776305555615e-06
pcg-gs,8,396,1.2488345149908992e-06
pcg-gs,8,397,1.1153158580873423e-06
pcg-gs,8,398,1.0949689871508264e-06
pcg-gs,8,399,1.1521404267753996e-06
pcg-gs,8,400,1.1771299386755182e-06
pcg-gs,8,401,1.1486616459816616e-06
pcg-gs,8,402,1.0827418861538954e-06
pcg-gs,8,403,1.0591057435424316e-06
pcg-gs,8,404,1.0789434109954315e-06
pcg-gs,8,405,1.0219665995345356e-06
pcg-gs,8,406,1.0588375280172127e-06
pcg-gs,8,407,1.1375646156061133e-06
pcg-gs,8,408,1.1978947469123868e-06
pcg-gs,8,409,9.3896338454810409e-07
pcg-gs,8,410,1.0352526473803992e-06
pcg-gs,8,411,9.8782851978514586e-07
pcg-gs,8,412,9.5458719901928861e-07
pcg-gs,8,413,1.0868263937349508e-06
pcg-gs,8,414,9.7268600078290944e-07
pcg-gs,8,415,1.1427483290924096e-06
pcg-gs,8,416,1.1136486100719027e-06
pcg-gs,8,417,8.8435807252089891e-07
pcg-gs,8,418,9.8239225631733219e-07
pcg-gs,8,419,9.4566881596837154e-07
pcg-gs,8,420,8.7561260774521739e-07
pcg-gs,8,421,9.1247321839491216e-07
pcg-gs,8,422,9.7106562113475449e-07
pcg-gs,8,423,9.2556155961042793e-07
pcg-gs,8,424,1.0092674959237461e-06
pcg-gs,8,425,8.600995596214304e-07
pcg-gs,8,426,1.0823172312085678e-06
pcg-gs,8,427,9.5222650302043103e-07
pcg-gs,8,428,8.0923781968015601e-07
pcg-gs,8,429,8.9969168003178643e-07
pcg-gs,8,430,1.0829043617856911e-06
pcg-gs,8,431,9.2334300829736189e-07
pcg-gs,8,432,8.8606015616987105e-07
pcg-gs,8,433,9.1227643188804447e-07
pcg-gs,8,434,9.8436151146128576e-07
pcg-gs,8,435,1.0703123143633953e-06
pcg-gs,8,436,9.2707883912096127e-07
pcg-gs,8,437,9.3080766375139245e-07
pcg-gs,8,438,9.1662860469766138e-07
pcg-gs,8,439,1.0388103655128481e-06
pcg-gs,8,440,8.1985358716506307e-07
pcg-gs,8,441,8.7619812482306588e-07
pcg-gs,8,442,8.4748285879470336e-07
pcg-gs,8,443,9.2328816105796485e-07
pcg-gs,8,444,9.3864945721548459e-07
pcg-gs,8,445,9.4224029088880755e-07
pcg-gs,8,446,1.052714332294971e-06
pcg-gs,8,447,8.5587928923249707e-07
pcg-gs,8,448,1.0192314737882074e-06
pcg-gs,8,449,8.4314946077798216e-07
pcg-gs,8,450,8.5439418555033256e-07
pcg-gs,8,451,8.681370272647851e-07
pcg-gs,8,452,8.3194105336818752e-07
pcg-gs,8,453,8.4237320788387844e-07
pcg-gs,8,454,8.7048772955212035e-07
pcg-gs,8,455,8.2435761553926637e-07
pcg-gs,8,456,9.367316856113361e-07
pcg-gs,8,457,9.7660117445958263e-07
pcg-gs,8,458,9.2893534940342212e-07
pcg-gs,8,459,8.3239581884563358e-07
pcg-gs,8,460,8.3891667367791895e-07
pcg-gs,8,461,8.0265524596309851e-07
pcg-gs,8,462,8.4493471131905304e-07
pcg-gs,8,463,8.7981637793583814e-07
pcg-gs,8,464,8.5856955468489889e-07
pcg-gs,8,465,7.9032518706363364e-07
pcg-gs,8,466,8.5251109200729686e-07
pcg-gs,8,467,8.9624234724735488e-07
pcg-gs,8,468,8.8966502536807383e-07
pcg-gs,8,469,7.826428723165268e-07
pcg-gs,8,470,7.8464087438668749e-07
pcg-gs,8,471,8.7296976794971173e-07
pcg-gs,8,472,8.4058729637972119e-07
pcg-gs,8,473,8.450818512181421e-07
pcg-gs,8,474,8.5544150390481985e-07
pcg-gs,8,475,8.3257243475875786e-07
pcg-gs,8,476,7.8308322175145796e-07
pcg-gs,8,477,8.4493454946653634e-07
pcg-gs,8,478,9.682159270282699e-07
pcg-gs,8,479,7.8715868582233581e-07
pcg-gs,8,480,7.9925786644030674e-07
pcg-gs,8,481,7.8145995572280631e-07
pcg-gs,8,482,7.8805101203260355e-07
pcg-gs,8,483,8.7990267344141311e-07
pcg-gs,8,484,7.4228175751148738e-07
pcg-gs,8,485,7.6799770104500172e-07
pcg-gs,8,486,7.7298521980909255e-07
pcg-gs,8,487,7.4686822271430746e-07
pcg-gs,8,488,8.666820626510536e-07
pcg-gs,8,489,7.8764465960461253e-07
pcg-gs,8,490,7.1773450950409922e-07
pcg-gs,8,491,7.4480857929607046e-07
pcg-gs,8,492,6.810217851353897e-07
pcg-gs,8,493,8.0749620541309278e-07
pcg-gs,8,494,7.8959689335416172e-07
pcg-gs,8,495,7.3896058997641851e-07
pcg-gs,8,496,7.1846398069582621e-07
pcg-gs,8,497,6.878246026827743e-07
pcg-gs,8,498,8.3385034781352089e-07
pcg-gs,8,499,6.8028218802599221e-07
pcg-gs,8,500,7.2573070975258433e-07
pcg-gs,8,501,6.715811800189355e-07
pcg-gs,8,502,7.4006469095390557e-07
pcg-gs,8,503,7.9619685270117209e-07
pcg-gs,8,504,6.8739253393709446e-07
pcg-gs,8,505,7.4464938120624672e-07
pcg-gs,8,506,6.749241267900209e-07
pcg-gs,8,507,6.5253913154430513e-07
pcg-gs,8,508,6.0385727224258204e-07
pcg-gs,8,509,7.3648467702383113e-07
pcg-gs,8,510,6.0386371737155486e-07
pcg-gs,8,511,6.8764729059538381e-07
pcg-gs,8,512,6.0781553742068903e-07
pcg-gs,8,513,6.0554721131499632e-07
pcg-gs,8,514,5.5992044973646803e-07
pcg-gs,8,515,5.9387458022752316e-07
pcg-gs,8,516,5.733940734590804e-07
pcg-gs,8,517,5.2495386820173794e-07
pcg-gs,8,518,6.0005143751440205e-07
pcg-gs,8,519,6.3928692288597259e-07
pcg-gs,8,520,5.4981161927677079e-07
pcg-gs,8,521,6.0128903652707716e-07
pcg-gs,8,522,5.3056616464958377e-07
pcg-gs,8,523,5.5585542953917686e-07
pcg-gs,8,524,4.8893643188077335e-07
pcg-gs,8,525,4.9901388671514376e-07
pcg-gs,8,526,5.2481094820881644e-07
pcg-gs,8,527,5.2361103633579093e-07
pcg-gs,8,528,4.9445543571156062e-07
pcg-gs,8,529,5.5095637670389056e-07
pcg-gs,8,530,4.6133236156805127e-07
pcg-gs,8,531,4.73694682944913e-07
pcg-gs,8,532,5.8844550584871754e-07
pcg-gs,8,533,4.1470002153759111e-07
pcg-gs,8,534,4.9480356378470807e-07
pcg-gs,8,535,4.0957109312587108e-07
pcg-gs,8,536,4.3984850562735303e-07
pcg-gs,8,537,4.935768171583329e-07
pcg-gs,8,538,5.6485748448464432e-07
pcg-gs,8,539,4.490975493970338e-07
pcg-gs,8,540,4.8910600420713203e-07
pcg-gs,8,541,4.4878247688784909e-07
pcg-gs,8,542,5.1615673355661393e-07
pcg-gs,8,543,3.9282519932941398e-07
pcg-gs,8,544,4.0211745646584201e-07
pcg-gs,8,545,4.1238383351012181e-07
pcg-gs,8,546,4.3798415905246761e-07
pcg-gs,8,547,4.1017720703777435e-07
pcg-gs,8,548,4.3426375112433668e-07
pcg-gs,8,549,4.1807443405213014e-07
pcg-gs,8,550,4.5185354064226082e-07
pcg-gs,8,551,3.945203558423419e-07
pcg-gs,8,552,4.2191550673037334e-07
pcg-gs,8,553,4.2275207718430687e-07
pcg-gs,8,554,4.0882909937624733e-07
pcg-gs,8,555,3.7990011856499492e-07
pcg-gs,8,556,4.6611092808355505e-07
pcg-gs,8,557,4.0248393021187068e-07
pcg-gs,8,558,3.8210688647065132e-07
pcg-gs,8,559,4.0700801290999183e-07
pcg-gs,8,560,3.9983217951046432e-07
pcg-gs,8,561,4.5060980098613508e-07
pcg-gs,8,562,3.9177943155894987e-07
pcg-gs,8,563,4.2278044962423101e-07
pcg-gs,8,564,4.186749807002561e-07
pcg-gs,8,565,3.6832798555354488e-07
pcg-gs,8,566,3.9170443457473556e-07
pcg-gs,8,567,3.461391684333564e-07
pcg-gs,8,568,3.5728494778492053e-07
pcg-gs,8,569,4.3992560602698927e-07
pcg-gs,8,570,3.8315069161020153e-07
pcg-gs,8,571,4.0805857845715649e-07
pcg-gs,8,572,4.0077750258044432e-07
pcg-gs,8,573,3.5322112075096853e-07
pcg-gs,8,574,3.6693479729831294e-07
pcg-gs,8,575,3.7876367697405505e-07
pcg-gs,8,576,3.5282822187435958e-07
pcg-gs,8,577,3.9112292071844734e-07
pcg-gs,8,578,3.3899466496230452e-07
pcg-gs,8,579,3.3308457892636849e-07
pcg-gs,8,580,3.439873917649273e-07
pcg-gs,8,581,3.2310421843547184e-07
pcg-gs,8,582,3.8988257949057409e-07
pcg-gs,8,583,3.1980518022038049e-07
pcg-gs,8,584,3.4336090486090716e-07
pcg-gs,8,585,3.211286066608714e-07
pcg-gs,8,586,3.5200554891389205e-07
pcg-gs,8,587,3.1934395543772577e-07
pcg-gs,8,588,3.3523909150173103e-07
pcg-gs,8,589,3.5319990521952694e-07
pcg-gs,8,590,3.3589349638861443e-07
pcg-gs,8,591,3.1814281756978256e-07
pcg-gs,8,592,3.5359196217628138e-07
pcg-gs,8,593,3.1647647359030896e-07
pcg-gs,8,594,2.8722371749952538e-07
pcg-gs,8,595,2.9216132253689111e-07
pcg-gs,8,596,3.155044073492115e-07
pcg-gs,8,597,2.9405127782721919e-07
pcg-gs,8,598,2.959871193793405e-07
pcg-gs,8,599,3.1554217375139342e-07
pcg-gs,8,600,3.0063150410014361e-07
pcg-gs,8,601,2.9618335412905128e-07
pcg-gs,8,602,2.9253765098898502e-07
pcg-gs,8,603,2.9124995929665701e-07
pcg-gs,8,604,2.894463756778194e-07
pcg-gs,8,605,2.61306733631595e-07
pcg-gs,8,606,2.9334450200060725e-07
pcg-gs,8,607,3.061886684635048e-07
pcg-gs,8,608,2.7775080044935532e-07
pcg-gs,8,609,2.7474489971003778e-07
pcg-gs,8,610,2.5924405277012762e-07
pcg-gs,8,611,2.6582520379027995e-07
pcg-gs,8,612,2.5798289534439497e-07
pcg-gs,8,613,2.5558013179554236e-07
pcg-gs,8,614,2.5931096837055947e-07
pcg-gs,8,615,2.6599284645056569e-07
pcg-gs,8,616,2.6309221786079612e-07
pcg-gs,8,617,2.6815629143132356e-07
pcg-gs,8,618,2.3421621083511541e-07
pcg-gs,8,619,2.5623600256711087e-07
pcg-gs,8,620,2.5114807615468127e-07
pcg-gs,8,621,2.3660090120873422e-07
pcg-gs,8,622,2.7236497041216169e-07
pcg-gs,8,623,2.4725367428315155e-07
pcg-gs,8,624,2.4512718033654007e-07
pcg-gs,8,625,2.6288098767718518e-07
pcg-gs,8,626,2.5141371912016405e-07
pcg-gs,8,627,2.3346344937146579e-07
pcg-gs,8,628,2.231392491619387e-07
pcg-gs,8,629,2.3783604943038181e-07
pcg-gs,8,630,2.2777808582561731e-07
pcg-gs,8,631,2.3565528037449718e-07
pcg-gs,8,632,2.166283075030436e-07
pcg-gs,8,633,2.4230991136598605e-07
pcg-gs,8,634,2.4206523793426255e-07
pcg-gs,8,635,3.3842015233560452e-07
pcg-gs,8,636,2.0196568823842191e-07
pcg-gs,8,637,2.2497067215166025e-07
pcg-gs,8,638,2.3382967282991512e-07
pcg-gs,8,639,2.2336540250906862e-07
pcg-gs,8,640,2.270938678773337e-07
pcg-gs,8,641,2.7805329564901112e-07
pcg-gs,8,642,2.1436412424108122e-07
pcg-gs,8,643,2.385012987411736e-07
pcg-gs,8,644,2.1986615189109172e-07
pcg-gs,8,645,2.2791439688773375e-07
pcg-gs,8,646,2.1818985148882741e-07
pcg-gs,8,647,2.2097532512893834e-07
pcg-gs,8,648,2.1060208550266849e-07
pcg-gs,8,649,2.0659758535611185e-07
pcg-gs,8,650,2.2543282790072934e-07
pcg-gs,8,651,2.5646094215061012e-07
pcg-gs,8,652,2.0063429284130179e-07
pcg-gs,8,653,2.09752227588351e-07
pcg-gs,8,654,1.9743872772373752e-07
pcg-gs,8,655,2.2791332551561225e-07
pcg-gs,8,656,2.1643704455244674e-07
pcg-gs,8,657,1.9551994871715497e-07
pcg-gs,8,658,2.2716551159409645e-07
pcg-gs,8,659,2.0839466857085073e-07
pcg-gs,8,660,1.9621791025090451e-07
pcg-gs,8,661,2.000608452783912e-07
pcg-gs,8,662,2.2869126843833827e-07
pcg-gs,8,663,1.9282453284247353e-07
pcg-gs,8,664,1.9376132910983758e-07
pcg-gs,8,665,1.8808690842016873e-07
pcg-gs,8,666,2.0863677727631711e-07
pcg-gs,8,667,2.0342136060278614e-07
pcg-gs,8,668,2.0785998827832451e-07
pcg-gs,8,669,1.9650316241654031e-07
pcg-gs,8,670,1.8474371920159402e-07
pcg-gs,8,671,1.6611176447395696e-07
pcg-gs,8,672,1.8531843236248097e-07
pcg-gs,8,673,1.6844752040778607e-07
pcg-gs,8,674,1.7113310511196006e-07
pcg-gs,8,675,1.6465135176103844e-07
pcg-gs,8,676,1.6467576837430422e-07
pcg-gs,8,677,1.8513426944105338e-07
pcg-gs,8,678,1.7251935025782535e-07
pcg-gs,8,679,1.7770074687732966e-07
pcg-gs,8,680,1.7431678640440246e-07
pcg-gs,8,681,1.6092569180776224e-07
pcg-gs,8,682,1.6563542254331294e-07
pcg-gs,8,683,1.5332497537790962e-07
pcg-gs,8,684,1.8254554832264197e-07
pcg-gs,8,685,1.6150612564451319e-07
pcg-gs,8,686,1.5398261923189171e-07
pcg-gs,8,687,1.5438122872901819e-07
pcg-gs,8,688,1.6116083482741392e-07
pcg-gs,8,689,1.5444635754827829e-07
pcg-gs,8,690,1.3637718033637878e-07
pcg-gs,8,691,1.5935333376072368e-07
pcg-gs,8,692,1.5738744720074473e-07
pcg-gs,8,693,1.468451737063803e-07
pcg-gs,8,694,1.6905526354815886e-07
pcg-gs,8,695,1.4575924685542696e-07
pcg-gs,8,696,1.4377708674637232e-07
pcg-gs,8,697,1.3441601348307843e-07
pcg-gs,8,698,1.5419850159302993e-07
pcg-gs,8,699,1.3309404251341804e-07
pcg-gs,8,700,1.4986908382575647e-07
pcg-gs,8,701,1.6439092579127825e-07
pcg-gs,8,702,1.457513611995945e-07
pcg-gs,8,703,1.4988145398295195e-07
pcg-gs,8,704,1.782094436729145e-07
pcg-gs,8,705,1.3891713507383212e-07
pcg-gs,8,706,1.2786715376525183e-07
pcg-gs,8,707,1.4102128081268921e-07
pcg-gs,8,708,1.3486351514111717e-07
pcg-gs,8,709,1.3984890592226506e-07
pcg-gs,8,710,1.5681923729331971e-07
pcg-gs,8,711,1.6759656972758599e-07
pcg-gs,8,712,1.3156387969143245e-07
pcg-gs,8,713,1.3045439526041127e-07
pcg-gs,8,714,1.7482637670217178e-07
pcg-gs,8,715,1.4655802405361598e-07
pcg-gs,8,716,1.2782388333760207e-07
pcg-gs,8,717,1.5865331356699362e-07
pcg-gs,8,718,1.3682432764394762e-07
pcg-gs,8,719,1.1541142507204394e-07
pcg-gs,8,720,1.7061335936621708e-07
pcg-gs,8,721,1.5536167259424244e-07
pcg-gs,8,722,1.0700263098553969e-07
pcg-gs,8,723,1.1954193686247079e-07
pcg-gs,8,724,1.5321475689602179e-07
pcg-gs,8,725,1.2251943447354896e-07
pcg-gs,8,726,1.0665489260204855e-07
pcg-gs,8,727,1.4826922183190335e-07
pcg-gs,8,728,1.2693877439007373e-07
pcg-gs,8,729,1.0770764304758285e-07
pcg-gs,8,730,1.5272546142690783e-07
pcg-gs,8,731,1.1533204534943679e-07
pcg-gs,8,732,9.5048333648718244e-08
pcg-gs,8,733,1.1532206004653398e-07
pcg-gs,8,734,1.1731545929561577e-07
pcg-gs,8,735,1.1036860112402517e-07
pcg-gs,8,736,1.0748562607822517e-07
pcg-gs,8,737,1.3643263706891049e-07
pcg-gs,8,738,1.1122432999216728e-07
pcg-gs,8,739,1.1492220615148282e-07
pcg-gs,8,740,1.4053699801898863e-07
pcg-gs,8,741,1.0084589489007082e-07
pcg-gs,8,742,1.0350816415988607e-07
pcg-gs,8,743,1.1265927469144451e-07
pcg-gs,8,744,1.1684764126155073e-07
pcg-gs,8,745,1.1179329729714034e-07
pcg-gs,8,746,1.0743545574393413e-07
pcg-gs,8,747,1.2548736837354521e-07
pcg-gs,8,748,9.3167147958422525e-08
pcg-gs,8,749,9.3582001232959208e-08
pcg-gs,8,750,1.2154430277969148e-07
pcg-gs,8,751,1.006247540668992e-07
pcg-gs,8,752,9.1314282929126491e-08
pcg-gs,8,753,1.2124008247301311e-07
pcg-gs,8,754,1.0135168285054643e-07
pcg-gs,8,755,8.9506697384663411e-08
pcg-gs,8,756,1.1989079181734233e-07
pcg-gs,8,757,1.1505902694342892e-07
pcg-gs,8,758,8.4261810977676321e-08
pcg-gs,8,759,8.5090578026276095e-08
pcg-gs,8,760,1.0419200008847308e-07
pcg-gs,8,761,8.3945732970347124e-08
pcg-gs,8,762,8.0093201295563851e-08
pcg-gs,8,763,1.1190006706450814e-07
pcg-gs,8,764,9.7990351552851214e-08
pcg-gs,8,765,8.3346761657509913e-08
pcg-gs,8,766,1.0140807798619046e-07
pcg-gs,8,767,9.1137510048214533e-08
pcg-gs,8,768,8.3969691292006278e-08
pcg-gs,8,769,9.2319462355322224e-08
pcg-gs,8,770,8.8768077841427792e-08
pcg-gs,8,771,8.3553507161810577e-08
pcg-gs,8,772,8.9094807382563006e-08
pcg-gs,8,773,9.390467369178741e-08
pcg-gs,8,774,8.8656688357662247e-08
pcg-gs,8,775,8.911381941191987e-08
pcg-gs,8,776,8.7872248929695919e-08
pcg-gs,8,777,8.1047419017975649e-08
pcg-gs,8,778,7.5283774696364356e-08
pcg-gs,8,779,9.6777306819013063e-08
pcg-gs,8,780,8.3984036535130129e-08
pcg-gs,8,781,8.0235340530761187e-08
pcg-gs,8,782,8.68957550712581e-08
pcg-gs,8,783,8.2922195127415181e-08
pcg-gs,8,784,7.7960374095016104e-08
pcg-gs,8,785,8.0661575298465418e-08
pcg-gs,8,786,8.0707893945450148e-08
pcg-gs,8,787,7.8125585809926906e-08
pcg-gs,8,788,7.4868257897045503e-08
pcg-gs,8,789,9.2573002178501816e-08
pcg-gs,8,790,7.8648409354547575e-08
pcg-gs,8,791,7.2461097603746434e-08
pcg-gs,8,792,8.348502244575536e-08
pcg-gs,8,793,7.1303035279860766e-08
pcg-gs,8,794,7.3117328782402511e-08
pcg-gs,8,795,8.2346489844649438e-08
pcg-gs,8,796,6.8362619255243872e-08
pcg-gs,8,797,6.8928172158105074e-08
pcg-gs,8,798,8.028448810281318e-08
pcg-gs,8,799,7.8290302340874121e-08
pcg-gs,8,800,8.287842362004958e-08
pcg-gs,8,801,7.2816996075296711e-08
pcg-gs,8,802,6.8296247599510664e-08
pcg-gs,8,803,7.8460072556464832e-08
pcg-gs,8,804,6.7059741223810582e-08
pcg-gs,8,805,7.2998076381443951e-08
pcg-gs,8,806,6.9510327349937805e-08
pcg-gs,8,807,6.705878084269524e-08
pcg-gs,8,808,7.2703261441461905e-08
pcg-gs,8,809,6.7941517264921263e-08
pcg-gs,8,810,6.4687245420979746e-08
pcg-gs,8,811,8.0941044291415026e-08
pcg-gs,8,812,5.9665945966677885e-08
pcg-gs,8,813,6.0867630032289737e-08
pcg-gs,8,814,5.9681044053767816e-08
pcg-gs,8,815,7.0525926630875011e-08
pcg-gs,8,816,5.6658562408111231e-08
pcg-gs,8,817,5.5381937850604285e-08
pcg-gs,8,818,5.8210981047030123e-08
pcg-gs,8,819,5.8005442267368376e-08
pcg-gs,8,820,5.477266442825548e-08
pcg-gs,8,821,5.9019711500705844e-08
pcg-gs,8,822,5.5585911966838466e-08
pcg-gs,8,823,5.0735746972717705e-08
pcg-gs,8,824,7.3040155560842554e-08
pcg-gs,8,825,5.5035245751233585e-08
pcg-gs,8,826,5.4973284060810259e-08
pcg-gs,8,827,5.9001994551166753e-08
pcg-gs,8,828,5.3084849860048406e-08
pcg-gs,8,829,6.3340948169858622e-08
pcg-gs,8,830,5.2608530759719554e-08
pcg-gs,8,831,5.8152223138573689e-08
pcg-gs,8,832,5.4816553712996125e-08
pcg-gs,8,833,4.9209236952205915e-08
pcg-gs,8,834,6.6663386141227408e-08
pcg-gs,8,835,5.5799181769552922e-08
pcg-gs,8,836,5.2339696926101613e-08
pcg-gs,8,837,5.3641201842559718e-08
pcg-gs,8,838,4.8257333414763272e-08
pcg-gs,8,839,4.9273552895238867e-08
pcg-gs,8,840,6.0601777069703732e-08
pcg-gs,8,841,4.9046822991820834e-08
pcg-gs,8,842,6.3917707545139525e-08
pcg-gs,8,843,5.1903131695484648e-08
pcg-gs,8,844,5.6882051681550138e-08
pcg-gs,8,845,4.2680340208076401e-08
pcg-gs,8,846,5.2766243831461595e-08
pcg-gs,8,847,5.1095165341400274e-08
pcg-gs,8,848,5.122991517397866e-08
pcg-gs,8,849,5.2088762122530768e-08
pcg-gs,8,850,6.0781660056715743e-08
pcg-gs,8,851,4.752853601291792e-08
pcg-gs,8,852,4.7727194966565731e-08
pcg-gs,8,853,5.0172582298653674e-08
pcg-gs,8,854,4.9364518350647822e-08
pcg-gs,8,855,4.4317492146719484e-08
pcg-gs,8,856,4.5486619376469289e-08
pcg-gs,8,857,4.745565319364139e-08
pcg-gs,8,858,4.3356544329410666e-08
pcg-gs,8,859,4.3022910678976811e-08
pcg-gs,8,860,4.9904961019631961e-08
pcg-gs,8,861,4.7643304457285695e-08
pcg-gs,8,862,4.2946744101924975e-08
pcg-gs,8,863,3.9920493318234339e-08
pcg-gs,8,864,3.9869001918307105e-08
pcg-gs,8,865,4.6113255855795612e-08
pcg-gs,8,866,4.2098086066720003e-08
pcg-gs,8,867,3.5242826752876789e-08
pcg-gs,8,868,4.2995218557480715e-08
pcg-gs,8,869,4.1445961152878174e-08
pcg-gs,8,870,4.5388609459714746e-08
pcg-gs,8,871,4.0949162924367741e-08
pcg-gs,8,872,4.4531829576307175e-08
pcg-gs,8,873,3.864103966852271e-08
pcg-gs,8,874,4.177056468517011e-08
pcg-gs,8,875,4.0039605608002919e-08
pcg-gs,8,876,3.6833860536976463e-08
pcg-gs,8,877,3.4805141090964021e-08
pcg-gs,8,878,3.7804185504745281e-08
pcg-gs,8,879,3.5404329378046454e-08
pcg-gs,8,880,3.4050654524141619e-08
pcg-gs,8,881,3.5603565581118173e-08
pcg-gs,8,882,4.0246124860563341e-08
pcg-gs,8,883,4.4228210704279657e-08
pcg-gs,8,884,3.3325918182197942e-08
pcg-gs,8,885,3.710954859127624e-08
pcg-gs,8,886,3.7586497062676103e-08
pcg-gs,8,887,3.755145931615788e-08
pcg-gs,8,888,3.3362333793847856e-08
pcg-gs,8,889,3.4248363070340312e-08
pcg-gs,8,890,3.3960044991498144e-08
pcg-gs,8,891,3.3349092461299317e-08
pcg-gs,8,892,3.2534110109934071e-08
pcg-gs,8,893,3.1605433527455608e-08
pcg-gs,8,894,3.2364536417139669e-08
pcg-gs,8,895,3.7914020444493394e-08
pcg-gs,8,896,3.9677781149120355e-08
pcg-gs,8,897,3.4417292126533584e-08
pcg-gs,8,898,3.6021959569931876e-08
pcg-gs,8,899,3.6333492393081974e-08
pcg-gs,8,900,3.5210046189945461e-08
pcg-gs,8,901,3.6610287382100054e-08
pcg-gs,8,902,3.5445693522009111e-08
pcg-gs,8,903,3.7467386698624984e-08
pcg-gs,8,904,3.2301835982782998e-08
pcg-gs,8,905,3.7813219438448377e-08
pcg-gs,8,906,3.5771021434143488e-08
pcg-gs,8,907,3.2891099073226357e-08
pcg-gs,8,908,3.6958778051845175e-08
pcg-gs,8,909,3.5894501440393037e-08
pcg-gs,8,910,3.9668420153091573e-08
pcg-gs,8,911,4.2192961088710684e-08
pcg-gs,8,912,3.8810550879753246e-08
pcg-gs,8,913,3.4152101380304627e-08
pcg-gs,8,914,3.7825807716147866e-08
pcg-gs,8,915,3.861403642968408e-08
pcg-gs,8,916,3.2987640982215927e-08
pcg-gs,8,917,3.4033068934170627e-08
pcg-gs,8,918,3.66838712868579e-08
pcg-gs,8,919,3.3655470148176023e-08
pcg-gs,8,920,3.4069948563837589e-08
pcg-gs,8,921,3.7998477332101393e-08
pcg-gs,8,922,3.0855829036941254e-08
pcg-gs,8,923,3.378053816214906e-08
pcg-gs,8,924,3.792250266184368e-08
pcg-gs,8,925,3.3700599988875178e-08
pcg-gs,8,926,3.3046585472416322e-08
pcg-gs,8,927,3.7703323529266006e-08
pcg-gs,8,928,3.4694917479343069e-08
pcg-gs,8,929,3.1969716646586647e-08
pcg-gs,8,930,4.7203697061248386e-08
pcg-gs,8,931,3.246935794492513e-08
pcg-gs,8,932,3.7876524279907327e-08
pcg-gs,8,933,4.6721907923279174e-08
pcg-gs,8,934,3.3042075536600315e-08
pcg-gs,8,935,2.9045541450633711e-08
pcg-gs,8,936,3.3592847451654937e-08
pcg-gs,8,937,3.3235116275262471e-08
pcg-gs,8,938,3.150709697811914e-08
pcg-gs,8,939,3.2716049383863386e-08
pcg-gs,8,940,3.1777653490105625e-08
pcg-gs,8,941,3.4511491050943471e-08
pcg-gs,8,942,3.3299272996381717e-08
pcg-gs,8,943,2.7951813485283451e-08
pcg-gs,8,944,3.0938564454444998e-08
pcg-gs,8,945,3.5149001508846682e-08
pcg-gs,8,946,2.8689398607174992e-08
pcg-gs,8,947,2.927539866731396e-08
pcg-gs,8,948,2.9722836831448866e-08
pcg-gs,8,949,2.9547883689613055e-08
pcg-gs,8,950,2.7124471731210228e-08
pcg-gs,8,951,2.6036259137107286e-08
pcg-gs,8,952,3.0631313723944477e-08
pcg-gs,8,953,2.8652886139385878e-08
pcg-gs,8,954,2.9432154777721728e-08
pcg-gs,8,955,2.9335133629686973e-08
pcg-gs,8,956,2.8988053210049409e-08
pcg-gs,8,957,3.4830930541548881e-08
pcg-gs,8,958,2.6092213223985003e-08
pcg-gs,8,959,2.7811461505702302e-08
pcg-gs,8,960,3.2405649917513093e-08
pcg-gs,8,961,2.7571366637411526e-08
pcg-gs,8,962,2.833137438354852e-08
pcg-gs,8,963,3.0498320862615993e-08
pcg-gs,8,964,3.2682271891596725e-08
pcg-gs,8,965,2.601631549015295e-08
pcg-gs,8,966,3.0933020684017893e-08
pcg-gs,8,967,2.9058023092735478e-08
pcg-gs,8,968,2.4731700923787139e-08
pcg-gs,8,969,2.9802213333338881e-08
pcg-gs,8,970,2.7186484959727053e-08
pcg-gs,8,971,2.3102543690683452e-08
pcg-gs,8,972,2.1518471584113165e-08
pcg-gs,8,973,2.2893053623800315e-08
pcg-gs,8,974,2.2853495475359276e-08
pcg-gs,8,975,2.4701300460760705e-08
pcg-gs,8,976,2.6351469340068948e-08
pcg-gs,8,977,2.2191467070855742e-08
pcg-gs,8,978,2.2508609596793935e-08
pcg-gs,8,979,2.6023867941383106e-08
pcg-gs,8,980,2.1311741807337929e-08
pcg-gs,8,981,2.1658998732870232e-08
pcg-gs,8,982,2.2173614396768245e-08
pcg-gs,8,983,2.1343314171470943e-08
pcg-gs,8,984,2.2017139057869558e-08
pcg-gs,8,985,2.2236579616065e-08
pcg-gs,8,986,2.779534800002733e-08
pcg-gs,8,987,2.3666075418109752e-08
pcg-gs,8,988,2.2576407142269845e-08
pcg-gs,8,989,2.1575504917591283e-08
pcg-gs,8,990,1.8662443331779468e-08
pcg-gs,8,991,2.2359693667033593e-08
pcg-gs,8,992,2.0135115670498087e-08
pcg-gs,8,993,1.9134666051706506e-08
pcg-gs,8,994,2.2919847126402621e-08
pcg-gs,8,995,2.1411906637912119e-08
pcg-gs,8,996,2.1105862042077602e-08
pcg-gs,8,997,2.1022033840679355e-08
pcg-gs,8,998,1.9399039260757332e-08
pcg-gs,8,999,2.2635698445229569e-08
pcg-gs,8,1000,2.0260023931746563e-08
pcg-gs,8,1001,2.0846325439922107e-08
pcg-gs,8,1002,2.3129988145907754e-08
pcg-gs,8,1003,2.1923541087301563e-08
pcg-gs,8,1004,1.9991825208801931e-08
pcg-gs,8,1005,1.9156031885602774e-08
pcg-gs,8,1006,2.0562607893747695e-08
pcg-gs,8,1007,1.9504756438411144e-08
pcg-gs,8,1008,2.4229012887144009e-08
pcg-gs,8,1009,2.5411304130430808e-08
pcg-gs,8,1010,2.0324490728364549e-08
pcg-gs,8,1011,2.1253827291453973e-08
pcg-gs,8,1012,2.9508634117169206e-08
pcg-gs,8,1013,2.0497191739312071e-08
pcg-gs,8,1014,2.4376699056022128e-08
pcg-gs,8,1015,2.6873809896844495e-08
pcg-gs,8,1016,2.0936887296384023e-08
pcg-gs,8,1017,2.6472167899013206e-08
pcg-gs,8,1018,3.3435613812433949e-08
pcg-gs,8,1019,2.130211151717874e-08
pcg-gs,8,1020,2.294908694676797e-08
pcg-gs,8,1021,3.0409935749258043e-08
pcg-gs,8,1022,2.02676253597571e-08
pcg-gs,8,1023,2.2867154379062469e-08
pcg-gs,8,1024,2.952163999342387e-08
pcg-gs,8,1025,2.161525249232133e-08
pcg-gs,8,1026,2.005843335163008e-08
pcg-gs,8,1027,3.1065818191360019e-08
pcg-gs,8,1028,2.5456506751237295e-08
pcg-gs,8,1029,1.8265714443732435e-08
pcg-gs,8,1030,2.665846798123774e-08
pcg-gs,8,1031,2.0560517554145223e-08
pcg-gs,8,1032,1.7237773056517078e-08
pcg-gs,8,1033,2.7166412830271663e-08
pcg-gs,8,1034,2.5278977187864883e-08
pcg-gs,8,1035,2.1313086758113918e-08
pcg-gs,8,1036,2.482154308928603e-08
pcg-gs,8,1037,2.6618743642973078e-08
pcg-gs,8,1038,2.0639864242331707e-08
pcg-gs,8,1039,2.1811580373663207e-08
pcg-gs,8,1040,2.6544142518109508e-08
pcg-gs,8,1041,1.8270486536526723e-08
pcg-gs,8,1042,2.3388688857798367e-08
pcg-gs,8,1043,2.3561802086838823e-08
pcg-gs,8,1044,1.9129572782847083e-08
pcg-gs,8,1045,2.7583139288973212e-08
pcg-gs,8,1046,2.6499728451410835e-08
pcg-gs,8,1047,1.8587234176516172e-08
pcg-gs,8,1048,2.1859814875214305e-08
pcg-gs,8,1049,2.915701977208867e-08
pcg-gs,8,1050,2.6204369970559461e-08
pcg-gs,8,1051,2.4459765723145792e-08
pcg-gs,8,1052,3.1636006665681176e-08
pcg-gs,8,1053,2.8349848837882791e-08
pcg-gs,8,1054,2.245309043903884e-08
pcg-gs,8,1055,3.1856190746666364e-08
pcg-gs,8,1056,3.0769948130892551e-08
pcg-gs,8,1057,2.1474630191660822e-08
pcg-gs,8,1058,2.1367680522845354e-08
pcg-gs,8,1059,2.2646441230176199e-08
pcg-gs,8,1060,1.9447760872855137e-08
pcg-gs,8,1061,2.0467853242188393e-08
pcg-gs,8,1062,2.2299542710711833e-08
pcg-gs,8,1063,2.0402259763753217e-08
pcg-gs,8,1064,1.8996517798101928e-08
pcg-gs,8,1065,2.3522163466086278e-08
pcg-gs,8,1066,2.5761521834016525e-08
pcg-gs,8,1067,2.2265825952993635e-08
pcg-gs,8,1068,2.148213461421177e-08
pcg-gs,8,1069,2.5888041222666095e-08
pcg-gs,8,1070,2.2054856477735077e-08
pcg-gs,8,1071,2.134230997209488e-08
pcg-gs,8,1072,3.1036244601218671e-08
pcg-gs,8,1073,3.1225436041034051e-08
pcg-gs,8,1074,2.2271047673511859e-08
pcg-gs,8,1075,2.6820788271466305e-08
pcg-gs,8,1076,2.7897342268254575e-08
pcg-gs,8,1077,2.3353048748899749e-08
pcg-gs,8,1078,2.6613081376192684e-08
pcg-gs,8,1079,3.0795752730111279e-08
pcg-gs,8,1080,2.5642438604405957e-08
pcg-gs,8,1081,2.4331469216019182e-08
pcg-gs,8,1082,3.1382813456767884e-08
pcg-gs,8,1083,2.9138652997568406e-08
pcg-gs,8,1084,2.115606676194445e-08
pcg-gs,8,1085,3.2949671080735023e-08
pcg-gs,8,1086,2.256572488203794e-08
pcg-gs,8,1087,2.3763887391045982e-08
pcg-gs,8,1088,2.9517485079110682e-08
pcg-gs,8,1089,2.794124192164125e-08
pcg-gs,8,1090,2.1679690835753565e-08
pcg-gs,8,1091,2.3709937661593263e-08
pcg-gs,8,1092,3.0510922334359767e-08
pcg-gs,8,1093,2.949272969608138e-08
pcg-gs,8,1094,3.0075789852707293e-08
pcg-gs,8,1095,3.0978004295290226e-08
pcg-gs,8,1096,3.4603264440476747e-08
pcg-gs,8,1097,2.4863127027969213e-08
pcg-gs,8,1098,3.3488489344972103e-08
pcg-gs,8,1099,2.7020128021855893e-08
pcg-gs,8,1100,2.4410860194228395e-08
pcg-gs,8,1101,3.053487131674458e-08
pcg-gs,8,1102,2.1808579506048236e-08
pcg-gs,8,1103,3.0441561394838841e-08
pcg-gs,8,1104,3.0894595832085304e-08
pcg-gs,8,1105,2.3712848498463153e-08
pcg-gs,8,1106,3.2486230429198349e-08
pcg-gs,8,1107,3.3774517402892569e-08
pcg-gs,8,1108,3.1015123074671936e-08
pcg-gs,8,1109,3.1564283462388375e-08
pcg-gs,8,1110,4.1338611663901746e-08
pcg-gs,8,1111,3.5027048247675943e-08
pcg-gs,8,1112,2.7642046578544783e-08
pcg-gs,8,1113,3.0574364699242682e-08
pcg-gs,8,1114,3.3403185887204386e-08
pcg-gs,8,1115,2.702347673261829e-08
pcg-gs,8,1116,2.3697913457298973e-08
pcg-gs,8,1117,3.0138122162243881e-08
pcg-gs,8,1118,2.8788678408424438e-08
pcg-gs,8,1119,2.5962595509656941e-08
pcg-gs,8,1120,3.4719006395459748e-08
pcg-gs,8,1121,2.3548127730167273e-08
pcg-gs,8,1122,2.6529296739076898e-08
pcg-gs,8,1123,3.106476884234898e-08
pcg-gs,8,1124,2.718946521272701e-08
pcg-gs,8,1125,2.4859104214410546e-08
pcg-gs,8,1126,2.9862836328974515e-08
pcg-gs,8,1127,2.1809882140229603e-08
pcg-gs,8,1128,2.7605549729208035e-08
pcg-gs,8,1129,2.6237452549095362e-08
pcg-gs,8,1130,2.1568349955164648e-08
pcg-gs,8,1131,2.9131484404022447e-08
pcg-gs,8,1132,2.5750667011484791e-08
pcg-gs,8,1133,2.6633712782214118e-08
pcg-gs,8,1134,2.6742243605634563e-08
pcg-gs,8,1135,2.5188667869256419e-08
pcg-gs,8,1136,3.0310417092060043e-08
pcg-gs,8,1137,3.1092018252940354e-08
pcg-gs,8,1138,2.3749664806313257e-08
pcg-gs,8,1139,2.3515631058410153e-08
pcg-gs,8,1140,2.9543065150878908e-08
pcg-gs,8,1141,3.017718460003035e-08
pcg-gs,8,1142,2.1034485610195253e-08
pcg-gs,8,1143,3.1958372154331163e-08
pcg-gs,8,1144,2.4647098929407722e-08
pcg-gs,8,1145,2.746599869319112e-08
pcg-gs,8,1146,2.9325125782378383e-08
pcg-gs,8,1147,2.7694687065578982e-08
pcg-gs,8,1148,2.4671763782616742e-08
pcg-gs,8,1149,2.0844567778409885e-08
pcg-gs,8,1150,2.8213891828893262e-08
pcg-gs,8,1151,2.9118632939222097e-08
pcg-gs,8,1152,2.3081678437682088e-08
pcg-gs,8,1153,2.738509966222556e-08
pcg-gs,8,1154,2.7114009595363299e-08
pcg-gs,8,1155,2.9348035210835841e-08
pcg-gs,8,1156,2.3988134486007817e-08
pcg-gs,8,1157,3.0847960272203269e-08
pcg-gs,8,1158,2.5181953640435098e-08
pcg-gs,8,1159,2.7164230016817176e-08
pcg-gs,8,1160,2.8441603718582459e-08
pcg-gs,8,1161,2.5815920258820647e-08
pcg-gs,8,1162,2.7328486185291337e-08
pcg-gs,8,1163,2.4350488158185074e-08
pcg-gs,8,1164,2.685775600132377e-08
pcg-gs,8,1165,2.9645096078244281e-08
pcg-gs,8,1166,2.5046803168149069e-08
pcg-gs,8,1167,2.9091166641964033e-08
pcg-gs,8,1168,2.666385399345439e-08
pcg-gs,8,1169,2.2391751356886668e-08
pcg-gs,8,1170,2.3908721586001166e-08
pcg-gs,8,1171,3.1034051911257425e-08
pcg-gs,8,1172,2.5066659406000043e-08
pcg-gs,8,1173,2.4036246266843919e-08
pcg-gs,8,1174,2.4601598639276222e-08
pcg-gs,8,1175,2.5766860848597225e-08
pcg-gs,8,1176,2.6206733270669476e-08
pcg-gs,8,1177,1.9825854067612544e-08
pcg-gs,8,1178,2.6478752360358999e-08
pcg-gs,8,1179,2.1780237074219154e-08
pcg-gs,8,1180,2.0265526804450727e-08
pcg-gs,8,1181,3.0943497913869145e-08
pcg-gs,8,1182,2.4879708741251712e-08
pcg-gs,8,1183,2.1432493006303935e-08
pcg-gs,8,1184,2.4630402523907846e-08
pcg-gs,8,1185,2.1880326372619117e-08
pcg-gs,8,1186,2.4631505105032552e-08
pcg-gs,8,1187,2.3473958677061161e-08
pcg-gs,8,1188,2.5145224299070191e-08
pcg-gs,8,1189,2.5121646681356914e-08
pcg-gs,8,1190,2.2774597206264822e-08
pcg-gs,8,1191,2.6364531210015894e-08
pcg-gs,8,1192,2.1873286466900639e-08
pcg-gs,8,1193,2.1469931975729887e-08
pcg-gs,8,1194,2.2033404782938638e-08
pcg-gs,8,1195,1.6496482701939617e-08
pcg-gs,8,1196,1.6785555588736936e-08
pcg-gs,8,1197,2.3608335543737322e-08
pcg-gs,8,1198,1.9388112384382473e-08
pcg-gs,8,1199,1.5245436494563495e-08
pcg-gs,8,1200,1.8965330749261172e-08
pcg-gs,8,1201,1.9770661428987625e-08
pcg-gs,8,1202,1.777856140880092e-08
pcg-gs,8,1203,1.7493442946208377e-08
pcg-gs,8,1204,1.8730113614619646e-08
pcg-gs,8,1205,1.7710151534776613e-08
pcg-gs,8,1206,1.8352744581547867e-08
pcg-gs,8,1207,2.0245785503551752e-08
pcg-gs,8,1208,1.7178494992676284e-08
pcg-gs,8,1209,1.7386532060707459e-08
pcg-gs,8,1210,1.4821601778707253e-08
pcg-gs,8,1211,1.6104159285602785e-08
pcg-gs,8,1212,1.7862243449927443e-08
pcg-gs,8,1213,1.3775663044752366e-08
pcg-gs,8,1214,1.6036298362205828e-08
pcg-gs,8,1215,1.6155026383739757e-08
pcg-gs,8,1216,1.6366965211532872e-08
pcg-gs,8,1217,1.7400135198173923e-08
pcg-gs,8,1218,1.5780422260349931e-08
pcg-gs,8,1219,1.5209263606599768e-08
pcg-gs,8,1220,1.4446484541958756e-08
pcg-gs,8,1221,1.7330374356494397e-08
pcg-gs,8,1222,1.5672533065735779e-08
pcg-gs,8,1223,1.399011441594179e-08
pcg-gs,8,1224,1.5141688409555353e-08
pcg-gs,8,1225,1.920062022977912e-08
pcg-gs,8,1226,1.4296182685641175e-08
pcg-gs,8,1227,1.3888237892712825e-08
pcg-gs,8,1228,1.5997870143878959e-08
pcg-gs,8,1229,1.7348022063107923e-08
pcg-gs,8,1230,1.1454141787227969e-08
pcg-gs,8,1231,1.20945956915695e-08
pcg-gs,8,1232,1.635375161029178e-08
pcg-gs,8,1233,1.3515585595225512e-08
pcg-gs,8,1234,1.3121330179374248e-08
pcg-gs,8,1235,1.2117151050031287e-08
pcg-gs,8,1236,1.1479680173513404e-08
pcg-gs,8,1237,1.2926951125997631e-08
pcg-gs,8,1238,1.0923132804946929e-08
pcg-gs,8,1239,1.0649814611268334e-08
pcg-gs,8,1240,1.1278898538541912e-08
pcg-gs,8,1241,1.1986134457317089e-08
pcg-gs,8,1242,1.0751698605260782e-08
pcg-gs,8,1243,1.1546337763458413e-08
pcg-gs,8,1244,1.161878232679192e-08
pcg-gs,8,1245,1.2914057960459945e-08
pcg-gs,8,1246,1.0636780901558538e-08
pcg-gs,8,1247,1.1206243056285504e-08
pcg-gs,8,1248,1.3280553274452876e-08
pcg-gs,8,1249,1.2608377811697939e-08
pcg-gs,8,1250,1.1912119261934448e-08
pcg-gs,8,1251,1.2638491837833259e-08
pcg-gs,8,1252,1.5104272412327031e-08
pcg-gs,8,1253,1.1571540410586162e-08
pcg-gs,8,1254,1.0503186995927573e-08
pcg-gs,8,1255,1.424034936502808e-08
pcg-gs,8,1256,1.0504785658245481e-08
pcg-gs,8,1257,1.0788924401055847e-08
pcg-gs,8,1258,1.1347210693379781e-08
pcg-gs,8,1259,1.247702746630336e-08
pcg-gs,8,1260,1.1978153020351665e-08
pcg-gs,8,1261,1.0833832711495869e-08
pcg-gs,8,1262,9.6546333664090722e-09
pcg-gs,8,1263,1.2177567989141161e-08
pcg-gs,8,1264,1.2729218502696622e-08
pcg-gs,8,1265,9.9859356106895643e-09
pcg-gs,8,1266,1.1040074391652282e-08
pcg-gs,8,1267,1.2856550124316218e-08
pcg-gs,8,1268,1.3843236652537908e-08
pcg-gs,8,1269,1.1077013489891533e-08
pcg-gs,8,1270,1.107809070832208e-08
pcg-gs,8,1271,1.3484450087017792e-08
pcg-gs,8,1272,9.084335117700937e-09
pcg-gs,8,1273,1.0708335740436825e-08
pcg-gs,8,1274,9.4591928113439755e-09
pcg-gs,8,1275,1.1194963893206834e-08
pcg-gs,8,1276,9.8393794562338554e-09
pcg-gs,8,1277,8.69836656751545e-09
pcg-gs,8,1278,9.2541571667564584e-09
pcg-gs,8,1279,1.124018557805504e-08
pcg-gs,8,1280,9.5043275869681736e-09
pcg-gs,8,1281,8.1680382993453392e-09
pcg-gs,8,1282,1.0930142631598683e-08
pcg-gs,8,1283,8.2066683670406498e-09
pcg-gs,8,1284,8.2373160337854636e-09
pcg-gs,8,1285,1.0174929622601336e-08
pcg-gs,8,1286,8.4293645632934295e-09
pcg-gs,8,1287,7.8473612816412326e-09
pcg-gs,8,1288,9.7376130113614812e-09
pcg-gs,8,1289,1.0525807323149706e-08
pcg-gs,8,1290,9.3580632370734364e-09
pcg-gs,8,1291,7.006772172317608e-09
pcg-gs,8,1292,9.4154129251331314e-09
pcg-gs,8,1293,7.4674872902976824e-09
pcg-gs,8,1294,7.7261540499556477e-09
pcg-gs,8,1295,9.6184562769638392e-09
pcg-gs,8,1296,7.8444062304037607e-09
pcg-gs,8,1297,6.9268972034568697e-09
pcg-gs,8,1298,8.5685681109009982e-09
pcg-gs,8,1299,7.1540110224320977e-09
pcg-gs,8,1300,8.1732235500837859e-09
pcg-gs,8,1301,7.0116258669753542e-09
pcg-gs,8,1302,6.9099980723955798e-09
pcg-gs,8,1303,8.0531691207764497e-09
pcg-gs,8,1304,7.2051996933830975e-09
pcg-gs,8,1305,8.1599448085924186e-09
pcg-gs,8,1306,7.3509478627904124e-09
pcg-gs,8,1307,6.771713927345763e-09
pcg-gs,8,1308,7.7219479256166664e-09
pcg-gs,8,1309,6.5157818233974101e-09
pcg-gs,8,1310,5.9120856037596792e-09
pcg-gs,8,1311,7.424129971763194e-09
pcg-gs,8,1312,8.1095995092227239e-09
pcg-gs,8,1313,6.061737297764071e-09
pcg-gs,8,1314,7.7858967623069226e-09
pcg-gs,8,1315,7.489233560282655e-09
pcg-gs,8,1316,6.5638515915444604e-09
pcg-gs,8,1317,6.1584161150576045e-09
pcg-gs,8,1318,6.8486231145246534e-09
pcg-gs,8,1319,6.8326702690020764e-09
pcg-gs,8,1320,6.130592218522303e-09
pcg-gs,8,1321,8.218424360168872e-09
pcg-gs,8,1322,6.7331677874958948e-09
pcg-gs,8,1323,6.0636842033598447e-09
pcg-gs,8,1324,7.972668960733422e-09
pcg-gs,8,1325,7.4164109538821955e-09
pcg-gs,8,1326,5.4754795542764031e-09
pcg-gs,8,1327,6.3053756000428891e-09
pcg-gs,8,1328,7.6077908628362513e-09
pcg-gs,8,1329,5.4987761436875423e-09
pcg-gs,8,1330,6.0481961720737748e-09
pcg-gs,8,1331,7.7712243251261712e-09
pcg-gs,8,1332,5.2465377111525417e-09
pcg-gs,8,1333,5.69451963890698e-09
pcg-gs,8,1334,8.3814434406693355e-09
pcg-gs,8,1335,5.3476908714940219e-09
pcg-gs,8,1336,5.349130122266442e-09
pcg-gs,8,1337,7.4297958533748452e-09
pcg-gs,8,1338,6.2827498757160067e-09
pcg-gs,8,1339,6.0664784014738454e-09
pcg-gs,8,1340,6.4881082438887662e-09
pcg-gs,8,1341,5.9248318211354675e-09
pcg-gs,8,1342,5.8181466763473825e-09
pcg-gs,8,1343,6.9282463660059291e-09
pcg-gs,8,1344,5.492679574629155e-09
pcg-gs,8,1345,5.7935005635150196e-09
pcg-gs,8,1346,6.3205192224015273e-09
pcg-gs,8,1347,6.2014776345560645e-09
pcg-gs,8,1348,4.677677661362236e-09
pcg-gs,8,1349,4.6467017063480688e-09
pcg-gs,8,1350,5.8142848699110858e-09
pcg-gs,8,1351,4.5529601722361344e-09
pcg-gs,8,1352,4.0955384297965172e-09
pcg-gs,8,1353,4.8568373186843196e-09
pcg-gs,8,1354,5.649349596599714e-09
pcg-gs,8,1355,4.4451662819090607e-09
pcg-gs,8,1356,5.1828532623627498e-09
pcg-gs,8,1357,4.6144369548443538e-09
pcg-gs,8,1358,5.1203616212500689e-09
pcg-gs,8,1359,4.0893504837445373e-09
pcg-gs,8,1360,4.0499269147604165e-09
pcg-gs,8,1361,5.363282113890545e-09
pcg-gs,8,1362,3.6846674841302801e-09
pcg-gs,8,1363,4.2821397077092031e-09
pcg-gs,8,1364,4.4723654408887107e-09
pcg-gs,8,1365,3.9817615642532093e-09
pcg-gs,8,1366,4.2120683547143548e-09
pcg-gs,8,1367,5.4976323682322437e-09
pcg-gs,8,1368,3.6041981680950464e-09
pcg-gs,8,1369,3.6937714278654014e-09
pcg-gs,8,1370,5.7470410393787387e-09
pcg-gs,8,1371,4.7055509294505887e-09
pcg-gs,8,1372,3.8547486162757601e-09
pcg-gs,8,1373,4.4729523043576531e-09
pcg-gs,8,1374,3.8373806850269519e-09
pcg-gs,8,1375,3.5422103121946825e-09
pcg-gs,8,1376,3.9197679357305291e-09
pcg-gs,8,1377,3.4295962319616594e-09
pcg-gs,8,1378,3.1727888049665626e-09
pcg-gs,8,1379,4.0804577365896308e-09
pcg-gs,8,1380,3.6165174647981584e-09
pcg-gs,8,1381,3.8923074629888232e-09
pcg-gs,8,1382,4.0709120951120142e-09
pcg-gs,8,1383,4.2328674145883679e-09
pcg-gs,8,1384,3.4071629496514056e-09
pcg-gs,8,1385,4.0465272146859884e-09
pcg-gs,8,1386,3.8303950508020132e-09
pcg-gs,8,1387,3.0435162089976839e-09
pcg-gs,8,1388,4.2170059439354079e-09
pcg-gs,8,1389,3.985563942169441e-09
pcg-gs,8,1390,3.3589292203322213e-09
pcg-gs,8,1391,4.8474894383043684e-09
pcg-gs,8,1392,3.5665121105203922e-09
pcg-gs,8,1393,3.4920900714393023e-09
pcg-gs,8,1394,4.4018764083754268e-09
pcg-gs,8,1395,3.8041020175632314e-09
pcg-gs,8,1396,3.1401594262535338e-09
pcg-gs,8,1397,3.5970602165295717e-09
pcg-gs,8,1398,4.0385436155788077e-09
pcg-gs,8,1399,3.4826061454203313e-09
pcg-gs,8,1400,3.9684502368891624e-09
pcg-gs,8,1401,3.974176399535551e-09
pcg-gs,8,1402,3.8516994511912506e-09
pcg-gs,8,1403,3.8471099006696614e-09
pcg-gs,8,1404,4.1545307686047428e-09
pcg-gs,8,1405,4.3345573221157928e-09
pcg-gs,8,1406,3.3964193726422668e-09
pcg-gs,8,1407,3.9624877251738541e-09
pcg-gs,8,1408,3.9287392350129824e-09
pcg-gs,8,1409,2.9007795105558977e-09
pcg-gs,8,1410,4.1010972893117596e-09
pcg-gs,8,1411,3.3861988446248582e-09
pcg-gs,8,1412,2.6381978135283027e-09
pcg-gs,8,1413,4.0558790706802784e-09
pcg-gs,8,1414,3.8185137912321492e-09
pcg-gs,8,1415,3.2178652169831701e-09
pcg-gs,8,1416,3.268536726391038e-09
pcg-gs,8,1417,3.3311535202529646e-09
pcg-gs,8,1418,3.1914681330498353e-09
pcg-gs,8,1419,3.0021541864559516e-09
pcg-gs,8,1420,2.8472779257327504e-09
pcg-gs,8,1421,2.4949503244894956e-09
pcg-gs,8,1422,3.4790052051343565e-09
pcg-gs,8,1423,2.5303584180942217e-09
pcg-gs,8,1424,2.5372145979259257e-09
pcg-gs,8,1425,3.3447960499641275e-09
pcg-gs,8,1426,2.7580711901697717e-09
pcg-gs,8,1427,2.7691130237060045e-09
pcg-gs,8,1428,3.1420840040850683e-09
pcg-gs,8,1429,2.8333120382060599e-09
pcg-gs,8,1430,2.3334558653311043e-09
pcg-gs,8,1431,3.0975386835174387e-09
pcg-gs,8,1432,2.8710588891038272e-09
pcg-gs,8,1433,2.2303532486796606e-09
pcg-gs,8,1434,2.928893383780203e-09
pcg-gs,8,1435,2.9488225766482254e-09
pcg-gs,8,1436,2.3866985775367748e-09
pcg-gs,8,1437,2.516976426527893e-09
pcg-gs,8,1438,3.265323895413339e-09
pcg-gs,8,1439,2.0085231402593004e-09
pcg-gs,8,1440,2.5306418854466017e-09
pcg-gs,8,1441,3.5278340574142199e-09
pcg-gs,8,1442,2.0432483245488601e-09
pcg-gs,8,1443,2.0850684154118898e-09
pcg-gs,8,1444,3.3658245166619699e-09
pcg-gs,8,1445,2.1892683735650192e-09
pcg-gs,8,1446,1.8546448302811838e-09
pcg-gs,8,1447,2.9270390032833453e-09
pcg-gs,8,1448,2.3960520529539203e-09
pcg-gs,8,1449,1.7200317243355432e-09
pcg-gs,8,1450,2.6530174280243965e-09
pcg-gs,8,1451,2.287789216142836e-09
pcg-gs,8,1452,2.0561588141106454e-09
pcg-gs,8,1453,2.4592017883108937e-09
pcg-gs,8,1454,2.227064542336956e-09
pcg-gs,8,1455,1.9886023497777021e-09
pcg-gs,8,1456,2.3082457906403501e-09
pcg-gs,8,1457,2.462346052158234e-09
pcg-gs,8,1458,2.1170183905410674e-09
pcg-gs,8,1459,1.9092200647500818e-09
pcg-gs,8,1460,2.5103894322079277e-09
pcg-gs,8,1461,2.682749459835818e-09
pcg-gs,8,1462,2.1026017572037682e-09
pcg-gs,8,1463,2.218611811483546e-09
pcg-gs,8,1464,2.382051982982136e-09
pcg-gs,8,1465,2.1772158761105838e-09
pcg-gs,8,1466,2.1585525277909807e-09
pcg-gs,8,1467,2.0909003134460458e-09
pcg-gs,8,1468,2.060385996380635e-09
pcg-gs,8,1469,2.1099870079040995e-09
pcg-gs,8,1470,1.8313909169112575e-09
pcg-gs,8,1471,2.0075821949188066e-09
pcg-gs,8,1472,1.84552676773716e-09
pcg-gs,8,1473,2.0013509590349053e-09
pcg-gs,8,1474,1.7152148069306783e-09
pcg-gs,8,1475,1.9862971924349424e-09
pcg-gs,8,1476,1.6902537903019937e-09
pcg-gs,8,1477,1.6815262529287975e-09
pcg-gs,8,1478,2.1256745748653205e-09
pcg-gs,8,1479,1.7830311721755996e-09
pcg-gs,8,1480,1.6129343496329802e-09
pcg-gs,8,1481,1.7117588043334852e-09
pcg-gs,8,1482,2.078225270455889e-09
pcg-gs,8,1483,1.775431393796499e-09
pcg-gs,8,1484,1.7007136266965033e-09
pcg-gs,8,1485,1.7675836279128906e-09
pcg-gs,8,1486,1.6261200047979046e-09
pcg-gs,8,1487,1.4991694032497657e-09
pcg-gs,8,1488,1.9079115194045152e-09
pcg-gs,8,1489,1.9963857349674588e-09
pcg-gs,8,1490,1.629360931220741e-09
pcg-gs,8,1491,1.6879170390702479e-09
pcg-gs,8,1492,2.1346834365450849e-09
pcg-gs,8,1493,1.2694768256569142e-09
pcg-gs,8,1494,1.68023366972035e-09
pcg-gs,8,1495,1.8600135787898235e-09
pcg-gs,8,1496,1.2553514745407484e-09
pcg-gs,8,1497,2.0130624678561738e-09
pcg-gs,8,1498,1.4164558825939897e-09
pcg-gs,8,1499,1.1294895817979744e-09
pcg-gs,8,1500,1.9452751654691636e-09
pcg-gs,8,1501,1.4032907867997044e-09
pcg-gs,8,1502,1.2732519115615294e-09
pcg-gs,8,1503,1.5098583488984842e-09
pcg-gs,8,1504,1.2824824193184486e-09
pcg-gs,8,1505,1.0674185162521005e-09
pcg-gs,8,1506,1.4227103172993446e-09
pcg-gs,8,1507,1.2701451005625663e-09
pcg-gs,8,1508,1.0957089808138677e-09
pcg-gs,8,1509,1.4026941756019217e-09
pcg-gs,8,1510,1.523628887548123e-09
pcg-gs,8,1511,9.9356778267484686e-10
pcg-gs,8,1512,1.0233829942691012e-09
pcg-gs,8,1513,1.4105854949326661e-09
pcg-gs,8,1514,1.2609362813767511e-09
pcg-gs,8,1515,9.6331475611432214e-10
pcg-gs,8,1516,1.4076059274017346e-09
pcg-gs,8,1517,1.0476114523429948e-09
pcg-gs,8,1518,1.0168237414501052e-09
pcg-gs,8,1519,1.2010115830733838e-09
pcg-gs,8,1520,1.0536511406484053e-09
pcg-gs,8,1521,9.4751172137041471e-10
pcg-gs,8,1522,1.1697635415670599e-09
pcg-gs,8,1523,1.2681740333535638e-09
pcg-gs,8,1524,1.1256601226914093e-09
pcg-gs,8,1525,9.2033779563807249e-10
pcg-gs,8,1526,1.0199983885859908e-09
pcg-gs,8,1527,1.0139376647389678e-09
pcg-gs,8,1528,8.7263081809731424e-10
pcg-gs,8,1529,8.1530811768404013e-10
pcg-gs,8,1530,9.9482157390263983e-10
pcg-gs,8,1531,9.7966738147004171e-10
pcg-gs,8,1532,8.5986408142619984e-10
pcg-gs,8,1533,9.8918419925117571e-10
pcg-gs,8,1534,7.5127951299768848e-10
pcg-gs,8,1535,9.0969852723158979e-10
pcg-gs,8,1536,1.0515287508225693e-09
pcg-gs,8,1537,1.0255348687866909e-09
pcg-gs,8,1538,7.8158000569147235e-10
pcg-gs,8,1539,1.0637268504276721e-09
pcg-gs,8,1540,8.9396202785056387e-10
pcg-gs,8,1541,7.7083427096200403e-10
pcg-gs,8,1542,1.0485440522727588e-09
pcg-gs,8,1543,1.0394187561726041e-09
pcg-gs,8,1544,8.4139180436528757e-10
pcg-gs,8,1545,8.9178292042694253e-10
pcg-gs,8,1546,9.4570859206789669e-10
pcg-gs,8,1547,8.9095670401449143e-10
pcg-gs,8,1548,9.2155960158261339e-10
pcg-gs,8,1549,8.3847290638878146e-10
pcg-gs,8,1550,8.4279509550904446e-10
pcg-gs,8,1551,9.0734032982579805e-10
pcg-gs,8,1552,8.9581738120852517e-10
pcg-gs,8,1553,7.7899537930087459e-10
pcg-gs,8,1554,8.16990921256335e-10
pcg-gs,8,1555,9.1576750110013715e-10
pcg-gs,8,1556,7.0687490050334392e-10
pcg-gs,8,1557,7.6096667883259701e-10
pcg-gs,8,1558,7.8643415314152911e-10
pcg-gs,8,1559,6.9876909090404786e-10
pcg-gs,8,1560,6.7989231040980623e-10
pcg-gs,8,1561,7.1672803957404512e-10
pcg-gs,8,1562,7.4218285378739263e-10
pcg-gs,8,1563,7.0304407249613487e-10
pcg-gs,8,1564,6.9535932639300509e-10
pcg-gs,8,1565,7.6010315729611316e-10
pcg-gs,8,1566,6.3748535749145459e-10
pcg-gs,8,1567,7.9002778515887965e-10
pcg-gs,8,1568,6.4372923018145602e-10
pcg-gs,8,1569,5.6937472464370397e-10
pcg-gs,8,1570,7.1761449539142604e-10
pcg-gs,8,1571,5.4945654245229457e-10
pcg-gs,8,1572,5.6495041543060023e-10
pcg-gs,8,1573,6.0055601662428946e-10
pcg-gs,8,1574,6.0021159348556766e-10
pcg-gs,8,1575,5.0818167770624795e-10
pcg-gs,8,1576,5.4514410195298842e-10
pcg-gs,8,1577,4.3789568798845152e-10
pcg-gs,8,1578,4.7451390720732161e-10
pcg-gs,8,1579,5.9790729349956675e-10
pcg-gs,8,1580,4.2738098389286209e-10
pcg-gs,8,1581,5.1532572606657164e-10
pcg-gs,8,1582,5.3867101590698621e-10
pcg-gs,8,1583,5.2552991980730218e-10
pcg-gs,8,1584,4.7906161460484616e-10
pcg-gs,8,1585,5.3235635365776494e-10
pcg-gs,8,1586,5.1709423438653553e-10
pcg-gs,8,1587,4.3121307294050205e-10
pcg-gs,8,1588,4.5971365575519641e-10
pcg-gs,8,1589,4.9324959666480819e-10
pcg-gs,8,1590,4.3673316529431566e-10
pcg-gs,8,1591,4.5300115798150827e-10
pcg-gs,8,1592,5.0027546673779998e-10
pcg-gs,8,1593,4.5725954721828465e-10
pcg-gs,8,1594,5.9360707966949151e-10
pcg-gs,8,1595,5.4878124200802424e-10
pcg-gs,8,1596,4.6980598088461914e-10
pcg-gs,8,1597,4.184318809764293e-10
pcg-gs,8,1598,4.7809184981253401e-10
pcg-gs,8,1599,4.572855065802471e-10
pcg-gs,8,1600,4.5136958337612304e-10
pcg-gs,8,1601,4.7519973682831858e-10
pcg-gs,8,1602,4.3728456803589722e-10
pcg-gs,8,1603,4.2075282479829355e-10
pcg-gs,8,1604,4.5802289839998855e-10
pcg-gs,8,1605,3.350392298217479e-10
pcg-gs,8,1606,4.2783278276644087e-10
pcg-gs,8,1607,3.9368609067125776e-10
pcg-gs,8,1608,3.4670453337083345e-10
pcg-gs,8,1609,3.7184392493262442e-10
pcg-gs,8,1610,4.266144662931747e-10
pcg-gs,8,1611,2.9190356213295979e-10
pcg-gs,8,1612,3.6883330985568693e-10
pcg-gs,8,1613,4.2699507463028662e-10
pcg-gs,8,1614,3.1776732474897199e-10
pcg-gs,8,1615,3.5686490801946755e-10
pcg-gs,8,1616,3.5837010165051753e-10
pcg-gs,8,1617,3.3057571896442118e-10
pcg-gs,8,1618,3.6859949025907152e-10
pcg-gs,8,1619,3.9595872052106891e-10
pcg-gs,8,1620,2.8257770059306096e-10
pcg-gs,8,1621,3.2186304670432581e-10
pcg-gs,8,1622,3.5469382322988294e-10
pcg-gs,8,1623,2.7404989005042873e-10
pcg-gs,8,1624,2.8308545892615303e-10
pcg-gs,8,1625,3.2390592129031334e-10
pcg-gs,8,1626,2.8080801908550262e-10
pcg-gs,8,1627,2.8000501210906055e-10
pcg-gs,8,1628,3.0537277154776736e-10
pcg-gs,8,1629,2.4547568185528738e-10
pcg-gs,8,1630,2.2343626861305529e-10
pcg-gs,8,1631,2.8905938266909461e-10
pcg-gs,8,1632,2.0951207761448188e-10
pcg-gs,8,1633,2.2455469222016912e-10
pcg-gs,8,1634,3.0017126654107699e-10
pcg-gs,8,1635,2.4280816275106508e-10
pcg-gs,8,1636,2.4239795443551934e-10
pcg-gs,8,1637,2.8021243520855761e-10
pcg-gs,8,1638,2.4431684750029195e-10
pcg-gs,8,1639,2.3270000731917841e-10
pcg-gs,8,1640,2.6738223873692184e-10
pcg-gs,8,1641,2.3783415243847496e-10
pcg-gs,8,1642,2.2406999617639653e-10
pcg-gs,8,1643,2.5851060997544649e-10
pcg-gs,8,1644,2.8762265925552524e-10
pcg-gs,8,1645,1.8262399664574231e-10
pcg-gs,8,1646,2.0897076361503485e-10
pcg-gs,8,1647,3.0051040270800011e-10
pcg-gs,8,1648,1.826503249542555e-10
pcg-gs,8,1649,2.0005636212685679e-10
pcg-gs,8,1650,2.8763881759897537e-10
pcg-gs,8,1651,1.8654371478089083e-10
pcg-gs,8,1652,2.1488474940074006e-10
pcg-gs,8,1653,2.7572811352261657e-10
pcg-gs,8,1654,2.3603275717222269e-10
pcg-gs,8,1655,2.0265416222306156e-10
pcg-gs,8,1656,2.3046454401572285e-10
pcg-gs,8,1657,2.4236804051530924e-10
pcg-gs,8,1658,1.9561336364270806e-10
pcg-gs,8,1659,1.9828547509906866e-10
pcg-gs,8,1660,2.3410802969714177e-10
pcg-gs,8,1661,1.8517481546681019e-10
pcg-gs,8,1662,2.0387415874310176e-10
pcg-gs,8,1663,2.0940207899276035e-10
pcg-gs,8,1664,1.4404666735836414e-10
pcg-gs,8,1665,2.0864227025195988e-10
pcg-gs,8,1666,1.8057238940642416e-10
pcg-gs,8,1667,1.4098302028962672e-10
pcg-gs,8,1668,1.8765039693535636e-10
pcg-gs,8,1669,1.7584324424078679e-10
pcg-gs,8,1670,1.7110748095870247e-10
pcg-gs,8,1671,1.3322040872340993e-10
pcg-gs,8,1672,1.6348026650539453e-10
pcg-gs,8,1673,1.7121337072943373e-10
pcg-gs,8,1674,1.0828163314536343e-10
pcg-gs,8,1675,1.6219580323359956e-10
pcg-gs,8,1676,1.833096164818136e-10
pcg-gs,8,1677,1.1119611127719278e-10
pcg-gs,8,1678,1.3863486845263743e-10
pcg-gs,8,1679,2.0043900250998959e-10
pcg-gs,8,1680,1.2649510552586251e-10
pcg-gs,8,1681,1.0420110055837482e-10
pcg-gs,8,1682,1.6625294442780537e-10
pcg-gs,8,1683,1.2813047377941384e-10
pcg-gs,8,1684,9.6454418759193001e-11
pcg-gs,8,1685,1.4166508868777232e-10
pcg-gs,8,1686,1.4394574750039628e-10
pcg-gs,8,1687,9.6389097179942678e-11
pcg-gs,8,1688,1.3316896480987464e-10
pcg-gs,8,1689,1.4970216994916493e-10
pcg-gs,8,1690,9.0987978655159005e-11
pcg-gs,8,1691,1.1953101830679269e-10
pcg-gs,8,1692,1.3626669674215975e-10
pcg-gs,8,1693,9.1072867422862041e-11
pcg-gs,8,1694,1.0109946502983648e-10
pcg-gs,8,1695,1.1531079878977359e-10
pcg-gs,8,1696,9.6580546301185091e-11
pcg-gs,8,1697,8.2700237328246874e-11
pcg-gs,8,1698,1.166626688465436e-10
pcg-gs,8,1699,9.2420000722946991e-11
pcg-gs,8,1700,7.693674523521325e-11
pcg-gs,8,1701,1.1697400959604209e-10
pcg-gs,8,1702,9.010496392414127e-11
pcg-gs,8,1703,6.3766767128722181e-11
pcg-gs,8,1704,9.3513339085427043e-11
pcg-gs,8,1705,8.469919544362651e-11
pcg-gs,8,1706,6.9268017167676369e-11
pcg-gs,8,1707,8.19859140414654e-11
pcg-gs,8,1708,7.6650420007456605e-11
pcg-gs,8,1709,6.1349904355813753e-11
pcg-gs,8,1710,8.8322217882292379e-11
pcg-gs,8,1711,7.2125996108976189e-11
pcg-gs,8,1712,6.1108872093125549e-11
pcg-gs,8,1713,7.5813303463607431e-11
pcg-gs,8,1714,7.0334181296428439e-11
pcg-gs,8,1715,6.3531705196435292e-11
pcg-gs,8,1716,7.0396593605463614e-11
pcg-gs,8,1717,6.9585466533817915e-11
pcg-gs,8,1718,5.6167595860098943e-11
pcg-gs,8,1719,7.4970285860341059e-11
pcg-gs,8,1720,8.4176468629710774e-11
pcg-gs,8,1721,5.6076122053153191e-11
pcg-gs,8,1722,6.1045598740723776e-11
pcg-gs,8,1723,8.5941503929354696e-11
pcg-gs,8,1724,4.9501079547654343e-11
pcg-gs,8,1725,5.3471185904428434e-11
pcg-gs,8,1726,7.6372069333356439e-11
pcg-gs,8,1727,5.1706410283874308e-11
pcg-gs,8,1728,4.5486675314320008e-11
pcg-gs,8,1729,8.3664346458674997e-11
pcg-gs,8,1730,6.2053197188726503e-11
pcg-gs,8,1731,4.8902413363262264e-11
pcg-gs,8,1732,8.3935895974312274e-11
pcg-gs,8,1733,6.2827196269640331e-11
pcg-gs,8,1734,5.6137798473433768e-11
pcg-gs,8,1735,6.8173097266128592e-11
pcg-gs,8,1736,5.923484337016469e-11
pcg-gs,8,1737,5.2878588025505314e-11
pcg-gs,8,1738,6.0276296893307788e-11
pcg-gs,8,1739,5.8314487379582845e-11
pcg-gs,8,1740,5.2892076665132319e-11
pcg-gs,8,1741,5.4747046976619093e-11
pcg-gs,8,1742,6.0446151677076751e-11
pcg-gs,8,1743,4.9874202942296883e-11
pcg-gs,8,1744,4.903889278216269e-11
pcg-gs,8,1745,5.8393334841548472e-11
pcg-gs,8,1746,4.0373363441748919e-11
pcg-gs,8,1747,5.2902833888348667e-11
pcg-gs,8,1748,5.8056321905803018e-11
pcg-gs,8,1749,3.9748075810333068e-11
pcg-gs,8,1750,5.1166527611271061e-11
pcg-gs,8,1751,5.5576094646451198e-11
pcg-gs,8,1752,4.0876501433896758e-11
pcg-gs,8,1753,4.593610045935396e-11
pcg-gs,8,1754,4.7473136906220369e-11
pcg-gs,8,1755,3.4516227321261111e-11
pcg-gs,8,1756,4.1680015601122414e-11
pcg-gs,8,1757,4.1389344930963728e-11
pcg-gs,8,1758,3.4458296742918472e-11
pcg-gs,8,1759,3.4940024632800534e-11
pcg-gs,8,1760,3.9114901907946547e-11
pcg-gs,8,1761,3.5206557639689958e-11
pcg-gs,8,1762,2.892313811321825e-11
pcg-gs,8,1763,3.6528176212161832e-11
pcg-gs,8,1764,3.427333316619804e-11
pcg-gs,8,1765,3.3736913266755524e-11
pcg-gs,8,1766,3.3913033720974514e-11
pcg-gs,8,1767,3.6726080214448426e-11
pcg-gs,8,1768,3.2730569084222895e-11
pcg-gs,8,1769,2.6044892959450697e-11
pcg-gs,8,1770,3.4246789797711598e-11
pcg-gs,8,1771,3.1384020809106567e-11
pcg-gs,8,1772,2.6897748111180501e-11
pcg-gs,8,1773,3.1248289873674816e-11
pcg-gs,8,1774,2.7666225130003129e-11
pcg-gs,8,1775,2.2389521256053753e-11
pcg-gs,8,1776,3.075637917102183e-11
pcg-gs,8,1777,2.8045812380402152e-11
pcg-gs,8,1778,2.3897306364539593e-11
pcg-gs,8,1779,2.6932489095974115e-11
pcg-gs,8,1780,2.2330463015690599e-11
pcg-gs,8,1781,2.3456816318833067e-11
pcg-gs,8,1782,2.1128733759530546e-11
pcg-gs,8,1783,1.6123295226081564e-11
pcg-gs,8,1784,2.0149301416322002e-11
pcg-gs,8,1785,1.9423322362867498e-11
pcg-gs,8,1786,1.7294898479351791e-11
pcg-gs,8,1787,1.7822428381173116e-11
pcg-gs,8,1788,1.6574451198784418e-11
pcg-gs,8,1789,1.8097337673932413e-11
pcg-gs,8,1790,1.4333214517099812e-11
pcg-gs,8,1791,1.5177157632619028e-11
pcg-gs,8,1792,1.5807605587164996e-11
pcg-gs,8,1793,1.4811076790916746e-11
pcg-gs,8,1794,1.4289657364408697e-11
pcg-gs,8,1795,1.5632666437620694e-11
pcg-gs,8,1796,1.4521829432877064e-11
pcg-gs,8,1797,1.4237778309873831e-11
pcg-gs,8,1798,1.4683753298762441e-11
pcg-gs,8,1799,1.3691006660809641e-11
pcg-gs,8,1800,1.233831226911935e-11
pcg-gs,8,1801,1.2407384661848381e-11
pcg-gs,8,1802,1.1158227289033147e-11
pcg-gs,8,1803,1.2692014772925259e-11
pcg-gs,8,1804,1.085532115105731e-11
pcg-gs,8,1805,1.0594237509784926e-11
pcg-gs,8,1806,1.0789444840404295e-11
pcg-gs,8,1807,1.1160839913350306e-11
pcg-gs,8,1808,1.2801210128138986e-11
pcg-gs,8,1809,8.426544189455031e-12
pcg-gs,8,1810,1.1004380833306157e-11
pcg-gs,8,1811,1.0699111120551301e-11
pcg-gs,8,1812,1.1507301201675978e-11
pcg-gs,8,1813,1.0193233228728343e-11
pcg-gs,8,1814,9.3048060134526127e-12
pcg-gs,8,1815,9.7767415544510689e-12
pcg-gs,8,1816,9.4378649569911903e-12
pcg-gs,8,1817,9.3173345114942263e-12
pcg-gs,8,1818,9.7137209941131984e-12
pcg-gs,8,1819,8.8495118526829342e-12
pcg-gs,8,1820,7.8149715610567381e-12
pcg-gs,8,1821,8.7374581503200461e-12
pcg-gs,8,1822,9.4240552202317277e-12
pcg-gs,8,1823,8.4091860902532244e-12
pcg-gs,8,1824,8.2083688191825093e-12
pcg-gs,8,1825,7.8575547941983472e-12
pcg-gs,8,1826,8.0626438931519998e-12
pcg-gs,8,1827,8.6719598479457709e-12
pcg-gs,8,1828,7.2801631316008651e-12
pcg-gs,8,1829,8.8548040582991367e-12
pcg-gs,8,1830,1.0085734019689841e-11
pcg-gs,8,1831,6.5220513771069183e-12
pcg-gs,8,1832,7.3404460217625964e-12
pcg-gs,8,1833,1.030980918054518e-11
pcg-gs,8,1834,6.4988062511382628e-12
pcg-gs,8,1835,6.2009355737653399e-12
pcg-gs,8,1836,8.4093267949729559e-12
pcg-gs,8,1837,5.9713169223568307e-12
pcg-gs,8,1838,5.6262853469325425e-12
pcg-gs,8,1839,9.0301107776259529e-12
pcg-gs,8,1840,6.0985914708444633e-12
pcg-gs,8,1841,5.4794936798267138e-12
pcg-gs,8,1842,8.3572903436207932e-12
pcg-gs,8,1843,5.6571742254183913e-12
pcg-gs,8,1844,5.2858178292844181e-12
pcg-gs,8,1845,8.1558768034990874e-12
pcg-gs,8,1846,6.3540177614892507e-12
pcg-gs,8,1847,5.4110059743343325e-12
pcg-gs,8,1848,7.7642913945523725e-12
pcg-gs,8,1849,6.9735150001919571e-12
pcg-gs,8,1850,5.9888886958859469e-12
pcg-gs,8,1851,6.2739938934704372e-12
pcg-gs,8,1852,5.7423730460139249e-12
pcg-gs,8,1853,5.1090706462955853e-12
pcg-gs,8,1854,5.8118904677391851e-12
pcg-gs,8,1855,6.3105941196096687e-12
pcg-gs,8,1856,4.0068784993163057e-12
pcg-gs,8,1857,6.1402243968069322e-12
pcg-gs,8,1858,6.7274761833443332e-12
pcg-gs,8,1859,4.7041547729446281e-12
pcg-gs,8,1860,4.2809534073499115e-12
pcg-gs,8,1861,6.2371913849440527e-12
pcg-gs,8,1862,4.9474219194274282e-12
pcg-gs,8,1863,4.4453022956314336e-12
pcg-gs,8,1864,5.3337459906937367e-12
pcg-gs,8,1865,3.8424887938068861e-12
pcg-gs,8,1866,4.8389816727005548e-12
pcg-gs,8,1867,4.6268099006442571e-12
pcg-gs,8,1868,4.4248011555378718e-12
pcg-gs,8,1869,3.9988710963505051e-12
pcg-gs,8,1870,5.2136347988907793e-12
pcg-gs,8,1871,4.1412317431180729e-12
pcg-gs,8,1872,4.0725012030364053e-12
pcg-gs,8,1873,5.5229148156333758e-12
pcg-gs,8,1874,4.3495571226838832e-12
pcg-gs,8,1875,3.6579755523648322e-12
pcg-gs,8,1876,4.5333640683381704e-12
pcg-gs,8,1877,4.7249820603634392e-12
pcg-gs,8,1878,4.4922654695867205e-12
pcg-gs,8,1879,3.670088054962453e-12
pcg-gs,8,1880,4.1733836152359053e-12
pcg-gs,8,1881,4.9562234562561447e-12
pcg-gs,8,1882,3.8567220841720425e-12
pcg-gs,8,1883,3.1931633366754197e-12
pcg-gs,8,1884,4.5228255107235471e-12
pcg-gs,8,1885,4.7049308582356221e-12
pcg-gs,8,1886,3.7937926159396557e-12
pcg-gs,8,1887,2.8713615218055186e-12
pcg-gs,8,1888,4.3675126469671558e-12
pcg-gs,8,1889,3.6492069859622953e-12
pcg-gs,8,1890,3.7394461853181774e-12
pcg-gs,8,1891,3.5146264317945636e-12
pcg-gs,8,1892,4.1988713442051283e-12
pcg-gs,8,1893,3.4648492699134068e-12
pcg-gs,8,1894,3.5785942673226355e-12
pcg-gs,8,1895,3.998037883572192e-12
pcg-gs,8,1896,4.0213919763430602e-12
pcg-gs,8,1897,3.5567444373811447e-12
pcg-gs,8,1898,3.2833499547621484e-12
pcg-gs,8,1899,3.8737960051051972e-12
pcg-gs,8,1900,3.9370387694961563e-12
pcg-gs,8,1901,4.3225155141335657e-12
pcg-gs,8,1902,3.5838749290527982e-12
pcg-gs,8,1903,3.5050713092216159e-12
pcg-gs,8,1904,4.1187358991509911e-12
pcg-gs,8,1905,3.9912377601284584e-12
pcg-gs,8,1906,3.5092141306031459e-12
pcg-gs,8,1907,3.765393199147471e-12
pcg-gs,8,1908,3.8360807928473159e-12
pcg-gs,8,1909,3.1641457478606831e-12
pcg-gs,8,1910,3.7685360358490918e-12
pcg-gs,8,1911,3.0976247600458753e-12
pcg-gs,8,1912,3.2777054980432752e-12
pcg-gs,8,1913,4.1611109643316497e-12
pcg-gs,8,1914,3.2534136343031869e-12
pcg-gs,8,1915,2.6556047503337622e-12
pcg-gs,8,1916,3.53682246037739e-12
pcg-gs,8,1917,2.9009192664022283e-12
pcg-gs,8,1918,2.8882997169042977e-12
pcg-gs,8,1919,3.0701178839964376e-12
pcg-gs,8,1920,2.1380240973812659e-12
pcg-gs,8,1921,3.0109594783124157e-12
pcg-gs,8,1922,2.6304366708375447e-12
pcg-gs,8,1923,2.4032965328529467e-12
pcg-gs,8,1924,2.3884328605881188e-12
pcg-gs,8,1925,2.8776697342194389e-12
pcg-gs,8,1926,2.5115210065920183e-12
pcg-gs,8,1927,2.4470782464011091e-12
pcg-gs,8,1928,2.9132048109695318e-12
pcg-gs,8,1929,2.4260207386845111e-12
pcg-gs,8,1930,2.3597713612463332e-12
pcg-gs,8,1931,2.4047042464327138e-12
pcg-gs,8,1932,2.4087906576619028e-12
pcg-gs,8,1933,2.2456683754836615e-12
pcg-gs,8,1934,2.1791223768876159e-12
pcg-gs,8,1935,2.0569163705006197e-12
pcg-gs,8,1936,2.3948991888675987e-12
pcg-gs,8,1937,2.3442919136781227e-12
pcg-gs,8,1938,1.9146019678354045e-12
pcg-gs,8,1939,2.0662240167139662e-12
pcg-gs,8,1940,2.0826560970627706e-12
pcg-gs,8,1941,2.2298557520487987e-12
pcg-gs,8,1942,1.958996856052875e-12
pcg-gs,8,1943,1.8203118751189107e-12
pcg-gs,8,1944,1.6898330929695572e-12
pcg-gs,8,1945,1.9450296986490073e-12
pcg-gs,8,1946,1.6850839546084609e-12
pcg-gs,8,1947,2.0583302022558228e-12
pcg-gs,8,1948,1.6950989031500434e-12
pcg-gs,8,1949,1.7264776628275019e-12
pcg-gs,8,1950,1.6793380790064326e-12
pcg-gs,8,1951,1.4896017826909527e-12
pcg-gs,8,1952,1.7146499156979288e-12
pcg-gs,8,1953,1.5091315340081705e-12
pcg-gs,8,1954,1.4612676072841728e-12
pcg-gs,8,1955,1.8266904976413915e-12
pcg-gs,8,1956,1.3915124337643435e-12
pcg-gs,8,1957,1.3177127638097276e-12
pcg-gs,8,1958,1.7773445712088923e-12
pcg-gs,8,1959,1.2767828626830264e-12
pcg-gs,8,1960,1.2990139392918911e-12
pcg-gs,8,1961,1.5719126237562516e-12
pcg-gs,8,1962,1.2295619342852591e-12
pcg-gs,8,1963,1.2506203502003819e-12
pcg-gs,8,1964,1.7435149970348487e-12
pcg-gs,8,1965,1.0805131522165355e-12
pcg-gs,8,1966,1.2202187546207821e-12
pcg-gs,8,1967,1.777710032950411e-12
pcg-gs,8,1968,1.3427118691165926e-12
pcg-gs,8,1969,1.1587813309061501e-12
pcg-gs,8,1970,1.5017098429163845e-12
pcg-gs,8,1971,1.3150914559397746e-12
pcg-gs,8,1972,1.4056194866260174e-12
pcg-gs,8,1973,1.4400812096116609e-12
pcg-gs,8,1974,1.3555516519488019e-12
pcg-gs,8,1975,1.241569260626306e-12
pcg-gs,8,1976,1.6137621604165073e-12
pcg-gs,8,1977,1.6989721121091363e-12
pcg-gs,8,1978,1.0895727192860697e-12
pcg-gs,8,1979,1.5207863784651534e-12
pcg-gs,8,1980,1.849089067374081e-12
pcg-gs,8,1981,1.0438378814358007e-12
pcg-gs,8,1982,1.6868376744346764e-12
pcg-gs,8,1983,1.8335642645761504e-12
pcg-gs,8,1984,1.1344145471381459e-12
pcg-gs,8,1985,1.3619148702913448e-12
pcg-gs,8,1986,1.8647501638588669e-12
pcg-gs,8,1987,1.3161781050824373e-12
pcg-gs,8,1988,1.2886641187175863e-12
pcg-gs,8,1989,1.6825463972678518e-12
pcg-gs,8,1990,1.2111549822942091e-12
pcg-gs,8,1991,1.3198021643478812e-12
pcg-gs,8,1992,1.415012550823352e-12
pcg-gs,8,1993,9.685383802315051e-13
pcg-gs,8,1994,1.1853962672791517e-12
pcg-gs,8,1995,1.3636070083243103e-12
pcg-gs,8,1996,9.9914294831667292e-13
pcg-gs,8,1997,8.2404025161735331e-13
pcg-gs,8,1998,1.3148927299284788e-12
pcg-gs,8,1999,1.1474051848144276e-12
pcg-gs,8,2000,8.0803138492162929e-13
pcg-gs,8,2001,1.1057453418909885e-12
pcg-gs,8,2002,1.1230829786839692e-12
pcg-gs,8,2003,7.6539865377005101e-13
pcg-gs,8,2004,9.9263479641586208e-13
pcg-gs,8,2005,1.1092939099445924e-12
pcg-gs,8,2006,1.0011962482175533e-12
pcg-gs,8,2007,9.9644048548933095e-13
pcg-gs,8,2008,1.2497562323983595e-12
pcg-gs,8,2009,8.8716850206808642e-13
pcg-gs,8,2010,8.2939895504940246e-13
pcg-gs,8,2011,1.209433808470401e-12
pcg-gs,8,2012,6.5170679131790616e-13
pcg-gs,8,2013,8.3228733872602814e-13
pcg-gs,8,2014,1.0149516699256274e-12
pcg-gs,8,2015,6.5759812887009695e-13
pcg-gs,8,2016,6.1262287352852658e-13
pcg-gs,8,2017,9.748100343288989e-13
pcg-gs,8,2018,7.6144341993828341e-13
pcg-gs,8,2019,6.2660169762164849e-13
pcg-gs,8,2020,9.2852352474678315e-13
pcg-gs,8,2021,6.9744869969904952e-13
pcg-gs,8,2022,6.3119929910146817e-13
pcg-gs,8,2023,7.8670022843867149e-13
pcg-gs,8,2024,6.765590225591608e-13
pcg-gs,8,2025,6.1241427182952562e-13
pcg-gs,8,2026,7.7916249525218767e-13
pcg-gs,8,2027,6.9159481427308066e-13
pcg-gs,8,2028,6.3149744250181619e-13
pcg-gs,8,2029,7.6166670353505221e-13
pcg-gs,8,2030,7.9085499863997125e-13
pcg-gs,8,2031,5.2302489813610755e-13
pcg-gs,8,2032,6.2078338945660491e-13
pcg-gs,8,2033,7.571428730978397e-13
pcg-gs,8,2034,6.0068599625646928e-13
pcg-gs,8,2035,5.6130646993829225e-13
pcg-gs,8,2036,7.7603883658580137e-13
pcg-gs,8,2037,6.2477337789323615e-13
pcg-gs,8,2038,5.8498343044749168e-13
pcg-gs,8,2039,8.7439394075895815e-13
pcg-gs,8,2040,6.2460352777510593e-13
pcg-gs,8,2041,5.7877064172753647e-13
pcg-gs,8,2042,8.1835892539908723e-13
pcg-gs,8,2043,6.5186634338895892e-13
pcg-gs,8,2044,5.8292780885220647e-13
pcg-gs,8,2045,7.0732891745392042e-13
pcg-gs,8,2046,5.0299495094159982e-13
pcg-gs,8,2047,5.4807945279335451e-13
pcg-gs,8,2048,7.2738831847036603e-13
pcg-gs,8,2049,5.6834835374459469e-13
pcg-gs,8,2050,5.5990915229582717e-13
pcg-gs,8,2051,7.3396899307554172e-13
pcg-gs,8,2052,7.0392426229912075e-13
pcg-gs,8,2053,5.3062330370883078e-13
pcg-gs,8,2054,6.0539032717330083e-13
pcg-gs,8,2055,7.1111697259684844e-13
pcg-gs,8,2056,5.3860003493502285e-13
pcg-gs,8,2057,4.929976937617952e-13
pcg-gs,8,2058,6.8433654302383187e-13
pcg-gs,8,2059,5.9730713796728421e-13
pcg-gs,8,2060,4.7672824981092696e-13
pcg-gs,8,2061,6.8513146671243006e-13
pcg-gs,8,2062,5.2353082181635263e-13
pcg-gs,8,2063,4.2875288295496037e-13
pcg-gs,8,2064,6.0722920976732279e-13
pcg-gs,8,2065,5.7614902210977507e-13
pcg-gs,8,2066,4.5906282654395804e-13
pcg-gs,8,2067,5.5632498868835102e-13
pcg-gs,8,2068,4.2762648245007701e-13
pcg-gs,8,2069,4.6643938770596639e-13
pcg-gs,8,2070,5.3157776250695032e-13
pcg-gs,8,2071,4.8961607794775014e-13
pcg-gs,8,2072,4.2191865931412575e-13
pcg-gs,8,2073,4.2222346987256373e-13
pcg-gs,8,2074,4.923685712603906e-13
pcg-gs,8,2075,4.7360087581325609e-13
pcg-gs,8,2076,3.9993061207342794e-13
pcg-gs,8,2077,4.4644123041364711e-13
pcg-gs,8,2078,4.6195572852028524e-13
pcg-gs,8,2079,4.6370391014705665e-13
pcg-gs,8,2080,4.2657842665424246e-13
pcg-gs,8,2081,4.2759460572277493e-13
pcg-gs,8,2082,3.6620044374697648e-13
pcg-gs,8,2083,4.1693002404725453e-13
pcg-gs,8,2084,3.6664686330932031e-13
pcg-gs,8,2085,3.6016011995407096e-13
pcg-gs,8,2086,4.0467463550455529e-13
pcg-gs,8,2087,3.845887309765325e-13
pcg-gs,8,2088,3.102413073488118e-13
pcg-gs,8,2089,3.5140361529587654e-13
pcg-gs,8,2090,3.7851736868608236e-13
pcg-gs,8,2091,3.6055573740264638e-13
pcg-gs,8,2092,3.0671072487165142e-13
pcg-gs,8,2093,4.9981522933352315e-13
pcg-gs,8,2094,3.515239667109574e-13
pcg-gs,8,2095,3.3736483192140934e-13
pcg-gs,8,2096,4.0347835988119099e-13
pcg-gs,8,2097,2.9882707473451716e-13
pcg-gs,8,2098,3.3656779589612468e-13
pcg-gs,8,2099,3.1065005314534082e-13
pcg-gs,8,2100,3.2566377329020728e-13
pcg-gs,8,2101,3.112609856927346e-13
pcg-gs,8,2102,3.6619200607656134e-13
pcg-gs,8,2103,3.2846443931939465e-13
pcg-gs,8,2104,3.0066718013391359e-13
pcg-gs,8,2105,3.4183420347022691e-13
pcg-gs,8,2106,3.1775491731481795e-13
pcg-gs,8,2107,3.2322939521450579e-13
pcg-gs,8,2108,3.2341673841712013e-13
pcg-gs,8,2109,3.2881743286691246e-13
pcg-gs,8,2110,3.128896483015658e-13
pcg-gs,8,2111,2.910759694688354e-13
pcg-gs,8,2112,3.0068002643225207e-13
pcg-gs,8,2113,2.5561793994138919e-13
pcg-gs,8,2114,3.2496066081056245e-13
pcg-gs,8,2115,2.8839331943859478e-13
pcg-gs,8,2116,2.9394548446449302e-13
pcg-gs,8,2117,3.574588986594543e-13
pcg-gs,8,2118,3.480288130539088e-13
pcg-gs,8,2119,2.3975347997847704e-13
pcg-gs,8,2120,2.7916861568807552e-13
pcg-gs,8,2121,3.3850942495527738e-13
pcg-gs,8,2122,2.2092897730292572e-13
pcg-gs,8,2123,2.6071351394744552e-13
pcg-gs,8,2124,2.8401467381059465e-13
pcg-gs,8,2125,2.565378088862251e-13
pcg-gs,8,2126,2.1054614295564495e-13
pcg-gs,8,2127,2.4743778546286977e-13
pcg-gs,8,2128,2.0756477834471163e-13
pcg-gs,8,2129,2.1784774442691433e-13
pcg-gs,8,2130,2.8060198076250932e-13
pcg-gs,8,2131,2.0364813169457694e-13
pcg-gs,8,2132,1.8550510809670554e-13
pcg-gs,8,2133,2.5361264997591511e-13
pcg-gs,8,2134,1.8650067354404113e-13
pcg-gs,8,2135,1.5305330717988377e-13
pcg-gs,8,2136,2.6323716447300143e-13
pcg-gs,8,2137,1.9505105685484171e-13
pcg-gs,8,2138,1.5699024172399245e-13
pcg-gs,8,2139,2.4467953461229144e-13
pcg-gs,8,2140,1.8793614668364936e-13
pcg-gs,8,2141,1.8720869935380235e-13
pcg-gs,8,2142,1.9735133429175733e-13
pcg-gs,8,2143,1.5582211752110776e-13
pcg-gs,8,2144,1.9525025220463396e-13
pcg-gs,8,2145,1.9567166812448613e-13
pcg-gs,8,2146,1.7586022122465219e-13
pcg-gs,8,2147,1.4571630454154589e-13
pcg-gs,8,2148,2.0406148271472862e-13
pcg-gs,8,2149,1.841054816002859e-13
pcg-gs,8,2150,1.4598677286483744e-13
pcg-gs,8,2151,1.8210954666196748e-13
pcg-gs,8,2152,2.0382136237916492e-13
pcg-gs,8,2153,1.7165532306412941e-13
pcg-gs,8,2154,1.2888213702340654e-13
pcg-gs,8,2155,1.6184519613794067e-13
pcg-gs,8,2156,1.890966325660393e-13
pcg-gs,8,2157,1.3558273601289918e-13
pcg-gs,8,2158,1.2946308146890658e-13
pcg-gs,8,2159,1.7100643524118094e-13
pcg-gs,8,2160,1.6936128749573246e-13
pcg-gs,8,2161,1.4762926658322435e-13
pcg-gs,8,2162,1.4435917288614492e-13
pcg-gs,8,2163,1.6944528934741016e-13
pcg-gs,8,2164,1.8741648383558632e-13
pcg-gs,8,2165,1.3375739535055678e-13
pcg-gs,8,2166,1.506070098796568e-13
pcg-gs,8,2167,1.6251744401072781e-13
pcg-gs,8,2168,1.5010362818200156e-13
pcg-gs,8,2169,1.4399508507552833e-13
pcg-gs,8,2170,1.353631313501867e-13
pcg-gs,8,2171,1.5806584128389257e-13
pcg-gs,8,2172,1.4298207465486343e-13
pcg-gs,8,2173,1.2354979510776853e-13
pcg-gs,8,2174,1.3545618717401385e-13
pcg-gs,8,2175,1.426759880424398e-13
pcg-gs,8,2176,1.5029506409758573e-13
pcg-gs,8,2177,1.3851921021594407e-13
pcg-gs,8,2178,1.2602577370768176e-13
pcg-gs,8,2179,1.5749831155771165e-13
pcg-gs,8,2180,1.4318649263453093e-13
pcg-gs,8,2181,1.5576399449290267e-13
pcg-gs,8,2182,1.4955555909515563e-13
pcg-gs,8,2183,1.5918307980179526e-13
pcg-gs,8,2184,1.4591303732420788e-13
pcg-gs,8,2185,1.3044245132869135e-13
pcg-gs,8,2186,1.491184677136395e-13
pcg-gs,8,2187,1.4319967751290697e-13
pcg-gs,8,2188,1.1905115058795529e-13
pcg-gs,8,2189,1.4437048261422964e-13
pcg-gs,8,2190,1.5193461829321642e-13
pcg-gs,8,2191,1.2132722948549811e-13
pcg-gs,8,2192,1.2026744451825731e-13
pcg-gs,8,2193,1.1876378197552055e-13
pcg-gs,8,2194,1.4193576312175709e-13
pcg-gs,8,2195,1.1549636419429569e-13
pcg-gs,8,2196,9.6831928543251583e-14
pcg-gs,8,2197,1.2011384182562413e-13
pcg-gs,8,2198,1.276007206417278e-13
pcg-gs,8,2199,1.2160794398999239e-13
pcg-gs,8,2200,1.1141322677864422e-13
pcg-gs,8,2201,1.0073866491396299e-13
pcg-gs,8,2202,1.1049478054473922e-13
pcg-gs,8,2203,1.0422305816744479e-13
pcg-gs,8,2204,1.0463584540109828e-13
pcg-gs,8,2205,1.062604238041002e-13
pcg-gs,8,2206,1.0595982782495022e-13
pcg-gs,8,2207,1.0155713759991166e-13
pcg-gs,8,2208,9.7871773524230074e-14
pcg-gs,8,2209,1.0112769414801783e-13
pcg-gs,8,2210,1.0857545183272838e-13
pcg-gs,8,2211,1.1129261994298249e-13
pcg-gs,8,2212,9.0914431601669682e-14
pcg-gs,8,2213,1.1244758987610751e-13
pcg-gs,8,2214,1.0320460162353395e-13
pcg-gs,8,2215,8.5832907004207581e-14
pcg-gs,8,2216,9.4142544436171632e-14
pcg-gs,8,2217,1.1823913930400088e-13
pcg-gs,8,2218,9.6579387569940588e-14
pcg-gs,8,2219,9.1814252619633776e-14
pcg-gs,8,2220,9.6586328906400903e-14
pcg-gs,8,2221,1.1684044457756943e-13
pcg-gs,8,2222,8.8390807619040902e-14
pcg-gs,8,2223,9.2405633375124494e-14
pcg-gs,8,2224,1.0427653216014676e-13
pcg-gs,8,2225,1.0786595249649727e-13
pcg-gs,8,2226,9.0763928767551698e-14
pcg-gs,8,2227,1.1143596499470691e-13
pcg-gs,8,2228,9.5180882996214279e-14
pcg-gs,8,2229,9.3158819013977929e-14
pcg-gs,8,2230,1.2140472864976256e-13
pcg-gs,8,2231,9.9850657090522685e-14
pcg-gs,8,2232,9.1349887977936613e-14
pcg-gs,8,2233,1.0144084870784891e-13
pcg-gs,8,2234,1.0569987129847158e-13
pcg-gs,8,2235,6.5373748653211663e-14
pcg-gs,8,2236,8.7425168753775804e-14
pcg-gs,8,2237,9.7364888537439024e-14
pcg-gs,8,2238,6.2300074276104368e-14
pcg-gs,8,2239,7.3275936331602949e-14
pcg-gs,8,2240,1.0121454749173258e-13
pcg-gs,8,2241,7.5249309034668631e-14
pcg-gs,8,2242,6.1577781561087861e-14
pcg-gs,8,2243,1.0064006829724391e-13
pcg-gs,8,2244,8.580733290258138e-14
pcg-gs,8,2245,6.3646695554290951e-14
pcg-gs,8,2246,8.8693867035501912e-14
pcg-gs,8,2247,6.6177106673311822e-14
pcg-gs,8,2248,8.1735886882259357e-14
pcg-gs,8,2249,8.35765295018081e-14
pcg-gs,8,2250,5.9693444118390005e-14
pcg-gs,8,2251,6.9694665607642166e-14
pcg-gs,8,2252,7.9485302940394949e-14
pcg-gs,8,2253,6.7400474981902324e-14
pcg-gs,8,2254,5.8419279382321049e-14
pcg-gs,8,2255,6.855579587153072e-14
pcg-gs,8,2256,6.7705856048876898e-14
pcg-gs,8,2257,6.4717291466009737e-14
pcg-gs,8,2258,5.8085476348084574e-14
pcg-gs,8,2259,7.1949239922828271e-14
pcg-gs,8,2260,5.6201449859868075e-14
pcg-gs,8,2261,5.4771768976807357e-14
pcg-gs,8,2262,6.6035165628275881e-14
pcg-gs,8,2263,6.2908404759216488e-14
pcg-gs,8,2264,5.3061610333031601e-14
pcg-gs,8,2265,5.8369997355924917e-14
pcg-gs,8,2266,6.3866580767781488e-14
pcg-gs,8,2267,5.9135735098086819e-14
pcg-gs,8,2268,5.4684306163992982e-14
pcg-gs,8,2269,4.9065251739201514e-14
pcg-gs,8,2270,6.1207089600735741e-14
pcg-gs,8,2271,5.8348839793425835e-14
pcg-gs,8,2272,5.9519901371623481e-14
pcg-gs,8,2273,5.037342233554097e-14
pcg-gs,8,2274,6.4384934879201453e-14
pcg-gs,8,2275,5.4575506647696468e-14
pcg-gs,8,2276,5.524946067278966e-14
pcg-gs,8,2277,5.8258307533002268e-14
pcg-gs,8,2278,5.9042267067590166e-14
pcg-gs,8,2279,5.2132194382580219e-14
pcg-gs,8,2280,5.6835790948832627e-14
pcg-gs,8,2281,5.5728441447503824e-14
pcg-gs,8,2282,5.7904869198567143e-14
pcg-gs,8,2283,6.3088985855007043e-14
pcg-gs,8,2284,4.8559171776106105e-14
pcg-gs,8,2285,5.6761500291758499e-14
pcg-gs,8,2286,5.9890208368926161e-14
pcg-gs,8,2287,5.6833282175946992e-14
pcg-gs,8,2288,4.8966894934868276e-14
pcg-gs,8,2289,5.324626237918808e-14
pcg-gs,8,2290,6.0696570535968339e-14
pcg-gs,8,2291,3.7710054604271865e-14
pcg-gs,8,2292,5.1588144679725922e-14
pcg-gs,8,2293,6.2570834253691716e-14
pcg-gs,8,2294,5.3430284423046305e-14
pcg-gs,8,2295,4.1537322076560208e-14
pcg-gs,8,2296,5.8907585853989625e-14
pcg-gs,8,2297,4.7740838180961001e-14
pcg-gs,8,2298,4.8591195235512073e-14
pcg-gs,8,2299,5.3334050266072845e-14
pcg-gs,8,2300,4.2307497331321487e-14
pcg-gs,8,2301,4.760275677030021e-14
pcg-gs,8,2302,5.261796945446822e-14
pcg-gs,8,2303,4.7617806485597095e-14
pcg-gs,8,2304,3.6669651785820032e-14
pcg-gs,8,2305,5.4423688020164019e-14
pcg-gs,8,2306,4.1725861973742963e-14
pcg-gs,8,2307,3.7317997153884801e-14
pcg-gs,8,2308,4.5986977886003947e-14
pcg-gs,8,2309,3.9265333008137012e-14
pcg-gs,8,2310,3.7199052803790807e-14
pcg-gs,8,2311,3.1376466766174875e-14
pcg-gs,8,2312,3.5832285565447371e-14
pcg-gs,8,2313,4.4115434910387402e-14
pcg-gs,8,2314,3.3108385559983148e-14
pcg-gs,8,2315,3.3264541147944676e-14
pcg-gs,8,2316,4.663521490813906e-14
pcg-gs,8,2317,3.771503120760917e-14
pcg-gs,8,2318,3.0900987201160811e-14
pcg-gs,8,2319,3.5181542657425863e-14
pcg-gs,8,2320,3.735046351015343e-14
pcg-gs,8,2321,3.5164328814096353e-14
pcg-gs,8,2322,3.8477180741744566e-14
pcg-gs,8,2323,3.4398193612168054e-14
pcg-gs,8,2324,3.4254056306657233e-14
pcg-gs,8,2325,3.1783289801456148e-14
pcg-gs,8,2326,2.6836664251466908e-14
pcg-gs,8,2327,2.4552259834379142e-14
pcg-gs,8,2328,3.3744295988307446e-14
pcg-gs,8,2329,3.0463808192817711e-14
pcg-gs,8,2330,2.6609026819953578e-14
pcg-gs,8,2331,2.480208883401628e-14
pcg-gs,8,2332,3.3550435267811288e-14
pcg-gs,8,2333,3.2562109580050927e-14
pcg-gs,8,2334,2.1606739652531187e-14
pcg-gs,8,2335,2.4544898484295717e-14
pcg-gs,8,2336,3.0322277274835136e-14
pcg-gs,8,2337,2.1685428521509696e-14
pcg-gs,8,2338,2.2320618294588984e-14
pcg-gs,8,2339,2.918925705844639e-14
pcg-gs,8,2340,2.7061333323815487e-14
pcg-gs,8,2341,2.7618611771865636e-14
pcg-gs,8,2342,2.4136502675621283e-14
pcg-gs,8,2343,2.4972324726319641e-14
pcg-gs,8,2344,2.8806989906019484e-14
pcg-gs,8,2345,2.072959027599676e-14
pcg-gs,8,2346,2.6339872772277044e-14
pcg-gs,8,2347,2.8167166559501052e-14
pcg-gs,8,2348,2.045733987351813e-14
pcg-gs,8,2349,2.6598493033191318e-14
pcg-gs,8,2350,2.6101081105487485e-14
pcg-gs,8,2351,2.3142023561838385e-14
pcg-gs,8,2352,2.0399480549821207e-14
pcg-gs,8,2353,2.9293775510926019e-14
pcg-gs,8,2354,2.0041666935078229e-14
pcg-gs,8,2355,2.4861048495464739e-14
pcg-gs,8,2356,2.9485699153380492e-14
pcg-gs,8,2357,2.5685785769068477e-14
pcg-gs,8,2358,2.1000145693104035e-14
pcg-gs,8,2359,2.6012104223218989e-14
pcg-gs,8,2360,2.4482156155623826e-14
pcg-gs,8,2361,2.1739060235537341e-14
pcg-gs,8,2362,2.3466923008245892e-14
pcg-gs,8,2363,2.4431193059051962e-14
pcg-gs,8,2364,1.779550335722774e-14
pcg-gs,8,2365,2.1016104443685365e-14
pcg-gs,8,2366,2.4917984474662649e-14
pcg-gs,8,2367,2.1096097675680048e-14
pcg-gs,8,2368,1.9716139410443443e-14
pcg-gs,8,2369,2.2184758689125437e-14
pcg-gs,8,2370,2.2328161604965631e-14
pcg-gs,8,2371,1.9548642358435185e-14
pcg-gs,8,2372,2.759879644955006e-14
pcg-gs,8,2373,1.5630902993834535e-14
pcg-gs,8,2374,2.0657401350313067e-14
pcg-gs,8,2375,1.8530159558601969e-14
pcg-gs,8,2376,1.9777445447955338e-14
pcg-gs,8,2377,1.5730393140020581e-14
pcg-gs,8,2378,1.7715658413283375e-14
pcg-gs,8,2379,1.8440483106818374e-14
pcg-gs,8,2380,1.8413695909534818e-14
pcg-gs,8,2381,1.747284580401999e-14
pcg-gs,8,2382,1.6240239309820015e-14
pcg-gs,8,2383,1.9076512182817555e-14
pcg-gs,8,2384,1.5306945183882389e-14
pcg-gs,8,2385,1.5272992573782998e-14
pcg-gs,8,2386,1.5562732534976555e-14
pcg-gs,8,2387,1.8818265685562273e-14
pcg-gs,8,2388,1.5794778697334962e-14
pcg-gs,8,2389,1.5414418872691251e-14
pcg-gs,8,2390,1.8240758747778451e-14
pcg-gs,8,2391,1.9535316876564869e-14
pcg-gs,8,2392,1.6620804501640701e-14
pcg-gs,8,2393,1.5044553085649294e-14
pcg-gs,8,2394,1.985313275254374e-14
pcg-gs,8,2395,1.844302328752727e-14
pcg-gs,8,2396,1.5203370290571935e-14
pcg-gs,8,2397,1.5781842337078128e-14
pcg-gs,8,2398,2.0338679121436544e-14
pcg-gs,8,2399,1.5984945489843931e-14
pcg-gs,8,2400,1.3524897471783486e-14
pcg-gs,8,2401,1.5877782550432574e-14
pcg-gs,8,2402,1.9527334239264987e-14
pcg-gs,8,2403,1.6251480155224787e-14
pcg-gs,8,2404,1.4725301566711797e-14
pcg-gs,8,2405,1.6622706915827994e-14
pcg-gs,8,2406,1.8174860921438537e-14
pcg-gs,8,2407,1.2989357592839957e-14
pcg-gs,8,2408,1.3242903402526419e-14
pcg-gs,8,2409,1.7837517995831825e-14
pcg-gs,8,2410,1.5807357898630553e-14
pcg-gs,8,2411,1.3543114400372045e-14
pcg-gs,8,2412,1.4217204533799351e-14
pcg-gs,8,2413,1.742354272773799e-14
pcg-gs,8,2414,1.2431287566461019e-14
pcg-gs,8,2415,1.2057867244312938e-14
pcg-gs,8,2416,1.3743191695955377e-14
pcg-gs,8,2417,1.62047603818753e-14
pcg-gs,8,2418,1.2678491328500837e-14
pcg-gs,8,2419,1.0794325842710889e-14
pcg-gs,8,2420,1.4909836820147101e-14
pcg-gs,8,2421,1.4080526107061662e-14
pcg-gs,8,2422,1.1213944393651259e-14
pcg-gs,8,2423,9.5661203554188671e-15
pcg-gs,8,2424,1.6161938306689025e-14
pcg-gs,8,2425,1.1760131188466933e-14
pcg-gs,8,2426,9.3750887701935637e-15
pcg-gs,8,2427,1.2881067609584592e-14
pcg-gs,8,2428,1.6556089671720982e-14
pcg-gs,8,2429,1.0144162921111274e-14
pcg-gs,8,2430,1.2259204055013925e-14
pcg-gs,8,2431,1.3697325969372969e-14
pcg-gs,8,2432,1.4571445558462847e-14
pcg-gs,8,2433,8.6108678851876493e-15
pcg-gs,8,2434,8.100790755714358e-15
pcg-gs,8,2435,1.3456141466970489e-14
pcg-gs,8,2436,1.1501904558426148e-14
pcg-gs,8,2437,1.010139895574558e-14
pcg-gs,8,2438,8.7216336457364614e-15
pcg-gs,8,2439,1.2709108036900049e-14
pcg-gs,8,2440,8.2664562567730033e-15
pcg-gs,8,2441,7.6277549691130648e-15
pcg-gs,8,2442,9.9145356232886045e-15
pcg-gs,8,2443,1.1119945407148787e-14
pcg-gs,8,2444,6.9141117244064425e-15
pcg-gs,8,2445,6.799932993174502e-15
pcg-gs,8,2446,1.0322658636109729e-14
pcg-gs,8,2447,8.6063321826392603e-15
pcg-gs,8,2448,6.3721767562997098e-15
pcg-gs,8,2449,7.1287867112097886e-15
pcg-gs,8,2450,9.7540380947558039e-15
pcg-gs,8,2451,7.8019780841511211e-15
pcg-gs,8,2452,7.8051599907604943e-15
pcg-gs,8,2453,7.8864002474069807e-15
pcg-gs,8,2454,8.4944413289659002e-15
pcg-gs,8,2455,6.9554936515620352e-15
pcg-gs,8,2456,6.5782825409000789e-15
pcg-gs,8,2457,8.383695471163824e-15
pcg-gs,8,2458,6.8056005966458706e-15
pcg-gs,8,2459,5.4392328720720805e-15
pcg-gs,8,2460,7.2030156855106384e-15
pcg-gs,8,2461,8.4386165048861505e-15
pcg-gs,8,2462,5.6463428033331799e-15
pcg-gs,8,2463,5.800789729972349e-15
pcg-gs,8,2464,6.9710553064950123e-15
pcg-gs,8,2465,7.9264941526016041e-15
pcg-gs,8,2466,5.7727100752334798e-15
pcg-gs,8,2467,5.4896451122240652e-15
pcg-gs,8,2468,6.7676155747585495e-15
pcg-gs,8,2469,6.6264207623598135e-15
pcg-gs,8,2470,5.2430595688002346e-15
pcg-gs,8,2471,4.3004143973715383e-15
pcg-mg-v,8,0,4.898437539943224e-05
pcg-mg-v,8,1,8.1921706136025938e-06
pcg-mg-v,8,2,4.0032272053448445e-07
pcg-mg-v,8,3,2.2145868096567278e-08
pcg-mg-v,8,4,5.6018251191209213e-10
pcg-mg-v,8,5,8.6949916154081603e-12
pcg-mg-v,8,6,1.8246160610437974e-13
pcg-mg-v,8,7,6.4484006227970234e-15
pcg-mg-v,8,8,1.7233462146598754e-16
